{"gap_ranges": [[0.616910425286928, 0.618017830626218]], "mid_gap_of_max": 0.6174641279565729, "gap_range_of_max": [0.616910425286928, 0.618017830626218], "max_gap": 0.17934731576302074, "mid_gaps": [0.6174641279565729], "gap": [0.17934731576302074], "fill_fraction": 0.170957, "band_nos": [8]}