{"fill_fraction": 0.367386, "max_gap": 0.010206886435185492, "_status": {"cP4-Li-12/9e6a89d6/store_fill/0000/c136cea1e50f60ba3ac1bbac754af1dc": 1, "cP4-Li-12/9e6a89d6/store_strict/0000/f6f8eed1e78884bd714563b15c0a9f80": 1, "cP4-Li-12/9e6a89d6/mpb-cP4-Li-1/0000/4f20f3e70a33e99e6bba731d3f4423c3": 6, "cP4-Li-12/9e6a89d6/store_data/0000/7eb84e557644a3665f30aca522611513": 1, "cP4-Li-12/9e6a89d6/check_runnin/0000/9424309c7d3a94ce34b565a6e2f773a6": 1, "cP4-Li-12/9e6a89d6/strict-mpb-c/0000/79e29a5a50b232ed86d33e802d5b1bb2": 1}, "band_nos": [16], "gap_range_of_max": [0.5711796617473, 0.5712379643821581], "run_me": true, "mid_gap_of_max": 0.571208813064729, "gap_ranges": [[0.5711796617473, 0.5712379643821581]], "gap": [0.010206886435185492], "mid_gaps": [0.571208813064729]}