{"mid_gap_of_max": 0.7013054553809497, "_status": {"tI12-InPS4_r/5c538112/check_runnin/0000/77bc825fe0682efd9d50078dc8b855da": 1, "tI12-InPS4_r/5c538112/store_strict/0000/7cd22fdee9c13335b7559ef4996101ea": 1, "tI12-InPS4_r/5c538112/store_data/0000/e1b07f6c8d1bdd12d4d40d0399607d64": 1, "tI12-InPS4_r/5c538112/store_fill/0000/f7b62519a3bfb0ec244bf0329e2dcf1c": 1, "tI12-InPS4_r/5c538112/strict-mpb-t/0000/f04395b78bd0688021da1f7e8766d15e": 1, "tI12-InPS4_r/5c538112/mpb-tI12-InP/0000/e118262c3c119ae94bb13a18317f28ce": 6}, "gap_range_of_max": [0.698627725510765, 0.7039831852511343], "band_nos": [11], "fill_fraction": 0.175276, "max_gap": 0.7636415344095538, "gap_ranges": [[0.698627725510765, 0.7039831852511343]], "gap": [0.7636415344095538], "mid_gaps": [0.7013054553809497], "run_me": true}