{"fill_fraction": 0.176444, "mid_gap_of_max": 0.6601158369447113, "gap_ranges": [[0.658071869363909, 0.6621598045255137]], "gap_range_of_max": [0.658071869363909, 0.6621598045255137], "_status": {"hP3-MgO2-14/0a903972/store_strict/0000/782abbbece8b29a11d0c455e3ffc5707": 1, "hP3-MgO2-14/0a903972/store_data/0000/b53d2bb70147828e5005269381074dcb": 1, "hP3-MgO2-14/0a903972/store_fill/0000/47ac212316d94a63d09e4445daaf62b2": 1, "hP3-MgO2-14/0a903972/mpb-hP3-MgO2/0000/6e0f646e452c53d64faa271710da5e20": 1, "hP3-MgO2-14/0a903972/check_runnin/0000/74c7cd19e4e39928327f0a4eb1a3af07": 1, "hP3-MgO2-14/0a903972/strict-mpb-h/0000/4b48387125ed790dc8ce488b885a27a7": 1}, "band_nos": [16], "gap": [0.6192754260411629], "max_gap": 0.6192754260411629, "mid_gaps": [0.6601158369447113]}