{"fill_fraction": 0.106445, "mid_gaps": [0.4853273009610386], "max_gap": 2.2073525518171766, "band_nos": [4], "gap_range_of_max": [0.4799708586798241, 0.49068374324225306], "gap": [2.2073525518171766], "mid_gap_of_max": 0.4853273009610386, "gap_ranges": [[0.4799708586798241, 0.49068374324225306]]}