{"gap": [0.0035011256207118603], "max_gap": 0.0035011256207118603, "mid_gap_of_max": 0.6113069314022443, "mid_gaps": [0.6113069314022443], "strict_calculated": true, "fill_fraction": 0.118793, "band_nos": [6], "gap_ranges": [[0.611296230090446, 0.6113176327140428]], "gap_range_of_max": [0.611296230090446, 0.6113176327140428]}