{"gap_range_of_max": [0.3684985844035033, 0.4023389288120268], "mid_gaps": [0.38541875660776503], "gap_ranges": [[0.3684985844035033, 0.4023389288120268]], "max_gap": 8.780149857356909, "fill_fraction": 0.390211, "gap": [8.780149857356909], "mid_gap_of_max": 0.38541875660776503, "band_nos": [4]}