{"band_nos": [10], "mid_gap_of_max": 0.5836813345592673, "fill_fraction": 0.311826, "max_gap": 4.706346540936498, "gap": [4.706346540936498], "gap_range_of_max": [0.569946301409706, 0.5974163677088286], "mid_gaps": [0.5836813345592673], "gap_ranges": [[0.569946301409706, 0.5974163677088286]]}