{"fill_fraction": 0.260822, "band_nos": [5, 8], "mid_gap_of_max": 0.4737553810606657, "gap_range_of_max": [0.4587294628132788, 0.48878129930805264], "mid_gaps": [0.3918185714331552, 0.4737553810606657], "strict_calculated": true, "max_gap": 6.3433235159234105, "gap": [0.36501419612427527, 6.3433235159234105], "gap_ranges": [[0.39110347472876, 0.39253366813755036], [0.4587294628132788, 0.48878129930805264]]}