{"gap_ranges": [[0.4144568772917038, 0.414764422745021]], "band_nos": [8], "fill_fraction": 0.498423, "mid_gaps": [0.4146106500183624], "mid_gap_of_max": 0.4146106500183624, "max_gap": 0.0741769304053239, "run_me": true, "gap_range_of_max": [0.4144568772917038, 0.414764422745021], "gap": [0.0741769304053239], "_status": {"oP6-CoTe2_r-/7c5a4e54/mpb-oP6-CoTe/0000/ac21486f76e4d75eb9b9f162d95d9e0b": 6, "oP6-CoTe2_r-/7c5a4e54/check_runnin/0000/9c348856231a9034cdfc3d463d429185": 1, "oP6-CoTe2_r-/7c5a4e54/store_fill/0000/13044fd9b5760c8cdef840589aef08e3": 1, "oP6-CoTe2_r-/7c5a4e54/strict-mpb-o/0000/ff51eee187305f19a26fd875193cb905": 1, "oP6-CoTe2_r-/7c5a4e54/store_data/0000/d88a7de7f607b5eb390d637d7fa9db61": 1, "oP6-CoTe2_r-/7c5a4e54/store_strict/0000/071974dafa28760738d036a45b91ba96": 1}}