{"mid_gap_of_max": 0.7020794075951187, "run_me": true, "_status": {"hR15-Ni3S2-1/41aa0ef2/strict-mpb-h/0000/abed2e8d3198233d8f228759e68cef46": 1, "hR15-Ni3S2-1/41aa0ef2/store_data/0000/94441217625ad1a1fe05d17b4851339c": 1, "hR15-Ni3S2-1/41aa0ef2/check_runnin/0000/bb70b133d31f72f0f2bb804ff0a22472": 1, "hR15-Ni3S2-1/41aa0ef2/store_strict/0000/046085a9e5ecc83c9c1480043a1878b6": 1, "hR15-Ni3S2-1/41aa0ef2/mpb-hR15-Ni3/0000/a694cf2cc5bb5559185a8f998656da67": 7, "hR15-Ni3S2-1/41aa0ef2/store_fill/0000/6f4e91074863e6f93f268b5b557b1822": 1}, "band_nos": [17, 19], "gap": [2.171882900296486, 0.3045217013548335], "gap_range_of_max": [0.694455236295088, 0.7097035788951493], "mid_gaps": [0.7020794075951187, 0.7222262208224302], "fill_fraction": 0.167569, "gap_ranges": [[0.694455236295088, 0.7097035788951493], [0.72112655303479, 0.7233258886100702]], "max_gap": 2.171882900296486}