{"mid_gap_of_max": 0.5288587412633783, "band_nos": [8, 17], "gap": [5.180469740882965, 1.6957244363516164], "gap_range_of_max": [0.515160057731796, 0.5425574247949607], "gap_ranges": [[0.515160057731796, 0.5425574247949607], [0.673519925844011, 0.685038630555518]], "fill_fraction": 0.312364, "max_gap": 5.180469740882965, "mid_gaps": [0.5288587412633783, 0.6792792781997645]}