{"mid_gaps": [0.5890137740379197], "gap": [0.7545956790556559], "gap_range_of_max": [0.586791437793953, 0.5912361102818863], "gap_ranges": [[0.586791437793953, 0.5912361102818863]], "max_gap": 0.7545956790556559, "mid_gap_of_max": 0.5890137740379197, "band_nos": [2], "fill_fraction": 0.063215}