{"mid_gaps": [0.38004941024617817], "gap": [2.831429576804567], "gap_range_of_max": [0.374668994542087, 0.3854298259502693], "gap_ranges": [[0.374668994542087, 0.3854298259502693]], "max_gap": 2.831429576804567, "mid_gap_of_max": 0.38004941024617817, "band_nos": [2], "fill_fraction": 0.400696}