{"max_gap": 5.847562121502792, "mid_gap_of_max": 0.3647661372900276, "fill_fraction": 0.251905, "mid_gaps": [0.3647661372900276], "gap_ranges": [[0.354101174051907, 0.37543110052814826]], "gap_range_of_max": [0.354101174051907, 0.37543110052814826], "band_nos": [4], "gap": [5.847562121502792]}