{"gap_ranges": [[0.396842085596645, 0.3992431746428785]], "max_gap": 0.6032240932361935, "fill_fraction": 0.681045, "mid_gaps": [0.39804263011976176], "gap_range_of_max": [0.396842085596645, 0.3992431746428785], "band_nos": [8], "_status": {"tI16-CoCu2Si/84217e3d/store_strict/0000/d8fdab51c6bed99ceeb3f1f310e17920": 1, "tI16-CoCu2Si/84217e3d/store_data/0000/006179695510555700b1f18ab7fca957": 1, "tI16-CoCu2Si/84217e3d/strict-mpb-t/0000/2851f659fd15580a0db31a7d62fb76b4": 1, "tI16-CoCu2Si/84217e3d/store_fill/0000/95c8879ce465a3d41b19f2e860005373": 1, "tI16-CoCu2Si/84217e3d/check_runnin/0000/30bfbc4ddc8d5fa98a9ef956edb07196": 1, "tI16-CoCu2Si/84217e3d/mpb-tI16-CoC/0000/3111bd4d5b54f663936835aa0e53878e": 1}, "mid_gap_of_max": 0.39804263011976176, "gap": [0.6032240932361935]}