{
  "lattice_vectors": [
    [
      1.0,
      0.0,
      0.0
    ],
    [
      -0.1878052131,
      3.0017971071,
      0.0
    ],
    [
      0.0,
      0.0,
      1.8088010162
    ]
  ],
  "nbands": 20,
  "structure": "mP72-Ag2PS3_r",
  "basis": [
    [
      0.8314,
      0.4909,
      0.3842
    ],
    [
      0.1686,
      0.5091,
      0.6158
    ],
    [
      0.1686,
      0.0091,
      0.8842
    ],
    [
      0.8314,
      0.9909,
      0.1158
    ],
    [
      0.3433,
      0.4417,
      0.32
    ],
    [
      0.6567,
      0.5583,
      0.68
    ],
    [
      0.6567,
      0.0583,
      0.82
    ],
    [
      0.3433,
      0.9417,
      0.18
    ],
    [
      0.0938,
      0.1092,
      0.6453
    ],
    [
      0.9062,
      0.8908,
      0.3547
    ],
    [
      0.9062,
      0.3908,
      0.1453
    ],
    [
      0.0938,
      0.6092,
      0.8547
    ],
    [
      0.0871,
      0.2948,
      0.5387
    ],
    [
      0.9129,
      0.7052,
      0.4613
    ],
    [
      0.9129,
      0.2052,
      0.0387
    ],
    [
      0.0871,
      0.7948,
      0.9613
    ],
    [
      0.1207,
      0.132,
      0.3531
    ],
    [
      0.8793,
      0.868,
      0.6469
    ],
    [
      0.8793,
      0.368,
      0.8531
    ],
    [
      0.1207,
      0.632,
      0.1469
    ],
    [
      0.4623,
      0.607,
      0.3789
    ],
    [
      0.5377,
      0.393,
      0.6211
    ],
    [
      0.5377,
      0.893,
      0.8789
    ],
    [
      0.4623,
      0.107,
      0.1211
    ],
    [
      0.7044,
      0.058,
      0.478
    ],
    [
      0.2956,
      0.942,
      0.522
    ],
    [
      0.2956,
      0.442,
      0.978
    ],
    [
      0.7044,
      0.558,
      0.022
    ],
    [
      0.648,
      0.2295,
      0.6519
    ],
    [
      0.352,
      0.7705,
      0.3481
    ],
    [
      0.352,
      0.2705,
      0.1519
    ],
    [
      0.648,
      0.7295,
      0.8481
    ],
    [
      0.6858,
      0.249,
      0.3659
    ],
    [
      0.3142,
      0.751,
      0.6341
    ],
    [
      0.3142,
      0.251,
      0.8659
    ],
    [
      0.6858,
      0.749,
      0.1341
    ],
    [
      0.535,
      0.5092,
      0.4069
    ],
    [
      0.465,
      0.4908,
      0.5931
    ],
    [
      0.465,
      0.9908,
      0.9069
    ],
    [
      0.535,
      0.0092,
      0.0931
    ],
    [
      0.9506,
      0.1265,
      0.4964
    ],
    [
      0.0494,
      0.8735,
      0.5036
    ],
    [
      0.0494,
      0.3735,
      0.9964
    ],
    [
      0.9506,
      0.6265,
      0.0036
    ],
    [
      0.8326,
      0.2311,
      0.515
    ],
    [
      0.1674,
      0.7689,
      0.485
    ],
    [
      0.1674,
      0.2689,
      0.015
    ],
    [
      0.8326,
      0.7311,
      0.985
    ],
    [
      0.9223,
      0.4059,
      0.554
    ],
    [
      0.0777,
      0.5941,
      0.446
    ],
    [
      0.0777,
      0.0941,
      0.054
    ],
    [
      0.9223,
      0.9059,
      0.946
    ],
    [
      0.5228,
      0.12506,
      0.3339
    ],
    [
      0.4772,
      0.87494,
      0.6661
    ],
    [
      0.4772,
      0.37494,
      0.8339
    ],
    [
      0.5228,
      0.62506,
      0.1661
    ],
    [
      0.0412,
      0.2839,
      0.2772
    ],
    [
      0.9588,
      0.7161,
      0.7228
    ],
    [
      0.9588,
      0.2161,
      0.7772
    ],
    [
      0.0412,
      0.7839,
      0.2228
    ],
    [
      0.4322,
      0.33314,
      0.4238
    ],
    [
      0.5678,
      0.66686,
      0.5762
    ],
    [
      0.5678,
      0.16686,
      0.9238
    ],
    [
      0.4322,
      0.83314,
      0.0762
    ],
    [
      0.4738,
      0.10481,
      0.6318
    ],
    [
      0.5262,
      0.89519,
      0.3682
    ],
    [
      0.5262,
      0.39519,
      0.1318
    ],
    [
      0.4738,
      0.60481,
      0.8682
    ],
    [
      0.0834,
      0.50943,
      0.1939
    ],
    [
      0.9166,
      0.49057,
      0.8061
    ],
    [
      0.9166,
      0.99057,
      0.6939
    ],
    [
      0.0834,
      0.00943,
      0.3061
    ]
  ]
}