{"gap_range_of_max": [0.535255954866211, 0.586369947370624], "gap": [9.114267493729717], "mid_gap_of_max": 0.5608129511184174, "mid_gaps": [0.5608129511184174], "gap_ranges": [[0.535255954866211, 0.586369947370624]], "max_gap": 9.114267493729717, "fill_fraction": 0.048012, "strict_calculated": true, "band_nos": [2]}