{"gap_range_of_max": [0.248275018775056, 0.25825617083710195], "max_gap": 3.9409822205373533, "band_nos": [4], "gap": [3.9409822205373533], "mid_gap_of_max": 0.25326559480607896, "fill_fraction": 0.538077, "gap_ranges": [[0.248275018775056, 0.25825617083710195]], "mid_gaps": [0.25326559480607896]}