{
  "lattice_vectors": [
    [
      1.0,
      0.0,
      0.0
    ],
    [
      0.0,
      1.0,
      0.0
    ],
    [
      0.0,
      0.0,
      1.00904605
    ]
  ],
  "structure": "tP7-Cu2HgI4",
  "nbands": 20,
  "basis": [
    [
      -0.3571428571,
      0.1428571429,
      0.0714285714
    ],
    [
      0.1428571429,
      -0.3571428571,
      0.0714285714
    ],
    [
      -0.3571428571,
      -0.3571428571,
      -0.4285714286
    ],
    [
      0.3878571429,
      0.3878571429,
      -0.1535714286
    ],
    [
      -0.1021428571,
      -0.1021428571,
      -0.1535714286
    ],
    [
      -0.1021428571,
      0.3878571429,
      0.2964285714
    ],
    [
      0.3878571429,
      -0.1021428571,
      0.2964285714
    ]
  ]
}