{"mid_gap_of_max": 0.4814418944995956, "fill_fraction": 0.315703, "gap": [0.7397874375177952], "gap_ranges": [[0.4796610711723678, 0.4832227178268235]], "max_gap": 0.7397874375177952, "_status": {"oP6-NaO2_r-1/80a77682/store_fill/0000/3891f17af06695c1bb30d961facff322": 1, "oP6-NaO2_r-1/80a77682/strict-mpb-o/0000/a7dafe436e93777727255ad9ece114be": 1, "oP6-NaO2_r-1/80a77682/store_strict/0000/37ad7577fb527854eef09ef67b2cb40a": 1, "oP6-NaO2_r-1/80a77682/check_runnin/0000/bf63ba5f537855864dde2518dc474dbc": 1, "oP6-NaO2_r-1/80a77682/store_data/0000/008a744e34e02c51920113ad92be479a": 1, "oP6-NaO2_r-1/80a77682/mpb-oP6-NaO2/0000/f671a5f7e64d67760061cbf7e8d7eb8f": 6}, "gap_range_of_max": [0.4796610711723678, 0.4832227178268235], "band_nos": [8], "mid_gaps": [0.4814418944995956], "run_me": true}