{"max_gap": 0.8778219096590859, "band_nos": [8], "mid_gaps": [0.6869952189700019], "gap": [0.8778219096590859], "gap_ranges": [[0.683979921694787, 0.6900105162452167]], "gap_range_of_max": [0.683979921694787, 0.6900105162452167], "mid_gap_of_max": 0.6869952189700019, "fill_fraction": 0.162222}