{"faces": [[[0.4447635453504915, -0.2247249256300693], [0.1315326717664453, 0.35959782229174847], [0.4949290754354171, 0.6681276246115706], [0.8081599490194633, 0.08380487668975291]], [[-0.49492907543541687, -0.6681276246115705], [-0.8081599490194629, -0.08380487668975285], [-0.44476354535049106, 0.22472492563006935], [-0.1315326717664451, -0.35959782229174836]], [[-0.49492907543541687, -0.6681276246115705], [-0.8081599490194629, -0.08380487668975285], [-0.49492907543541675, 0.4300578467638058], [0.1315326717664453, 0.35959782229174847], [0.4447635453504915, -0.2247249256300693], [0.1315326717664454, -0.7385876490836277]], [[-0.8081599490194629, -0.08380487668975285], [-0.49492907543541675, 0.4300578467638058], [-0.13153267176644504, 0.7385876490836278], [-0.44476354535049106, 0.22472492563006935]], [[-0.49492907543541675, 0.4300578467638058], [-0.13153267176644504, 0.7385876490836278], [0.4949290754354171, 0.6681276246115706], [0.1315326717664453, 0.35959782229174847]], [[-0.1315326717664451, -0.35959782229174836], [-0.44476354535049106, 0.22472492563006935], [-0.13153267176644504, 0.7385876490836278], [0.4949290754354171, 0.6681276246115706], [0.8081599490194633, 0.08380487668975291], [0.4949290754354172, -0.4300578467638055]], [[-0.49492907543541687, -0.6681276246115705], [-0.1315326717664451, -0.35959782229174836], [0.4949290754354172, -0.4300578467638055], [0.1315326717664454, -0.7385876490836277]], [[0.1315326717664454, -0.7385876490836277], [0.4447635453504915, -0.2247249256300693], [0.8081599490194633, 0.08380487668975291], [0.4949290754354172, -0.4300578467638055]]], "labels": {"GAMMA": [0.0, 0.0], "M": [0.46984631039295416, 0.2217013494907506], "K": [0.3132308735953028, 0.5138627234522924], "A": [-0.18169820183448593, -0.1542649011599111], "L": [0.28814810855846823, 0.06743644833083953], "H": [0.13153267176081687, 0.35959782229238146]}, "label_positions": {"GAMMA": [0.05, 0.05], "M": [0.5198463103929541, 0.2717013494907506], "K": [0.36323087359530276, 0.5638627234522925], "A": [-0.18169820183448593, -0.10426490115991109], "L": [0.3381481085584682, 0.11743644833083954], "H": [0.1815326717608169, 0.40959782229238145]}, "zorder": [1,0, 1, 0, 1, 0, 0, 1]}
