{"gap_range_of_max": [0.4714739769640031, 0.5164602545335032], "mid_gap_of_max": 0.4939671157487532, "fill_fraction": 0.292158, "gap": [9.107140158775554], "mid_gaps": [0.4939671157487532], "band_nos": [16], "max_gap": 9.107140158775554, "gap_ranges": [[0.4714739769640031, 0.5164602545335032]]}