{"band_nos": [4], "max_gap": 3.137355186269073, "strict_calculated": true, "gap_ranges": [[0.31878667254425, 0.3289475339038736]], "mid_gaps": [0.3238671032240618], "gap_range_of_max": [0.31878667254425, 0.3289475339038736], "gap": [3.137355186269073], "mid_gap_of_max": 0.3238671032240618, "fill_fraction": 0.294156}