{"fill_fraction": 0.291625, "gap_range_of_max": [0.328567211604798, 0.3617243145772527], "gap": [9.606695639404156, 1.8727733927958812], "gap_ranges": [[0.328567211604798, 0.3617243145772527], [0.4344948400563961, 0.44270885879273003]], "max_gap": 9.606695639404156, "mid_gap_of_max": 0.34514576309102535, "mid_gaps": [0.34514576309102535, 0.43860184942456304], "strict_calculated": true, "band_nos": [4, 10]}