{"number": 86, "equivalent_atoms": [0, 0, 0, 0, 0, 0, 0, 0, 8, 8, 8, 8, 8, 8, 8, 8, 16, 16, 16, 16, 16, 16, 16, 16, 24, 24, 24, 24, 24, 24, 24, 24], "wyckoffs": ["g", "g", "g", "g", "g", "g", "g", "g", "g", "g", "g", "g", "g", "g", "g", "g", "g", "g", "g", "g", "g", "g", "g", "g", "g", "g", "g", "g", "g", "g", "g", "g"], "site_point_groups": {"g": {"name": "8g", "site_symmetry": ["1"]}}, "global_point_groups": ["4/m", "1", "2", "-1", "m", "4", "-4", "2/m"], "std_lattice": [[1.0, 0.0, 0.0], [0.0, 1.0, 0.0], [0.0, 0.0, 0.4894107711]], "international": "P4_2/n", "std_positions": [[0.41109, 0.09978, 0.97406], [0.08891, 0.40022, 0.52594], [0.58891, 0.90022, 0.97406], [0.91109, 0.59978, 0.52594], [0.40022, 0.91109, 0.47406], [0.09978, 0.58891, 0.02594], [0.59978, 0.08891, 0.47406], [0.90022, 0.41109, 0.02594], [0.17654, 0.28039, 0.00739], [0.32346, 0.21961, 0.49261], [0.82346, 0.71961, 0.00739], [0.67654, 0.78039, 0.49261], [0.21961, 0.67654, 0.50739], [0.28039, 0.82346, 0.99261], [0.78039, 0.32346, 0.50739], [0.71961, 0.17654, 0.99261], [0.1404, 0.02672, 0.7342], [0.3596, 0.47328, 0.7658], [0.8596, 0.97328, 0.7342], [0.6404, 0.52672, 0.7658], [0.47328, 0.6404, 0.2342], [0.02672, 0.8596, 0.2658], [0.52672, 0.3596, 0.2342], [0.97328, 0.1404, 0.2658], [0.54032, 0.29872, 0.73798], [0.95968, 0.20128, 0.76202], [0.45968, 0.70128, 0.73798], [0.04032, 0.79872, 0.76202], [0.20128, 0.04032, 0.23798], [0.29872, 0.45968, 0.26202], [0.79872, 0.95968, 0.23798], [0.70128, 0.54032, 0.26202]]}