{
  "basis": [
    [
      -0.3333333333,
      -0.3333333333,
      0.125
    ],
    [
      -0.3333333333,
      -0.3333333333,
      -0.375
    ],
    [
      -0.0003333333,
      -0.0003333333,
      0.125
    ],
    [
      0.3336666667,
      0.3336666667,
      -0.375
    ],
    [
      0.3336666667,
      -0.0003333333,
      0.375
    ],
    [
      -0.3333333333,
      0.3336666667,
      0.375
    ],
    [
      -0.0003333333,
      -0.3333333333,
      0.375
    ],
    [
      -0.0003333333,
      0.3336666667,
      -0.125
    ],
    [
      -0.3333333333,
      -0.0003333333,
      -0.125
    ],
    [
      0.3336666667,
      -0.3333333333,
      -0.125
    ],
    [
      -0.0003333333,
      -0.0003333333,
      -0.375
    ],
    [
      0.3336666667,
      0.3336666667,
      0.125
    ]
  ],
  "lattice_vectors": [
    [
      0.8660254038,
      -0.5,
      0.0
    ],
    [
      0.8660254038,
      0.5,
      0.0
    ],
    [
      0.0,
      0.0,
      1.8037457926
    ]
  ],
  "structure": "hP12-Al7Mo3",
  "nbands": 20
}