{
  "lattice_vectors": [
    [
      1.0,
      0.0,
      0.0
    ],
    [
      -0.5,
      0.8660254038,
      0.0
    ],
    [
      0.0,
      0.0,
      2.7800559421
    ]
  ],
  "structure": "hP30-Al2S3_r",
  "basis": [
    [
      -0.1551,
      -0.1429,
      -0.2241
    ],
    [
      0.1429,
      0.4878,
      0.1093
    ],
    [
      -0.4878,
      0.1551,
      0.4426
    ],
    [
      0.1551,
      0.1429,
      0.2759
    ],
    [
      -0.1429,
      -0.4878,
      -0.3907
    ],
    [
      0.4878,
      -0.1551,
      -0.0574
    ],
    [
      0.1771,
      0.1667,
      -0.062
    ],
    [
      -0.1667,
      -0.4896,
      0.2714
    ],
    [
      0.4896,
      -0.1771,
      -0.3953
    ],
    [
      -0.1771,
      -0.1667,
      0.438
    ],
    [
      0.1667,
      0.4896,
      -0.2286
    ],
    [
      -0.4896,
      0.1771,
      0.1047
    ],
    [
      -0.1768,
      -0.165,
      -0.0963
    ],
    [
      0.165,
      0.4882,
      0.237
    ],
    [
      -0.4882,
      0.1768,
      -0.4296
    ],
    [
      0.1768,
      0.165,
      0.4037
    ],
    [
      -0.165,
      -0.4882,
      -0.263
    ],
    [
      0.4882,
      -0.1768,
      0.0704
    ],
    [
      -0.4998,
      -0.1647,
      -0.2666
    ],
    [
      0.1647,
      0.1649,
      0.0667
    ],
    [
      -0.1649,
      0.4998,
      0.4001
    ],
    [
      0.4998,
      0.1647,
      0.2334
    ],
    [
      -0.1647,
      -0.1649,
      -0.4333
    ],
    [
      0.1649,
      -0.4998,
      -0.0999
    ],
    [
      0.1625,
      0.1682,
      -0.2678
    ],
    [
      -0.1682,
      0.4943,
      0.0656
    ],
    [
      -0.4943,
      -0.1625,
      0.3989
    ],
    [
      -0.1625,
      -0.1682,
      0.2322
    ],
    [
      0.1682,
      -0.4943,
      -0.4344
    ],
    [
      0.4943,
      0.1625,
      -0.1011
    ]
  ],
  "nbands": 20
}