{"wyckoffs": ["a", "a", "a", "a", "a", "a", "a", "a", "a", "a", "a", "a", "a", "a", "a", "a", "a", "a", "a", "a", "a", "a", "a", "a", "a", "a", "a", "a", "a", "a"], "global_point_groups": ["6", "1", "2", "3"], "number": 169, "std_positions": [[0.3449, 0.3571, 0.7759], [0.6429, 0.9878, 0.1092333333], [0.0122, 0.6551, 0.4425666667], [0.6551, 0.6429, 0.2759], [0.3571, 0.0122, 0.6092333333], [0.9878, 0.3449, 0.9425666667], [0.6771, 0.6667, 0.938], [0.3333, 0.0104, 0.2713333333], [0.9896, 0.3229, 0.6046666667], [0.3229, 0.3333, 0.438], [0.6667, 0.9896, 0.7713333333], [0.0104, 0.6771, 0.1046666667], [0.3232, 0.335, 0.9037], [0.665, 0.9882, 0.2370333333], [0.0118, 0.6768, 0.5703666667], [0.6768, 0.665, 0.4037], [0.335, 0.0118, 0.7370333333], [0.9882, 0.3232, 0.0703666667], [0.0002, 0.3353, 0.7334], [0.6647, 0.6649, 0.0667333333], [0.3351, 0.9998, 0.4000666667], [0.9998, 0.6647, 0.2334], [0.3353, 0.3351, 0.5667333333], [0.6649, 0.0002, 0.9000666667], [0.6625, 0.6682, 0.7322], [0.3318, 0.9943, 0.0655333333], [0.0057, 0.3375, 0.3988666667], [0.3375, 0.3318, 0.2322], [0.6682, 0.0057, 0.5655333333], [0.9943, 0.6625, 0.8988666667]], "std_lattice": [[1.0, 0.0, 0.0], [-0.5, 0.8660254038, 0.0], [0.0, 0.0, 2.7800559421]], "international": "P6_1", "equivalent_atoms": [0, 0, 0, 0, 0, 0, 6, 6, 6, 6, 6, 6, 12, 12, 12, 12, 12, 12, 18, 18, 18, 18, 18, 18, 24, 24, 24, 24, 24, 24], "site_point_groups": {"a": {"site_symmetry": ["1"], "name": "6a"}}}