{"gap_ranges": [[0.621760702686083, 0.7647052932748982]], "gap": [20.61999226886739], "band_nos": [8], "fill_fraction": 0.26153, "max_gap": 20.61999226886739, "mid_gaps": [0.6932329979804905], "gap_range_of_max": [0.621760702686083, 0.7647052932748982], "mid_gap_of_max": 0.6932329979804905}