{"gap_ranges": [[0.4360269814587589, 0.5142185279318422]], "max_gap": 16.45712517457262, "fill_fraction": 0.113467, "mid_gap_of_max": 0.4751227546953005, "mid_gaps": [0.4751227546953005], "gap": [16.45712517457262], "band_nos": [2], "gap_range_of_max": [0.4360269814587589, 0.5142185279318422]}