{"gap_ranges": [[0.378536355208692, 0.4488377422910436]], "max_gap": 16.993857384415843, "mid_gaps": [0.41368704874986784], "band_nos": [4], "mid_gap_of_max": 0.41368704874986784, "fill_fraction": 0.22614, "gap_range_of_max": [0.378536355208692, 0.4488377422910436], "gap": [16.993857384415843]}