{"band_nos": [2], "fill_fraction": 0.390261, "mid_gaps": [0.41721211542009107], "gap_ranges": [[0.415238401564437, 0.4191858292757452]], "mid_gap_of_max": 0.41721211542009107, "max_gap": 0.9461440752585805, "gap_range_of_max": [0.415238401564437, 0.4191858292757452], "gap": [0.9461440752585805]}