{"gap_ranges": [[0.2520924070097634, 0.2618700351956648]], "mid_gaps": [0.2569812211027141], "max_gap": 3.8048026015073364, "band_nos": [2], "gap_range_of_max": [0.2520924070097634, 0.2618700351956648], "mid_gap_of_max": 0.2569812211027141, "gap": [3.8048026015073364], "fill_fraction": 0.633032}