{"gap": [19.492353211790395], "mid_gap_of_max": 0.4888854143323951, "band_nos": [2], "max_gap": 19.492353211790395, "mid_gaps": [0.4888854143323951], "gap_ranges": [[0.441237778451097, 0.5365330502136931]], "fill_fraction": 0.141369, "gap_range_of_max": [0.441237778451097, 0.5365330502136931]}