{"mid_gap_of_max": 0.33999573939660144, "band_nos": [2, 8, 18], "gap_ranges": [[0.296548579501013, 0.38344289929218994], [0.504177491852376, 0.5042984057827499], [0.629042303651294, 0.6346044229265888]], "mid_gaps": [0.33999573939660144, 0.504237948817563, 0.6318233632889414], "max_gap": 25.557473145219447, "gap": [25.557473145219447, 0.023979537965610424, 0.8803282053928286], "strict_calculated": true, "fill_fraction": 0.266965, "gap_range_of_max": [0.296548579501013, 0.38344289929218994]}