{"gap_range_of_max": [0.692800438937151, 0.7251537613666487], "strict_calculated": true, "max_gap": 4.5633804565148335, "gap_ranges": [[0.692800438937151, 0.7251537613666487]], "mid_gap_of_max": 0.7089771001518999, "band_nos": [14], "gap": [4.5633804565148335], "mid_gaps": [0.7089771001518999], "fill_fraction": 0.149301}