{"gap_range_of_max": [0.418385331936513, 0.4283992863712349], "mid_gap_of_max": 0.42339230915387394, "fill_fraction": 0.591383, "max_gap": 2.365171548518052, "strict_calculated": true, "gap": [2.365171548518052], "mid_gaps": [0.42339230915387394], "gap_ranges": [[0.418385331936513, 0.4283992863712349]], "band_nos": [16]}