{"strict_calculated": true, "mid_gaps": [0.3355788995365856], "fill_fraction": 0.267619, "gap_range_of_max": [0.3257677332989551, 0.34539006577421605], "band_nos": [4], "gap": [5.847308189626396], "mid_gap_of_max": 0.3355788995365856, "gap_ranges": [[0.3257677332989551, 0.34539006577421605]], "max_gap": 5.847308189626396}