{"gap_ranges": [[0.335474742606013, 0.39101594688822394]], "fill_fraction": 0.236161, "mid_gaps": [0.36324534474711845], "mid_gap_of_max": 0.36324534474711845, "band_nos": [4], "gap": [15.290272837736296], "gap_range_of_max": [0.335474742606013, 0.39101594688822394], "max_gap": 15.290272837736296, "_status": {"tP12-PNO_r-1/09cbbb16/store_fill/0000/6ee0d946dd94b8f1bda5ac8860a5721d": 1, "tP12-PNO_r-1/09cbbb16/mpb-tP12-PNO/0000/4d2e46f92757624760744e0fa48627a9": 1, "tP12-PNO_r-1/09cbbb16/store_data/0000/efad53fea9fdfe7077fa1626160e1b48": 1, "tP12-PNO_r-1/09cbbb16/strict-mpb-t/0000/2dca05f50562d5efd399a9efa91bb1a2": 1, "tP12-PNO_r-1/09cbbb16/store_strict/0000/223d3c0857a188bf686767efe09c55ba": 1, "tP12-PNO_r-1/09cbbb16/check_runnin/0000/c5a53743e1000d7caa82919105b95f45": 1}}