{"max_gap": 0.3921723602253029, "band_nos": [2], "gap_ranges": [[0.330459975882409, 0.3317584947855424]], "gap": [0.3921723602253029], "mid_gap_of_max": 0.33110923533397574, "fill_fraction": 0.240928, "mid_gaps": [0.33110923533397574], "gap_range_of_max": [0.330459975882409, 0.3317584947855424]}