{"fill_fraction": 0.298159, "gap": [2.8797951790257676], "mid_gaps": [0.5128138651130907], "band_nos": [2], "max_gap": 2.8797951790257676, "gap_ranges": [[0.505429870630639, 0.5201978595955423]], "gap_range_of_max": [0.505429870630639, 0.5201978595955423], "mid_gap_of_max": 0.5128138651130907}