{"band_nos": [2], "gap_range_of_max": [0.46336027857583, 0.5189368120224308], "max_gap": 11.315626194667459, "mid_gap_of_max": 0.49114854529913043, "gap_ranges": [[0.46336027857583, 0.5189368120224308]], "mid_gaps": [0.49114854529913043], "gap": [11.315626194667459], "fill_fraction": 0.22745}