{"band_nos": [12], "strict_calculated": true, "fill_fraction": 0.211652, "mid_gaps": [0.46915129441058456], "max_gap": 3.9024240161537826, "gap": [3.9024240161537826], "gap_range_of_max": [0.459997158017997, 0.47830543080317217], "gap_ranges": [[0.459997158017997, 0.47830543080317217]], "mid_gap_of_max": 0.46915129441058456}