{"gap_range_of_max": [0.3732717480074011, 0.4024251212327647], "mid_gaps": [0.3878484346200829], "gap": [7.516692249620845], "max_gap": 7.516692249620845, "mid_gap_of_max": 0.3878484346200829, "band_nos": [2], "gap_ranges": [[0.3732717480074011, 0.4024251212327647]], "fill_fraction": 0.423455}