{"band_nos": [8], "gap": [11.065912371250974], "mid_gaps": [0.4098052882756196], "mid_gap_of_max": 0.4098052882756196, "gap_ranges": [[0.387130941228953, 0.4324796353222861]], "gap_range_of_max": [0.387130941228953, 0.4324796353222861], "fill_fraction": 0.521186, "max_gap": 11.065912371250974}