{"fill_fraction": 0.308284, "mid_gap_of_max": 0.5508027266235141, "max_gap": 3.8123957584274955, "gap_ranges": [[0.540303336729965, 0.5613021165170633]], "gap": [3.8123957584274955], "band_nos": [8], "gap_range_of_max": [0.540303336729965, 0.5613021165170633], "strict_calculated": true, "mid_gaps": [0.5508027266235141]}