{"gap_ranges": [[0.3814223831374705, 0.4634805848460636]], "max_gap": 19.424290082548794, "fill_fraction": 0.172257, "mid_gap_of_max": 0.422451483991767, "mid_gaps": [0.422451483991767], "gap": [19.424290082548794], "band_nos": [2], "gap_range_of_max": [0.3814223831374705, 0.4634805848460636]}