{"gap": [7.925935626105508], "mid_gap_of_max": 0.3320170512749878, "gap_ranges": [[0.318859322399113, 0.34517478015086256]], "gap_range_of_max": [0.318859322399113, 0.34517478015086256], "max_gap": 7.925935626105508, "mid_gaps": [0.3320170512749878], "band_nos": [2], "fill_fraction": 0.437619}