{"mid_gap_of_max": 0.532806807034325, "gap": [0.7746085438066295], "band_nos": [2], "mid_gaps": [0.532806807034325], "gap_ranges": [[0.530743223509689, 0.5348703905589609]], "fill_fraction": 0.195329, "gap_range_of_max": [0.530743223509689, 0.5348703905589609], "max_gap": 0.7746085438066295}