{"run_me": true, "_status": {"cP8-Cu3NbS4-/fb162996/store_data/0000/7a774c26a9ee5ea5c11e91cc0dbdb7f1": 1, "cP8-Cu3NbS4-/fb162996/store_fill/0000/4c8612e48032628ef62792c49907bd83": 1, "cP8-Cu3NbS4-/fb162996/strict-mpb-c/0000/320a9275f5d5028b282b717737b34830": 1, "cP8-Cu3NbS4-/fb162996/check_runnin/0000/51dc40d3de968d231eb2c42f3bcba264": 1, "cP8-Cu3NbS4-/fb162996/store_strict/0000/b27ed8004734f68f19d5a104e3a40570": 1, "cP8-Cu3NbS4-/fb162996/mpb-cP8-Cu3N/0000/7395f7fe6b2859bc05fc8884954802f8": 1}, "mid_gaps": [0.42904300820746744], "max_gap": 1.2142881355286184, "gap": [1.2142881355286184], "band_nos": [8], "mid_gap_of_max": 0.42904300820746744, "gap_range_of_max": [0.426438099034978, 0.43164791737995684], "gap_ranges": [[0.426438099034978, 0.43164791737995684]], "fill_fraction": 0.424064}