{"gap": [2.964132033546461], "gap_ranges": [[0.50608985246285, 0.5213166957682869]], "fill_fraction": 0.157281, "gap_range_of_max": [0.50608985246285, 0.5213166957682869], "mid_gap_of_max": 0.5137032741155685, "strict_calculated": true, "mid_gaps": [0.5137032741155685], "band_nos": [12], "max_gap": 2.964132033546461}