{"fill_fraction": 0.21434, "mid_gap_of_max": 0.639490431573934, "band_nos": [8], "gap_range_of_max": [0.588465736115646, 0.690515127032222], "max_gap": 15.957923039662735, "gap": [15.957923039662735], "gap_ranges": [[0.588465736115646, 0.690515127032222]], "mid_gaps": [0.639490431573934]}