{"fill_fraction": 0.3286, "mid_gaps": [0.58069064167296], "gap": [0.7148549470782465], "band_nos": [15], "max_gap": 0.7148549470782465, "mid_gap_of_max": 0.58069064167296, "strict_calculated": true, "gap_range_of_max": [0.57861509378335, 0.5827661895625702], "gap_ranges": [[0.57861509378335, 0.5827661895625702]]}