{"mid_gaps": [0.3041553793194399], "band_nos": [4], "gap": [3.427415615862105], "max_gap": 3.427415615862105, "fill_fraction": 0.366759, "mid_gap_of_max": 0.3041553793194399, "gap_ranges": [[0.2989430448358, 0.3093677138030798]], "gap_range_of_max": [0.2989430448358, 0.3093677138030798]}