{"gap": [8.987182541773004], "mid_gap_of_max": 0.5523073284657463, "band_nos": [2], "max_gap": 8.987182541773004, "mid_gaps": [0.5523073284657463], "gap_ranges": [[0.527488894565343, 0.5771257623661497]], "fill_fraction": 0.079589, "gap_range_of_max": [0.527488894565343, 0.5771257623661497]}