{"gap": [10.11493128568375], "gap_range_of_max": [0.601306055473853, 0.6653676425587681], "mid_gaps": [0.6333368490163105], "band_nos": [12], "mid_gap_of_max": 0.6333368490163105, "gap_ranges": [[0.601306055473853, 0.6653676425587681]], "max_gap": 10.11493128568375, "strict_calculated": true, "fill_fraction": 0.267088}