{"gap": [2.264892530123602], "band_nos": [16], "gap_range_of_max": [0.61886467274657, 0.6330418413070416], "mid_gaps": [0.6259532570268058], "mid_gap_of_max": 0.6259532570268058, "max_gap": 2.264892530123602, "fill_fraction": 0.31851, "gap_ranges": [[0.61886467274657, 0.6330418413070416]], "strict_calculated": true}