{"strict_calculated": true, "mid_gaps": [0.6052992815283739], "gap_range_of_max": [0.587960678517463, 0.6226378845392847], "fill_fraction": 0.216135, "band_nos": [15], "gap_ranges": [[0.587960678517463, 0.6226378845392847]], "mid_gap_of_max": 0.6052992815283739, "max_gap": 5.728935599305738, "gap": [5.728935599305738]}