{"fill_fraction": 0.120645, "inspect": true, "gap": [0.02209396490679206], "max_gap": 0.02209396490679206, "band_nos": [16], "gap_ranges": [[0.8394050827654285, 0.8395905611196017]], "gap_range_of_max": [0.8394050827654285, 0.8395905611196017], "mid_gaps": [0.8394978219425151], "mid_gap_of_max": 0.8394978219425151}