{"max_gap": 0.15133413613869115, "mid_gaps": [0.35600890273431374], "mid_gap_of_max": 0.35600890273431374, "band_nos": [4], "gap": [0.15133413613869115], "fill_fraction": 0.189369, "gap_range_of_max": [0.3557395212355488, 0.35627828423307867], "run_me": true, "gap_ranges": [[0.3557395212355488, 0.35627828423307867]], "_status": {"tP4-PdO_r-14/81b2400f/store_data/0000/c97892ba6ba18cf208b8f23ca4b92256": 1, "tP4-PdO_r-14/81b2400f/store_fill/0000/6988c8affee471f1a249edc89a455228": 1, "tP4-PdO_r-14/81b2400f/store_strict/0000/aec55c9a39c6c6d47ecaac6032ee51f9": 1, "tP4-PdO_r-14/81b2400f/strict-mpb-t/0000/47a5ab67b3062a167d96755ac461f3cb": 1, "tP4-PdO_r-14/81b2400f/mpb-tP4-PdO_/0000/5a375356861da9e8d3ffbbf680cd4d7c": 1, "tP4-PdO_r-14/81b2400f/check_runnin/0000/620a4119b391c7cac5ca064e2737dbda": 1}}