{"faces": [[[-0.5609425961653762, -0.5000000000000002], [-0.5609425961653761, 0.49999999999999994], [0.37875002462053203, 0.5000000000000001], [0.37875002462053187, -0.49999999999999994]], [[-0.37875002462053203, 0.49999999999999994], [-0.5609425961653761, 0.49999999999999994], [0.5609425961653762, 0.5000000000000001], [0.37875002462053203, 0.5000000000000001]], [[0.37875002462053187, -0.49999999999999994], [0.37875002462053203, 0.5000000000000001], [0.5609425961653762, 0.5000000000000001], [0.5609425961653761, -0.49999999999999994]], [[-0.5609425961653762, -0.5000000000000002], [-0.5609425961653761, 0.49999999999999994], [-0.37875002462053203, 0.49999999999999994], [-0.378750024620532, -0.5000000000000002]], [[-0.378750024620532, -0.5000000000000002], [-0.5609425961653762, -0.5000000000000002], [0.37875002462053187, -0.49999999999999994], [0.5609425961653761, -0.49999999999999994]], [[-0.378750024620532, -0.5000000000000002], [-0.37875002462053203, 0.49999999999999994], [0.5609425961653762, 0.5000000000000001], [0.5609425961653761, -0.49999999999999994]]], "labels": {"GAMMA": [0.0, 0.0], "X": [0.0, 0.49999999999999994], "M": [0.46984631039295416, 0.49999999999999994], "Z": [-0.09109628577242211, 0.0], "R": [-0.09109628577242211, 0.49999999999999994], "A": [0.37875002462053203, 0.49999999999999994]}, "label_positions": {"GAMMA": [0.05, 0.05], "X": [0.05, 0.5499999999999999], "M": [0.5198463103929541, 0.5499999999999999], "Z": [-0.09109628577242211, 0.05], "R": [-0.04109628577242211, 0.5499999999999999], "A": [0.37875002462053203, 0.5499999999999999]}, "zorder": [1, 1, 1, 1, 0, 0]}