{"mid_gaps": [0.4832141165447037], "gap": [3.3422017406821], "band_nos": [4], "fill_fraction": 0.219421, "max_gap": 3.3422017406821, "gap_ranges": [[0.4751391212375143, 0.49128911185189306]], "mid_gap_of_max": 0.4832141165447037, "gap_range_of_max": [0.4751391212375143, 0.49128911185189306]}