{"strict_calculated": true, "band_nos": [17], "mid_gap_of_max": 0.5498824835705508, "gap": [0.17868518732269784], "max_gap": 0.17868518732269784, "gap_range_of_max": [0.549391204297639, 0.5503737628434626], "gap_ranges": [[0.549391204297639, 0.5503737628434626]], "mid_gaps": [0.5498824835705508], "fill_fraction": 0.288657}