{"gap_range_of_max": [0.4469021351018697, 0.5050215621046017], "mid_gaps": [0.4759618486032357], "gap_ranges": [[0.4469021351018697, 0.5050215621046017]], "band_nos": [2], "max_gap": 12.210942362983504, "fill_fraction": 0.254845, "mid_gap_of_max": 0.4759618486032357, "gap": [12.210942362983504]}