{"gap_range_of_max": [0.2551420128331775, 0.25994741087982426], "fill_fraction": 0.620277, "band_nos": [2], "gap": [1.865850015714623], "mid_gap_of_max": 0.25754471185650085, "mid_gaps": [0.25754471185650085], "gap_ranges": [[0.2551420128331775, 0.25994741087982426]], "max_gap": 1.865850015714623}