{"gap_ranges": [[0.2936730379105569, 0.33720895823082303]], "gap": [13.801604923437932], "mid_gaps": [0.3154409980706899], "fill_fraction": 0.403047, "gap_range_of_max": [0.2936730379105569, 0.33720895823082303], "band_nos": [2], "max_gap": 13.801604923437932, "mid_gap_of_max": 0.3154409980706899}