{"_status": {"cF48-Be4O7Te/843a064a/mpb-cF48-Be4/0000/de3afb26e810253c08d782e90a27eb27": 7, "cF48-Be4O7Te/843a064a/strict-mpb-c/0000/722ee00554b329e57a1a18d5c5c086c7": 1, "cF48-Be4O7Te/843a064a/check_runnin/0000/42fa3273ff0dc42a09fdce964f85c155": 1, "cF48-Be4O7Te/843a064a/store_strict/0000/dfc7e1329bd1b6ac4cd8be9dc9db0e2b": 1, "cF48-Be4O7Te/843a064a/store_data/0000/fc42592482cba7c8e4c82e2a08bc3263": 1, "cF48-Be4O7Te/843a064a/store_fill/0000/1e20df703fb07d59385afe490ebf32e7": 1}, "run_me": true, "gap_range_of_max": [0.56515032873085, 0.5674664726772496], "max_gap": 0.40898986197616044, "fill_fraction": 0.109257, "mid_gap_of_max": 0.5663084007040498, "mid_gaps": [0.5663084007040498], "band_nos": [5], "gap_ranges": [[0.56515032873085, 0.5674664726772496]], "gap": [0.40898986197616044]}