{"gap": [4.947478654630854, 5.665464634401391], "mid_gap_of_max": 0.8729139695215241, "max_gap": 5.665464634401391, "gap_range_of_max": [0.848186653405528, 0.8976412856375202], "fill_fraction": 0.170321, "band_nos": [12, 18], "mid_gaps": [0.7128789257184964, 0.8729139695215241], "gap_ranges": [[0.695244159376854, 0.7305136920601389], [0.848186653405528, 0.8976412856375202]]}