{"_status": {"mC20-Ga2Se3_/ec5312da/strict-mpb-m/0000/a43bf3963419608065d3569d67f06e0f": 1, "mC20-Ga2Se3_/ec5312da/store_data/0000/b5f4a03e714397985a396faee56df1b5": 1, "mC20-Ga2Se3_/ec5312da/check_runnin/0000/9ab90b7fa53b561b094b5214d3d54012": 1, "mC20-Ga2Se3_/ec5312da/store_fill/0000/6cd7a985839f8d57eeef360a2e1c40bc": 1, "mC20-Ga2Se3_/ec5312da/store_strict/0000/688d242b15130a9e703f98b4a17decff": 1, "mC20-Ga2Se3_/ec5312da/mpb-mC20-Ga2/0000/85da3dd2d28e981b8f5c5338f5e1447e": 1}, "mid_gap_of_max": 0.8652364415201479, "fill_fraction": 0.145847, "gap": [2.519837426339716], "max_gap": 2.519837426339716, "mid_gaps": [0.8652364415201479], "run_me": true, "gap_range_of_max": [0.85433516568027, 0.8761377173600257], "gap_ranges": [[0.85433516568027, 0.8761377173600257]], "band_nos": [12]}