{"gap_ranges": [[0.439510723001702, 0.44053566880049566], [0.534136150364288, 0.5473301043178485]], "max_gap": 2.4400121402655826, "gap": [0.23292994740739142, 2.4400121402655826], "_status": {"hP4-AlAgS2/3dfc5976/mpb-hP4-AlAg/0000/73ab6805993537bf0f79b75284912c52": 1, "hP4-AlAgS2/3dfc5976/store_data/0000/1a0a4299b1a73ed5fb83071a0a7675b7": 1, "hP4-AlAgS2/3dfc5976/strict-mpb-h/0000/4a34e00afa0008845d1ca3a2028b353a": 1, "hP4-AlAgS2/3dfc5976/check_runnin/0000/6642cadec243531dd1972b27e25fb101": 1, "hP4-AlAgS2/3dfc5976/store_strict/0000/c223ea806a2aa7a82c2162bc01d0dd5d": 1, "hP4-AlAgS2/3dfc5976/store_fill/0000/ddb80680c9e4bd6ac452cb7d68c814e5": 1}, "gap_range_of_max": [0.534136150364288, 0.5473301043178485], "mid_gap_of_max": 0.5407331273410683, "fill_fraction": 0.217332, "mid_gaps": [0.44002319590109884, 0.5407331273410683], "strict_calculated": true, "band_nos": [9, 18]}