{"band_nos": [2], "max_gap": 3.627734697167684, "mid_gaps": [0.26990556754272177], "gap": [3.627734697167684], "gap_range_of_max": [0.265009838581054, 0.2748012965043895], "fill_fraction": 0.577508, "mid_gap_of_max": 0.26990556754272177, "gap_ranges": [[0.265009838581054, 0.2748012965043895]]}