{"gap": [2.793718417899198], "gap_ranges": [[0.335431417818027, 0.3449351813126007]], "band_nos": [4], "max_gap": 2.793718417899198, "mid_gaps": [0.34018329956531385], "gap_range_of_max": [0.335431417818027, 0.3449351813126007], "mid_gap_of_max": 0.34018329956531385, "fill_fraction": 0.295618}