{"gap_ranges": [[0.353199041599471, 0.4418279694459378]], "gap": [22.295828095179935], "mid_gaps": [0.39751350552270437], "fill_fraction": 0.226877, "gap_range_of_max": [0.353199041599471, 0.4418279694459378], "band_nos": [2], "max_gap": 22.295828095179935, "mid_gap_of_max": 0.39751350552270437}