{"max_gap": 20.788640312305663, "band_nos": [2], "fill_fraction": 0.308347, "gap": [20.788640312305663], "gap_range_of_max": [0.3382908248042722, 0.41677475897077504], "gap_ranges": [[0.3382908248042722, 0.41677475897077504]], "mid_gaps": [0.37753279188752364], "mid_gap_of_max": 0.37753279188752364}