{"band_nos": [4], "mid_gaps": [0.6202955837215178], "max_gap": 5.495072426478496, "fill_fraction": 0.345928, "gap_range_of_max": [0.603252737929645, 0.6373384295133906], "gap_ranges": [[0.603252737929645, 0.6373384295133906]], "gap": [5.495072426478496], "mid_gap_of_max": 0.6202955837215178}