{"mid_gap_of_max": 0.28582938011857184, "band_nos": [2], "mid_gaps": [0.28582938011857184], "gap_ranges": [[0.283403889391026, 0.28825487084611773]], "fill_fraction": 0.623032, "max_gap": 1.6971598416785778, "gap": [1.6971598416785778], "gap_range_of_max": [0.283403889391026, 0.28825487084611773]}