{"gap": [0.7907630275032016], "_status": {"tI14-Cu2WS4_/0a903972/store_data/0000/43e217477bdd3a4121c04f42e946b8bc": 1, "tI14-Cu2WS4_/0a903972/check_runnin/0000/009d41a3c7c5a47368d2b3aa18885586": 1, "tI14-Cu2WS4_/0a903972/store_fill/0000/1d8c3e0a7c69945ea09b445895aaa036": 1, "tI14-Cu2WS4_/0a903972/mpb-tI14-Cu2/0000/e2934ef191f3c155d54fa08bb328d5c6": 1, "tI14-Cu2WS4_/0a903972/strict-mpb-t/0000/0c628286a129e5a34a7c41a783c7658c": 1, "tI14-Cu2WS4_/0a903972/store_strict/0000/bfab0c6211a584bfbb0791ca9665f771": 1}, "fill_fraction": 0.334039, "gap_range_of_max": [0.52086716344066, 0.5250023381077534], "mid_gaps": [0.5229347507742067], "band_nos": [8], "max_gap": 0.7907630275032016, "mid_gap_of_max": 0.5229347507742067, "gap_ranges": [[0.52086716344066, 0.5250023381077534]]}