{"_status": {"hP4-La_r-10/88c4f313/strict-mpb-h/0000/b8d3e94fde87ae4519dee27c187517a1": 1, "hP4-La_r-10/88c4f313/store_fill/0000/13e162fbdd22ea2f093a994490bdce4a": 1, "hP4-La_r-10/88c4f313/store_strict/0000/3891eab2c3eef2ac2d04a503bbba4e70": 1, "hP4-La_r-10/88c4f313/check_runnin/0000/4fb6e6ac34cc97f59b06b2d53f9946fb": 1, "hP4-La_r-10/88c4f313/mpb-hP4-La_r/0000/cf10d923b35f7ea82a36196d2b6a0b1c": 1, "hP4-La_r-10/88c4f313/store_data/0000/8cf596eab0f87a6b46a33e1540c3b928": 1}, "max_gap": 1.449270627335533, "fill_fraction": 0.414714, "mid_gaps": [0.3253011899653916], "gap_range_of_max": [0.3229439426671209, 0.32765843726366234], "gap_ranges": [[0.3229439426671209, 0.32765843726366234]], "mid_gap_of_max": 0.3253011899653916, "band_nos": [8], "gap": [1.449270627335533], "run_me": true}