{"gap_range_of_max": [0.2562621396619257, 0.28284071969009367], "mid_gaps": [0.26955142967600965], "gap_ranges": [[0.2562621396619257, 0.28284071969009367]], "max_gap": 9.860300151297416, "fill_fraction": 0.535677, "gap": [9.860300151297416], "mid_gap_of_max": 0.26955142967600965, "band_nos": [4]}