{"gap_range_of_max": [0.489409400398468, 0.5038048632804017], "max_gap": 2.898762816517092, "band_nos": [4], "gap": [2.898762816517092], "mid_gap_of_max": 0.49660713183943483, "fill_fraction": 0.207295, "gap_ranges": [[0.489409400398468, 0.5038048632804017]], "mid_gaps": [0.49660713183943483]}