{"band_nos": [12], "max_gap": 0.7092379115584619, "gap_range_of_max": [0.645166008856349, 0.649758055049908], "gap": [0.7092379115584619], "mid_gaps": [0.6474620319531286], "fill_fraction": 0.232864, "mid_gap_of_max": 0.6474620319531286, "gap_ranges": [[0.645166008856349, 0.649758055049908]]}