{"fill_fraction": 0.25355, "gap": [2.513941117651296], "max_gap": 2.513941117651296, "gap_ranges": [[0.580296602993188, 0.5950706229817795]], "mid_gap_of_max": 0.5876836129874837, "band_nos": [8], "run_me": true, "_status": {"oP6-CoTe2_r-/9c49469f/store_fill/0000/b7646f52430784db3e4926ada860bc92": 1, "oP6-CoTe2_r-/9c49469f/mpb-oP6-CoTe/0000/cf8d5181f119db280756b07fe3747150": 7, "oP6-CoTe2_r-/9c49469f/store_strict/0000/8fb86c69bbc30d4340ad0563a73a7a45": 1, "oP6-CoTe2_r-/9c49469f/check_runnin/0000/57d0428779d0b4203a0492bbbde80d91": 1, "oP6-CoTe2_r-/9c49469f/strict-mpb-o/0000/de07459ce0f9f8e7a8395e2eedd4419f": 1, "oP6-CoTe2_r-/9c49469f/store_data/0000/1ed521d21308d60d4927cc7ac433f67d": 1}, "gap_range_of_max": [0.580296602993188, 0.5950706229817795], "mid_gaps": [0.5876836129874837]}