{"band_nos": [8, 14], "fill_fraction": 0.066236, "mid_gap_of_max": 0.8073912484169186, "gap_ranges": [[0.795860636072521, 0.8189218607613161], [1.000487971030662, 1.004254234220168]], "gap_range_of_max": [0.795860636072521, 0.8189218607613161], "gap": [2.85626389114472, 0.37573541172935526], "mid_gaps": [0.8073912484169186, 1.002371102625415], "strict_calculated": true, "max_gap": 2.85626389114472}