{"mid_gap_of_max": 0.5310358093240358, "gap_range_of_max": [0.4878259025983181, 0.5742457160497536], "max_gap": 16.273820321352837, "fill_fraction": 0.079034, "gap": [16.273820321352837], "mid_gaps": [0.5310358093240358], "gap_ranges": [[0.4878259025983181, 0.5742457160497536]], "band_nos": [2]}