{"fill_fraction": 0.446575, "strict_calculated": true, "mid_gap_of_max": 0.3802629345589831, "gap": [1.9377327500914736], "gap_ranges": [[0.3765786948492789, 0.3839471742686873]], "band_nos": [8], "mid_gaps": [0.3802629345589831], "gap_range_of_max": [0.3765786948492789, 0.3839471742686873], "max_gap": 1.9377327500914736}