{"fill_fraction": 0.180498, "mid_gaps": [0.6190147130169639], "gap_range_of_max": [0.617231440102434, 0.6207979859314938], "strict_calculated": true, "gap": [0.5761649527967683], "gap_ranges": [[0.617231440102434, 0.6207979859314938]], "band_nos": [9], "max_gap": 0.5761649527967683, "mid_gap_of_max": 0.6190147130169639}