{"strict_calculated": true, "mid_gaps": [0.579774351328759], "gap_range_of_max": [0.563678811515854, 0.5958698911416639], "fill_fraction": 0.252983, "band_nos": [15], "gap_ranges": [[0.563678811515854, 0.5958698911416639]], "mid_gap_of_max": 0.579774351328759, "max_gap": 5.552346279553848, "gap": [5.552346279553848]}