{"mid_gap_of_max": 0.3156982083912545, "max_gap": 5.03536245496938, "band_nos": [4], "gap": [5.03536245496938], "strict_calculated": true, "gap_ranges": [[0.307749933863082, 0.32364648291942705]], "fill_fraction": 0.309217, "gap_range_of_max": [0.307749933863082, 0.32364648291942705], "mid_gaps": [0.3156982083912545]}