{"strict_calculated": true, "mid_gap_of_max": 0.22963581448940795, "max_gap": 0.7304839778743845, "gap_range_of_max": [0.2287970880732547, 0.23047454090556124], "mid_gaps": [0.22963581448940795], "fill_fraction": 0.554513, "gap": [0.7304839778743845], "band_nos": [8], "gap_ranges": [[0.2287970880732547, 0.23047454090556124]]}