{"max_gap": 0.11261027238338836, "gap": [0.11261027238338836], "band_nos": [4], "mid_gap_of_max": 0.4021382383094754, "gap_ranges": [[0.401911813826716, 0.4023646627922349]], "gap_range_of_max": [0.401911813826716, 0.4023646627922349], "fill_fraction": 0.275751, "mid_gaps": [0.4021382383094754]}