{"max_gap": 5.198674259613889, "gap_range_of_max": [0.49419328442436, 0.5205704140177687], "mid_gaps": [0.5073818492210643], "fill_fraction": 0.15899, "gap": [5.198674259613889], "gap_ranges": [[0.49419328442436, 0.5205704140177687]], "band_nos": [5], "mid_gap_of_max": 0.5073818492210643}