{"gap": [1.8598502173746403, 1.226970751636119], "mid_gaps": [0.7165541457195304, 0.8014856277877174], "gap_ranges": [[0.709890728801144, 0.7232175626379166], [0.796568630671956, 0.8064026249034787]], "fill_fraction": 0.073749, "band_nos": [8, 11], "max_gap": 1.8598502173746403, "gap_range_of_max": [0.709890728801144, 0.7232175626379166], "mid_gap_of_max": 0.7165541457195304}