{"gap_ranges": [[0.685135252977099, 0.6991904808929892]], "mid_gaps": [0.6921628669350441], "fill_fraction": 0.143678, "max_gap": 2.03062437864194, "gap": [2.03062437864194], "gap_range_of_max": [0.685135252977099, 0.6991904808929892], "band_nos": [17], "strict_calculated": true, "mid_gap_of_max": 0.6921628669350441}