{"fill_fraction": 0.228069, "max_gap": 22.22332759881868, "mid_gap_of_max": 0.6613093283602324, "band_nos": [8], "gap_range_of_max": [0.587826859118711, 0.7347917976017537], "gap_ranges": [[0.587826859118711, 0.7347917976017537]], "mid_gaps": [0.6613093283602324], "gap": [22.22332759881868]}