{"max_gap": 1.6832894173891035, "fill_fraction": 0.205301, "band_nos": [5], "gap_ranges": [[0.500101817934639, 0.508591431293729]], "gap": [1.6832894173891035], "gap_range_of_max": [0.500101817934639, 0.508591431293729], "mid_gaps": [0.504346624614184], "mid_gap_of_max": 0.504346624614184}