{"gap": [2.2396159312569943], "gap_ranges": [[0.5432856301369253, 0.5555909374734513]], "gap_range_of_max": [0.5432856301369253, 0.5555909374734513], "band_nos": [5], "mid_gap_of_max": 0.5494382838051883, "fill_fraction": 0.103517, "max_gap": 2.2396159312569943, "mid_gaps": [0.5494382838051883]}