{"band_nos": [16], "strict_calculated": true, "max_gap": 0.5254080696613912, "mid_gaps": [0.5746995990791983], "gap": [0.5254080696613912], "gap_ranges": [[0.573189840044261, 0.5762093581141355]], "gap_range_of_max": [0.573189840044261, 0.5762093581141355], "mid_gap_of_max": 0.5746995990791983, "fill_fraction": 0.3832}