{"gap_range_of_max": [0.3385198542331178, 0.39067548077047526], "gap": [14.30498085594593], "mid_gaps": [0.36459766750179656], "max_gap": 14.30498085594593, "mid_gap_of_max": 0.36459766750179656, "gap_ranges": [[0.3385198542331178, 0.39067548077047526]], "fill_fraction": 0.221306, "band_nos": [4]}