{"max_gap": 4.370041983940734, "gap": [4.370041983940734], "mid_gaps": [0.4433378019599073], "fill_fraction": 0.244075, "mid_gap_of_max": 0.4433378019599073, "gap_range_of_max": [0.4336507779217433, 0.4530248259980713], "band_nos": [16], "gap_ranges": [[0.4336507779217433, 0.4530248259980713]]}