{"gap_ranges": [[0.2848186247314461, 0.29473761070530785]], "max_gap": 3.4229589356024266, "fill_fraction": 0.550572, "mid_gap_of_max": 0.28977811771837697, "gap": [3.4229589356024266], "gap_range_of_max": [0.2848186247314461, 0.29473761070530785], "band_nos": [2], "mid_gaps": [0.28977811771837697]}