{"gap_range_of_max": [0.82802550146089, 0.838000272324855], "gap": [1.1974329594302733], "mid_gap_of_max": 0.8330128868928726, "_status": {"oP16-AgCd2Ga/06a8209a/store_fill/0000/5e725c0d61b20b9579d17f3cfb237818": 1, "oP16-AgCd2Ga/06a8209a/strict-mpb-o/0000/1b1593e8ecc0eb85a8c79830ab22a052": 1, "oP16-AgCd2Ga/06a8209a/mpb-oP16-AgC/0000/1cf2f2d36eaf13b2d656ab0016a5cc55": 1, "oP16-AgCd2Ga/06a8209a/store_data/0000/dbdd7e576bfb268026271af7218d6dfd": 1, "oP16-AgCd2Ga/06a8209a/check_runnin/0000/7ce74d5e1e07aeff7a694e5e6ea088f7": 1, "oP16-AgCd2Ga/06a8209a/store_strict/0000/922c91b68ad1a1d7cf75c2f708dcb544": 1}, "gap_ranges": [[0.82802550146089, 0.838000272324855]], "mid_gaps": [0.8330128868928726], "max_gap": 1.1974329594302733, "run_me": true, "band_nos": [16], "fill_fraction": 0.207043}