{"mid_gaps": [0.7752060968906834], "gap": [1.9235098369693058], "gap_range_of_max": [0.767750514125444, 0.7826616796559228], "strict_calculated": true, "fill_fraction": 0.164059, "max_gap": 1.9235098369693058, "mid_gap_of_max": 0.7752060968906834, "band_nos": [17], "gap_ranges": [[0.767750514125444, 0.7826616796559228]]}