{"gap": [1.5721177139605889], "fill_fraction": 0.390228, "gap_ranges": [[0.397933224996153, 0.40423876900320077]], "band_nos": [5], "mid_gap_of_max": 0.4010859969996769, "max_gap": 1.5721177139605889, "mid_gaps": [0.4010859969996769], "gap_range_of_max": [0.397933224996153, 0.40423876900320077]}