{"max_gap": 1.655721149034697, "mid_gap_of_max": 0.7304508965714688, "band_nos": [12], "gap_range_of_max": [0.724403781582545, 0.7364980115603925], "gap_ranges": [[0.724403781582545, 0.7364980115603925]], "fill_fraction": 0.395565, "mid_gaps": [0.7304508965714688], "gap": [1.655721149034697]}