{"mid_gap_of_max": 0.27975794840442714, "gap_ranges": [[0.275399209075468, 0.2841166877333863]], "gap": [3.1160789917275027], "mid_gaps": [0.27975794840442714], "gap_range_of_max": [0.275399209075468, 0.2841166877333863], "fill_fraction": 0.623992, "band_nos": [2], "max_gap": 3.1160789917275027}