{"max_gap": 23.2903450913725, "gap_range_of_max": [0.994393757618675, 1.256516093646336], "mid_gap_of_max": 1.1254549256325055, "gap": [23.2903450913725], "gap_ranges": [[0.994393757618675, 1.256516093646336]], "mid_gaps": [1.1254549256325055], "fill_fraction": 0.214633, "band_nos": [12]}