{"gap_ranges": [[0.316477916834028, 0.33298452812005014]], "band_nos": [2], "max_gap": 5.083161132492821, "gap": [5.083161132492821], "mid_gap_of_max": 0.32473122247703906, "fill_fraction": 0.463906, "gap_range_of_max": [0.316477916834028, 0.33298452812005014], "mid_gaps": [0.32473122247703906]}