{"max_gap": 4.887544838623205, "band_nos": [2], "mid_gap_of_max": 0.42433912410969543, "fill_fraction": 0.316521, "gap_range_of_max": [0.413969241630354, 0.43470900658903694], "gap_ranges": [[0.413969241630354, 0.43470900658903694]], "mid_gaps": [0.42433912410969543], "gap": [4.887544838623205]}