{"fill_fraction": 0.305311, "strict_calculated": true, "max_gap": 6.29045324412218, "gap_range_of_max": [0.304788982673477, 0.32458419542308214], "gap": [6.29045324412218], "mid_gap_of_max": 0.31468658904827956, "mid_gaps": [0.31468658904827956], "band_nos": [4], "gap_ranges": [[0.304788982673477, 0.32458419542308214]]}