{"max_gap": 14.833812315968384, "mid_gap_of_max": 0.2922876475201006, "strict_calculated": true, "fill_fraction": 0.392422, "gap_ranges": [[0.270608946992155, 0.3139663480480463]], "gap": [14.833812315968384], "mid_gaps": [0.2922876475201006], "gap_range_of_max": [0.270608946992155, 0.3139663480480463], "band_nos": [4]}