{"gap_ranges": [[0.353500619258557, 0.3636457186498297]], "max_gap": 2.829296854770463, "mid_gaps": [0.35857316895419333], "band_nos": [4], "mid_gap_of_max": 0.35857316895419333, "strict_calculated": true, "fill_fraction": 0.164924, "gap_range_of_max": [0.353500619258557, 0.3636457186498297], "gap": [2.829296854770463]}