{"max_gap": 2.5664726784918597, "gap_range_of_max": [0.612452605679906, 0.6283753610565955], "gap_ranges": [[0.612452605679906, 0.6283753610565955]], "fill_fraction": 0.178422, "mid_gap_of_max": 0.6204139833682507, "strict_calculated": true, "band_nos": [14], "mid_gaps": [0.6204139833682507], "gap": [2.5664726784918597]}