{"max_gap": 3.87123663103851, "band_nos": [12], "gap_ranges": [[0.576434720587249, 0.5991903344748647]], "fill_fraction": 0.406106, "mid_gap_of_max": 0.5878125275310568, "mid_gaps": [0.5878125275310568], "gap_range_of_max": [0.576434720587249, 0.5991903344748647], "gap": [3.87123663103851]}