{"mid_gap_of_max": 0.6677330025048387, "fill_fraction": 0.25437, "gap_ranges": [[0.656725828386037, 0.6787401766236405]], "gap_range_of_max": [0.656725828386037, 0.6787401766236405], "mid_gaps": [0.6677330025048387], "gap": [3.2968788655078543], "max_gap": 3.2968788655078543, "band_nos": [12]}