{"mid_gap_of_max": 0.2690475229463066, "gap": [9.417735269295074], "mid_gaps": [0.2690475229463066], "gap_ranges": [[0.256378431216467, 0.2817166146761463]], "strict_calculated": true, "fill_fraction": 0.445757, "gap_range_of_max": [0.256378431216467, 0.2817166146761463], "band_nos": [4], "max_gap": 9.417735269295074}