{"max_gap": 2.5064458039387185, "mid_gap_of_max": 0.4078440412251493, "fill_fraction": 0.162685, "gap_ranges": [[0.402732846296198, 0.41295523615410057]], "strict_calculated": true, "gap": [2.5064458039387185], "mid_gaps": [0.4078440412251493], "gap_range_of_max": [0.402732846296198, 0.41295523615410057], "band_nos": [4]}