{"max_gap": 1.4324421888993004, "fill_fraction": 0.533942, "band_nos": [12], "mid_gaps": [0.5948125546303565], "gap_range_of_max": [0.590552381641659, 0.5990727276190541], "gap_ranges": [[0.590552381641659, 0.5990727276190541]], "mid_gap_of_max": 0.5948125546303565, "gap": [1.4324421888993004]}