{"fill_fraction": 0.240752, "gap": [2.0558619500841946], "mid_gap_of_max": 0.6812769611566114, "band_nos": [11], "_status": {"tP7-Cu2HgI4_/23bbcf9f/check_runnin/0000/4df2805c9f32fb2824f702a8cdc380eb": 1, "tP7-Cu2HgI4_/23bbcf9f/store_data/0000/f55fd7e20879213f0cfc955ec13234b4": 1, "tP7-Cu2HgI4_/23bbcf9f/store_strict/0000/f4f93b7f0f8e5d59b8c2a2ea5000b208": 1, "tP7-Cu2HgI4_/23bbcf9f/mpb-tP7-Cu2H/0000/ad8f705b1e04718a2422f99c89a6d9d3": 1, "tP7-Cu2HgI4_/23bbcf9f/strict-mpb-t/0000/368691cfe204b23aa62d54194592bac3": 1, "tP7-Cu2HgI4_/23bbcf9f/store_fill/0000/c92a9143b0ae686b12c45c48e546c54c": 1}, "max_gap": 2.0558619500841946, "mid_gaps": [0.6812769611566114], "gap_range_of_max": [0.674273904247057, 0.6882800180661659], "gap_ranges": [[0.674273904247057, 0.6882800180661659]]}