{
  "lattice_vectors": [
    [
      1.0,
      0.0,
      0.0
    ],
    [
      0.4956786145,
      1.0317866872,
      0.0
    ],
    [
      0.2872678132,
      -0.0890537355,
      3.1861107593
    ]
  ],
  "basis": [
    [
      0.1633333333,
      -0.122,
      0.076
    ],
    [
      -0.0966666667,
      0.122,
      -0.076
    ],
    [
      0.5243333333,
      -0.45,
      0.259
    ],
    [
      -0.4576666667,
      0.45,
      -0.259
    ],
    [
      -0.4666666667,
      -0.181,
      0.407
    ],
    [
      -0.4666666667,
      0.181,
      -0.407
    ],
    [
      0.0213333333,
      -0.429,
      0.065
    ],
    [
      0.0453333333,
      0.429,
      -0.065
    ],
    [
      0.3183333333,
      0.173,
      0.1
    ],
    [
      -0.2516666667,
      -0.173,
      -0.1
    ],
    [
      -0.2766666667,
      0.192,
      0.056
    ],
    [
      0.3433333333,
      -0.192,
      -0.056
    ],
    [
      -0.3976666667,
      -0.43,
      0.116
    ],
    [
      0.4643333333,
      0.43,
      -0.116
    ],
    [
      0.3773333333,
      0.247,
      0.23
    ],
    [
      -0.3106666667,
      -0.247,
      -0.23
    ],
    [
      -0.0396666667,
      0.24,
      0.274
    ],
    [
      0.1063333333,
      -0.24,
      -0.274
    ],
    [
      -0.3316666667,
      -0.141,
      0.272
    ],
    [
      0.3983333333,
      0.141,
      -0.272
    ],
    [
      0.0883333333,
      -0.146,
      0.22
    ],
    [
      -0.0216666667,
      0.146,
      -0.22
    ],
    [
      0.0793333333,
      0.123,
      0.4
    ],
    [
      -0.0126666667,
      -0.123,
      -0.4
    ],
    [
      -0.0226666667,
      -0.476,
      0.434
    ],
    [
      0.0893333333,
      0.476,
      -0.434
    ],
    [
      0.4043333333,
      -0.496,
      0.391
    ],
    [
      -0.3376666667,
      0.496,
      -0.391
    ],
    [
      -0.3476666667,
      0.137,
      0.45
    ],
    [
      0.4143333333,
      -0.137,
      -0.45
    ]
  ],
  "structure": "aP30-MnP4_r",
  "nbands": 20
}