{"global_point_groups": ["-1", "1"], "std_lattice": [[1.0, 0.0, 0.0], [0.4956786145, 1.0317866872, 0.0], [0.2872678132, -0.0890537355, 3.1861107593]], "wyckoffs": ["i", "i", "i", "i", "i", "i", "i", "i", "i", "i", "i", "i", "i", "i", "i", "i", "i", "i", "i", "i", "i", "i", "i", "i", "i", "i", "i", "i", "i", "i"], "std_positions": [[0.13, 0.878, 0.076], [0.87, 0.122, 0.924], [0.491, 0.55, 0.259], [0.509, 0.45, 0.741], [0.5, 0.819, 0.407], [0.5, 0.181, 0.593], [0.988, 0.571, 0.065], [0.012, 0.429, 0.935], [0.285, 0.173, 0.1], [0.715, 0.827, 0.9], [0.69, 0.192, 0.056], [0.31, 0.808, 0.944], [0.569, 0.57, 0.116], [0.431, 0.43, 0.884], [0.344, 0.247, 0.23], [0.656, 0.753, 0.77], [0.927, 0.24, 0.274], [0.073, 0.76, 0.726], [0.635, 0.859, 0.272], [0.365, 0.141, 0.728], [0.055, 0.854, 0.22], [0.945, 0.146, 0.78], [0.046, 0.123, 0.4], [0.954, 0.877, 0.6], [0.944, 0.524, 0.434], [0.056, 0.476, 0.566], [0.371, 0.504, 0.391], [0.629, 0.496, 0.609], [0.619, 0.137, 0.45], [0.381, 0.863, 0.55]], "international": "P-1", "site_point_groups": {"i": {"site_symmetry": ["1"], "name": "2i"}}, "number": 2, "equivalent_atoms": [0, 0, 2, 2, 4, 4, 6, 6, 8, 8, 10, 10, 12, 12, 14, 14, 16, 16, 18, 18, 20, 20, 22, 22, 24, 24, 26, 26, 28, 28]}