{"mid_gap_of_max": 0.7454506854679107, "fill_fraction": 0.268199, "mid_gaps": [0.7454506854679107], "band_nos": [12], "gap": [1.203927637483861], "gap_ranges": [[0.7409633420548, 0.7499380288810215]], "gap_range_of_max": [0.7409633420548, 0.7499380288810215], "max_gap": 1.203927637483861}