{"mid_gap_of_max": 0.5894839113384686, "band_nos": [8, 17], "gap": [4.610842686331442, 3.858478837767913], "gap_range_of_max": [0.575893823431943, 0.6030739992449942], "gap_ranges": [[0.575893823431943, 0.6030739992449942], [0.75128713644108, 0.7808456460301608]], "fill_fraction": 0.216237, "max_gap": 4.610842686331442, "mid_gaps": [0.5894839113384686, 0.7660663912356205]}