{"gap": [1.2415789026163562], "fill_fraction": 0.225192, "gap_range_of_max": [0.789935547063959, 0.7998044854892733], "mid_gaps": [0.7948700162766161], "band_nos": [12], "mid_gap_of_max": 0.7948700162766161, "max_gap": 1.2415789026163562, "run_me": true, "gap_ranges": [[0.789935547063959, 0.7998044854892733]], "_status": {"cI80-N3U2_r-/329e4141/store_fill/0000/0aea42ff35393226751dcb72e79c0d30": 1, "cI80-N3U2_r-/329e4141/store_data/0000/618dccd01a4823dc2c4a8eb91688963a": 1, "cI80-N3U2_r-/329e4141/strict-mpb-c/0000/7c112c0d13ea6b2d52ce1e8df2780b55": 1, "cI80-N3U2_r-/329e4141/store_strict/0000/20ce440caf841cb4bd840437e7022825": 1, "cI80-N3U2_r-/329e4141/mpb-cI80-N3U/0000/0e7e9adf74b3033950ba7b28f26f699c": 1, "cI80-N3U2_r-/329e4141/check_runnin/0000/4a6e24dd1e9adc51d0ed5caa4e1107c4": 1}}