{
  "structure": "hP30-Ta4Zn2.88Ni5.12O18",
  "nbands": 20,
  "lattice_vectors": [
    [
      1.0,
      0.0,
      0.0
    ],
    [
      -0.5,
      0.8660254038,
      0.0
    ],
    [
      0.0,
      0.0,
      2.7430964045
    ]
  ],
  "basis": [
    [
      -0.4,
      -0.4,
      -0.1417
    ],
    [
      -0.4,
      -0.4,
      0.3583
    ],
    [
      -0.4,
      -0.4,
      0.1417
    ],
    [
      -0.4,
      -0.4,
      -0.3583
    ],
    [
      -0.0666666667,
      0.2666666667,
      -0.4877
    ],
    [
      -0.0666666667,
      0.2666666667,
      0.0123
    ],
    [
      0.2666666667,
      -0.0666666667,
      0.4877
    ],
    [
      0.2666666667,
      -0.0666666667,
      -0.0123
    ],
    [
      -0.0666666667,
      0.2666666667,
      -0.1925
    ],
    [
      -0.0666666667,
      0.2666666667,
      0.3075
    ],
    [
      0.2666666667,
      -0.0666666667,
      0.1925
    ],
    [
      0.2666666667,
      -0.0666666667,
      -0.3075
    ],
    [
      -0.056,
      -0.079,
      -0.415
    ],
    [
      0.279,
      -0.377,
      -0.415
    ],
    [
      0.577,
      0.256,
      -0.415
    ],
    [
      0.279,
      0.256,
      0.085
    ],
    [
      -0.056,
      -0.377,
      0.085
    ],
    [
      0.577,
      -0.079,
      0.085
    ],
    [
      0.256,
      0.279,
      0.415
    ],
    [
      -0.079,
      0.577,
      0.415
    ],
    [
      -0.377,
      -0.056,
      0.415
    ],
    [
      -0.079,
      -0.056,
      -0.085
    ],
    [
      0.256,
      0.577,
      -0.085
    ],
    [
      -0.377,
      0.279,
      -0.085
    ],
    [
      -0.112,
      -0.4,
      -0.25
    ],
    [
      -0.4,
      -0.112,
      -0.25
    ],
    [
      0.312,
      0.312,
      -0.25
    ],
    [
      -0.4,
      0.312,
      0.25
    ],
    [
      -0.112,
      -0.112,
      0.25
    ],
    [
      0.312,
      -0.4,
      0.25
    ]
  ]
}