{"mid_gap_of_max": 0.4541936187814167, "gap_range_of_max": [0.449876571401021, 0.45851066616181235], "gap_ranges": [[0.449876571401021, 0.45851066616181235]], "fill_fraction": 0.184909, "gap": [1.900972273444945], "band_nos": [4], "max_gap": 1.900972273444945, "mid_gaps": [0.4541936187814167]}