{"mid_gaps": [0.5045734426174195], "strict_calculated": true, "mid_gap_of_max": 0.5045734426174195, "fill_fraction": 0.131701, "band_nos": [7], "gap_range_of_max": [0.502128320811423, 0.5070185644234161], "gap_ranges": [[0.502128320811423, 0.5070185644234161]], "max_gap": 0.96918371022956, "gap": [0.96918371022956]}