{"mid_gaps": [0.5534883422860543], "max_gap": 22.58647690294891, "mid_gap_of_max": 0.5534883422860543, "gap_range_of_max": [0.490981583990577, 0.6159951005815315], "gap": [22.58647690294891], "strict_calculated": true, "gap_ranges": [[0.490981583990577, 0.6159951005815315]], "band_nos": [4], "fill_fraction": 0.088439}