{"max_gap": 1.2683700641202593, "band_nos": [2], "gap_ranges": [[0.3541673083778202, 0.3586881308737804]], "gap": [1.2683700641202593], "mid_gap_of_max": 0.3564277196258003, "fill_fraction": 0.193326, "mid_gaps": [0.3564277196258003], "gap_range_of_max": [0.3541673083778202, 0.3586881308737804]}