{"band_nos": [2], "gap_range_of_max": [0.357703059408423, 0.3594187082242], "max_gap": 0.4784818682718198, "mid_gap_of_max": 0.3585608838163115, "gap": [0.4784818682718198], "mid_gaps": [0.3585608838163115], "gap_ranges": [[0.357703059408423, 0.3594187082242]], "fill_fraction": 0.590003}