{"_status": {"tI16-CoCu2Si/41aa0ef2/check_runnin/0000/3910124f1341b84a9fce03509264fccf": 1, "tI16-CoCu2Si/41aa0ef2/strict-mpb-t/0000/81c719a8f75d563c63937b889abcc16a": 1, "tI16-CoCu2Si/41aa0ef2/store_strict/0000/64ad6b547578d87ab7b14cbdc882aec1": 1, "tI16-CoCu2Si/41aa0ef2/store_data/0000/30957c94ad442081451be746c800bc2f": 1, "tI16-CoCu2Si/41aa0ef2/store_fill/0000/bf13eaa1e979e936ed2d79f61f121183": 1, "tI16-CoCu2Si/41aa0ef2/mpb-tI16-CoC/0000/7f4d504a13090cadfbdf173c702b7fa3": 1}, "gap": [9.287590999055213], "band_nos": [8], "mid_gaps": [0.4408524521151681], "fill_fraction": 0.535202, "gap_range_of_max": [0.4203801657842868, 0.4613247384460494], "gap_ranges": [[0.4203801657842868, 0.4613247384460494]], "mid_gap_of_max": 0.4408524521151681, "max_gap": 9.287590999055213}