{"fill_fraction": 0.258827, "band_nos": [8], "gap_range_of_max": [0.587692193580067, 0.7241014751566207], "mid_gaps": [0.6558968343683438], "max_gap": 20.797368492854652, "gap_ranges": [[0.587692193580067, 0.7241014751566207]], "mid_gap_of_max": 0.6558968343683438, "gap": [20.797368492854652]}