{"gap_ranges": [[0.4572789216036749, 0.4765940797036419]], "mid_gaps": [0.46693650065365844], "band_nos": [8], "fill_fraction": 0.530287, "gap": [4.136570619972509], "mid_gap_of_max": 0.46693650065365844, "gap_range_of_max": [0.4572789216036749, 0.4765940797036419], "max_gap": 4.136570619972509}