{"_status": {"cI36-NO2_r-1/67b6f5cd/strict-mpb-c/0000/1e88d70118f6857f4f1ebefc0fa44539": 1, "cI36-NO2_r-1/67b6f5cd/store_data/0000/0b7f376715e1310a3718f94cb235175a": 1, "cI36-NO2_r-1/67b6f5cd/store_strict/0000/71e2c3b3e9757e8cdd83b44d67970b3c": 1, "cI36-NO2_r-1/67b6f5cd/store_fill/0000/6f271a2ab21669b26c801b6e51940315": 1, "cI36-NO2_r-1/67b6f5cd/check_runnin/0000/e401d222643364438a09acf97c4aeab7": 1, "cI36-NO2_r-1/67b6f5cd/mpb-cI36-NO2/0000/c71cd95d00975482fc1b520021ea02cb": 1}, "mid_gaps": [0.5187529451470555], "fill_fraction": 0.092158, "max_gap": 9.457385868327169, "mid_gap_of_max": 0.5187529451470555, "gap": [9.457385868327169], "gap_ranges": [[0.494222711284121, 0.54328317900999]], "band_nos": [2], "gap_range_of_max": [0.494222711284121, 0.54328317900999]}