{"max_gap": 26.64597683332543, "fill_fraction": 0.100386, "band_nos": [2], "mid_gaps": [0.4843387969609398], "gap_ranges": [[0.4198103951444302, 0.5488671987774494]], "mid_gap_of_max": 0.4843387969609398, "gap": [26.64597683332543], "gap_range_of_max": [0.4198103951444302, 0.5488671987774494]}