{"band_nos": [2], "gap_ranges": [[0.469253652503284, 0.4870629326092368]], "fill_fraction": 0.268665, "gap": [3.7245574077033137], "mid_gaps": [0.4781582925562604], "max_gap": 3.7245574077033137, "gap_range_of_max": [0.469253652503284, 0.4870629326092368], "mid_gap_of_max": 0.4781582925562604}