{"gap_ranges": [[0.281494761967786, 0.29292614611084905]], "max_gap": 3.980142081282755, "fill_fraction": 0.498107, "mid_gap_of_max": 0.28721045403931755, "mid_gaps": [0.28721045403931755], "gap": [3.980142081282755], "band_nos": [2], "gap_range_of_max": [0.281494761967786, 0.29292614611084905]}