{"gap_ranges": [[0.3258193335573388, 0.3964627388498727]], "max_gap": 19.561168133965868, "mid_gaps": [0.3611410362036057], "band_nos": [4], "mid_gap_of_max": 0.3611410362036057, "fill_fraction": 0.284498, "gap_range_of_max": [0.3258193335573388, 0.3964627388498727], "gap": [19.561168133965868]}