{"strict_calculated": true, "gap": [22.191139754740973], "gap_range_of_max": [0.463316450199093, 0.5789633317195848], "mid_gaps": [0.5211398909593389], "gap_ranges": [[0.463316450199093, 0.5789633317195848]], "band_nos": [2], "max_gap": 22.191139754740973, "fill_fraction": 0.063215, "mid_gap_of_max": 0.5211398909593389}