{"gap_ranges": [[0.3769616249041573, 0.4940961712755044]], "fill_fraction": 0.172076, "gap": [26.894781697628535], "mid_gap_of_max": 0.43552889808983086, "max_gap": 26.894781697628535, "gap_range_of_max": [0.3769616249041573, 0.4940961712755044], "mid_gaps": [0.43552889808983086], "band_nos": [2]}