{"max_gap": 0.7547989925237878, "mid_gap_of_max": 0.4819492566791511, "gap": [0.7547989925237878], "mid_gaps": [0.4819492566791511], "gap_range_of_max": [0.480130382612206, 0.4837681307460963], "fill_fraction": 0.449417, "band_nos": [12], "gap_ranges": [[0.480130382612206, 0.4837681307460963]]}