{"band_nos": [2], "mid_gap_of_max": 0.2727540813497148, "max_gap": 4.376548391080836, "gap_ranges": [[0.2667854741702556, 0.2787226885291739]], "gap_range_of_max": [0.2667854741702556, 0.2787226885291739], "gap": [4.376548391080836], "mid_gaps": [0.2727540813497148], "fill_fraction": 0.632274}