{"mid_gap_of_max": 0.5888818713508732, "band_nos": [8], "mid_gaps": [0.5888818713508732], "max_gap": 1.0242912877126793, "gap_ranges": [[0.58586593849929, 0.5918978042024565]], "fill_fraction": 0.288762, "_status": {"tI14-Cu2WS4_/a1f77dab/strict-mpb-t/0000/136daa6cd6ad8b11d9f4c57bfad2aa1c": 1, "tI14-Cu2WS4_/a1f77dab/store_data/0000/02718081a18d0a39f02550dc645b6a64": 1, "tI14-Cu2WS4_/a1f77dab/mpb-tI14-Cu2/0000/0a409e856e11a0402254ef653c3844c7": 1, "tI14-Cu2WS4_/a1f77dab/check_runnin/0000/068b21254448498d64a1cfafb4fc38d7": 1, "tI14-Cu2WS4_/a1f77dab/store_fill/0000/26d259e158083a8ce6033fb105f08f04": 1, "tI14-Cu2WS4_/a1f77dab/store_strict/0000/249388397c56af6155f7697e6178ee9f": 1}, "gap_range_of_max": [0.58586593849929, 0.5918978042024565], "gap": [1.0242912877126793]}