{"mid_gap_of_max": 0.6978818471042025, "gap_range_of_max": [0.680465505882325, 0.7152981883260802], "band_nos": [16], "gap": [4.991200528898995], "fill_fraction": 0.177532, "gap_ranges": [[0.680465505882325, 0.7152981883260802]], "max_gap": 4.991200528898995, "mid_gaps": [0.6978818471042025]}