{"gap": [9.452428480275278], "band_nos": [8], "max_gap": 9.452428480275278, "fill_fraction": 0.509003, "mid_gaps": [0.4189603235274429], "gap_ranges": [[0.399159361056362, 0.43876128599852376]], "gap_range_of_max": [0.399159361056362, 0.43876128599852376], "mid_gap_of_max": 0.4189603235274429}