{"_status": {"cP32-FeH5O6S/3a4d6035/check_runnin/0000/c03f6b5d7ec785a292ac2df0f1e46c25": 1, "cP32-FeH5O6S/3a4d6035/store_strict/0000/00fadf641fc1951d5608c44a384b09f1": 1, "cP32-FeH5O6S/3a4d6035/strict-mpb-c/0000/ce92055aa42f9646ffbb56853799805d": 1, "cP32-FeH5O6S/3a4d6035/store_data/0000/4d35a17b4269aadefcae6675d3aa1b37": 1, "cP32-FeH5O6S/3a4d6035/store_fill/0000/146b4316c0a78eb0b5d9da1576f4ec16": 1, "cP32-FeH5O6S/3a4d6035/mpb-cP32-FeH/0000/2b07ab2a304d0720e7801b1bbe05a874": 3}, "gap": [0.024491077363385398], "mid_gaps": [0.7433072085777752], "run_me": true, "gap_range_of_max": [0.743216186606, 0.7433982305495505], "band_nos": [18], "mid_gap_of_max": 0.7433072085777752, "gap_ranges": [[0.743216186606, 0.7433982305495505]], "max_gap": 0.024491077363385398, "fill_fraction": 0.18361}