{"gap_ranges": [[0.439417814646095, 0.44344204360510364]], "max_gap": 0.9116348243491226, "gap_range_of_max": [0.439417814646095, 0.44344204360510364], "fill_fraction": 0.624402, "gap": [0.9116348243491226], "band_nos": [8], "mid_gap_of_max": 0.4414299291255993, "mid_gaps": [0.4414299291255993]}