{"gap": [2.0182683860980344], "max_gap": 2.0182683860980344, "mid_gaps": [0.7180993979380592], "gap_ranges": [[0.710852811373387, 0.7253459845027315]], "gap_range_of_max": [0.710852811373387, 0.7253459845027315], "band_nos": [8], "fill_fraction": 0.127872, "mid_gap_of_max": 0.7180993979380592}