{"gap_range_of_max": [0.340723329190662, 0.43993996228478566], "gap_ranges": [[0.340723329190662, 0.43993996228478566]], "fill_fraction": 0.21092, "strict_calculated": true, "max_gap": 25.41854706825139, "mid_gap_of_max": 0.39033164573772383, "mid_gaps": [0.39033164573772383], "gap": [25.41854706825139], "band_nos": [2]}