{"mid_gaps": [0.24607313449803195], "gap_ranges": [[0.2391337198760703, 0.2530125491199936]], "_status": {"tP12-PNO_r/26db56c3/store_data/0000/673f0ca3e18b62c3906495bc789ba70b": 1, "tP12-PNO_r/26db56c3/check_runnin/0000/28f72634907ef061b0f212767ed05e5d": 1, "tP12-PNO_r/26db56c3/store_fill/0000/402eddfc57293261a70ab4b1198b78e6": 1, "tP12-PNO_r/26db56c3/strict-mpb-t/0000/4131d739165f16435cab3f1a53c1af28": 1, "tP12-PNO_r/26db56c3/mpb-tP12-PNO/0000/6de0f952eb734eb53852f8cfc41c96fd": 1, "tP12-PNO_r/26db56c3/store_strict/0000/df30825c5dd579c16d6c6db6c1b486ee": 1}, "gap_range_of_max": [0.2391337198760703, 0.2530125491199936], "fill_fraction": 0.499388, "mid_gap_of_max": 0.24607313449803195, "max_gap": 5.640123726726556, "gap": [5.640123726726556], "strict_calculated": true, "band_nos": [4]}