{"mid_gaps": [0.5481844721217417], "mid_gap_of_max": 0.5481844721217417, "fill_fraction": 0.339008, "gap": [3.7720166722294346], "gap_range_of_max": [0.537845667280239, 0.5585232769632446], "band_nos": [16], "max_gap": 3.7720166722294346, "gap_ranges": [[0.537845667280239, 0.5585232769632446]]}