{"mid_gap_of_max": 0.3590494898488047, "band_nos": [5], "gap": [7.261852140639128], "mid_gaps": [0.3590494898488047], "fill_fraction": 0.390228, "max_gap": 7.261852140639128, "gap_ranges": [[0.346012668316535, 0.3720863113810744]], "gap_range_of_max": [0.346012668316535, 0.3720863113810744], "strict_calculated": true}