{"band_nos": [4], "gap_range_of_max": [0.4140671447406459, 0.43098541300264387], "gap_ranges": [[0.4140671447406459, 0.43098541300264387]], "mid_gaps": [0.42252627887164484], "mid_gap_of_max": 0.42252627887164484, "strict_calculated": true, "max_gap": 4.004074801495926, "gap": [4.004074801495926], "fill_fraction": 0.14625}