{"strict_calculated": true, "gap_ranges": [[0.647942395013284, 0.7425179376867705]], "band_nos": [8], "gap": [13.603486622280789], "mid_gaps": [0.6952301663500273], "mid_gap_of_max": 0.6952301663500273, "max_gap": 13.603486622280789, "fill_fraction": 0.23508, "gap_range_of_max": [0.647942395013284, 0.7425179376867705]}