{"max_gap": 6.042310143027524, "mid_gap_of_max": 0.3794231015850317, "gap": [6.042310143027524], "fill_fraction": 0.226772, "mid_gaps": [0.3794231015850317], "gap_range_of_max": [0.3679601413090007, 0.39088606186106273], "gap_ranges": [[0.3679601413090007, 0.39088606186106273]], "band_nos": [4]}