{"_status": {"tI20-Ga2TeSe/7c5a4e54/store_data/0000/1494131617c46dc83f3f17a2af24bf66": 1, "tI20-Ga2TeSe/7c5a4e54/mpb-tI20-Ga2/0000/189f53db5257950a459c29ba6f9c520e": 1, "tI20-Ga2TeSe/7c5a4e54/strict-mpb-t/0000/48890ac90c24c465789b1f4dda810453": 1, "tI20-Ga2TeSe/7c5a4e54/store_strict/0000/7ff2caa7ee1b01f17c9b064ab765260f": 1, "tI20-Ga2TeSe/7c5a4e54/check_runnin/0000/5fa5120dde0d9c0c4d8dd4f5fd5b301f": 1, "tI20-Ga2TeSe/7c5a4e54/store_fill/0000/2c299e7db0303f5a04edb6308c1949c7": 1}, "gap_range_of_max": [0.393703418864629, 0.3952531788940361], "fill_fraction": 0.238398, "band_nos": [2], "gap": [0.3928631901449359], "max_gap": 0.3928631901449359, "mid_gaps": [0.39447829887933256], "mid_gap_of_max": 0.39447829887933256, "gap_ranges": [[0.393703418864629, 0.3952531788940361]]}