{"mid_gaps": [0.9073992609530569], "fill_fraction": 0.069731, "band_nos": [8], "mid_gap_of_max": 0.9073992609530569, "max_gap": 11.576256787192323, "gap": [11.576256787192323], "strict_calculated": true, "gap_range_of_max": [0.854877826686551, 0.9599206952195628], "gap_ranges": [[0.854877826686551, 0.9599206952195628]]}