{"mid_gap_of_max": 0.33113219401147354, "fill_fraction": 0.259412, "mid_gaps": [0.33113219401147354], "gap_ranges": [[0.309119344130116, 0.3531450438928311]], "max_gap": 13.295505710081674, "gap_range_of_max": [0.309119344130116, 0.3531450438928311], "gap": [13.295505710081674], "strict_calculated": true, "band_nos": [2]}