{"gap_range_of_max": [0.734210147600373, 0.7604183396396472], "mid_gaps": [0.650691911274305, 0.7473142436200101], "gap_ranges": [[0.640313587746503, 0.6610702348021071], [0.734210147600373, 0.7604183396396472]], "fill_fraction": 0.101234, "band_nos": [8, 11], "max_gap": 3.5069841452935333, "gap": [3.189934698120604, 3.5069841452935333], "mid_gap_of_max": 0.7473142436200101}