{"gap_ranges": [[0.389347972765128, 0.42620506467815356]], "gap_range_of_max": [0.389347972765128, 0.42620506467815356], "mid_gaps": [0.4077765187216408], "fill_fraction": 0.369919, "mid_gap_of_max": 0.4077765187216408, "gap": [9.038551809841927], "max_gap": 9.038551809841927, "band_nos": [4]}