{"max_gap": 6.074936335878933, "mid_gap_of_max": 0.3833533400915734, "gap_range_of_max": [0.371709104415559, 0.39499757576758787], "fill_fraction": 0.385348, "mid_gaps": [0.3833533400915734], "gap_ranges": [[0.371709104415559, 0.39499757576758787]], "gap": [6.074936335878933], "band_nos": [2]}