{"gap_range_of_max": [0.3211669106561093, 0.34423778198362703], "fill_fraction": 0.524911, "band_nos": [2], "mid_gaps": [0.33270234631986817], "mid_gap_of_max": 0.33270234631986817, "gap_ranges": [[0.3211669106561093, 0.34423778198362703]], "gap": [6.934387924435246], "max_gap": 6.934387924435246}