{"strict_calculated": true, "gap_range_of_max": [0.346813847692227, 0.3716171768800148], "gap": [6.9048602689604435], "gap_ranges": [[0.346813847692227, 0.3716171768800148]], "max_gap": 6.9048602689604435, "fill_fraction": 0.333556, "mid_gap_of_max": 0.3592155122861209, "band_nos": [5], "mid_gaps": [0.3592155122861209]}