{"mid_gap_of_max": 0.29087677304198545, "band_nos": [2], "gap_range_of_max": [0.273433597117295, 0.30831994896667597], "fill_fraction": 0.499568, "gap": [11.993515839900047], "gap_ranges": [[0.273433597117295, 0.30831994896667597]], "max_gap": 11.993515839900047, "mid_gaps": [0.29087677304198545]}