{"gap_range_of_max": [0.2315778660662087, 0.26519106993172387], "gap": [13.532731791286967], "mid_gap_of_max": 0.2483844679989663, "mid_gaps": [0.2483844679989663], "gap_ranges": [[0.2315778660662087, 0.26519106993172387]], "max_gap": 13.532731791286967, "fill_fraction": 0.507632, "strict_calculated": true, "band_nos": [2]}