{"mid_gaps": [0.6030813795652317], "mid_gap_of_max": 0.6030813795652317, "strict_calculated": true, "gap": [22.314991238645643], "gap_range_of_max": [0.535792601059289, 0.6703701580711744], "band_nos": [16], "max_gap": 22.314991238645643, "fill_fraction": 0.143654, "gap_ranges": [[0.535792601059289, 0.6703701580711744]]}