{"max_gap": 16.117995357649026, "gap": [16.117995357649026], "gap_range_of_max": [0.276416681016738, 0.32487474291431323], "fill_fraction": 0.437017, "mid_gap_of_max": 0.3006457119655256, "band_nos": [4], "gap_ranges": [[0.276416681016738, 0.32487474291431323]], "mid_gaps": [0.3006457119655256]}