{"gap": [18.541251421200755], "max_gap": 18.541251421200755, "gap_ranges": [[0.519644071277985, 0.6258373681078432]], "mid_gaps": [0.5727407196929141], "band_nos": [4], "mid_gap_of_max": 0.5727407196929141, "gap_range_of_max": [0.519644071277985, 0.6258373681078432], "fill_fraction": 0.088439}