{"band_nos": [8], "gap": [14.568697504577516], "mid_gaps": [0.6648522810970667], "mid_gap_of_max": 0.6648522810970667, "gap_ranges": [[0.616422122254409, 0.7132824399397246]], "gap_range_of_max": [0.616422122254409, 0.7132824399397246], "fill_fraction": 0.172672, "max_gap": 14.568697504577516}