{"max_gap": 2.8502999254949444, "mid_gaps": [0.3609963380776514], "gap_range_of_max": [0.355851598900018, 0.3661410772552849], "fill_fraction": 0.304601, "band_nos": [4], "mid_gap_of_max": 0.3609963380776514, "gap_ranges": [[0.355851598900018, 0.3661410772552849]], "gap": [2.8502999254949444]}