{"gap": [2.7014771508874382], "mid_gap_of_max": 0.7192387982972421, "mid_gaps": [0.7192387982972421], "gap_ranges": [[0.709523762399083, 0.7289538341954012]], "gap_range_of_max": [0.709523762399083, 0.7289538341954012], "max_gap": 2.7014771508874382, "band_nos": [8], "fill_fraction": 0.138477}