{"strict_calculated": true, "band_nos": [8], "gap": [15.198722623418266], "gap_range_of_max": [0.3429207777445041, 0.3993268573640171], "mid_gaps": [0.3711238175542606], "gap_ranges": [[0.3429207777445041, 0.3993268573640171]], "mid_gap_of_max": 0.3711238175542606, "fill_fraction": 0.496682, "max_gap": 15.198722623418266}