{"gap_ranges": [[0.856007036855892, 0.9109874896478999]], "gap_range_of_max": [0.856007036855892, 0.9109874896478999], "band_nos": [17], "gap": [6.223047323275305], "mid_gap_of_max": 0.8834972632518959, "fill_fraction": 0.245684, "mid_gaps": [0.8834972632518959], "max_gap": 6.223047323275305}