{"fill_fraction": 0.234177, "gap_range_of_max": [0.569401502404654, 0.5809244651308952], "max_gap": 2.0034256465456637, "mid_gap_of_max": 0.5751629837677746, "strict_calculated": true, "gap_ranges": [[0.569401502404654, 0.5809244651308952]], "gap": [2.0034256465456637], "band_nos": [8], "mid_gaps": [0.5751629837677746]}