{"gap_ranges": [[0.412514270427296, 0.41254884199576236]], "max_gap": 0.008380345199076062, "mid_gap_of_max": 0.41253155621152915, "mid_gaps": [0.41253155621152915], "band_nos": [8], "_status": {"tI14-Ga2HgSe/9033dd5e/check_runnin/0000/230d350aec6493ae774e7f4f389937bf": 1, "tI14-Ga2HgSe/9033dd5e/store_data/0000/c7c1fea24d19d5abc11697cdfd42cf0f": 1, "tI14-Ga2HgSe/9033dd5e/mpb-tI14-Ga2/0000/abada5db34604d9f7c4dc364e67a1f3e": 1, "tI14-Ga2HgSe/9033dd5e/strict-mpb-t/0000/14a72551e1274ded14d816004b44f98c": 1, "tI14-Ga2HgSe/9033dd5e/store_fill/0000/649cafaa1ebd4a95c5ef1f42f855ecb7": 1, "tI14-Ga2HgSe/9033dd5e/store_strict/0000/c6d7f9a8d4042ba3afbc2fe88ebfb18b": 1}, "gap_range_of_max": [0.412514270427296, 0.41254884199576236], "gap": [0.008380345199076062], "fill_fraction": 0.551527}