{"max_gap": 0.47676999389443253, "mid_gaps": [0.5615078574876817], "gap_ranges": [[0.560169306998751, 0.5628464079766123]], "_status": {"hP3-Se-12/97cbe273/check_runnin/0000/ed8d13cdbbcb7ae5d085981cd04e25cb": 1, "hP3-Se-12/97cbe273/store_data/0000/0cdafccf1ea33ef2c9800363b090e3fd": 1, "hP3-Se-12/97cbe273/mpb-hP3-Se-1/0000/1f893fce84e4974ae5105b26f1f677e4": 3, "hP3-Se-12/97cbe273/strict-mpb-h/0000/ffddb0ad10f1a4d6a35c21cca7d986a8": 1, "hP3-Se-12/97cbe273/store_fill/0000/08675acad08da2243bd694d204561d25": 1, "hP3-Se-12/97cbe273/store_strict/0000/5c09ed4b6e093e43a0377536093a1400": 1}, "gap_range_of_max": [0.560169306998751, 0.5628464079766123], "band_nos": [15], "run_me": true, "gap": [0.47676999389443253], "mid_gap_of_max": 0.5615078574876817, "fill_fraction": 0.372542}