{"gap": [0.5118029387169972], "max_gap": 0.5118029387169972, "mid_gap_of_max": 0.579887146675579, "gap_range_of_max": [0.578403206946615, 0.5813710864045429], "fill_fraction": 0.038159, "gap_ranges": [[0.578403206946615, 0.5813710864045429]], "mid_gaps": [0.579887146675579], "band_nos": [2]}