{"fill_fraction": 0.483466, "mid_gap_of_max": 0.36806561224471057, "band_nos": [2], "run_me": true, "mid_gaps": [0.36806561224471057], "gap_range_of_max": [0.362609230262767, 0.3735219942266542], "gap_ranges": [[0.362609230262767, 0.3735219942266542]], "gap": [2.964896366529283], "_status": {"tI48-Ge8S16-/90a3d9ef/strict-mpb-t/0000/652e51cb501a7349671766ceb3cf2d94": 1, "tI48-Ge8S16-/90a3d9ef/store_fill/0000/02f09ca5459cbd56fea550122f631d7b": 1, "tI48-Ge8S16-/90a3d9ef/store_strict/0000/52283fe6c76a4a81fad6ee717c69502e": 1, "tI48-Ge8S16-/90a3d9ef/mpb-tI48-Ge8/0000/e2a2a8cd7bf37ec211a856321258ecd6": 7, "tI48-Ge8S16-/90a3d9ef/store_data/0000/df249e0dde2ddcc2f95282a83974f69e": 1, "tI48-Ge8S16-/90a3d9ef/check_runnin/0000/563077b8813e47447ee5b66752fbb0e3": 1}, "max_gap": 2.964896366529283}