{"gap_range_of_max": [0.784936636131132, 0.7985599623280635], "mid_gaps": [0.7917482992295977], "gap_ranges": [[0.784936636131132, 0.7985599623280635]], "gap": [1.7206637778934843], "max_gap": 1.7206637778934843, "fill_fraction": 0.132659, "band_nos": [8], "mid_gap_of_max": 0.7917482992295977}