{"gap_ranges": [[0.957372904851986, 0.9747002236955274]], "band_nos": [17], "gap_range_of_max": [0.957372904851986, 0.9747002236955274], "strict_calculated": true, "mid_gaps": [0.9660365642737567], "fill_fraction": 0.034574, "mid_gap_of_max": 0.9660365642737567, "gap": [1.7936504149371324], "_status": {"cP33-RbNO3_r/67a8d83f/check_runnin/0000/5fd37b1389de67da17e426dc21a1edb3": 1, "cP33-RbNO3_r/67a8d83f/store_fill/0000/f561d5a4b4140906d7c92209eac5128d": 1, "cP33-RbNO3_r/67a8d83f/strict-mpb-c/0000/1bd6cf8ff5d4bdefd104978daa9f6c7b": 1, "cP33-RbNO3_r/67a8d83f/store_strict/0000/88431474f7b5ad3d59f9bd59c4895624": 1, "cP33-RbNO3_r/67a8d83f/mpb-cP33-RbN/0000/eddb26b67ffd2f447bb62407b61c3180": 1, "cP33-RbNO3_r/67a8d83f/store_data/0000/46774f5d54262d2b13886a43802ff51f": 1}, "max_gap": 1.7936504149371324}