{"fill_fraction": 0.040551, "gap": [10.897416725030846], "gap_range_of_max": [0.532453312076479, 0.5938206982626665], "mid_gaps": [0.5631370051695728], "max_gap": 10.897416725030846, "band_nos": [2], "gap_ranges": [[0.532453312076479, 0.5938206982626665]], "strict_calculated": true, "mid_gap_of_max": 0.5631370051695728}