{"gap_ranges": [[0.756027037658096, 0.7649081770752119]], "max_gap": 1.1678524280434839, "band_nos": [8], "mid_gap_of_max": 0.7604676073666539, "mid_gaps": [0.7604676073666539], "fill_fraction": 0.152732, "gap": [1.1678524280434839], "gap_range_of_max": [0.756027037658096, 0.7649081770752119]}