{"mid_gap_of_max": 0.2740091064875936, "gap_ranges": [[0.2723283675088545, 0.2756898454663327]], "gap": [1.2267760004649162], "mid_gaps": [0.2740091064875936], "gap_range_of_max": [0.2723283675088545, 0.2756898454663327], "fill_fraction": 0.651923, "band_nos": [2], "max_gap": 1.2267760004649162}