{"mid_gap_of_max": 0.3314141759709345, "band_nos": [8], "gap_ranges": [[0.329761229072002, 0.33306712286986695]], "mid_gaps": [0.3314141759709345], "gap": [0.9975112827263267], "gap_range_of_max": [0.329761229072002, 0.33306712286986695], "max_gap": 0.9975112827263267, "fill_fraction": 0.688414}