{"gap_range_of_max": [0.4353729714440534, 0.4394774809939212], "max_gap": 0.938333983466447, "mid_gap_of_max": 0.4374252262189873, "band_nos": [4], "gap_ranges": [[0.4353729714440534, 0.4394774809939212]], "fill_fraction": 0.267623, "mid_gaps": [0.4374252262189873], "gap": [0.938333983466447]}