{"strict_calculated": true, "mid_gaps": [0.29437668091322206], "fill_fraction": 0.367813, "gap_range_of_max": [0.291184059192262, 0.29756930263418213], "band_nos": [4], "gap": [2.1690724353952193], "mid_gap_of_max": 0.29437668091322206, "gap_ranges": [[0.291184059192262, 0.29756930263418213]], "max_gap": 2.1690724353952193}