{"gap_ranges": [[0.268740363752375, 0.3157381374716689]], "band_nos": [2], "fill_fraction": 0.416782, "mid_gap_of_max": 0.29223925061202194, "max_gap": 16.081951216637908, "mid_gaps": [0.29223925061202194], "gap_range_of_max": [0.268740363752375, 0.3157381374716689], "gap": [16.081951216637908], "strict_calculated": true}