{"gap_ranges": [[0.2642471821770492, 0.27259548828480923]], "max_gap": 3.1101499814006024, "gap_range_of_max": [0.2642471821770492, 0.27259548828480923], "mid_gaps": [0.2684213352309292], "band_nos": [4], "gap": [3.1101499814006024], "fill_fraction": 0.421329, "mid_gap_of_max": 0.2684213352309292}