{"max_gap": 1.3328802894534546, "run_me": true, "gap_range_of_max": [0.66985644022003, 0.6788447262256275], "gap_ranges": [[0.66985644022003, 0.6788447262256275]], "mid_gap_of_max": 0.6743505832228287, "band_nos": [8], "gap": [1.3328802894534546], "fill_fraction": 0.186603, "mid_gaps": [0.6743505832228287]}