{"wyckoffs": ["a", "a", "a", "a", "a", "a", "a", "a", "a", "a", "a", "a", "a", "a", "a", "a", "a", "a", "a", "a", "a", "a", "a", "a", "a", "a", "a", "a", "a", "a", "a", "a", "a", "a", "a", "a", "a", "a", "a", "a", "a", "a", "a", "a", "a", "a", "a", "a"], "international": "P2_12_12_1", "site_point_groups": {"a": {"name": "4a", "site_symmetry": ["1"]}}, "std_lattice": [[0.4647469963, 0.0, 0.0], [0.0, 0.8185475222, 0.0], [0.0, 0.0, 1.0]], "std_positions": [[0.5987, 0.6408, 0.5107], [0.0987, 0.8592, 0.4893], [0.4013, 0.1408, 0.9893], [0.9013, 0.3592, 0.0107], [0.1206, 0.488, 0.5214], [0.6206, 0.012, 0.4786], [0.8794, 0.988, 0.9786], [0.3794, 0.512, 0.0214], [0.5718, 0.3264, 0.4688], [0.0718, 0.1736, 0.5312], [0.4282, 0.8264, 0.0312], [0.9282, 0.6736, 0.9688], [0.2231, 0.6895, 0.2801], [0.7231, 0.8105, 0.7199], [0.7769, 0.1895, 0.2199], [0.2769, 0.3105, 0.7801], [0.6803, 0.5152, 0.2358], [0.1803, 0.9848, 0.7642], [0.3197, 0.0152, 0.2642], [0.8197, 0.4848, 0.7358], [0.1871, 0.379, 0.2445], [0.6871, 0.121, 0.7555], [0.8129, 0.879, 0.2555], [0.3129, 0.621, 0.7445], [0.9161, 0.3714, 0.382], [0.4161, 0.1286, 0.618], [0.0839, 0.8714, 0.118], [0.5839, 0.6286, 0.882], [0.016, 0.6971, 0.618], [0.516, 0.8029, 0.382], [0.984, 0.1971, 0.882], [0.484, 0.3029, 0.118], [0.6968, 0.7067, 0.138], [0.1968, 0.7933, 0.862], [0.3032, 0.2067, 0.362], [0.8032, 0.2933, 0.638], [0.9064, 0.6326, 0.3872], [0.4064, 0.8674, 0.6128], [0.0936, 0.1326, 0.1128], [0.5936, 0.3674, 0.8872], [0.376, 0.5234, 0.2975], [0.876, 0.9766, 0.7025], [0.624, 0.0234, 0.2025], [0.124, 0.4766, 0.7975], [0.418, 0.4962, 0.4569], [0.918, 0.0038, 0.5431], [0.582, 0.9962, 0.0431], [0.082, 0.5038, 0.9569]], "number": 19, "global_point_groups": ["222", "1", "2"], "equivalent_atoms": [0, 0, 0, 0, 4, 4, 4, 4, 8, 8, 8, 8, 12, 12, 12, 12, 16, 16, 16, 16, 20, 20, 20, 20, 24, 24, 24, 24, 28, 28, 28, 28, 32, 32, 32, 32, 36, 36, 36, 36, 40, 40, 40, 40, 44, 44, 44, 44]}