{"max_gap": 4.265585438940633, "mid_gap_of_max": 0.6404513490584429, "gap_ranges": [[0.626791849313975, 0.6541108488029109]], "gap": [4.265585438940633], "mid_gaps": [0.6404513490584429], "gap_range_of_max": [0.626791849313975, 0.6541108488029109], "fill_fraction": 0.170376, "band_nos": [16]}