{"max_gap": 0.3151486573664864, "gap_ranges": [[0.662035601726789, 0.6641252908505281]], "band_nos": [8], "fill_fraction": 0.152611, "mid_gaps": [0.6630804462886586], "strict_calculated": true, "gap": [0.3151486573664864], "mid_gap_of_max": 0.6630804462886586, "gap_range_of_max": [0.662035601726789, 0.6641252908505281]}