{"gap": [4.618823596474612], "mid_gaps": [0.5340600577632868], "gap_ranges": [[0.521726411779628, 0.5463937037469455]], "fill_fraction": 0.210669, "band_nos": [8], "max_gap": 4.618823596474612, "gap_range_of_max": [0.521726411779628, 0.5463937037469455], "mid_gap_of_max": 0.5340600577632868}