{"max_gap": 14.234842567592398, "band_nos": [2], "gap_ranges": [[0.348335062637273, 0.4017196138195179]], "fill_fraction": 0.387593, "gap_range_of_max": [0.348335062637273, 0.4017196138195179], "mid_gap_of_max": 0.3750273382283954, "gap": [14.234842567592398], "mid_gaps": [0.3750273382283954]}