{"mid_gap_of_max": 0.6855807221343593, "band_nos": [8], "gap_ranges": [[0.648473089627039, 0.7226883546416795]], "mid_gaps": [0.6855807221343593], "gap": [10.825168009916073], "gap_range_of_max": [0.648473089627039, 0.7226883546416795], "max_gap": 10.825168009916073, "fill_fraction": 0.152732}