{"gap_range_of_max": [0.485299654083782, 0.5224272333599099], "gap": [7.3685796694994625], "mid_gaps": [0.503863443721846], "band_nos": [12], "fill_fraction": 0.457738, "max_gap": 7.3685796694994625, "gap_ranges": [[0.485299654083782, 0.5224272333599099]], "mid_gap_of_max": 0.503863443721846}