{"band_nos": [8], "_status": {"hP4-La_r-12/d90d191c/store_data/0000/4f4f42be16d0bb1653cb117b06f021db": 1, "hP4-La_r-12/d90d191c/store_strict/0000/96897bb8b2a9561110ce345f58d7e345": 1, "hP4-La_r-12/d90d191c/mpb-hP4-La_r/0000/d9081ede0349d5b7cf6e281cc6d873b1": 6, "hP4-La_r-12/d90d191c/strict-mpb-h/0000/96a5c11efc162f6e4aaa1f08fd92761d": 1, "hP4-La_r-12/d90d191c/check_runnin/0000/93078d9a3fef23672196b18f532260d2": 1, "hP4-La_r-12/d90d191c/store_fill/0000/6685733693c28422c75de834e29654d0": 1}, "gap_ranges": [[0.2656224423355414, 0.2674365771853032]], "gap": [0.6806506534276339], "mid_gaps": [0.26652950976042233], "gap_range_of_max": [0.2656224423355414, 0.2674365771853032], "max_gap": 0.6806506534276339, "mid_gap_of_max": 0.26652950976042233, "run_me": true, "fill_fraction": 0.538386}