{
  "lattice_vectors": [
    [
      1.0,
      0.0,
      0.0
    ],
    [
      0.0,
      3.279999889,
      0.0
    ],
    [
      -0.5019210641,
      0.0,
      0.853795883
    ]
  ],
  "nbands": 20,
  "basis": [
    [
      0.0,
      0.988,
      0.5
    ],
    [
      0.0,
      0.012,
      0.0
    ],
    [
      0.2513,
      0.7375,
      0.502
    ],
    [
      0.2513,
      0.2625,
      0.002
    ],
    [
      0.4957,
      0.5131,
      0.9983
    ],
    [
      0.4957,
      0.4869,
      0.4983
    ],
    [
      0.7436,
      0.7624,
      0.0001
    ],
    [
      0.7436,
      0.2376,
      0.5001
    ],
    [
      0.1359,
      0.8749,
      0.2484
    ],
    [
      0.1359,
      0.1251,
      0.7484
    ],
    [
      0.6392,
      0.6248,
      0.7509
    ],
    [
      0.6392,
      0.3752,
      0.2509
    ],
    [
      0.287,
      0.9504,
      0.154
    ],
    [
      0.287,
      0.0496,
      0.654
    ],
    [
      0.153,
      0.8976,
      0.569
    ],
    [
      0.153,
      0.1024,
      0.069
    ],
    [
      0.377,
      0.799,
      0.347
    ],
    [
      0.377,
      0.201,
      0.847
    ],
    [
      0.883,
      0.6979,
      0.843
    ],
    [
      0.883,
      0.3021,
      0.343
    ],
    [
      0.781,
      0.5519,
      0.636
    ],
    [
      0.781,
      0.4481,
      0.136
    ],
    [
      0.764,
      0.9995,
      0.127
    ],
    [
      0.764,
      0.0005,
      0.627
    ],
    [
      0.832,
      0.8517,
      0.921
    ],
    [
      0.832,
      0.1483,
      0.421
    ],
    [
      0.38,
      0.7536,
      0.865
    ],
    [
      0.38,
      0.2464,
      0.365
    ],
    [
      0.873,
      0.746,
      0.365
    ],
    [
      0.873,
      0.254,
      0.865
    ],
    [
      0.304,
      0.6441,
      0.433
    ],
    [
      0.304,
      0.3559,
      0.933
    ],
    [
      0.611,
      0.6056,
      0.054
    ],
    [
      0.611,
      0.3944,
      0.554
    ],
    [
      0.262,
      0.5075,
      0.124
    ],
    [
      0.262,
      0.4925,
      0.624
    ]
  ],
  "structure": "mP36-GeS2"
}