{"gap_ranges": [[0.873089798578126, 0.8886420388298784]], "gap": [1.7655627174943618], "band_nos": [8], "fill_fraction": 0.310764, "max_gap": 1.7655627174943618, "mid_gaps": [0.8808659187040022], "gap_range_of_max": [0.873089798578126, 0.8886420388298784], "mid_gap_of_max": 0.8808659187040022}