{"band_nos": [2], "fill_fraction": 0.124568, "gap": [24.3540694442317], "gap_ranges": [[0.37306072175911, 0.47651369326706433]], "mid_gap_of_max": 0.4247872075130872, "mid_gaps": [0.4247872075130872], "gap_range_of_max": [0.37306072175911, 0.47651369326706433], "max_gap": 24.3540694442317, "strict_calculated": true}