{
  "lattice_vectors": [
    [
      1.0,
      0.0,
      0.0
    ],
    [
      -0.5,
      0.8660254038,
      0.0
    ],
    [
      0.0,
      0.0,
      1.0946402556
    ]
  ],
  "structure": "hP9-BeF",
  "nbands": 20,
  "basis": [
    [
      0.4166666666666667,
      0.2671,
      0.21312
    ],
    [
      0.7329,
      0.14956666666666665,
      0.5464533333333333
    ],
    [
      0.8504333333333334,
      0.5833333333333334,
      0.8797866666666667
    ],
    [
      0.2671,
      0.4166666666666667,
      0.78688
    ],
    [
      0.14956666666666665,
      0.7329,
      0.45354666666666665
    ],
    [
      0.5833333333333334,
      0.8504333333333334,
      0.12021333333333334
    ],
    [
      0.47,
      0.0,
      0.3333333333333333
    ],
    [
      0.0,
      0.47,
      0.6666666666666666
    ],
    [
      0.53,
      0.53,
      0.0
    ]
  ]
}