{"max_gap": 2.0596167714651736, "gap": [2.0596167714651736], "gap_ranges": [[0.2775892208744588, 0.28336598462085305]], "mid_gap_of_max": 0.28047760274765593, "gap_range_of_max": [0.2775892208744588, 0.28336598462085305], "fill_fraction": 0.601937, "band_nos": [2], "mid_gaps": [0.28047760274765593]}