{"gap": [0.7527625578569345, 0.40737309095424246], "max_gap": 0.7527625578569345, "mid_gaps": [0.5040808153487639, 0.6013544599197354], "gap_ranges": [[0.502183549529121, 0.5059780811684068], [0.600129581794252, 0.6025793380452186]], "gap_range_of_max": [0.502183549529121, 0.5059780811684068], "band_nos": [5, 8], "fill_fraction": 0.228624, "mid_gap_of_max": 0.5040808153487639}