{"mid_gaps": [0.46215926147478015], "gap_ranges": [[0.4543205809499114, 0.4699979419996489]], "fill_fraction": 0.304368, "max_gap": 3.392198827674677, "gap_range_of_max": [0.4543205809499114, 0.4699979419996489], "band_nos": [2], "gap": [3.392198827674677], "mid_gap_of_max": 0.46215926147478015}