{"band_nos": [4], "gap": [0.9462181375063975], "gap_range_of_max": [0.4048028594320511, 0.40865138523372274], "max_gap": 0.9462181375063975, "fill_fraction": 0.213778, "mid_gap_of_max": 0.4067271223328869, "mid_gaps": [0.4067271223328869], "gap_ranges": [[0.4048028594320511, 0.40865138523372274]]}