{"mid_gaps": [0.37115731550470665], "mid_gap_of_max": 0.37115731550470665, "band_nos": [8], "max_gap": 0.11428322723614275, "gap_ranges": [[0.3709452302255657, 0.37136940078384756]], "strict_calculated": true, "gap": [0.11428322723614275], "fill_fraction": 0.427046, "gap_range_of_max": [0.3709452302255657, 0.37136940078384756]}