{"gap": [0.7315278041194905], "gap_range_of_max": [0.88853112934869, 0.8950548429977416], "gap_ranges": [[0.88853112934869, 0.8950548429977416]], "max_gap": 0.7315278041194905, "mid_gap_of_max": 0.8917929861732159, "strict_calculated": true, "fill_fraction": 0.057481, "mid_gaps": [0.8917929861732159], "band_nos": [17]}