{"gap_range_of_max": [0.326154268947251, 0.39173300043422504], "mid_gaps": [0.35894363469073803], "mid_gap_of_max": 0.35894363469073803, "gap_ranges": [[0.326154268947251, 0.39173300043422504]], "band_nos": [4], "max_gap": 18.26992462019151, "gap": [18.26992462019151], "fill_fraction": 0.33318}