{"strict_calculated": true, "mid_gap_of_max": 0.8519748716214798, "gap_ranges": [[0.788624017047314, 0.9153257261956456]], "max_gap": 14.871531235092938, "band_nos": [12], "fill_fraction": 0.099153, "gap": [14.871531235092938], "gap_range_of_max": [0.788624017047314, 0.9153257261956456], "mid_gaps": [0.8519748716214798]}