{"mid_gaps": [0.4957359834251296], "mid_gap_of_max": 0.4957359834251296, "band_nos": [7], "gap": [6.581298225949374], "gap_ranges": [[0.479423051683854, 0.5120489151664052]], "gap_range_of_max": [0.479423051683854, 0.5120489151664052], "fill_fraction": 0.303, "max_gap": 6.581298225949374}