{"band_nos": [16], "gap_ranges": [[0.621230704200679, 0.6295799485210286]], "mid_gap_of_max": 0.6254053263608539, "mid_gaps": [0.6254053263608539], "fill_fraction": 0.255623, "gap": [1.3350133055200955], "max_gap": 1.3350133055200955, "gap_range_of_max": [0.621230704200679, 0.6295799485210286]}