{"gap": [17.902073320746783], "mid_gaps": [0.46415690539473464], "mid_gap_of_max": 0.46415690539473464, "strict_calculated": true, "max_gap": 17.902073320746783, "band_nos": [8], "gap_range_of_max": [0.422610050631197, 0.5057037601582723], "gap_ranges": [[0.422610050631197, 0.5057037601582723]], "fill_fraction": 0.424073}