{"gap_ranges": [[0.339843097942956, 0.35905057033513876]], "mid_gaps": [0.34944683413904737], "gap": [5.496536387145848], "gap_range_of_max": [0.339843097942956, 0.35905057033513876], "band_nos": [4], "mid_gap_of_max": 0.34944683413904737, "max_gap": 5.496536387145848, "strict_calculated": true, "fill_fraction": 0.240606}