{"mid_gap_of_max": 0.6198523434192154, "gap_range_of_max": [0.590593179778884, 0.6491115070595466], "fill_fraction": 0.388297, "max_gap": 9.440688238406057, "mid_gaps": [0.6198523434192154], "band_nos": [8], "gap": [9.440688238406057], "gap_ranges": [[0.590593179778884, 0.6491115070595466]]}