{"mid_gaps": [0.3050072477531783], "max_gap": 8.742765224489062, "fill_fraction": 0.414594, "gap_range_of_max": [0.2916742139588102, 0.31834028154754634], "gap_ranges": [[0.2916742139588102, 0.31834028154754634]], "mid_gap_of_max": 0.3050072477531783, "band_nos": [4], "gap": [8.742765224489062]}