{"fill_fraction": 0.227794, "gap_range_of_max": [0.440995416681641, 0.48110573019134495], "mid_gap_of_max": 0.46105057343649297, "gap": [8.699764368740961], "mid_gaps": [0.46105057343649297], "max_gap": 8.699764368740961, "band_nos": [2], "gap_ranges": [[0.440995416681641, 0.48110573019134495]]}