{"max_gap": 1.1354549823401556, "fill_fraction": 0.160739, "gap_ranges": [[0.660531323066713, 0.6680741817668528]], "band_nos": [16], "gap": [1.1354549823401556], "mid_gaps": [0.6643027524167829], "gap_range_of_max": [0.660531323066713, 0.6680741817668528], "mid_gap_of_max": 0.6643027524167829}