{"global_point_groups": ["mm2", "1", "m", "2"], "equivalent_atoms": [0, 0, 0, 0, 4, 4, 4, 4, 8, 8, 10, 10, 10, 10, 14, 14, 14, 14, 18, 18, 18, 18, 22, 22, 22, 22, 26, 26, 26, 26, 30, 30, 30, 30, 34, 34, 34, 34], "number": 37, "international": "Ccc2", "wyckoffs": ["d", "d", "d", "d", "d", "d", "d", "d", "c", "c", "d", "d", "d", "d", "d", "d", "d", "d", "d", "d", "d", "d", "d", "d", "d", "d", "d", "d", "d", "d", "d", "d", "d", "d", "d", "d", "d", "d"], "std_lattice": [[0.2901570872, 0.0, 0.0], [0.0, 1.9788402828, 0.0], [0.0, 0.0, 0.2892468332]], "std_positions": [[0.75, 0.1156, 0.8849473684], [0.75, 0.3844, 0.8849473684], [0.25, 0.1156, 0.3849473684], [0.25, 0.3844, 0.3849473684], [0.75, 0.2078, 0.8849473684], [0.75, 0.2922, 0.8849473684], [0.25, 0.2078, 0.3849473684], [0.25, 0.2922, 0.3849473684], [0.75, 0.25, 0.3849473684], [0.25, 0.25, 0.8849473684], [0.75, 0.1604, 0.3849473684], [0.75, 0.3396, 0.3849473684], [0.25, 0.1604, 0.8849473684], [0.25, 0.3396, 0.8849473684], [0.791, 0.0428, 0.3409473684], [0.709, 0.4572, 0.3409473684], [0.209, 0.0428, 0.8409473684], [0.291, 0.4572, 0.8409473684], [0.0, 0.2598, 0.1349473684], [0.5, 0.2402, 0.1349473684], [0.0, 0.2598, 0.6349473684], [0.5, 0.2402, 0.6349473684], [0.824, 0.0422, 0.8969473684], [0.676, 0.4578, 0.8969473684], [0.176, 0.0422, 0.3969473684], [0.324, 0.4578, 0.3969473684], [0.0, 0.161, 0.1349473684], [0.5, 0.339, 0.1349473684], [0.0, 0.161, 0.6349473684], [0.5, 0.339, 0.6349473684], [0.5, 0.162, 0.1349473684], [0.0, 0.338, 0.1349473684], [0.5, 0.162, 0.6349473684], [0.0, 0.338, 0.6349473684], [0.75, 0.0949, 0.3849473684], [0.75, 0.4051, 0.3849473684], [0.25, 0.0949, 0.8849473684], [0.25, 0.4051, 0.8849473684], [0.25, 0.6156, 0.8849473684], [0.25, 0.8844, 0.8849473684], [0.75, 0.6156, 0.3849473684], [0.75, 0.8844, 0.3849473684], [0.25, 0.7078, 0.8849473684], [0.25, 0.7922, 0.8849473684], [0.75, 0.7078, 0.3849473684], [0.75, 0.7922, 0.3849473684], [0.25, 0.75, 0.3849473684], [0.75, 0.75, 0.8849473684], [0.25, 0.6604, 0.3849473684], [0.25, 0.8396, 0.3849473684], [0.75, 0.6604, 0.8849473684], [0.75, 0.8396, 0.8849473684], [0.291, 0.5428, 0.3409473684], [0.209, 0.9572, 0.3409473684], [0.709, 0.5428, 0.8409473684], [0.791, 0.9572, 0.8409473684], [0.5, 0.7598, 0.1349473684], [0.0, 0.7402, 0.1349473684], [0.5, 0.7598, 0.6349473684], [0.0, 0.7402, 0.6349473684], [0.324, 0.5422, 0.8969473684], [0.176, 0.9578, 0.8969473684], [0.676, 0.5422, 0.3969473684], [0.824, 0.9578, 0.3969473684], [0.5, 0.661, 0.1349473684], [0.0, 0.839, 0.1349473684], [0.5, 0.661, 0.6349473684], [0.0, 0.839, 0.6349473684], [0.0, 0.662, 0.1349473684], [0.5, 0.838, 0.1349473684], [0.0, 0.662, 0.6349473684], [0.5, 0.838, 0.6349473684], [0.25, 0.5949, 0.3849473684], [0.25, 0.9051, 0.3849473684], [0.75, 0.5949, 0.8849473684], [0.75, 0.9051, 0.8849473684]], "site_point_groups": {"d": {"name": "8d", "site_symmetry": ["1"]}, "c": {"name": "4c", "site_symmetry": ["2", "1"]}}}