{"gap": [1.545371509030795], "band_nos": [12], "mid_gap_of_max": 0.41372785618607677, "max_gap": 1.545371509030795, "gap_ranges": [[0.410531039978865, 0.4169246723932886]], "gap_range_of_max": [0.410531039978865, 0.4169246723932886], "strict_calculated": true, "fill_fraction": 0.257391, "mid_gaps": [0.41372785618607677]}