{"fill_fraction": 0.19088, "mid_gaps": [0.488098944443341], "gap_ranges": [[0.4872023916088093, 0.4889954972778728]], "gap": [0.36736520114961607], "max_gap": 0.36736520114961607, "gap_range_of_max": [0.4872023916088093, 0.4889954972778728], "band_nos": [4], "mid_gap_of_max": 0.488098944443341}