{"strict_calculated": true, "gap": [24.568774542326558], "gap_range_of_max": [0.383716465428232, 0.49119383500927416], "gap_ranges": [[0.383716465428232, 0.49119383500927416]], "band_nos": [4], "fill_fraction": 0.142472, "max_gap": 24.568774542326558, "mid_gap_of_max": 0.4374551502187531, "mid_gaps": [0.4374551502187531]}