{"max_gap": 0.3821497385395274, "band_nos": [4], "fill_fraction": 0.189411, "mid_gaps": [0.5153422749544874], "gap": [0.3821497385395274], "run_me": true, "mid_gap_of_max": 0.5153422749544874, "gap_ranges": [[0.514357585376326, 0.5163269645326486]], "_status": {"oC20-O3Pb2_r/9033dd5e/store_strict/0000/e2823c5bd22b125f561df825066273cd": 1, "oC20-O3Pb2_r/9033dd5e/strict-mpb-o/0000/d101995500ce8d6d5c3734c733e6acae": 1, "oC20-O3Pb2_r/9033dd5e/store_data/0000/9fb6877b3978c9322edc48edf46c7a6e": 1, "oC20-O3Pb2_r/9033dd5e/check_runnin/0000/e170beb630f24f94e83775226a71abbc": 1, "oC20-O3Pb2_r/9033dd5e/mpb-oC20-O3P/0000/da55adbb10e543f8601cb6742412aa82": 3, "oC20-O3Pb2_r/9033dd5e/store_fill/0000/c94ba42d7e837fda1206cd87705fbd54": 1}, "gap_range_of_max": [0.514357585376326, 0.5163269645326486]}