{"mid_gaps": [0.665103305370149], "gap_range_of_max": [0.659077811775744, 0.6711287989645539], "fill_fraction": 0.171591, "gap": [1.8118970529100962], "mid_gap_of_max": 0.665103305370149, "gap_ranges": [[0.659077811775744, 0.6711287989645539]], "band_nos": [16], "max_gap": 1.8118970529100962}