{"gap_ranges": [[0.3337693802566281, 0.33903428844706135]], "gap_range_of_max": [0.3337693802566281, 0.33903428844706135], "max_gap": 1.5650652442419744, "gap": [1.5650652442419744], "fill_fraction": 0.349249, "band_nos": [4], "mid_gaps": [0.33640183435184473], "mid_gap_of_max": 0.33640183435184473}