{
  "basis": [
    [
      0.375,
      0.125,
      -0.25
    ],
    [
      -0.125,
      0.125,
      0.25
    ],
    [
      -0.125,
      -0.375,
      0.25
    ],
    [
      -0.125,
      0.125,
      -0.25
    ]
  ],
  "lattice_vectors": [
    [
      -0.5783430911,
      0.5783430911,
      0.5753594859
    ],
    [
      0.5783430911,
      -0.5783430911,
      0.5753594859
    ],
    [
      0.5783430911,
      0.5783430911,
      -0.5753594859
    ]
  ],
  "structure": "tI8-YMn2_r",
  "nbands": 20
}