{
  "structure": "hP44-CN3",
  "nbands": 20,
  "lattice_vectors": [
    [
      1.0,
      0.0,
      0.0
    ],
    [
      -0.5,
      0.8660254038,
      0.0
    ],
    [
      0.0,
      0.0,
      0.5844287835
    ]
  ],
  "basis": [
    [
      0.66667,
      0.33333,
      0.25
    ],
    [
      0.33333,
      0.66667,
      0.75
    ],
    [
      0.40449,
      0.16545,
      0.25
    ],
    [
      0.59551,
      0.83455,
      0.75
    ],
    [
      0.83455,
      0.23904,
      0.25
    ],
    [
      0.16545,
      0.76096,
      0.75
    ],
    [
      0.76096,
      0.59551,
      0.25
    ],
    [
      0.23904,
      0.40449,
      0.75
    ],
    [
      0.49281,
      0.42253,
      0.25
    ],
    [
      0.50719,
      0.57747,
      0.75
    ],
    [
      0.57747,
      0.07028,
      0.25
    ],
    [
      0.42253,
      0.92972,
      0.75
    ],
    [
      0.92972,
      0.50719,
      0.25
    ],
    [
      0.07028,
      0.49281,
      0.75
    ],
    [
      0.32299,
      0.90639,
      0.25
    ],
    [
      0.67701,
      0.09361,
      0.75
    ],
    [
      0.09361,
      0.4166,
      0.25
    ],
    [
      0.90639,
      0.5834,
      0.75
    ],
    [
      0.5834,
      0.67701,
      0.25
    ],
    [
      0.4166,
      0.32299,
      0.75
    ],
    [
      0.1953,
      0.89735,
      0.25
    ],
    [
      0.8047,
      0.10265,
      0.75
    ],
    [
      0.10265,
      0.29795,
      0.25
    ],
    [
      0.89735,
      0.70205,
      0.75
    ],
    [
      0.70205,
      0.8047,
      0.25
    ],
    [
      0.29795,
      0.1953,
      0.75
    ],
    [
      0.07668,
      0.87341,
      0.25
    ],
    [
      0.92332,
      0.12659,
      0.75
    ],
    [
      0.12659,
      0.20327,
      0.25
    ],
    [
      0.87341,
      0.79673,
      0.75
    ],
    [
      0.79673,
      0.92332,
      0.25
    ],
    [
      0.20327,
      0.07668,
      0.75
    ],
    [
      0.51837,
      0.30686,
      0.25
    ],
    [
      0.48163,
      0.69314,
      0.75
    ],
    [
      0.69314,
      0.21151,
      0.25
    ],
    [
      0.30686,
      0.78849,
      0.75
    ],
    [
      0.78849,
      0.48163,
      0.25
    ],
    [
      0.21151,
      0.51837,
      0.75
    ],
    [
      0.44102,
      0.05678,
      0.25
    ],
    [
      0.55898,
      0.94322,
      0.75
    ],
    [
      0.94322,
      0.38424,
      0.25
    ],
    [
      0.05678,
      0.61576,
      0.75
    ],
    [
      0.61576,
      0.55898,
      0.25
    ],
    [
      0.38424,
      0.44102,
      0.75
    ]
  ]
}