{"mid_gap_of_max": 0.665796206476569, "gap_ranges": [[0.64136180983127, 0.690230603121868]], "band_nos": [16], "fill_fraction": 0.12396, "gap_range_of_max": [0.64136180983127, 0.690230603121868], "mid_gaps": [0.665796206476569], "max_gap": 7.3399026331512625, "gap": [7.3399026331512625]}