{"mid_gap_of_max": 0.43616865794671356, "gap_ranges": [[0.4125672123012878, 0.4597701035921394]], "mid_gaps": [0.43616865794671356], "max_gap": 10.822164873803994, "fill_fraction": 0.292732, "gap": [10.822164873803994], "gap_range_of_max": [0.4125672123012878, 0.4597701035921394], "band_nos": [2]}