{"mid_gap_of_max": 0.8055630238369246, "fill_fraction": 0.183881, "gap": [13.707237787853783], "max_gap": 13.707237787853783, "gap_ranges": [[0.750352804232748, 0.8607732434411012]], "gap_range_of_max": [0.750352804232748, 0.8607732434411012], "band_nos": [8], "mid_gaps": [0.8055630238369246]}