{"max_gap": 0.40709450196385305, "band_nos": [2], "mid_gap_of_max": 0.30376853361552786, "fill_fraction": 0.601937, "gap_range_of_max": [0.3031502211160053, 0.3043868461150504], "gap_ranges": [[0.3031502211160053, 0.3043868461150504]], "mid_gaps": [0.30376853361552786], "gap": [0.40709450196385305]}