{"mid_gap_of_max": 0.5908897251371337, "max_gap": 1.7144275104166924, "fill_fraction": 0.218416, "gap": [1.7144275104166924], "gap_range_of_max": [0.5858245371351, 0.5959549131391674], "_status": {"tP28-Mg(FeO2/33546324/strict-mpb-t/0000/21e0948af436bd8e7711a50645c7eccc": 1, "tP28-Mg(FeO2/33546324/check_runnin/0000/3145edf6fbb4fd7f667154d23faa2afd": 1, "tP28-Mg(FeO2/33546324/store_data/0000/b1a6a5a226ffc5a6e39edfc43cd2a548": 1, "tP28-Mg(FeO2/33546324/store_fill/0000/63fe41f63a712ac3607433a5575424bc": 1, "tP28-Mg(FeO2/33546324/mpb-tP28-Mg(/0000/e5f9bb01b6986dd0316fa468f5a822dc": 1, "tP28-Mg(FeO2/33546324/store_strict/0000/8bd4d17d4f3a0f4efa395ca894dabc47": 1}, "gap_ranges": [[0.5858245371351, 0.5959549131391674]], "mid_gaps": [0.5908897251371337], "band_nos": [16]}