{"mid_gap_of_max": 0.8490755212036771, "max_gap": 10.624200735167191, "gap_ranges": [[0.803971777320754, 0.8941792650866002]], "gap": [10.624200735167191], "fill_fraction": 0.080257, "strict_calculated": true, "gap_range_of_max": [0.803971777320754, 0.8941792650866002], "mid_gaps": [0.8490755212036771], "band_nos": [16]}