{"gap_range_of_max": [0.43032609109186, 0.48541960642286675], "mid_gaps": [0.45787284875736334], "gap_ranges": [[0.43032609109186, 0.48541960642286675]], "fill_fraction": 0.205328, "gap": [12.032492313208449], "mid_gap_of_max": 0.45787284875736334, "band_nos": [4], "max_gap": 12.032492313208449}