{"gap_range_of_max": [0.464769370596507, 0.4660311877497501], "gap_ranges": [[0.464769370596507, 0.4660311877497501]], "band_nos": [5], "fill_fraction": 0.274739, "mid_gap_of_max": 0.46540027917312854, "max_gap": 0.2711251388771536, "gap": [0.2711251388771536], "mid_gaps": [0.46540027917312854]}