{"max_gap": 16.258927800579745, "fill_fraction": 0.450341, "band_nos": [2], "mid_gaps": [0.27840323656675], "gap_ranges": [[0.2557705459528174, 0.30103592718068256]], "mid_gap_of_max": 0.27840323656675, "gap": [16.258927800579745], "gap_range_of_max": [0.2557705459528174, 0.30103592718068256]}