{"band_nos": [8], "max_gap": 3.3550321227133706, "mid_gaps": [0.30491717470252944], "fill_fraction": 0.255797, "gap_range_of_max": [0.299802140123059, 0.3100322092819998], "strict_calculated": true, "gap": [3.3550321227133706], "mid_gap_of_max": 0.30491717470252944, "gap_ranges": [[0.299802140123059, 0.3100322092819998]]}