{
  "structure": "cP16-CdPd3O4_r",
  "nbands": 20,
  "basis": [
    [
      -0.40625,
      -0.40625,
      -0.40625
    ],
    [
      0.09375,
      0.09375,
      0.09375
    ],
    [
      -0.15625,
      -0.40625,
      0.09375
    ],
    [
      0.34375,
      -0.40625,
      0.09375
    ],
    [
      0.09375,
      -0.15625,
      -0.40625
    ],
    [
      0.09375,
      0.34375,
      -0.40625
    ],
    [
      -0.40625,
      0.09375,
      -0.15625
    ],
    [
      -0.40625,
      0.09375,
      0.34375
    ],
    [
      -0.15625,
      -0.15625,
      -0.15625
    ],
    [
      0.34375,
      0.34375,
      0.34375
    ],
    [
      0.34375,
      0.34375,
      -0.15625
    ],
    [
      -0.15625,
      -0.15625,
      0.34375
    ],
    [
      0.34375,
      -0.15625,
      0.34375
    ],
    [
      -0.15625,
      0.34375,
      -0.15625
    ],
    [
      -0.15625,
      0.34375,
      0.34375
    ],
    [
      0.34375,
      -0.15625,
      -0.15625
    ]
  ],
  "lattice_vectors": [
    [
      1.0,
      0.0,
      0.0
    ],
    [
      0.0,
      1.0,
      0.0
    ],
    [
      0.0,
      0.0,
      1.0
    ]
  ]
}