{"strict_calculated": true, "fill_fraction": 0.16742, "gap_ranges": [[0.59104708531548, 0.5967265322255596]], "mid_gaps": [0.5938868087705198], "max_gap": 0.9563180771486266, "gap": [0.9563180771486266], "mid_gap_of_max": 0.5938868087705198, "band_nos": [18], "gap_range_of_max": [0.59104708531548, 0.5967265322255596]}