{"fill_fraction": 0.489019, "band_nos": [16], "max_gap": 3.235368302827048, "gap": [3.235368302827048], "gap_range_of_max": [0.497929952617468, 0.5143047123680529], "mid_gaps": [0.5061173324927604], "mid_gap_of_max": 0.5061173324927604, "gap_ranges": [[0.497929952617468, 0.5143047123680529]]}