{"mid_gap_of_max": 0.6631993112672585, "gap_ranges": [[0.632565545730536, 0.6938330768039809]], "gap_range_of_max": [0.632565545730536, 0.6938330768039809], "fill_fraction": 0.29335, "max_gap": 9.238177729161507, "gap": [9.238177729161507], "band_nos": [12], "mid_gaps": [0.6631993112672585]}