{"mid_gap_of_max": 0.6898904021070138, "fill_fraction": 0.235677, "gap_ranges": [[0.68331445304181, 0.6964663511722176]], "mid_gaps": [0.6898904021070138], "gap_range_of_max": [0.68331445304181, 0.6964663511722176], "max_gap": 1.906374996700785, "gap": [1.906374996700785], "band_nos": [8]}