{"gap": [0.5321061935896326, 1.342711369478964, 0.033406264105343225], "gap_ranges": [[0.4024845330309629, 0.40463189127256205], [0.515273885958289, 0.5222392896426077], [0.565386741499515, 0.5655756476408395]], "mid_gap_of_max": 0.5187565878004483, "max_gap": 1.342711369478964, "band_nos": [2, 5, 6], "mid_gaps": [0.40355821215176246, 0.5187565878004483, 0.5654811945701772], "strict_calculated": true, "fill_fraction": 0.13141, "gap_range_of_max": [0.515273885958289, 0.5222392896426077]}