{"gap_range_of_max": [0.725116826160115, 0.7557403332277456], "gap": [4.135916401321073, 1.3443380811729364], "max_gap": 4.135916401321073, "strict_calculated": true, "gap_ranges": [[0.725116826160115, 0.7557403332277456], [0.923607174493995, 0.9361076014611781]], "mid_gap_of_max": 0.7404285796939303, "fill_fraction": 0.096753, "mid_gaps": [0.7404285796939303, 0.9298573879775865], "band_nos": [8, 14]}