{"mid_gap_of_max": 0.6437553572735427, "max_gap": 0.4916104411627636, "run_me": true, "gap_range_of_max": [0.64217297299759, 0.6453377415494954], "gap": [0.4916104411627636], "_status": {"cP8-DIN6_r-1/32d62d58/check_runnin/0000/7a5ce6d3b404c75379e84a32b853811a": 1, "cP8-DIN6_r-1/32d62d58/mpb-cP8-DIN6/0000/8add48ac4c7c463d0334faae6109d782": 3, "cP8-DIN6_r-1/32d62d58/store_fill/0000/1d08007c97fc23708ae2791af933a0b1": 1, "cP8-DIN6_r-1/32d62d58/strict-mpb-c/0000/af3f2ddaafa2c9c3bd5ce31765eb9626": 1, "cP8-DIN6_r-1/32d62d58/store_strict/0000/043e92f0fbe5e9ac1e0fc3723607c129": 1, "cP8-DIN6_r-1/32d62d58/store_data/0000/379f67dc0fa56856d83196c4e14c5f0b": 1}, "band_nos": [14], "mid_gaps": [0.6437553572735427], "gap_ranges": [[0.64217297299759, 0.6453377415494954]], "fill_fraction": 0.170093}