{"mid_gap_of_max": 0.5337941125807308, "gap": [0.5657508525551832], "gap_range_of_max": [0.532284140209323, 0.5353040849521387], "band_nos": [12], "mid_gaps": [0.5337941125807308], "gap_ranges": [[0.532284140209323, 0.5353040849521387]], "fill_fraction": 0.378747, "max_gap": 0.5657508525551832}