{"gap_range_of_max": [0.3228573723970105, 0.353025523297765], "max_gap": 8.927034873324613, "band_nos": [4], "gap": [8.927034873324613], "mid_gap_of_max": 0.3379414478473878, "fill_fraction": 0.389708, "gap_ranges": [[0.3228573723970105, 0.353025523297765]], "mid_gaps": [0.3379414478473878]}