{"strict_calculated": true, "mid_gap_of_max": 0.42738293280096495, "gap_range_of_max": [0.4091065155312939, 0.44565935007063595], "band_nos": [8], "fill_fraction": 0.489473, "mid_gaps": [0.42738293280096495], "_status": {"tI16-VAg3O4_/b42c1dbf/mpb-tI16-VAg/0000/fef9a3bdd2ed1b54503717ab34dba1a1": 1, "tI16-VAg3O4_/b42c1dbf/store_data/0000/afa9707769878411bb4e8a4750725f5a": 1, "tI16-VAg3O4_/b42c1dbf/strict-mpb-t/0000/9c6265305689b3ab0f92d2c9ec5bf312": 1, "tI16-VAg3O4_/b42c1dbf/check_runnin/0000/bed53ba63baefaed02b152b6ec5e7004": 1, "tI16-VAg3O4_/b42c1dbf/store_fill/0000/95dddac0f5f1ce98de206cf2095f56a4": 1, "tI16-VAg3O4_/b42c1dbf/store_strict/0000/46b47407bd75fd62f769d8b980063c45": 1}, "gap": [8.552712739318697], "gap_ranges": [[0.4091065155312939, 0.44565935007063595]], "max_gap": 8.552712739318697}