{"mid_gap_of_max": 0.5545625412372557, "max_gap": 20.694439265819707, "gap_range_of_max": [0.49718073709359, 0.6119443453809212], "gap": [20.694439265819707], "strict_calculated": true, "mid_gaps": [0.5545625412372557], "fill_fraction": 0.333232, "band_nos": [8], "gap_ranges": [[0.49718073709359, 0.6119443453809212]]}