{"strict_calculated": true, "gap_ranges": [[0.780470312541514, 0.8338874959732258]], "max_gap": 6.617762574067397, "mid_gaps": [0.8071789042573698], "gap_range_of_max": [0.780470312541514, 0.8338874959732258], "band_nos": [16], "mid_gap_of_max": 0.8071789042573698, "gap": [6.617762574067397], "fill_fraction": 0.196767}