{"strict_calculated": true, "gap_ranges": [[0.75229693324244, 0.8005959790485209]], "gap": [6.220524985824785], "gap_range_of_max": [0.75229693324244, 0.8005959790485209], "band_nos": [10], "max_gap": 6.220524985824785, "fill_fraction": 0.100284, "mid_gaps": [0.7764464561454805], "mid_gap_of_max": 0.7764464561454805}