{"mid_gaps": [0.533359502381737], "gap_ranges": [[0.533324531713715, 0.5333944730497592]], "run_me": true, "max_gap": 0.013113357075501115, "gap": [0.013113357075501115], "fill_fraction": 0.211984, "mid_gap_of_max": 0.533359502381737, "gap_range_of_max": [0.533324531713715, 0.5333944730497592], "_status": {"oC20-O3Pb2_r/29278ac7/check_runnin/0000/635a88c32aa99ec0d434b41fa35bdcd4": 1, "oC20-O3Pb2_r/29278ac7/store_strict/0000/d13bbb20164e65a2b297a3de91ddab49": 1, "oC20-O3Pb2_r/29278ac7/strict-mpb-o/0000/2a6108dd9e7c65230528d39936a4515c": 1, "oC20-O3Pb2_r/29278ac7/store_data/0000/e516d6e29d598b476af95f47baa813a8": 1, "oC20-O3Pb2_r/29278ac7/store_fill/0000/27fad3ceebabf5dabe9a4102aa270f09": 1, "oC20-O3Pb2_r/29278ac7/mpb-oC20-O3P/0000/65b9bd6119a2a487619db17876eb2e5e": 1}, "band_nos": [4]}