{"gap_range_of_max": [0.240245524502437, 0.2868855550374802], "gap": [17.69579990455155], "mid_gap_of_max": 0.2635655397699586, "mid_gaps": [0.2635655397699586], "gap_ranges": [[0.240245524502437, 0.2868855550374802]], "max_gap": 17.69579990455155, "fill_fraction": 0.448321, "strict_calculated": true, "band_nos": [2]}