{"band_nos": [4], "max_gap": 7.841024165165996, "fill_fraction": 0.218106, "gap": [7.841024165165996], "gap_ranges": [[0.4459647470514318, 0.4823598240261138]], "mid_gap_of_max": 0.4641622855387728, "gap_range_of_max": [0.4459647470514318, 0.4823598240261138], "mid_gaps": [0.4641622855387728]}