{"max_gap": 17.448973705002743, "fill_fraction": 0.314466, "gap": [17.448973705002743], "gap_ranges": [[0.347746387805339, 0.41422443177995505]], "mid_gap_of_max": 0.38098540979264706, "mid_gaps": [0.38098540979264706], "gap_range_of_max": [0.347746387805339, 0.41422443177995505], "band_nos": [2]}