{"mid_gap_of_max": 0.36256947636828957, "gap_range_of_max": [0.36235254774648, 0.3627864049900991], "gap_ranges": [[0.36235254774648, 0.3627864049900991]], "fill_fraction": 0.349249, "gap": [0.11966182260128155], "band_nos": [4], "max_gap": 0.11966182260128155, "mid_gaps": [0.36256947636828957]}