{"gap": [0.2888950489333979, 2.1202996672953325], "gap_ranges": [[0.634683624714723, 0.6365198466600587], [0.642618438181671, 0.6563898726277874]], "fill_fraction": 0.223053, "band_nos": [16, 17], "mid_gaps": [0.6356017356873909, 0.6495041554047292], "max_gap": 2.1202996672953325, "_status": {"hR5-Ni3S2-14/a81e6140/strict-mpb-h/0000/96f5ad65b9e58ebe0bbda3e57c1a0cfc": 1, "hR5-Ni3S2-14/a81e6140/store_strict/0000/c6ee7fd7cbed8058d99ac49ea3ca209e": 1, "hR5-Ni3S2-14/a81e6140/store_data/0000/6547c5a330b24bc11359018efaa45e74": 1, "hR5-Ni3S2-14/a81e6140/store_fill/0000/5fb6c17d684f0d20e81ce4dc2768c20a": 1, "hR5-Ni3S2-14/a81e6140/check_runnin/0000/8c0011c0a3d144ddb9d7ae4dc720d24d": 1, "hR5-Ni3S2-14/a81e6140/mpb-hR5-Ni3S/0000/8268dda272eff5db97fe716c60283eb3": 6}, "gap_range_of_max": [0.642618438181671, 0.6563898726277874], "mid_gap_of_max": 0.6495041554047292, "run_me": true}