{"band_nos": [6], "mid_gap_of_max": 0.487780163050104, "strict_calculated": true, "gap": [1.2505418208334642], "max_gap": 1.2505418208334642, "mid_gaps": [0.487780163050104], "fill_fraction": 0.190236, "gap_range_of_max": [0.4847302155837684, 0.49083011051643965], "gap_ranges": [[0.4847302155837684, 0.49083011051643965]]}