{"band_nos": [4], "mid_gap_of_max": 0.33693676412587276, "gap": [1.909008002424086], "mid_gaps": [0.33693676412587276], "gap_range_of_max": [0.3337206892307369, 0.3401528390210086], "fill_fraction": 0.339679, "gap_ranges": [[0.3337206892307369, 0.3401528390210086]], "max_gap": 1.909008002424086}