{"gap": [3.398054079234145], "gap_range_of_max": [0.310544030165879, 0.3212788721181791], "fill_fraction": 0.595359, "max_gap": 3.398054079234145, "mid_gaps": [0.31591145114202906], "band_nos": [2], "mid_gap_of_max": 0.31591145114202906, "gap_ranges": [[0.310544030165879, 0.3212788721181791]]}