{"gap_ranges": [[0.272469140533235, 0.32402972991111023]], "band_nos": [2], "fill_fraction": 0.398063, "mid_gap_of_max": 0.2982494352221726, "gap": [17.287740826555645], "mid_gaps": [0.2982494352221726], "gap_range_of_max": [0.272469140533235, 0.32402972991111023], "max_gap": 17.287740826555645, "strict_calculated": true}