{"gap_range_of_max": [0.620347976215982, 0.6228836842472327], "max_gap": 0.40792204894544737, "gap_ranges": [[0.620347976215982, 0.6228836842472327]], "run_me": true, "band_nos": [8], "mid_gaps": [0.6216158302316074], "gap": [0.40792204894544737], "fill_fraction": 0.163792, "mid_gap_of_max": 0.6216158302316074, "_status": {"hR6-C-14/84217e3d/strict-mpb-h/0000/5e65381500b473c81b8c3de34216e11f": 1, "hR6-C-14/84217e3d/store_fill/0000/4352621348723fa5b59c9b67c6881f65": 1, "hR6-C-14/84217e3d/check_runnin/0000/9fc5b93e2c478a7bfcb4f7101ba9f058": 1, "hR6-C-14/84217e3d/mpb-hR6-C-14/0000/c75a3474dcb67b00a3a7c3a1f4b99e7e": 6, "hR6-C-14/84217e3d/store_data/0000/adab0671243ca544311941912ef84914": 1, "hR6-C-14/84217e3d/store_strict/0000/e426723000714b68417ee0292377d3b1": 1}}