{"strict_calculated": true, "fill_fraction": 0.128295, "mid_gaps": [0.533852367611726, 0.6231443754506241, 0.8029875457527448], "band_nos": [5, 6, 18], "gap_range_of_max": [0.533532611045654, 0.5341721241777981], "gap_ranges": [[0.533532611045654, 0.5341721241777981], [0.62314359838575, 0.6231451525154981], [0.802884319649688, 0.8030907718558016]], "gap": [0.11979213185927047, 0.0002494012316155142, 0.025710511601958228], "mid_gap_of_max": 0.533852367611726, "max_gap": 0.11979213185927047}