{"gap_range_of_max": [0.286824075289694, 0.3428941313244333], "mid_gaps": [0.3148591033070637], "gap_ranges": [[0.286824075289694, 0.3428941313244333]], "max_gap": 17.807983140972492, "fill_fraction": 0.390211, "gap": [17.807983140972492], "mid_gap_of_max": 0.3148591033070637, "band_nos": [4]}