{"band_nos": [4], "max_gap": 2.3099774295134967, "gap_ranges": [[0.413498799057073, 0.4231621384662462]], "gap_range_of_max": [0.413498799057073, 0.4231621384662462], "mid_gap_of_max": 0.4183304687616596, "mid_gaps": [0.4183304687616596], "fill_fraction": 0.201878, "gap": [2.3099774295134967]}