{"mid_gaps": [0.3634138889242632], "fill_fraction": 0.356403, "max_gap": 16.00342280072315, "mid_gap_of_max": 0.3634138889242632, "gap_range_of_max": [0.334334558343713, 0.39249321950481336], "band_nos": [2], "gap_ranges": [[0.334334558343713, 0.39249321950481336]], "gap": [16.00342280072315]}