{"mid_gap_of_max": 0.45834821702931616, "max_gap": 1.4609584517513259, "band_nos": [4], "gap": [1.4609584517513259], "gap_ranges": [[0.4550000785217455, 0.46169635553688687]], "fill_fraction": 0.153071, "gap_range_of_max": [0.4550000785217455, 0.46169635553688687], "mid_gaps": [0.45834821702931616]}