{
  "nbands": 20,
  "lattice_vectors": [
    [
      1.0,
      0.0,
      0.0
    ],
    [
      0.0,
      1.69504919,
      0.0
    ],
    [
      0.0,
      0.0,
      1.62393162
    ]
  ],
  "structure": "oP36-Ba3(GaN2)2",
  "basis": [
    [
      -0.38898,
      -0.1002944444,
      0.41335
    ],
    [
      -0.11102,
      0.2114055556,
      0.41335
    ],
    [
      -0.38898,
      -0.2885944444,
      0.08665
    ],
    [
      -0.11102,
      0.3997055556,
      0.08665
    ],
    [
      0.38898,
      0.2114055556,
      -0.41335
    ],
    [
      0.11102,
      -0.1002944444,
      -0.41335
    ],
    [
      0.38898,
      0.3997055556,
      -0.08665
    ],
    [
      0.11102,
      -0.2885944444,
      -0.08665
    ],
    [
      -0.25,
      -0.4444444444,
      0.40519
    ],
    [
      -0.25,
      0.0555555556,
      0.09481
    ],
    [
      0.25,
      -0.4444444444,
      -0.40519
    ],
    [
      0.25,
      0.0555555556,
      -0.09481
    ],
    [
      -0.25,
      -0.4444444444,
      -0.27043
    ],
    [
      -0.25,
      0.0555555556,
      -0.22957
    ],
    [
      0.25,
      -0.4444444444,
      0.27043
    ],
    [
      0.25,
      0.0555555556,
      0.22957
    ],
    [
      -0.3364,
      -0.1944444444,
      -0.25
    ],
    [
      -0.1636,
      0.3055555556,
      -0.25
    ],
    [
      0.3364,
      0.3055555556,
      0.25
    ],
    [
      0.1636,
      -0.1944444444,
      0.25
    ],
    [
      -0.1388,
      -0.2977444444,
      -0.3719
    ],
    [
      -0.3612,
      0.4088555556,
      -0.3719
    ],
    [
      -0.1388,
      -0.0911444444,
      -0.1281
    ],
    [
      -0.3612,
      0.2022555556,
      -0.1281
    ],
    [
      0.1388,
      0.4088555556,
      0.3719
    ],
    [
      0.3612,
      -0.2977444444,
      0.3719
    ],
    [
      0.1388,
      0.2022555556,
      0.1281
    ],
    [
      0.3612,
      -0.0911444444,
      0.1281
    ],
    [
      -0.4824,
      -0.3489444444,
      -0.1706
    ],
    [
      -0.0176,
      0.4600555556,
      -0.1706
    ],
    [
      -0.4824,
      -0.0399444444,
      -0.3294
    ],
    [
      -0.0176,
      0.1510555556,
      -0.3294
    ],
    [
      0.4824,
      0.4600555556,
      0.1706
    ],
    [
      0.0176,
      -0.3489444444,
      0.1706
    ],
    [
      0.4824,
      0.1510555556,
      0.3294
    ],
    [
      0.0176,
      -0.0399444444,
      0.3294
    ]
  ]
}