{"mid_gaps": [0.4475237712492497], "mid_gap_of_max": 0.4475237712492497, "gap": [0.33017218539872245], "band_nos": [4], "max_gap": 0.33017218539872245, "gap_range_of_max": [0.4467849717413935, 0.44826257075710596], "fill_fraction": 0.331308, "gap_ranges": [[0.4467849717413935, 0.44826257075710596]]}