{"gap_range_of_max": [0.363373846007529, 0.40237621230800813], "fill_fraction": 0.316521, "band_nos": [2], "gap": [10.186709325566298], "mid_gap_of_max": 0.38287502915776855, "mid_gaps": [0.38287502915776855], "gap_ranges": [[0.363373846007529, 0.40237621230800813]], "max_gap": 10.186709325566298}