{"band_nos": [8], "_status": {"oP6-NaO2_r-1/61282c75/store_data/0000/66f2637e5736e55df3e48056326622fd": 1, "oP6-NaO2_r-1/61282c75/store_fill/0000/a6bbe0a645b7422fd26d9fd8cf466504": 1, "oP6-NaO2_r-1/61282c75/strict-mpb-o/0000/705f77b77a16f6c38d655e8b65b73ce2": 1, "oP6-NaO2_r-1/61282c75/store_strict/0000/f96780dc5139236608bff7100a2b9a74": 1, "oP6-NaO2_r-1/61282c75/check_runnin/0000/7232ccc8d4db16e4cbb6127b8b65d149": 1, "oP6-NaO2_r-1/61282c75/mpb-oP6-NaO2/0000/51198f3157196e29d68b4b6fd027d4eb": 6}, "gap": [1.3042534169042634], "gap_range_of_max": [0.664688475414685, 0.673414602975488], "mid_gaps": [0.6690515391950865], "max_gap": 1.3042534169042634, "mid_gap_of_max": 0.6690515391950865, "gap_ranges": [[0.664688475414685, 0.673414602975488]], "fill_fraction": 0.114603, "run_me": true}