{"gap_range_of_max": [0.501382306907419, 0.5484803080883704], "max_gap": 8.972221795161303, "fill_fraction": 0.092209, "band_nos": [2], "gap": [8.972221795161303], "mid_gap_of_max": 0.5249313074978947, "gap_ranges": [[0.501382306907419, 0.5484803080883704]], "mid_gaps": [0.5249313074978947]}