{"max_gap": 0.053712799343890595, "mid_gap_of_max": 0.43553078695828695, "fill_fraction": 0.139461, "gap_ranges": [[0.435413819069447, 0.435647754847127]], "strict_calculated": true, "gap": [0.053712799343890595], "mid_gaps": [0.43553078695828695], "gap_range_of_max": [0.435413819069447, 0.435647754847127], "band_nos": [4]}