{"_status": {"tI16-CoCu2Si/0a903972/strict-mpb-t/0000/c5fe4899476600246b7a9275f22409da": 1, "tI16-CoCu2Si/0a903972/mpb-tI16-CoC/0000/05c0d913fe065ebd2814f5021943b9f1": 1, "tI16-CoCu2Si/0a903972/store_fill/0000/e500ee2982f9c34edcd380059710a331": 1, "tI16-CoCu2Si/0a903972/store_strict/0000/a3b6717d93fc70a73c6e810966281d11": 1, "tI16-CoCu2Si/0a903972/check_runnin/0000/534410dbffc289661ba6b43206a31071": 1, "tI16-CoCu2Si/0a903972/store_data/0000/c2d2b1b37eb9441c5e7eab7e3d61d309": 1}, "gap": [28.278606959329345], "band_nos": [8], "mid_gaps": [0.6480734445820973], "fill_fraction": 0.222683, "gap_range_of_max": [0.556440373481518, 0.7397065156826766], "gap_ranges": [[0.556440373481518, 0.7397065156826766]], "mid_gap_of_max": 0.6480734445820973, "max_gap": 28.278606959329345}