{"mid_gap_of_max": 0.5517071899214485, "gap": [1.0668039025032205], "gap_range_of_max": [0.548764373005212, 0.5546500068376852], "fill_fraction": 0.320551, "mid_gaps": [0.5517071899214485], "band_nos": [8], "gap_ranges": [[0.548764373005212, 0.5546500068376852]], "strict_calculated": true, "max_gap": 1.0668039025032205}