{"band_nos": [12], "gap_range_of_max": [0.50987616134387, 0.567340623450169], "gap": [10.669061774279669], "fill_fraction": 0.471527, "gap_ranges": [[0.50987616134387, 0.567340623450169]], "mid_gap_of_max": 0.5386083923970195, "max_gap": 10.669061774279669, "mid_gaps": [0.5386083923970195]}