{"strict_calculated": true, "max_gap": 9.99172452019115, "fill_fraction": 0.375792, "band_nos": [5, 13], "gap_ranges": [[0.3280303556773489, 0.36252978934582286], [0.443512343435817, 0.4505352383622393]], "gap": [9.99172452019115, 1.5710338173048568], "gap_range_of_max": [0.3280303556773489, 0.36252978934582286], "mid_gaps": [0.3452800725115859, 0.44702379089902816], "mid_gap_of_max": 0.3452800725115859}