{"gap_ranges": [[0.916150258563743, 0.9221779124292467]], "band_nos": [17], "gap_range_of_max": [0.916150258563743, 0.9221779124292467], "strict_calculated": true, "mid_gaps": [0.9191640854964949], "fill_fraction": 0.047062, "mid_gap_of_max": 0.9191640854964949, "gap": [0.6557756074909529], "_status": {"cP33-RbNO3_r/eced66e0/check_runnin/0000/aec1c5d7ea016439d3d7a684f599bd61": 1, "cP33-RbNO3_r/eced66e0/strict-mpb-c/0000/fd94b750bf74823cd9a0edff1093fdaf": 1, "cP33-RbNO3_r/eced66e0/store_data/0000/8f6e7ab7050f068de09c93d42fac58fc": 1, "cP33-RbNO3_r/eced66e0/mpb-cP33-RbN/0000/43ed75a1c9f1e519e96d51b5d6b0ae3e": 1, "cP33-RbNO3_r/eced66e0/store_fill/0000/b1c16714ff643a6b097586e2b3322f94": 1, "cP33-RbNO3_r/eced66e0/store_strict/0000/2913497a8b5381456761adb07cc28723": 1}, "max_gap": 0.6557756074909529}