{"gap": [2.8979427446403005], "band_nos": [12], "gap_ranges": [[0.565277803100146, 0.581900082248435]], "fill_fraction": 0.432954, "mid_gap_of_max": 0.5735889426742905, "mid_gaps": [0.5735889426742905], "gap_range_of_max": [0.565277803100146, 0.581900082248435], "max_gap": 2.8979427446403005}