{"band_nos": [4], "max_gap": 2.862614594649574, "strict_calculated": true, "gap_ranges": [[0.3694230574640348, 0.38015177676526907]], "mid_gaps": [0.3747874171146519], "gap_range_of_max": [0.3694230574640348, 0.38015177676526907], "gap": [2.862614594649574], "mid_gap_of_max": 0.3747874171146519, "fill_fraction": 0.208638}