{"gap": [1.7341716582648303], "band_nos": [17], "gap_range_of_max": [1.052332200089455, 1.070741067535127], "gap_ranges": [[1.052332200089455, 1.070741067535127]], "fill_fraction": 0.059989, "mid_gaps": [1.061536633812291], "max_gap": 1.7341716582648303, "mid_gap_of_max": 1.061536633812291}