{"gap_range_of_max": [0.521697469281726, 0.6014232225617183], "mid_gaps": [0.5615603459217222], "band_nos": [4], "fill_fraction": 0.137175, "max_gap": 14.197183590150628, "mid_gap_of_max": 0.5615603459217222, "gap_ranges": [[0.521697469281726, 0.6014232225617183]], "gap": [14.197183590150628]}