{"_status": {"tI40-BeSO8_r/03b1804f/store_fill/0000/a231b6c3fb31061b876d05196bf355fc": 1, "tI40-BeSO8_r/03b1804f/store_strict/0000/48470f01e740bc8dd800f64662d5d444": 1, "tI40-BeSO8_r/03b1804f/mpb-tI40-BeS/0000/9921ba10ddf45858b4340070215e6731": 1, "tI40-BeSO8_r/03b1804f/store_data/0000/23e44a4929ff08c960b99f9d3cbee521": 1, "tI40-BeSO8_r/03b1804f/strict-mpb-t/0000/b7b6459a4862c8386f34780fd0c0fe5e": 1, "tI40-BeSO8_r/03b1804f/check_runnin/0000/dbcfb8d7628198882aad790309229e90": 1}, "gap_range_of_max": [0.524764418015746, 0.5466290587380448], "band_nos": [12], "max_gap": 4.081533292240262, "mid_gaps": [0.5356967383768954], "fill_fraction": 0.415949, "gap": [4.081533292240262], "mid_gap_of_max": 0.5356967383768954, "gap_ranges": [[0.524764418015746, 0.5466290587380448]]}