{"equivalent_atoms": [0, 0, 0, 0, 0, 0, 0, 0, 8, 8, 8, 8, 8, 8, 8, 8, 16, 16, 16, 16, 20, 20, 20, 20, 20, 20, 20, 20, 28, 28, 28, 28, 28, 28, 28, 28, 36, 36, 36, 36, 36, 36, 36, 36, 44, 44, 44, 44, 44, 44, 44, 44, 52, 52, 52, 52, 52, 52, 52, 52, 60, 60, 60, 60, 60, 60, 60, 60, 68, 68, 68, 68, 68, 68, 68, 68, 76, 76, 76, 76, 76, 76, 76, 76, 84, 84, 84, 84, 84, 84, 84, 84, 92, 92, 92, 92, 92, 92, 92, 92], "std_lattice": [[1.0, 0.0, 0.0], [0.0, 0.4905642436, 0.0], [0.0, 0.0, 0.4855346349]], "wyckoffs": ["d", "d", "d", "d", "d", "d", "d", "d", "d", "d", "d", "d", "d", "d", "d", "d", "c", "c", "c", "c", "d", "d", "d", "d", "d", "d", "d", "d", "d", "d", "d", "d", "d", "d", "d", "d", "d", "d", "d", "d", "d", "d", "d", "d", "d", "d", "d", "d", "d", "d", "d", "d", "d", "d", "d", "d", "d", "d", "d", "d", "d", "d", "d", "d", "d", "d", "d", "d", "d", "d", "d", "d", "d", "d", "d", "d", "d", "d", "d", "d", "d", "d", "d", "d", "d", "d", "d", "d", "d", "d", "d", "d", "d", "d", "d", "d", "d", "d", "d", "d"], "std_positions": [[0.38518, 0.23224, 0.0271], [0.61482, 0.76776, 0.9729], [0.11482, 0.26776, 0.5271], [0.88518, 0.73224, 0.4729], [0.61482, 0.23224, 0.4729], [0.38518, 0.76776, 0.5271], [0.88518, 0.26776, 0.9729], [0.11482, 0.73224, 0.0271], [0.30136, 0.13228, 0.67624], [0.69864, 0.86772, 0.32376], [0.19864, 0.36772, 0.17624], [0.80136, 0.63228, 0.82376], [0.69864, 0.13228, 0.82376], [0.30136, 0.86772, 0.17624], [0.80136, 0.36772, 0.32376], [0.19864, 0.63228, 0.67624], [0.5, 0.03584, 0.75], [0.5, 0.96416, 0.25], [0.0, 0.46416, 0.25], [0.0, 0.53584, 0.75], [0.4101, 0.35753, 0.4383], [0.5899, 0.64247, 0.5617], [0.0899, 0.14247, 0.9383], [0.9101, 0.85753, 0.0617], [0.5899, 0.35753, 0.0617], [0.4101, 0.64247, 0.9383], [0.9101, 0.14247, 0.5617], [0.0899, 0.85753, 0.4383], [0.3839, 0.4669, 0.9409], [0.6161, 0.5331, 0.0591], [0.1161, 0.0331, 0.4409], [0.8839, 0.9669, 0.5591], [0.6161, 0.4669, 0.5591], [0.3839, 0.5331, 0.4409], [0.8839, 0.0331, 0.0591], [0.1161, 0.9669, 0.9409], [0.4303, 0.1412, 0.8145], [0.5697, 0.8588, 0.1855], [0.0697, 0.3588, 0.3145], [0.9303, 0.6412, 0.6855], [0.5697, 0.1412, 0.6855], [0.4303, 0.8588, 0.3145], [0.9303, 0.3588, 0.1855], [0.0697, 0.6412, 0.8145], [0.4674, 0.0705, 0.1139], [0.5326, 0.9295, 0.8861], [0.0326, 0.4295, 0.6139], [0.9674, 0.5705, 0.3861], [0.5326, 0.0705, 0.3861], [0.4674, 0.9295, 0.6139], [0.9674, 0.4295, 0.8861], [0.0326, 0.5705, 0.1139], [0.504, 0.3412, 0.0133], [0.496, 0.6588, 0.9867], [0.996, 0.1588, 0.5133], [0.004, 0.8412, 0.4867], [0.496, 0.3412, 0.4867], [0.504, 0.6588, 0.5133], [0.004, 0.1588, 0.9867], [0.996, 0.8412, 0.0133], [0.4012, 0.2958, 0.2667], [0.5988, 0.7042, 0.7333], [0.0988, 0.2042, 0.7667], [0.9012, 0.7958, 0.2333], [0.5988, 0.2958, 0.2333], [0.4012, 0.7042, 0.7667], [0.9012, 0.2042, 0.7333], [0.0988, 0.7958, 0.2667], [0.2951, 0.1757, 0.8562], [0.7049, 0.8243, 0.1438], [0.2049, 0.3243, 0.3562], [0.7951, 0.6757, 0.6438], [0.7049, 0.1757, 0.6438], [0.2951, 0.8243, 0.3562], [0.7951, 0.3243, 0.1438], [0.2049, 0.6757, 0.8562], [0.3568, 0.2528, 0.5651], [0.6432, 0.7472, 0.4349], [0.1432, 0.2472, 0.0651], [0.8568, 0.7528, 0.9349], [0.6432, 0.2528, 0.9349], [0.3568, 0.7472, 0.0651], [0.8568, 0.2472, 0.4349], [0.1432, 0.7528, 0.5651], [0.3239, 0.9575, 0.6479], [0.6761, 0.0425, 0.3521], [0.1761, 0.5425, 0.1479], [0.8239, 0.4575, 0.8521], [0.6761, 0.9575, 0.8521], [0.3239, 0.0425, 0.1479], [0.8239, 0.5425, 0.3521], [0.1761, 0.4575, 0.6479], [0.2196, 0.1542, 0.6065], [0.7804, 0.8458, 0.3935], [0.2804, 0.3458, 0.1065], [0.7196, 0.6542, 0.8935], [0.7804, 0.1542, 0.8935], [0.2196, 0.8458, 0.1065], [0.7196, 0.3458, 0.3935], [0.2804, 0.6542, 0.6065]], "number": 60, "site_point_groups": {"c": {"name": "4c", "site_symmetry": ["2", "1"]}, "d": {"name": "8d", "site_symmetry": ["1"]}}, "global_point_groups": ["mmm", "1", "-1", "2", "m", "2/m", "222", "mm2"], "international": "Pbcn"}