{"mid_gap_of_max": 0.5708455042380066, "max_gap": 7.75378677129531, "gap_ranges": [[0.5487144326419, 0.5929765758341132]], "gap": [7.75378677129531], "fill_fraction": 0.257967, "strict_calculated": true, "gap_range_of_max": [0.5487144326419, 0.5929765758341132], "mid_gaps": [0.5708455042380066], "band_nos": [16]}