{"gap_range_of_max": [0.732531690388963, 0.7363366949322295], "gap": [0.5180865190224823], "mid_gap_of_max": 0.7344341926605963, "_status": {"oP16-AgCd2Ga/4ad92e3e/mpb-oP16-AgC/0000/1f10a316e97d4046c69e299a61667e53": 3, "oP16-AgCd2Ga/4ad92e3e/strict-mpb-o/0000/e444cea01621f558338b8d26dea206c0": 1, "oP16-AgCd2Ga/4ad92e3e/store_strict/0000/9120b3ff8cc80f3d2704432e0eb1b641": 1, "oP16-AgCd2Ga/4ad92e3e/check_runnin/0000/717f11ca4a7f42e96bad833ac8c0e382": 1, "oP16-AgCd2Ga/4ad92e3e/store_data/0000/778b171e103234ebe5921db5ea838392": 1, "oP16-AgCd2Ga/4ad92e3e/store_fill/0000/d5a0b207e66797d8a93e0a3ed12030ae": 1}, "gap_ranges": [[0.732531690388963, 0.7363366949322295]], "mid_gaps": [0.7344341926605963], "max_gap": 0.5180865190224823, "run_me": true, "band_nos": [16], "fill_fraction": 0.28934}