{"gap_ranges": [[0.3047461720792567, 0.3047916785147359]], "gap_range_of_max": [0.3047461720792567, 0.3047916785147359], "run_me": true, "_status": {"cF4-Cu-14/87903ba6/strict-mpb-c/0000/083840562b3f61809fc84bb14a9bdc43": 1, "cF4-Cu-14/87903ba6/check_runnin/0000/3525119d3c25a65b899a7ba8a46876f8": 1, "cF4-Cu-14/87903ba6/store_fill/0000/71c282b52006647b04956916d913df97": 1, "cF4-Cu-14/87903ba6/store_strict/0000/a4eed63cc4cfe011deb2e6b1adce430d": 1, "cF4-Cu-14/87903ba6/mpb-cF4-Cu-1/0000/e7f8be5eae8b448064eab7b2d121669f": 4, "cF4-Cu-14/87903ba6/store_data/0000/508d6ac79a875fd9bdccc781fab93761": 1}, "max_gap": 0.014931455178634052, "gap": [0.014931455178634052], "fill_fraction": 0.471, "mid_gaps": [0.3047689252969963], "mid_gap_of_max": 0.3047689252969963, "band_nos": [2]}