{"gap_ranges": [[0.7005798222615617, 0.7560812366886446], [0.9035681074765284, 0.9232510392049988]], "max_gap": 7.620360836320006, "band_nos": [8, 14], "gap": [7.620360836320006, 2.1548856397991134], "mid_gap_of_max": 0.7283305294751031, "fill_fraction": 0.10975, "mid_gaps": [0.7283305294751031, 0.9134095733407637], "gap_range_of_max": [0.7005798222615617, 0.7560812366886446]}