{"gap": [15.281570157203829], "gap_ranges": [[0.777124919372366, 0.9057064473380058]], "mid_gaps": [0.8414156833551859], "gap_range_of_max": [0.777124919372366, 0.9057064473380058], "mid_gap_of_max": 0.8414156833551859, "max_gap": 15.281570157203829, "fill_fraction": 0.123342, "band_nos": [8]}