{
  "lattice_vectors": [
    [
      1.0,
      0.0,
      0.0
    ],
    [
      0.0,
      1.0728512859,
      0.0
    ],
    [
      -0.5,
      0.0,
      0.8660254038
    ]
  ],
  "basis": [
    [
      -0.4615384615,
      -0.0374615385,
      -0.4615384615
    ],
    [
      -0.4615384615,
      0.4625384615,
      -0.4615384615
    ],
    [
      -0.1275384615,
      -0.1054615385,
      0.2054615385
    ],
    [
      0.2044615385,
      0.3945384615,
      -0.1285384615
    ],
    [
      0.2034615385,
      -0.1004615385,
      -0.4435384615
    ],
    [
      -0.1085384615,
      -0.1004615385,
      -0.1265384615
    ],
    [
      0.5204615385,
      -0.1004615385,
      0.1854615385
    ],
    [
      -0.1265384615,
      0.3995384615,
      0.5204615385
    ],
    [
      0.1854615385,
      0.3995384615,
      0.2034615385
    ],
    [
      -0.4435384615,
      0.3995384615,
      -0.1085384615
    ],
    [
      0.2044615385,
      0.0585384615,
      -0.1285384615
    ],
    [
      -0.1275384615,
      -0.4414615385,
      0.2054615385
    ],
    [
      -0.1395384615,
      0.0675384615,
      0.5034615385
    ],
    [
      0.1814615385,
      0.0675384615,
      0.2164615385
    ],
    [
      -0.4265384615,
      0.0675384615,
      -0.1045384615
    ],
    [
      0.2164615385,
      -0.4324615385,
      -0.4265384615
    ],
    [
      -0.1045384615,
      -0.4324615385,
      -0.1395384615
    ],
    [
      0.5034615385,
      -0.4324615385,
      0.1814615385
    ],
    [
      -0.1275384615,
      0.2295384615,
      0.2054615385
    ],
    [
      0.2044615385,
      -0.2704615385,
      -0.1285384615
    ],
    [
      0.2384615385,
      0.2345384615,
      -0.4415384615
    ],
    [
      -0.1415384615,
      0.2345384615,
      -0.1615384615
    ],
    [
      0.5184615385,
      0.2345384615,
      0.2184615385
    ],
    [
      -0.1615384615,
      -0.2654615385,
      0.5184615385
    ],
    [
      0.2184615385,
      -0.2654615385,
      0.2384615385
    ],
    [
      -0.4415384615,
      -0.2654615385,
      -0.1415384615
    ]
  ],
  "nbands": 20,
  "structure": "hP26-Cu16Sn3"
}