{"gap_ranges": [[0.29802404815447, 0.3684072535301649]], "mid_gaps": [0.3332156508423174], "max_gap": 21.12241882929883, "band_nos": [2], "gap_range_of_max": [0.29802404815447, 0.3684072535301649], "mid_gap_of_max": 0.3332156508423174, "gap": [21.12241882929883], "fill_fraction": 0.378009}