{"mid_gaps": [0.4219097679642655], "fill_fraction": 0.236175, "max_gap": 19.299938399805427, "mid_gap_of_max": 0.4219097679642655, "gap_range_of_max": [0.3811956053043, 0.462623930624231], "band_nos": [2], "gap_ranges": [[0.3811956053043, 0.462623930624231]], "gap": [19.299938399805427]}