{"max_gap": 7.763833184899889, "fill_fraction": 0.081275, "strict_calculated": true, "band_nos": [8, 14], "mid_gap_of_max": 0.7015075802664922, "gap_range_of_max": [0.674275641110833, 0.7287395194221513], "gap_ranges": [[0.674275641110833, 0.7287395194221513], [0.882805814570303, 0.8992840277891195]], "mid_gaps": [0.7015075802664922, 0.8910449211797113], "gap": [7.763833184899889, 1.8493134102598738]}