{"gap_ranges": [[0.2355017374757875, 0.2357725083815031]], "mid_gaps": [0.2356371229286453], "gap": [0.11491012211923644], "gap_range_of_max": [0.2355017374757875, 0.2357725083815031], "band_nos": [4], "mid_gap_of_max": 0.2356371229286453, "max_gap": 0.11491012211923644, "strict_calculated": true, "fill_fraction": 0.585406}