{"mid_gap_of_max": 0.3414406044563743, "band_nos": [4], "gap": [13.180826613774823], "fill_fraction": 0.362163, "gap_range_of_max": [0.3189382574251646, 0.36394295148758404], "mid_gaps": [0.3414406044563743], "max_gap": 13.180826613774823, "gap_ranges": [[0.3189382574251646, 0.36394295148758404]]}