{"gap_range_of_max": [0.3205921744530339, 0.33306284383948437], "max_gap": 3.8156731111852786, "band_nos": [5], "mid_gaps": [0.32682750914625913], "gap": [3.8156731111852786], "gap_ranges": [[0.3205921744530339, 0.33306284383948437]], "_status": {"cP33-RbNO3/5f359222/check_runnin/0000/d495b7c61acd8232e68987354499de4a": 1, "cP33-RbNO3/5f359222/strict-mpb-c/0000/fc97a062595bd431a38aecadef47e329": 1, "cP33-RbNO3/5f359222/store_strict/0000/2103948b7b038465c5da2c27741a57da": 1, "cP33-RbNO3/5f359222/store_fill/0000/856cf2395eab69c00145cf1f2a630c3c": 1, "cP33-RbNO3/5f359222/mpb-cP33-RbN/0000/ece4bdd7b6077471081db92fdbcd4360": 1, "cP33-RbNO3/5f359222/store_data/0000/d86b0214ed5affca3f80a1a57d02b666": 1}, "mid_gap_of_max": 0.32682750914625913, "fill_fraction": 0.486566, "strict_calculated": true}