{"_status": {"tI16-VAg3O4-/49cd285d/mpb-tI16-VAg/0000/9898b7d5f8b60b39d8d2d97b38a6546c": 1, "tI16-VAg3O4-/49cd285d/strict-mpb-t/0000/4947a035b6cd8567d04ea19a37a926ea": 1, "tI16-VAg3O4-/49cd285d/store_strict/0000/ebd3757ba520ff88c04ba654e38beb22": 1, "tI16-VAg3O4-/49cd285d/store_data/0000/1bdd4b30b9e22775ddc793bb6195c0bc": 1, "tI16-VAg3O4-/49cd285d/store_fill/0000/fe7e8dae97fc4988ac047063b26fb5fa": 1, "tI16-VAg3O4-/49cd285d/check_runnin/0000/35078cd3739c675236081c16e89b9597": 1}, "gap_ranges": [[0.463409112208511, 0.47528188856616993]], "gap_range_of_max": [0.463409112208511, 0.47528188856616993], "mid_gaps": [0.46934550038734046], "fill_fraction": 0.567002, "band_nos": [8], "mid_gap_of_max": 0.46934550038734046, "max_gap": 2.5296452928301405, "gap": [2.5296452928301405]}