{"mid_gap_of_max": 0.599944351717608, "_status": {"cP12-RhTe2_r/064ca20f/strict-mpb-c/0000/80d8dba39d6c21f79a4a4a61427eeee5": 1, "cP12-RhTe2_r/064ca20f/store_data/0000/1c2d5bc83f57b14f90bb7ffc616620a3": 1, "cP12-RhTe2_r/064ca20f/mpb-cP12-RhT/0000/4dcbe83600781898cd64e233b7b6fb13": 7, "cP12-RhTe2_r/064ca20f/store_strict/0000/0e81301fbc3e7f60a54eb321c9ac0a57": 1, "cP12-RhTe2_r/064ca20f/check_runnin/0000/b2ee07cd09078d4ceddfc8d31927488a": 1, "cP12-RhTe2_r/064ca20f/store_fill/0000/9f3b1e9bf5e1aeb1c42cfee360fd9266": 1}, "gap_range_of_max": [0.59055341848752, 0.6093352849476958], "run_me": true, "gap": [3.130601431015951], "max_gap": 3.130601431015951, "fill_fraction": 0.256161, "mid_gaps": [0.599944351717608], "band_nos": [16], "gap_ranges": [[0.59055341848752, 0.6093352849476958]]}