{"gap": [16.498618383862674], "mid_gaps": [0.41511234951945797], "band_nos": [4], "gap_range_of_max": [0.380868448313707, 0.449356250725209], "mid_gap_of_max": 0.41511234951945797, "max_gap": 16.498618383862674, "fill_fraction": 0.293458, "gap_ranges": [[0.380868448313707, 0.449356250725209]]}