{"max_gap": 11.753101204179288, "fill_fraction": 0.171315, "mid_gaps": [0.5071901024675026], "gap_range_of_max": [0.4773848194472095, 0.5369953854877958], "gap": [11.753101204179288], "band_nos": [2], "mid_gap_of_max": 0.5071901024675026, "gap_ranges": [[0.4773848194472095, 0.5369953854877958]]}