{"gap_range_of_max": [0.252054929939814, 0.25494094176061505], "mid_gap_of_max": 0.2534979358502145, "max_gap": 1.1384754716525336, "mid_gaps": [0.2534979358502145], "band_nos": [2], "gap": [1.1384754716525336], "gap_ranges": [[0.252054929939814, 0.25494094176061505]], "fill_fraction": 0.618028, "strict_calculated": true}