{"_status": {"hR15-Ni3S2-1/f91ddc3f/store_data/0000/08a8bf40fd0f769c017af7a2a8b89c0f": 1, "hR15-Ni3S2-1/f91ddc3f/strict-mpb-h/0000/1b2a258175aba5add1831682df88689a": 1, "hR15-Ni3S2-1/f91ddc3f/check_runnin/0000/2afe86e104f061f170b78a00e1037d3c": 1, "hR15-Ni3S2-1/f91ddc3f/mpb-hR15-Ni3/0000/179d3e25d68864330f38783bc4937ffa": 1, "hR15-Ni3S2-1/f91ddc3f/store_fill/0000/c5b28d5e268100880466bc919822ed38": 1, "hR15-Ni3S2-1/f91ddc3f/store_strict/0000/d1cdae641dfc113d73f8ed31c06bb138": 1}, "max_gap": 1.0227895496373234, "gap_ranges": [[0.83782899578171, 0.8464422710339784]], "mid_gap_of_max": 0.8421356334078443, "mid_gaps": [0.8421356334078443], "band_nos": [17], "gap_range_of_max": [0.83782899578171, 0.8464422710339784], "gap": [1.0227895496373234], "fill_fraction": 0.085807, "run_me": true}