{"gap_range_of_max": [0.431492133503468, 0.45821501264222186], "fill_fraction": 0.222428, "band_nos": [2, 8], "gap": [6.00711801732053, 0.014522178202835506], "mid_gap_of_max": 0.4448535730728449, "mid_gaps": [0.4448535730728449, 0.6555803257354224], "gap_ranges": [[0.431492133503468, 0.45821501264222186], [0.655532723463839, 0.6556279280070058]], "max_gap": 6.00711801732053}