{"gap": [11.547578399867094], "fill_fraction": 0.382892, "max_gap": 11.547578399867094, "gap_ranges": [[0.288651825898605, 0.32402658586748]], "gap_range_of_max": [0.288651825898605, 0.32402658586748], "mid_gaps": [0.30633920588304253], "mid_gap_of_max": 0.30633920588304253, "band_nos": [2]}