{"max_gap": 0.2229720228824543, "fill_fraction": 0.120679, "band_nos": [11], "gap_ranges": [[0.63141704698956, 0.6328265016968943]], "gap": [0.2229720228824543], "gap_range_of_max": [0.63141704698956, 0.6328265016968943], "mid_gaps": [0.6321217743432271], "mid_gap_of_max": 0.6321217743432271}