{"band_nos": [4], "max_gap": 2.713102190393367, "strict_calculated": true, "gap_ranges": [[0.306194098190211, 0.3146157003108657]], "mid_gaps": [0.3104048992505384], "gap_range_of_max": [0.306194098190211, 0.3146157003108657], "gap": [2.713102190393367], "mid_gap_of_max": 0.3104048992505384, "fill_fraction": 0.324361}