{"gap_range_of_max": [0.305737115736299, 0.32816930511354053], "gap_ranges": [[0.305737115736299, 0.32816930511354053]], "fill_fraction": 0.411664, "max_gap": 7.077445073727871, "gap": [7.077445073727871], "band_nos": [2], "mid_gaps": [0.31695321042491975], "mid_gap_of_max": 0.31695321042491975}