{"_status": {"hP4-La_r-10/980b0ba2/mpb-hP4-La_r/0000/e52d6deff77fa55f852ba547daa6443b": 1, "hP4-La_r-10/980b0ba2/store_data/0000/308d0babafac90cd3436b0bdf4af33e9": 1, "hP4-La_r-10/980b0ba2/check_runnin/0000/d66d173728e9315971be03aed1ed0077": 1, "hP4-La_r-10/980b0ba2/store_fill/0000/75e4b44312194949108721d92fd86413": 1, "hP4-La_r-10/980b0ba2/store_strict/0000/5c84fd6a52976ed020348dfbabd3aafe": 1, "hP4-La_r-10/980b0ba2/strict-mpb-h/0000/afbb7b971344d23234c89c60dbabe17a": 1}, "max_gap": 0.28879463742244227, "fill_fraction": 0.554513, "gap": [0.28879463742244227], "gap_range_of_max": [0.2862330052958686, 0.2870608262169099], "gap_ranges": [[0.2862330052958686, 0.2870608262169099]], "mid_gap_of_max": 0.28664691575638923, "band_nos": [8], "mid_gaps": [0.28664691575638923], "run_me": true}