{"gap": [0.2133658536938977], "_status": {"cF48-Be4O7Te/073945e3/store_data/0000/cf8df4205373175b00f9d4c8e5f2d69d": 1, "cF48-Be4O7Te/073945e3/store_strict/0000/c3b06d204750bbff378e1566adc95bc4": 1, "cF48-Be4O7Te/073945e3/check_runnin/0000/6f646d06d925a5f91c4a84a63f1792ae": 1, "cF48-Be4O7Te/073945e3/store_fill/0000/39657beffb0f66f19853b10ff87c1459": 1, "cF48-Be4O7Te/073945e3/mpb-cF48-Be4/0000/71e148a01b0a818170c5ad63b9b5c038": 7, "cF48-Be4O7Te/073945e3/strict-mpb-c/0000/ed948a32344a58adb250ee5bf690c297": 1}, "run_me": true, "gap_range_of_max": [0.624553667054699, 0.6258876744763492], "max_gap": 0.2133658536938977, "fill_fraction": 0.06866, "mid_gap_of_max": 0.6252206707655241, "band_nos": [5], "gap_ranges": [[0.624553667054699, 0.6258876744763492]], "mid_gaps": [0.6252206707655241]}