{"gap_ranges": [[0.2663375010088953, 0.2772936327611496]], "mid_gap_of_max": 0.27181556688502245, "gap_range_of_max": [0.2663375010088953, 0.2772936327611496], "max_gap": 4.030722698412878, "band_nos": [4], "mid_gaps": [0.27181556688502245], "fill_fraction": 0.50783, "gap": [4.030722698412878]}