{"mid_gaps": [0.8449258939318486], "fill_fraction": 0.143859, "max_gap": 2.475321804402188, "strict_calculated": true, "mid_gap_of_max": 0.8449258939318486, "gap": [2.475321804402188], "gap_range_of_max": [0.83446857649008, 0.8553832113736172], "gap_ranges": [[0.83446857649008, 0.8553832113736172]], "band_nos": [16]}