{"band_nos": [18, 19], "mid_gap_of_max": 0.7498656218657621, "gap_range_of_max": [0.745094017360162, 0.7546372263713622], "gap": [1.2726558909921788, 0.3515589375733661], "strict_calculated": true, "gap_ranges": [[0.745094017360162, 0.7546372263713622], [0.759738687107413, 0.762414319576683]], "mid_gaps": [0.7498656218657621, 0.761076503342048], "max_gap": 1.2726558909921788, "fill_fraction": 0.074173}