{"band_nos": [2], "mid_gap_of_max": 0.3936069542503028, "max_gap": 3.5805221953169752, "gap_ranges": [[0.386560362070681, 0.4006535464299245]], "gap_range_of_max": [0.386560362070681, 0.4006535464299245], "gap": [3.5805221953169752], "mid_gaps": [0.3936069542503028], "fill_fraction": 0.349156}