{"band_nos": [6], "gap": [1.6084281355929586], "mid_gap_of_max": 0.4602734771823526, "max_gap": 1.6084281355929586, "mid_gaps": [0.4602734771823526], "fill_fraction": 0.224357, "gap_range_of_max": [0.4565718931285161, 0.46397506123618915], "strict_calculated": true, "gap_ranges": [[0.4565718931285161, 0.46397506123618915]]}