{"mid_gaps": [0.6994523730433035], "gap": [0.005310395042550406], "gap_ranges": [[0.699433801201232, 0.6994709448853752]], "gap_range_of_max": [0.699433801201232, 0.6994709448853752], "band_nos": [8], "fill_fraction": 0.233198, "mid_gap_of_max": 0.6994523730433035, "max_gap": 0.005310395042550406}