{"max_gap": 1.24194037092063, "gap_range_of_max": [0.566999946246856, 0.5740857481999238], "gap": [1.24194037092063], "gap_ranges": [[0.566999946246856, 0.5740857481999238]], "fill_fraction": 0.090503, "mid_gap_of_max": 0.5705428472233899, "mid_gaps": [0.5705428472233899], "band_nos": [2]}