{"max_gap": 0.5259015792780514, "gap": [0.5259015792780514], "band_nos": [18], "strict_calculated": true, "mid_gaps": [0.6865720567115373], "gap_range_of_max": [0.684766710066973, 0.6883774033561016], "gap_ranges": [[0.684766710066973, 0.6883774033561016]], "fill_fraction": 0.199756, "mid_gap_of_max": 0.6865720567115373}