{"fill_fraction": 0.225271, "gap_range_of_max": [0.628981985640815, 0.6316798602914228], "max_gap": 0.4280092491594668, "band_nos": [16], "gap_ranges": [[0.628981985640815, 0.6316798602914228]], "gap": [0.4280092491594668], "mid_gap_of_max": 0.6303309229661189, "mid_gaps": [0.6303309229661189]}