{"mid_gap_of_max": 0.4639913083411059, "max_gap": 1.821101581638477, "_status": {"aP12-FeS2-14/aaf724dd/mpb-aP12-FeS/0000/712e886ea2d32fad97380ec7fdc41903": 7, "aP12-FeS2-14/aaf724dd/store_fill/0000/371e6ec65febaebcff2e212e25d903da": 1, "aP12-FeS2-14/aaf724dd/store_data/0000/69ac8becbb7cd21019bee2ea1314654a": 1, "aP12-FeS2-14/aaf724dd/store_strict/0000/b0c8f725f168876eb34afef2796a00bd": 1, "aP12-FeS2-14/aaf724dd/check_runnin/0000/6930c9bcb9724dafae935c3cd48401bc": 1, "aP12-FeS2-14/aaf724dd/strict-mpb-a/0000/0423cad969ebc3dcbc7ba8f8d989fbc0": 1}, "run_me": true, "gap_ranges": [[0.459766431813673, 0.46821618486853883]], "mid_gaps": [0.4639913083411059], "fill_fraction": 0.560401, "gap": [1.821101581638477], "gap_range_of_max": [0.459766431813673, 0.46821618486853883], "band_nos": [16]}