{"gap_range_of_max": [0.3386065642055985, 0.3399369468557896], "band_nos": [10], "strict_calculated": true, "gap": [0.3921289139174233], "mid_gaps": [0.33927175553069405], "gap_ranges": [[0.3386065642055985, 0.3399369468557896]], "fill_fraction": 0.315666, "max_gap": 0.3921289139174233, "mid_gap_of_max": 0.33927175553069405}