{
  "structure": "cF288-NaAlH8N2F6_r",
  "nbands": 20,
  "basis": [
    [
      0.2777777778,
      0.2777777778,
      -0.2222222222
    ],
    [
      -0.2222222222,
      0.2777777778,
      0.2777777778
    ],
    [
      0.2777777778,
      -0.2222222222,
      0.2777777778
    ],
    [
      -0.2222222222,
      -0.2222222222,
      -0.2222222222
    ],
    [
      0.2777777778,
      0.2777777778,
      0.2777777778
    ],
    [
      0.2777777778,
      -0.2222222222,
      -0.2222222222
    ],
    [
      -0.2222222222,
      0.2777777778,
      -0.2222222222
    ],
    [
      -0.2222222222,
      -0.2222222222,
      0.2777777778
    ],
    [
      0.2777777778,
      0.2777777778,
      -0.0042222222
    ],
    [
      0.2777777778,
      0.2777777778,
      -0.4392222222
    ],
    [
      -0.0042222222,
      0.2777777778,
      0.2777777778
    ],
    [
      -0.4392222222,
      0.2777777778,
      0.2777777778
    ],
    [
      0.2777777778,
      -0.0042222222,
      0.2777777778
    ],
    [
      0.2777777778,
      -0.4392222222,
      0.2777777778
    ],
    [
      0.2777777778,
      -0.2222222222,
      0.4947777778
    ],
    [
      0.2777777778,
      -0.2222222222,
      0.0597777778
    ],
    [
      -0.0042222222,
      -0.2222222222,
      -0.2222222222
    ],
    [
      -0.4392222222,
      -0.2222222222,
      -0.2222222222
    ],
    [
      0.2777777778,
      0.4947777778,
      -0.2222222222
    ],
    [
      0.2777777778,
      0.0597777778,
      -0.2222222222
    ],
    [
      -0.2222222222,
      0.2777777778,
      0.4947777778
    ],
    [
      -0.2222222222,
      0.2777777778,
      0.0597777778
    ],
    [
      0.4947777778,
      0.2777777778,
      -0.2222222222
    ],
    [
      0.0597777778,
      0.2777777778,
      -0.2222222222
    ],
    [
      -0.2222222222,
      -0.0042222222,
      -0.2222222222
    ],
    [
      -0.2222222222,
      -0.4392222222,
      -0.2222222222
    ],
    [
      -0.2222222222,
      -0.2222222222,
      -0.0042222222
    ],
    [
      -0.2222222222,
      -0.2222222222,
      -0.4392222222
    ],
    [
      0.4947777778,
      -0.2222222222,
      0.2777777778
    ],
    [
      0.0597777778,
      -0.2222222222,
      0.2777777778
    ],
    [
      -0.2222222222,
      0.4947777778,
      0.2777777778
    ],
    [
      -0.2222222222,
      0.0597777778,
      0.2777777778
    ],
    [
      0.0277777778,
      0.0277777778,
      0.0277777778
    ],
    [
      -0.4722222222,
      -0.4722222222,
      -0.4722222222
    ],
    [
      -0.4722222222,
      -0.4722222222,
      0.0277777778
    ],
    [
      0.0277777778,
      0.0277777778,
      -0.4722222222
    ],
    [
      -0.4722222222,
      0.0277777778,
      -0.4722222222
    ],
    [
      0.0277777778,
      -0.4722222222,
      0.0277777778
    ],
    [
      0.0277777778,
      -0.4722222222,
      -0.4722222222
    ],
    [
      -0.4722222222,
      0.0277777778,
      0.0277777778
    ],
    [
      -0.0332222222,
      0.0887777778,
      0.0887777778
    ],
    [
      -0.4112222222,
      0.4667777778,
      0.4667777778
    ],
    [
      -0.4112222222,
      0.4667777778,
      0.0887777778
    ],
    [
      -0.0332222222,
      0.0887777778,
      0.4667777778
    ],
    [
      -0.4112222222,
      0.0887777778,
      0.4667777778
    ],
    [
      -0.0332222222,
      0.4667777778,
      0.0887777778
    ],
    [
      -0.0332222222,
      0.4667777778,
      0.4667777778
    ],
    [
      -0.4112222222,
      0.0887777778,
      0.0887777778
    ],
    [
      0.0887777778,
      -0.0332222222,
      0.0887777778
    ],
    [
      0.4667777778,
      -0.4112222222,
      0.4667777778
    ],
    [
      0.0887777778,
      -0.4112222222,
      0.4667777778
    ],
    [
      0.4667777778,
      -0.0332222222,
      0.0887777778
    ],
    [
      0.4667777778,
      -0.4112222222,
      0.0887777778
    ],
    [
      0.0887777778,
      -0.0332222222,
      0.4667777778
    ],
    [
      0.4667777778,
      -0.0332222222,
      0.4667777778
    ],
    [
      0.0887777778,
      -0.4112222222,
      0.0887777778
    ],
    [
      0.0887777778,
      0.0887777778,
      -0.0332222222
    ],
    [
      0.4667777778,
      0.4667777778,
      -0.4112222222
    ],
    [
      0.4667777778,
      0.0887777778,
      -0.4112222222
    ],
    [
      0.0887777778,
      0.4667777778,
      -0.0332222222
    ],
    [
      0.0887777778,
      0.4667777778,
      -0.4112222222
    ],
    [
      0.4667777778,
      0.0887777778,
      -0.0332222222
    ],
    [
      0.4667777778,
      0.4667777778,
      -0.0332222222
    ],
    [
      0.0887777778,
      0.0887777778,
      -0.4112222222
    ],
    [
      -0.0332222222,
      -0.4112222222,
      -0.4112222222
    ],
    [
      -0.4112222222,
      -0.0332222222,
      -0.0332222222
    ],
    [
      -0.4112222222,
      -0.0332222222,
      -0.4112222222
    ],
    [
      -0.0332222222,
      -0.4112222222,
      -0.0332222222
    ],
    [
      -0.4112222222,
      -0.4112222222,
      -0.0332222222
    ],
    [
      -0.0332222222,
      -0.0332222222,
      -0.4112222222
    ],
    [
      -0.0332222222,
      -0.0332222222,
      -0.0332222222
    ],
    [
      -0.4112222222,
      -0.4112222222,
      -0.4112222222
    ]
  ],
  "lattice_vectors": [
    [
      1.0,
      0.0,
      0.0
    ],
    [
      0.0,
      1.0,
      0.0
    ],
    [
      0.0,
      0.0,
      1.0
    ]
  ]
}