{"gap_range_of_max": [0.4823013122412463, 0.5364544988782366], "mid_gaps": [0.5093779055597414], "gap_ranges": [[0.4823013122412463, 0.5364544988782366]], "mid_gap_of_max": 0.5093779055597414, "band_nos": [2], "max_gap": 10.631239801711226, "fill_fraction": 0.194774, "gap": [10.631239801711226]}