{"max_gap": 1.4764907568440166, "mid_gaps": [0.34326321524535364], "gap_range_of_max": [0.340729090422982, 0.3457973400677253], "fill_fraction": 0.34647, "band_nos": [4], "mid_gap_of_max": 0.34326321524535364, "gap_ranges": [[0.340729090422982, 0.3457973400677253]], "gap": [1.4764907568440166]}