{"gap": [4.229889051311437], "gap_ranges": [[0.513831608187538, 0.5360357197667557]], "max_gap": 4.229889051311437, "mid_gap_of_max": 0.5249336639771469, "fill_fraction": 0.341615, "band_nos": [8], "gap_range_of_max": [0.513831608187538, 0.5360357197667557], "mid_gaps": [0.5249336639771469]}