{"gap_range_of_max": [0.371487725242216, 0.4425214679785443], "gap": [17.45281093331906], "fill_fraction": 0.326581, "max_gap": 17.45281093331906, "mid_gaps": [0.40700459661038013], "band_nos": [2], "mid_gap_of_max": 0.40700459661038013, "gap_ranges": [[0.371487725242216, 0.4425214679785443]]}