{"gap_range_of_max": [0.2988775624850364, 0.3695883845156605], "gap_ranges": [[0.2988775624850364, 0.3695883845156605]], "fill_fraction": 0.310996, "strict_calculated": true, "max_gap": 21.156147848037005, "mid_gap_of_max": 0.3342329735003484, "mid_gaps": [0.3342329735003484], "gap": [21.156147848037005], "band_nos": [2]}