{"mid_gap_of_max": 0.40360878262868094, "mid_gaps": [0.40360878262868094], "max_gap": 0.5058816862484867, "fill_fraction": 0.499568, "gap": [0.5058816862484867], "band_nos": [2], "gap_range_of_max": [0.402587891170976, 0.40462967408638584], "gap_ranges": [[0.402587891170976, 0.40462967408638584]]}