{"gap": [12.382645700205426], "gap_ranges": [[0.376969720043004, 0.42672932251068824]], "gap_range_of_max": [0.376969720043004, 0.42672932251068824], "band_nos": [4], "mid_gaps": [0.40184952127684614], "max_gap": 12.382645700205426, "fill_fraction": 0.137697, "mid_gap_of_max": 0.40184952127684614}