{"mid_gap_of_max": 0.3367842611287827, "fill_fraction": 0.355466, "gap": [1.8847781899924372], "gap_ranges": [[0.333610442978241, 0.33995807927932437]], "band_nos": [4], "gap_range_of_max": [0.333610442978241, 0.33995807927932437], "max_gap": 1.8847781899924372, "_status": {"mP12-SiO2_r-/461e6396/check_runnin/0000/93698ba23c1217f92d28aadb7447f629": 1, "mP12-SiO2_r-/461e6396/mpb-mP12-SiO/0000/b55affbbc65001d9a867de40477b885a": 6, "mP12-SiO2_r-/461e6396/store_data/0000/4ffd69d435d11e82b9b89055805f0bd4": 1, "mP12-SiO2_r-/461e6396/strict-mpb-m/0000/cead7385f17a1a901cbc78d08524d5a2": 1, "mP12-SiO2_r-/461e6396/store_fill/0000/5bb913bde83097a89f9d33ff012b8933": 1, "mP12-SiO2_r-/461e6396/store_strict/0000/56048dcc6a4c61a3e0a56f2aca9cecfa": 1}, "mid_gaps": [0.3367842611287827], "run_me": true}