{"mid_gaps": [0.5140045009083174], "run_me": true, "_status": {"tP12-AlBr4Cu/e8dde507/mpb-tP12-AlB/0000/b656b7c86f6ba9e4babbdd2d224d0d3d": 1, "tP12-AlBr4Cu/e8dde507/strict-mpb-t/0000/5bf7c133061d206492561a74c5ecd3a6": 1, "tP12-AlBr4Cu/e8dde507/store_strict/0000/b109af0e3e7f2e52628092ca2b29b84e": 1, "tP12-AlBr4Cu/e8dde507/store_fill/0000/36826a4a1ccf560cc57015ae47ba7239": 1, "tP12-AlBr4Cu/e8dde507/store_data/0000/127f00fdcf5c986e353d819f0110de52": 1, "tP12-AlBr4Cu/e8dde507/check_runnin/0000/22d92c2810809c028b1cba4b184c385b": 1}, "gap_ranges": [[0.513730372619417, 0.5142786291972177]], "fill_fraction": 0.323038, "band_nos": [16], "gap": [0.10666376983682656], "mid_gap_of_max": 0.5140045009083174, "max_gap": 0.10666376983682656, "gap_range_of_max": [0.513730372619417, 0.5142786291972177]}