{"band_nos": [16], "mid_gap_of_max": 0.6107986609097804, "max_gap": 1.7891580655809625, "mid_gaps": [0.6107986609097804], "gap_ranges": [[0.605334584156716, 0.6162627376628448]], "fill_fraction": 0.217763, "gap": [1.7891580655809625], "gap_range_of_max": [0.605334584156716, 0.6162627376628448]}