{
  "basis": [
    [
      0.07292,
      0.00036,
      0.17674
    ],
    [
      0.92708,
      0.99964,
      0.82326
    ],
    [
      0.83168,
      0.94552,
      0.31113
    ],
    [
      0.16832,
      0.05448,
      0.68887
    ],
    [
      0.00612,
      0.14473,
      0.31184
    ],
    [
      0.99388,
      0.85527,
      0.68816
    ],
    [
      0.23909,
      0.01003,
      0.37323
    ],
    [
      0.76091,
      0.98997,
      0.62677
    ],
    [
      0.78223,
      0.37474,
      0.05849
    ],
    [
      0.21777,
      0.62526,
      0.94151
    ],
    [
      0.5921,
      0.17605,
      0.03117
    ],
    [
      0.4079,
      0.82395,
      0.96883
    ],
    [
      0.51082,
      0.30715,
      0.17458
    ],
    [
      0.48918,
      0.69285,
      0.82542
    ],
    [
      0.37938,
      0.32142,
      0.978
    ],
    [
      0.62062,
      0.67858,
      0.022
    ],
    [
      0.31104,
      0.68864,
      0.47249
    ],
    [
      0.68896,
      0.31136,
      0.52751
    ],
    [
      0.92737,
      0.62577,
      0.36581
    ],
    [
      0.07263,
      0.37423,
      0.63419
    ],
    [
      0.20456,
      0.50517,
      0.35888
    ],
    [
      0.79544,
      0.49483,
      0.64112
    ],
    [
      0.24277,
      0.68078,
      0.26975
    ],
    [
      0.75723,
      0.31922,
      0.73025
    ]
  ],
  "structure": "aP24-P",
  "lattice_vectors": [
    [
      1.0,
      0.0,
      0.0
    ],
    [
      -0.3648495177,
      1.9346127742,
      0.0
    ],
    [
      -0.3354839291,
      -0.2153942616,
      1.9606063376
    ]
  ],
  "nbands": 20
}