{"band_nos": [2], "gap_range_of_max": [0.515712938828906, 0.5552868172062252], "max_gap": 7.3900816791634245, "mid_gap_of_max": 0.5354998780175656, "gap": [7.3900816791634245], "mid_gaps": [0.5354998780175656], "gap_ranges": [[0.515712938828906, 0.5552868172062252]], "fill_fraction": 0.156331}