{"max_gap": 14.239006648228889, "gap_ranges": [[0.430871491431076, 0.4969260696320158]], "gap": [14.239006648228889], "gap_range_of_max": [0.430871491431076, 0.4969260696320158], "mid_gaps": [0.4638987805315459], "fill_fraction": 0.195329, "band_nos": [2], "mid_gap_of_max": 0.4638987805315459}