{"strict_calculated": true, "fill_fraction": 0.377504, "gap_ranges": [[0.511250541871366, 0.6055261617449829]], "mid_gap_of_max": 0.5583883518081745, "gap": [16.88352193743532], "gap_range_of_max": [0.511250541871366, 0.6055261617449829], "max_gap": 16.88352193743532, "band_nos": [12], "mid_gaps": [0.5583883518081745]}