{"strict_calculated": true, "max_gap": 0.48929175921986284, "gap_ranges": [[0.7536503383073707, 0.7573469308674254]], "mid_gap_of_max": 0.7554986345873981, "gap": [0.48929175921986284], "fill_fraction": 0.132074, "mid_gaps": [0.7554986345873981], "_status": {"cP20-CsCd(NO/8e8a21d2/check_runnin/0000/5bbb81e595e8574cd2eb24ffae1ed5f5": 1, "cP20-CsCd(NO/8e8a21d2/store_fill/0000/b9f9db3edd621752408f7dd17019b3fb": 1, "cP20-CsCd(NO/8e8a21d2/mpb-cP20-CsC/0000/6904cf7ac75db69d33522e994e5e3712": 1, "cP20-CsCd(NO/8e8a21d2/strict-mpb-c/0000/97eb83f432332e9113799cf46d7b9ea0": 1, "cP20-CsCd(NO/8e8a21d2/store_strict/0000/8456fe2306e92c18391f5dc854370bd2": 1, "cP20-CsCd(NO/8e8a21d2/store_data/0000/23e9edec316635c359a42ea924d0bf72": 1}, "band_nos": [17], "gap_range_of_max": [0.7536503383073707, 0.7573469308674254]}