{"max_gap": 2.6983644292105247, "mid_gaps": [0.5100850291347849], "gap_ranges": [[0.503203052642334, 0.5169670056272357]], "band_nos": [6], "fill_fraction": 0.241588, "mid_gap_of_max": 0.5100850291347849, "gap_range_of_max": [0.503203052642334, 0.5169670056272357], "gap": [2.6983644292105247]}