{"gap_range_of_max": [0.3046652329466732, 0.30478040706294246], "max_gap": 0.037796354164546964, "mid_gaps": [0.3047228200048078], "fill_fraction": 0.643403, "gap_ranges": [[0.3046652329466732, 0.30478040706294246]], "band_nos": [2], "mid_gap_of_max": 0.3047228200048078, "gap": [0.037796354164546964]}