{"gap": [3.8276059725334286, 3.998891891543049], "_status": {"mC20-Ga2Se3_/afae7205/check_runnin/0000/e0876ae7e4dbadfc3778aaf7b8e83a29": 1, "mC20-Ga2Se3_/afae7205/store_fill/0000/2af7911ea5bea0936772942087fd89ea": 1, "mC20-Ga2Se3_/afae7205/store_data/0000/0cc9d0963f73dc17f1719401be39a209": 1, "mC20-Ga2Se3_/afae7205/store_strict/0000/61edd1e38328dddd67c3c3d16fa55572": 1, "mC20-Ga2Se3_/afae7205/mpb-mC20-Ga2/0000/4562de264fef281e1cf94ccbc837b6b2": 7, "mC20-Ga2Se3_/afae7205/strict-mpb-m/0000/e21d5fbd133671f6052dc827a67953d9": 1}, "band_nos": [12, 18], "max_gap": 3.998891891543049, "mid_gap_of_max": 0.8845361641789256, "gap_ranges": [[0.712141257517974, 0.7399310609108174], [0.866850341705367, 0.9022219866524842]], "fill_fraction": 0.196, "gap_range_of_max": [0.866850341705367, 0.9022219866524842], "run_me": true, "mid_gaps": [0.7260361592143957, 0.8845361641789256]}