{"band_nos": [2], "gap_ranges": [[0.2979723138122104, 0.3174630174705309]], "gap": [6.333956686463323], "strict_calculated": true, "fill_fraction": 0.261939, "mid_gap_of_max": 0.30771766564137065, "gap_range_of_max": [0.2979723138122104, 0.3174630174705309], "max_gap": 6.333956686463323, "mid_gaps": [0.30771766564137065]}