{"max_gap": 5.1917589995019595, "band_nos": [2], "mid_gap_of_max": 0.33027901038597046, "fill_fraction": 0.504364, "gap_range_of_max": [0.3217053652633806, 0.3388526555085603], "gap_ranges": [[0.3217053652633806, 0.3388526555085603]], "mid_gaps": [0.33027901038597046], "gap": [5.1917589995019595]}