{"gap_range_of_max": [0.31020858309354, 0.3624627725887135], "fill_fraction": 0.307108, "mid_gaps": [0.3363356778411267], "gap": [15.536320687291509], "mid_gap_of_max": 0.3363356778411267, "band_nos": [2], "gap_ranges": [[0.31020858309354, 0.3624627725887135]], "max_gap": 15.536320687291509}