{"equivalent_atoms": [0, 1, 2, 3, 4, 5, 6, 7, 8, 9, 10, 11, 12, 13, 14, 15, 16, 17, 18, 19, 20, 21, 22, 23, 24, 25], "number": 1, "std_lattice": [[1.0, 0.0, 0.0], [0.0, 1.765888289, 0.0], [0.0, -0.8829441445, 1.5293041186]], "international": "P1", "std_positions": [[0.6512307692, 0.3330384615, 0.6670384615], [0.1512307692, 0.6670384615, 0.3330384615], [0.0122307692, 0.3130384615, 0.9780384615], [0.0122307692, 0.0220384615, 0.3350384615], [0.0122307692, 0.6650384615, 0.6870384615], [0.5122307692, 0.6870384615, 0.0220384615], [0.5122307692, 0.9780384615, 0.6650384615], [0.5122307692, 0.3350384615, 0.3130384615], [0.2532307692, 0.8240384615, 0.0430384615], [0.2532307692, 0.9560384615, 0.7800384615], [0.2532307692, 0.2200384615, 0.1760384615], [0.7532307692, 0.1760384615, 0.9560384615], [0.7532307692, 0.0430384615, 0.2200384615], [0.7532307692, 0.7800384615, 0.8240384615], [0.3562307692, 0.5780384615, 0.1270384615], [0.3562307692, 0.8730384615, 0.4520384615], [0.3562307692, 0.5480384615, 0.4220384615], [0.8562307692, 0.4220384615, 0.8730384615], [0.8562307692, 0.1270384615, 0.5480384615], [0.8562307692, 0.4520384615, 0.5780384615], [0.4112307692, 0.1970384615, 0.7160384615], [0.4112307692, 0.2840384615, 0.4810384615], [0.4112307692, 0.5190384615, 0.8030384615], [0.9112307692, 0.8030384615, 0.2840384615], [0.9112307692, 0.7160384615, 0.5190384615], [0.9112307692, 0.4810384615, 0.1970384615]], "global_point_groups": ["1"], "site_point_groups": {"a": {"site_symmetry": ["1"], "name": "1a"}}, "wyckoffs": ["a", "a", "a", "a", "a", "a", "a", "a", "a", "a", "a", "a", "a", "a", "a", "a", "a", "a", "a", "a", "a", "a", "a", "a", "a", "a"]}