{"gap_ranges": [[0.4076794046691765, 0.4132302106118661]], "fill_fraction": 0.619503, "gap_range_of_max": [0.4076794046691765, 0.4132302106118661], "max_gap": 1.3523549582956662, "band_nos": [16], "mid_gap_of_max": 0.41045480764052134, "mid_gaps": [0.41045480764052134], "gap": [1.3523549582956662], "strict_calculated": true}