{"gap": [3.8746755247520746], "max_gap": 3.8746755247520746, "mid_gap_of_max": 0.5864355745218548, "band_nos": [12], "mid_gaps": [0.5864355745218548], "gap_ranges": [[0.575074336684636, 0.5977968123590737]], "gap_range_of_max": [0.575074336684636, 0.5977968123590737], "fill_fraction": 0.302477}