{"band_nos": [12], "strict_calculated": true, "fill_fraction": 0.32729, "gap_range_of_max": [0.525080878188537, 0.5470061036616084], "gap_ranges": [[0.525080878188537, 0.5470061036616084]], "gap": [4.090195262931641], "max_gap": 4.090195262931641, "mid_gaps": [0.5360434909250726], "mid_gap_of_max": 0.5360434909250726}