{"gap_range_of_max": [0.279457531786177, 0.3721286952057639], "gap": [28.4447889107185, 0.25878579175667404], "mid_gap_of_max": 0.32579311349597045, "mid_gaps": [0.32579311349597045, 0.4889696910143669], "gap_ranges": [[0.279457531786177, 0.3721286952057639], [0.488336998971196, 0.4896023830575378]], "max_gap": 28.4447889107185, "fill_fraction": 0.280564, "strict_calculated": true, "band_nos": [2, 8]}