{"mid_gap_of_max": 0.5319114743218478, "gap_range_of_max": [0.524766072994264, 0.5390568756494317], "gap": [2.686688169941638], "band_nos": [16], "strict_calculated": true, "fill_fraction": 0.244694, "mid_gaps": [0.5319114743218478], "gap_ranges": [[0.524766072994264, 0.5390568756494317]], "max_gap": 2.686688169941638}