{"gap": [0.8054188715343255], "gap_ranges": [[0.298424957912205, 0.3008382473850181]], "band_nos": [4], "max_gap": 0.8054188715343255, "mid_gaps": [0.29963160264861155], "gap_range_of_max": [0.298424957912205, 0.3008382473850181], "mid_gap_of_max": 0.29963160264861155, "fill_fraction": 0.399305}