{"gap": [14.5417139801061], "gap_range_of_max": [0.46967802568065, 0.5433325779658618], "fill_fraction": 0.161176, "mid_gaps": [0.5065053018232559], "max_gap": 14.5417139801061, "band_nos": [2], "mid_gap_of_max": 0.5065053018232559, "gap_ranges": [[0.46967802568065, 0.5433325779658618]]}