{"max_gap": 6.082025597349214, "fill_fraction": 0.409954, "band_nos": [5], "gap_ranges": [[0.345355839054653, 0.3670192568971169]], "gap": [6.082025597349214], "gap_range_of_max": [0.345355839054653, 0.3670192568971169], "mid_gaps": [0.3561875479758849], "mid_gap_of_max": 0.3561875479758849}