{"gap_range_of_max": [0.55554278947325, 0.6238572583225216], "mid_gaps": [0.5897000238978858], "band_nos": [4], "fill_fraction": 0.11192, "max_gap": 11.584613546004155, "mid_gap_of_max": 0.5897000238978858, "gap_ranges": [[0.55554278947325, 0.6238572583225216]], "gap": [11.584613546004155]}