{
  "basis": [
    [
      -0.2272727273,
      -0.4545454545,
      -0.2727272727
    ],
    [
      -0.2272727273,
      0.0454545455,
      0.2272727273
    ],
    [
      0.2727272727,
      -0.4515454545,
      -0.2697272727
    ],
    [
      -0.2272727273,
      0.0424545455,
      -0.2757272727
    ],
    [
      0.2717272727,
      0.5444545455,
      0.2272727273
    ],
    [
      0.2737272727,
      0.0464545455,
      -0.2727272727
    ],
    [
      -0.2272727273,
      -0.4545454545,
      0.2272727273
    ],
    [
      0.2727272727,
      0.0454545455,
      0.2272727273
    ],
    [
      0.3867272727,
      -0.2045454545,
      -0.4087272727
    ],
    [
      0.1587272727,
      0.2954545455,
      -0.1367272727
    ],
    [
      -0.3632727273,
      -0.3675454545,
      0.0082727273
    ],
    [
      -0.0332727273,
      -0.0415454545,
      0.0042727273
    ],
    [
      -0.4212727273,
      0.1284545455,
      0.4462727273
    ],
    [
      -0.0912727273,
      0.4624545455,
      0.4502727273
    ],
    [
      -0.0452727273,
      0.4764545455,
      0.1122727273
    ],
    [
      0.2267272727,
      0.1144545455,
      -0.5217272727
    ],
    [
      0.3187272727,
      0.3424545455,
      0.3422727273
    ],
    [
      -0.4092727273,
      0.2484545455,
      -0.0237272727
    ],
    [
      0.3127272727,
      -0.0285454545,
      -0.0287272727
    ],
    [
      -0.4092727273,
      -0.3805454545,
      0.3412727273
    ],
    [
      -0.0452727273,
      -0.1585454545,
      -0.5167272727
    ],
    [
      0.2327272727,
      -0.2505454545,
      0.1132727273
    ]
  ],
  "lattice_vectors": [
    [
      -0.4959239429,
      0.5123820433,
      0.7010877867
    ],
    [
      0.4959239429,
      -0.5123820433,
      0.7010877867
    ],
    [
      0.4959239429,
      0.5123820433,
      -0.7010877867
    ]
  ],
  "nbands": 20,
  "structure": "oI44-Na2MgAlF7_r"
}