{"gap_range_of_max": [0.42124851375266, 0.4250391938654763], "max_gap": 0.8958372143875933, "mid_gap_of_max": 0.42314385380906816, "band_nos": [4], "gap_ranges": [[0.42124851375266, 0.4250391938654763]], "fill_fraction": 0.295618, "mid_gaps": [0.42314385380906816], "gap": [0.8958372143875933]}