{"gap": [5.10713155320495], "gap_range_of_max": [0.532336992405177, 0.5602365771618453], "band_nos": [6], "mid_gap_of_max": 0.5462867847835111, "max_gap": 5.10713155320495, "gap_ranges": [[0.532336992405177, 0.5602365771618453]], "fill_fraction": 0.133833, "mid_gaps": [0.5462867847835111]}