{"mid_gap_of_max": 0.4031791223274696, "gap_range_of_max": [0.3892411810931129, 0.4171170635618263], "max_gap": 6.914019334084478, "fill_fraction": 0.325799, "gap": [6.914019334084478], "band_nos": [4], "gap_ranges": [[0.3892411810931129, 0.4171170635618263]], "mid_gaps": [0.4031791223274696]}