{"gap_range_of_max": [0.4823821043362598, 0.5505757613408465], "gap_ranges": [[0.4823821043362598, 0.5505757613408465]], "mid_gaps": [0.5164789328385532], "gap": [13.203569917130276], "mid_gap_of_max": 0.5164789328385532, "max_gap": 13.203569917130276, "fill_fraction": 0.10023, "band_nos": [2]}