{"mid_gaps": [0.4893463257617243], "mid_gap_of_max": 0.4893463257617243, "max_gap": 1.2353487485545638, "gap_ranges": [[0.4863237589060267, 0.49236889261742195]], "gap": [1.2353487485545638], "_status": {"oP6-CoTe2_r-/39473f1e/strict-mpb-o/0000/3f3f7b22527a0bc4be4749dbd3e3034b": 1, "oP6-CoTe2_r-/39473f1e/store_data/0000/a640f9dd3370423ded1570b7e78086e5": 1, "oP6-CoTe2_r-/39473f1e/store_fill/0000/18188aebfc7f0abbabc5a1ef0fcce2c4": 1, "oP6-CoTe2_r-/39473f1e/mpb-oP6-CoTe/0000/13d713de1843752a0308e3f374381ccf": 6, "oP6-CoTe2_r-/39473f1e/store_strict/0000/39b65c9735c781b01cc1075e5b443bf4": 1, "oP6-CoTe2_r-/39473f1e/check_runnin/0000/9a1b23812e412f7aea86d75cd65a4f76": 1}, "run_me": true, "gap_range_of_max": [0.4863237589060267, 0.49236889261742195], "fill_fraction": 0.300325, "band_nos": [8]}