{"band_nos": [5], "mid_gaps": [0.4626171405968259], "gap": [0.8139439889199658], "gap_range_of_max": [0.460734418393025, 0.4644998628006268], "gap_ranges": [[0.460734418393025, 0.4644998628006268]], "fill_fraction": 0.280344, "max_gap": 0.8139439889199658, "mid_gap_of_max": 0.4626171405968259}