{"gap_range_of_max": [0.397822677822587, 0.482038867441628], "fill_fraction": 0.157238, "mid_gaps": [0.4399307726321075], "gap": [19.14305496639263], "mid_gap_of_max": 0.4399307726321075, "band_nos": [2], "gap_ranges": [[0.397822677822587, 0.482038867441628]], "max_gap": 19.14305496639263}