{"mid_gaps": [1.043577576804421], "gap_range_of_max": [1.034733599826562, 1.0524215537822799], "fill_fraction": 0.059751, "gap": [1.6949342673575356], "mid_gap_of_max": 1.043577576804421, "band_nos": [13], "gap_ranges": [[1.034733599826562, 1.0524215537822799]], "max_gap": 1.6949342673575356}