{"max_gap": 0.576268810079578, "gap": [0.576268810079578], "gap_range_of_max": [0.23690785365363, 0.23827702477594112], "fill_fraction": 0.689742, "mid_gaps": [0.23759243921478557], "band_nos": [4], "gap_ranges": [[0.23690785365363, 0.23827702477594112]], "mid_gap_of_max": 0.23759243921478557}