{"band_nos": [4, 12], "fill_fraction": 0.345522, "max_gap": 14.925114692617553, "gap": [14.925114692617553, 0.8757651274498932], "gap_ranges": [[0.2724201314210753, 0.31635804011446317], [0.4123613020268563, 0.4159885013826364]], "gap_range_of_max": [0.2724201314210753, 0.31635804011446317], "mid_gaps": [0.29438908576776923, 0.41417490170474636], "strict_calculated": true, "mid_gap_of_max": 0.29438908576776923}