{"fill_fraction": 0.183881, "max_gap": 22.77422451962405, "mid_gap_of_max": 0.7126791752734711, "band_nos": [8], "gap_range_of_max": [0.631525597532778, 0.7938327530141642], "gap_ranges": [[0.631525597532778, 0.7938327530141642]], "mid_gaps": [0.7126791752734711], "gap": [22.77422451962405]}