{"gap": [10.615008479797813], "max_gap": 10.615008479797813, "fill_fraction": 0.514884, "mid_gaps": [0.2800621980045924], "band_nos": [2], "gap_range_of_max": [0.2651978849711446, 0.2949265110380403], "mid_gap_of_max": 0.2800621980045924, "gap_ranges": [[0.2651978849711446, 0.2949265110380403]]}