{"_status": {"hP4-La_r-10/dee9b4dd/mpb-hP4-La_r/0000/8c0429688b27e1efa4b8967776e04f9a": 1, "hP4-La_r-10/dee9b4dd/strict-mpb-h/0000/d39616e9a3488a7e57adc6054f8932c8": 1, "hP4-La_r-10/dee9b4dd/store_data/0000/1753c77dda50607733ed1bb5defeb0a6": 1, "hP4-La_r-10/dee9b4dd/store_fill/0000/1467507ae2b78736c78f68f37193b126": 1, "hP4-La_r-10/dee9b4dd/check_runnin/0000/a8bf89f6ead76d00def7644d43bae026": 1, "hP4-La_r-10/dee9b4dd/store_strict/0000/c437348b4207df3d3fbf503f8a672b85": 1}, "max_gap": 0.9241118899143084, "fill_fraction": 0.355613, "gap": [0.9241118899143084], "gap_range_of_max": [0.34563159716747, 0.34884044653145435], "gap_ranges": [[0.34563159716747, 0.34884044653145435]], "mid_gap_of_max": 0.3472360218494622, "band_nos": [8], "mid_gaps": [0.3472360218494622], "run_me": true}