{"gap": [19.29984235756156], "gap_range_of_max": [0.5760367069009, 0.6990849408416304], "mid_gaps": [0.6375608238712652], "band_nos": [10], "mid_gap_of_max": 0.6375608238712652, "strict_calculated": true, "max_gap": 19.29984235756156, "fill_fraction": 0.211948, "gap_ranges": [[0.5760367069009, 0.6990849408416304]]}