{"gap": [21.001758473190765], "_status": {"tP12-PNO/81c73404/check_runnin/0000/49aefcb8402cbb607c088f2608d21ff3": 1, "tP12-PNO/81c73404/store_data/0000/2260a427ee90ac29170181be1502724e": 1, "tP12-PNO/81c73404/mpb-tP12-PNO/0000/760ca071086bf04ebc5396dadd66a15d": 1, "tP12-PNO/81c73404/store_strict/0000/aff8a6414c2f44d459cafe98cc72ce82": 1, "tP12-PNO/81c73404/strict-mpb-t/0000/4414f6a5cf7ce80367cf708f48a8e992": 1, "tP12-PNO/81c73404/store_fill/0000/167c0f7499bc91120d7743e4a8e8e1de": 1}, "band_nos": [4], "strict_calculated": true, "gap_ranges": [[0.348481025308371, 0.4302551730719417]], "mid_gap_of_max": 0.38936809919015636, "fill_fraction": 0.22356, "max_gap": 21.001758473190765, "mid_gaps": [0.38936809919015636], "gap_range_of_max": [0.348481025308371, 0.4302551730719417]}