{
  "structure": "oI24-Al9Cu11.5_r",
  "nbands": 20,
  "basis": [
    [
      -0.3695,
      0.2138333333,
      0.0
    ],
    [
      0.1125,
      -0.3041666667,
      0.0
    ],
    [
      -0.1185,
      0.4648333333,
      0.0
    ],
    [
      0.3915,
      -0.0251666667,
      0.0
    ],
    [
      0.3575,
      0.3178333333,
      -0.377
    ],
    [
      0.1115,
      0.3178333333,
      0.377
    ],
    [
      -0.0725,
      -0.1691666667,
      -0.32
    ],
    [
      -0.4325,
      -0.1691666667,
      0.32
    ],
    [
      0.1725,
      0.0968333333,
      -0.341
    ],
    [
      -0.1455,
      0.0968333333,
      0.341
    ],
    [
      -0.3245,
      -0.4201666667,
      -0.321
    ],
    [
      0.3175,
      -0.4201666667,
      0.321
    ]
  ],
  "lattice_vectors": [
    [
      -0.3181839938,
      0.546042952,
      0.7749813163
    ],
    [
      0.3181839938,
      -0.546042952,
      0.7749813163
    ],
    [
      0.3181839938,
      0.546042952,
      -0.7749813163
    ]
  ]
}