{"fill_fraction": 0.504364, "mid_gap_of_max": 0.3612440317457176, "band_nos": [2], "run_me": true, "mid_gaps": [0.3612440317457176], "gap_range_of_max": [0.3570788481506913, 0.3654092153407439], "gap_ranges": [[0.3570788481506913, 0.3654092153407439]], "gap": [2.306022095312108], "_status": {"tI48-Ge8S16-/d1f36220/strict-mpb-t/0000/a16b52c2f1531b5170d5df1e7e83a0d2": 1, "tI48-Ge8S16-/d1f36220/mpb-tI48-Ge8/0000/514e155e7de51e620f605b2165b4f09a": 1, "tI48-Ge8S16-/d1f36220/store_strict/0000/6fb92d4afa40e6c2b8c6869a4cffd5ac": 1, "tI48-Ge8S16-/d1f36220/store_fill/0000/49576c3ebd64661135afe2fb0632ca8b": 1, "tI48-Ge8S16-/d1f36220/store_data/0000/d68e6e4b8d589f985247346ade69632c": 1, "tI48-Ge8S16-/d1f36220/check_runnin/0000/b6d588649fc1755968465c151fd219c5": 1}, "max_gap": 2.306022095312108}