{"mid_gap_of_max": 0.36974167079862785, "gap_range_of_max": [0.365012865837845, 0.3744704757594108], "max_gap": 2.5578966799002156, "fill_fraction": 0.415906, "gap": [2.5578966799002156], "band_nos": [4], "gap_ranges": [[0.365012865837845, 0.3744704757594108]], "mid_gaps": [0.36974167079862785]}