{"mid_gaps": [0.8363354454993516], "fill_fraction": 0.039991, "strict_calculated": true, "band_nos": [8], "mid_gap_of_max": 0.8363354454993516, "gap_range_of_max": [0.823704256380196, 0.8489666346185072], "gap_ranges": [[0.823704256380196, 0.8489666346185072]], "max_gap": 3.0206035597627428, "gap": [3.0206035597627428]}