{"gap": [1.5045901362729708], "mid_gaps": [0.3592390600147005], "strict_calculated": true, "gap_ranges": [[0.35653652228339, 0.36194159774601103]], "mid_gap_of_max": 0.3592390600147005, "max_gap": 1.5045901362729708, "gap_range_of_max": [0.35653652228339, 0.36194159774601103], "band_nos": [6], "fill_fraction": 0.343327}