{"gap_ranges": [[0.750878457275754, 0.7714248970658669]], "band_nos": [12], "gap": [2.699388361920565], "mid_gap_of_max": 0.7611516771708104, "fill_fraction": 0.145265, "max_gap": 2.699388361920565, "_status": {"hP28-Si3N4_r/37f881c6/mpb-hP28-Si3/0000/99514e4b17b2448dc482a67bb3c06869": 1, "hP28-Si3N4_r/37f881c6/strict-mpb-h/0000/85bdcdebf5c3479e61e8c7afa5270191": 1, "hP28-Si3N4_r/37f881c6/store_fill/0000/b65b811f29079a74b466f4d08e820678": 1, "hP28-Si3N4_r/37f881c6/store_strict/0000/ee9c4afe3c4ac76e2c1730e9c3469d83": 1, "hP28-Si3N4_r/37f881c6/store_data/0000/227a63a85e7a9029c15e0bf865218d99": 1, "hP28-Si3N4_r/37f881c6/check_runnin/0000/751ac7fc470564208e06a80747660e29": 1}, "mid_gaps": [0.7611516771708104], "strict_calculated": true, "gap_range_of_max": [0.750878457275754, 0.7714248970658669]}