{"gap_range_of_max": [0.404785780909196, 0.4730641387479129], "max_gap": 15.555815706034615, "fill_fraction": 0.184906, "band_nos": [2], "gap": [15.555815706034615], "mid_gap_of_max": 0.43892495982855445, "gap_ranges": [[0.404785780909196, 0.4730641387479129]], "mid_gaps": [0.43892495982855445]}