{"mid_gaps": [0.5148434522288816], "fill_fraction": 0.27019, "strict_calculated": true, "gap_range_of_max": [0.4912733750987595, 0.5384135293590038], "gap_ranges": [[0.4912733750987595, 0.5384135293590038]], "mid_gap_of_max": 0.5148434522288816, "max_gap": 9.156211282509878, "gap": [9.156211282509878], "band_nos": [12]}