{"max_gap": 4.51576593038617, "mid_gap_of_max": 0.3929545344722012, "gap_ranges": [[0.38408208097739954, 0.4018269879670028]], "gap_range_of_max": [0.38408208097739954, 0.4018269879670028], "mid_gaps": [0.3929545344722012], "fill_fraction": 0.485116, "band_nos": [2], "gap": [4.51576593038617]}