{"max_gap": 4.51576593038617, "mid_gap_of_max": 0.39295453447220113, "gap_ranges": [[0.3840820809773995, 0.4018269879670028]], "gap_range_of_max": [0.3840820809773995, 0.4018269879670028], "mid_gaps": [0.39295453447220113], "fill_fraction": 0.485116, "band_nos": [2], "gap": [4.51576593038617]}