{"band_nos": [2, 8], "max_gap": 7.231793984071561, "mid_gaps": [0.41187465477965424, 0.6094085803787812], "gap": [7.231793984071561, 0.12834346664984303], "gap_range_of_max": [0.3969816915265189, 0.4267676180327895], "fill_fraction": 0.275351, "mid_gap_of_max": 0.41187465477965424, "gap_ranges": [[0.3969816915265189, 0.4267676180327895], [0.609017512329721, 0.6097996484278414]]}