{"mid_gaps": [0.700000594141555], "gap": [7.449215519102692], "mid_gap_of_max": 0.700000594141555, "max_gap": 7.449215519102692, "band_nos": [10], "fill_fraction": 0.218921, "gap_ranges": [[0.673928317695253, 0.7260728705878572]], "gap_range_of_max": [0.673928317695253, 0.7260728705878572]}