{"run_me": true, "_status": {"tI28-Fe2S4Sn/6ce9abd1/store_data/0000/3935139b4980b6972c2b18faa9425484": 1, "tI28-Fe2S4Sn/6ce9abd1/mpb-tI28-Fe2/0000/cff4acc784f2a340ab382ead7cc8280c": 3, "tI28-Fe2S4Sn/6ce9abd1/store_fill/0000/b7150b491a17196fda1cdcff0fbd8d33": 1, "tI28-Fe2S4Sn/6ce9abd1/store_strict/0000/43d02ff4993a3ed05dadffa205420c39": 1, "tI28-Fe2S4Sn/6ce9abd1/strict-mpb-t/0000/b5930d7e60a72e4326cadf28b2856be2": 1, "tI28-Fe2S4Sn/6ce9abd1/check_runnin/0000/86cc7785518fb06f7b728a718f4f1f63": 1}, "mid_gaps": [0.6440124514740375], "mid_gap_of_max": 0.6440124514740375, "gap": [0.8733656692121737], "gap_range_of_max": [0.64120015964572, 0.646824743302355], "gap_ranges": [[0.64120015964572, 0.646824743302355]], "max_gap": 0.8733656692121737, "band_nos": [18], "fill_fraction": 0.545999}