{"gap": [1.9779100165237415], "gap_range_of_max": [0.423066647788229, 0.43151810651576145], "mid_gaps": [0.4272923771519952], "fill_fraction": 0.347774, "gap_ranges": [[0.423066647788229, 0.43151810651576145]], "band_nos": [4], "max_gap": 1.9779100165237415, "_status": {"tP12-PNO_r-6/2f6fc85f/check_runnin/0000/7fcf49d31b41d82e03d02f6bc7311f35": 1, "tP12-PNO_r-6/2f6fc85f/strict-mpb-t/0000/d0ede26350face2f97bf254775d9cf93": 1, "tP12-PNO_r-6/2f6fc85f/store_strict/0000/f3c4b989e1a85dca1545df2a17a09836": 1, "tP12-PNO_r-6/2f6fc85f/store_data/0000/8c50f7d00a6655fc1e73e5fd18c15911": 1, "tP12-PNO_r-6/2f6fc85f/store_fill/0000/d66754af653748035908a0be7e2e3924": 1, "tP12-PNO_r-6/2f6fc85f/mpb-tP12-PNO/0000/8da52243c97a2462d5f815e281419787": 1}, "mid_gap_of_max": 0.4272923771519952}