{"fill_fraction": 0.263074, "mid_gap_of_max": 0.3812008318996375, "max_gap": 2.794722820776263, "gap_range_of_max": [0.375874078578593, 0.3865275852206819], "gap": [2.794722820776263], "mid_gaps": [0.3812008318996375], "gap_ranges": [[0.375874078578593, 0.3865275852206819]], "band_nos": [4]}