{"band_nos": [2], "gap_range_of_max": [0.259589767275139, 0.2802527351193435], "mid_gap_of_max": 0.26992125119724125, "gap": [7.655183781400308], "gap_ranges": [[0.259589767275139, 0.2802527351193435]], "fill_fraction": 0.575227, "max_gap": 7.655183781400308, "mid_gaps": [0.26992125119724125]}