{"max_gap": 22.58516087511622, "mid_gap_of_max": 0.5082899123086548, "band_nos": [2], "mid_gaps": [0.5082899123086548], "gap_ranges": [[0.450890865105206, 0.5656889595121036]], "fill_fraction": 0.081153, "gap": [22.58516087511622], "gap_range_of_max": [0.450890865105206, 0.5656889595121036]}