{"strict_calculated": true, "gap_ranges": [[0.514280635604538, 0.5712385931007823]], "mid_gap_of_max": 0.5427596143526601, "max_gap": 10.494140682183351, "band_nos": [6], "gap_range_of_max": [0.514280635604538, 0.5712385931007823], "fill_fraction": 0.198814, "mid_gaps": [0.5427596143526601], "gap": [10.494140682183351]}