{"gap_ranges": [[0.3375850890338137, 0.4182858305780136]], "gap": [21.353048371180417], "mid_gaps": [0.37793545980591364], "fill_fraction": 0.259595, "gap_range_of_max": [0.3375850890338137, 0.4182858305780136], "band_nos": [2], "max_gap": 21.353048371180417, "mid_gap_of_max": 0.37793545980591364}