{"gap": [21.003171260702345], "band_nos": [8], "max_gap": 21.003171260702345, "fill_fraction": 0.177904, "mid_gaps": [0.6195388882296795], "gap_ranges": [[0.554477481368914, 0.6846002950904451]], "gap_range_of_max": [0.554477481368914, 0.6846002950904451], "mid_gap_of_max": 0.6195388882296795}