{"strict_calculated": true, "fill_fraction": 0.083295, "mid_gaps": [0.5904593702772628], "band_nos": [5], "gap_range_of_max": [0.590375768526031, 0.5905429720284946], "gap_ranges": [[0.590375768526031, 0.5905429720284946]], "gap": [0.02831752883935015], "mid_gap_of_max": 0.5904593702772628, "max_gap": 0.02831752883935015}