{"band_nos": [2], "max_gap": 2.6283084481761545, "mid_gaps": [0.43465668681133074], "gap_ranges": [[0.4289446276013183, 0.4403687460213431]], "mid_gap_of_max": 0.43465668681133074, "fill_fraction": 0.342007, "gap_range_of_max": [0.4289446276013183, 0.4403687460213431], "gap": [2.6283084481761545]}