{"_status": {"hR15-Ni3S2-1/1e217528/strict-mpb-h/0000/971c7e5cdff86e8fc81ca7378b8efb76": 1, "hR15-Ni3S2-1/1e217528/mpb-hR15-Ni3/0000/219f98e8abdd6ec4a2ab9d360f692b47": 1, "hR15-Ni3S2-1/1e217528/check_runnin/0000/6f9dc6a00f02d1feb6c03fa326e5367b": 1, "hR15-Ni3S2-1/1e217528/store_data/0000/9dc2eecb263dd2d4cce6364561ce66d5": 1, "hR15-Ni3S2-1/1e217528/store_fill/0000/917d7a237ae8bfb35f30eec9a6be7851": 1, "hR15-Ni3S2-1/1e217528/store_strict/0000/0c0fd560034e7c84dbbe3f6200139197": 1}, "mid_gap_of_max": 0.8158721527330012, "gap_range_of_max": [0.81247719420785, 0.8192671112581523], "run_me": true, "band_nos": [17], "gap_ranges": [[0.81247719420785, 0.8192671112581523]], "gap": [0.8322280675418792], "max_gap": 0.8322280675418792, "fill_fraction": 0.122155, "mid_gaps": [0.8158721527330012]}