{"mid_gap_of_max": 0.3448798111196916, "gap_range_of_max": [0.316916320246729, 0.37284330199265425], "max_gap": 16.216368700838615, "fill_fraction": 0.356321, "gap": [16.216368700838615], "mid_gaps": [0.3448798111196916], "gap_ranges": [[0.316916320246729, 0.37284330199265425]], "band_nos": [2]}