{"band_nos": [8], "gap_ranges": [[0.4031660848618, 0.4048919492688609]], "gap": [0.4271634793947938], "gap_range_of_max": [0.4031660848618, 0.4048919492688609], "mid_gaps": [0.40402901706533045], "max_gap": 0.4271634793947938, "_status": {"oP6-NaO2_r-1/b8eb2a6e/mpb-oP6-NaO2/0000/5e02c6a26ebf1fc5e1bf80b2f736d124": 6, "oP6-NaO2_r-1/b8eb2a6e/strict-mpb-o/0000/b943aa6abd9dcdc0cb95dc2754b76283": 1, "oP6-NaO2_r-1/b8eb2a6e/store_strict/0000/86edfbe38b7167496047c9e075032773": 1, "oP6-NaO2_r-1/b8eb2a6e/store_fill/0000/33f5f6922ea66f8b44de631da4dbe509": 1, "oP6-NaO2_r-1/b8eb2a6e/check_runnin/0000/13dff7f73c1f4974f32bfe1556520c87": 1, "oP6-NaO2_r-1/b8eb2a6e/store_data/0000/377b19dd82dc894c04760169273b4aad": 1}, "mid_gap_of_max": 0.40402901706533045, "fill_fraction": 0.404133, "run_me": true}