{"gap_ranges": [[0.581699474550085, 0.6118529162615496]], "fill_fraction": 0.279877, "mid_gaps": [0.5967761954058173], "gap_range_of_max": [0.581699474550085, 0.6118529162615496], "gap": [5.052721932207581], "_status": {"tP7-Cu2HgI4_/fc7b870a/mpb-tP7-Cu2H/0000/3072fb69388e8ffa913d96e8a1aaa311": 1, "tP7-Cu2HgI4_/fc7b870a/store_data/0000/f0f077b003e11df7203c5456f48ff84c": 1, "tP7-Cu2HgI4_/fc7b870a/store_strict/0000/bb4b673d80d1e7b33b0ba7664db9fab6": 1, "tP7-Cu2HgI4_/fc7b870a/store_fill/0000/8506f1e6b6998ab475489eddb03c3cb7": 1, "tP7-Cu2HgI4_/fc7b870a/check_runnin/0000/490ceb71c2a9e0ae0d132461e30ff053": 1, "tP7-Cu2HgI4_/fc7b870a/strict-mpb-t/0000/80cdbc5c3120458cf3ceada295e64dd7": 1}, "mid_gap_of_max": 0.5967761954058173, "max_gap": 5.052721932207581, "band_nos": [11]}