{
  "basis": [
    [
      0.48087,
      0.25,
      0.58697
    ],
    [
      0.51913,
      0.75,
      0.41303
    ],
    [
      0.01913,
      0.75,
      0.08697
    ],
    [
      0.98087,
      0.25,
      0.91303
    ],
    [
      0.667833,
      0.980267,
      0.91539
    ],
    [
      0.332167,
      0.019733,
      0.08461
    ],
    [
      0.832167,
      0.019733,
      0.41539
    ],
    [
      0.167833,
      0.980267,
      0.58461
    ],
    [
      0.332167,
      0.480267,
      0.08461
    ],
    [
      0.667833,
      0.519733,
      0.91539
    ],
    [
      0.167833,
      0.519733,
      0.58461
    ],
    [
      0.832167,
      0.480267,
      0.41539
    ],
    [
      0.60608,
      0.25,
      0.18939
    ],
    [
      0.39392,
      0.75,
      0.81061
    ],
    [
      0.89392,
      0.75,
      0.68939
    ],
    [
      0.10608,
      0.25,
      0.31061
    ],
    [
      0.42719,
      0.9518,
      0.68635
    ],
    [
      0.57281,
      0.0482,
      0.31365
    ],
    [
      0.07281,
      0.0482,
      0.18635
    ],
    [
      0.92719,
      0.9518,
      0.81365
    ],
    [
      0.57281,
      0.4518,
      0.31365
    ],
    [
      0.42719,
      0.5482,
      0.68635
    ],
    [
      0.92719,
      0.5482,
      0.81365
    ],
    [
      0.07281,
      0.4518,
      0.18635
    ],
    [
      0.28742,
      0.25,
      0.36352
    ],
    [
      0.71258,
      0.75,
      0.63648
    ],
    [
      0.21258,
      0.75,
      0.86352
    ],
    [
      0.78742,
      0.25,
      0.13648
    ],
    [
      0.50646,
      0.25,
      0.96301
    ],
    [
      0.49354,
      0.75,
      0.03699
    ],
    [
      0.99354,
      0.75,
      0.46301
    ],
    [
      0.00646,
      0.25,
      0.53699
    ],
    [
      0.73036,
      0.25,
      0.66739
    ],
    [
      0.26964,
      0.75,
      0.33261
    ],
    [
      0.76964,
      0.75,
      0.16739
    ],
    [
      0.23036,
      0.25,
      0.83261
    ]
  ],
  "structure": "oP36-Ba3GaS4Cl",
  "nbands": 20,
  "lattice_vectors": [
    [
      1.0,
      0.0,
      0.0
    ],
    [
      0.0,
      0.7792481899,
      0.0
    ],
    [
      0.0,
      0.0,
      0.6871656619
    ]
  ]
}