{"gap_range_of_max": [0.69992093640487, 0.7336483692293257], "gap_ranges": [[0.598489966929191, 0.6181657991401907], [0.69992093640487, 0.7336483692293257]], "band_nos": [8, 11], "fill_fraction": 0.298852, "mid_gaps": [0.6083278830346908, 0.7167846528170978], "mid_gap_of_max": 0.7167846528170978, "gap": [3.2344123555285718, 4.705378762212671], "max_gap": 4.705378762212671}