{"band_nos": [8], "_status": {"hP4-La_r-12/f3ae27b1/check_runnin/0000/569f27006f48ce4096ac26664aaea7c8": 1, "hP4-La_r-12/f3ae27b1/strict-mpb-h/0000/6917e14c56d86a66b753f30fb856c050": 1, "hP4-La_r-12/f3ae27b1/store_strict/0000/adb9d38efbf1367cf70b864f5df53236": 1, "hP4-La_r-12/f3ae27b1/mpb-hP4-La_r/0000/9c0e650b9bb7e9a2f8fcfe81c7e947c1": 6, "hP4-La_r-12/f3ae27b1/store_fill/0000/3a9acb846101fbbf8cf60cceaacdfe5a": 1, "hP4-La_r-12/f3ae27b1/store_data/0000/91d6d9ba44e4f53cc82aae5953f42aa8": 1}, "gap_ranges": [[0.2860993749861421, 0.2900896155785888]], "gap": [1.3850457602585533], "mid_gaps": [0.2880944952823654], "gap_range_of_max": [0.2860993749861421, 0.2900896155785888], "max_gap": 1.3850457602585533, "mid_gap_of_max": 0.2880944952823654, "run_me": true, "fill_fraction": 0.452031}