{"strict_calculated": true, "gap_range_of_max": [0.2501771564502822, 0.27937967094262073], "mid_gaps": [0.2647784136964515], "gap": [11.029038993268138], "max_gap": 11.029038993268138, "gap_ranges": [[0.2501771564502822, 0.27937967094262073]], "band_nos": [2], "fill_fraction": 0.538453, "mid_gap_of_max": 0.2647784136964515}