{
  "basis": [
    [
      0.25,
      0.25,
      -0.375
    ],
    [
      -0.25,
      -0.25,
      -0.375
    ],
    [
      -0.25,
      0.25,
      0.125
    ],
    [
      0.25,
      -0.25,
      0.125
    ],
    [
      0.18,
      0.32,
      0.125
    ],
    [
      -0.18,
      -0.32,
      0.125
    ],
    [
      -0.32,
      0.18,
      0.485
    ],
    [
      0.32,
      -0.18,
      -0.235
    ]
  ],
  "structure": "tI16-InTe_r",
  "nbands": 20,
  "lattice_vectors": [
    [
      -0.606788043,
      0.606788043,
      0.5134360153
    ],
    [
      0.606788043,
      -0.606788043,
      0.5134360153
    ],
    [
      0.606788043,
      0.606788043,
      -0.5134360153
    ]
  ]
}