{"_status": {"hP4-AlAgS2-1/395de069/store_fill/0000/41526f8627103e62e6ed8da5ce45a924": 1, "hP4-AlAgS2-1/395de069/check_runnin/0000/56da01f051a631d96bf337173a1bf69a": 1, "hP4-AlAgS2-1/395de069/store_data/0000/c9f36146a23b420c73d02ace01b4b606": 1, "hP4-AlAgS2-1/395de069/store_strict/0000/9f84e6b0d41c538489f4658c45c1f3bc": 1, "hP4-AlAgS2-1/395de069/mpb-hP4-AlAg/0000/65a56e9ca207aa5c0c2c8d90270079c0": 1, "hP4-AlAgS2-1/395de069/strict-mpb-h/0000/4e8bf77f92a6ec1f37c2b06b3b6a5d0d": 1}, "mid_gap_of_max": 0.6331311795749073, "gap_ranges": [[0.628057728613483, 0.6382046305363315]], "band_nos": [18], "gap": [1.602653960220542], "mid_gaps": [0.6331311795749073], "fill_fraction": 0.154691, "max_gap": 1.602653960220542, "gap_range_of_max": [0.628057728613483, 0.6382046305363315]}