{"band_nos": [16], "strict_calculated": true, "max_gap": 3.2598841119936917, "mid_gaps": [0.618401822414995], "gap": [3.2598841119936917], "gap_ranges": [[0.608322231036402, 0.628481413793588]], "gap_range_of_max": [0.608322231036402, 0.628481413793588], "mid_gap_of_max": 0.618401822414995, "fill_fraction": 0.322302}