{"mid_gap_of_max": 0.37240628407225207, "band_nos": [2, 8], "gap": [29.102657292359194, 0.40522354973495256], "fill_fraction": 0.230139, "gap_ranges": [[0.318216221777873, 0.4265963463666312], [0.555826264376801, 0.5580831760644956]], "gap_range_of_max": [0.318216221777873, 0.4265963463666312], "max_gap": 29.102657292359194, "mid_gaps": [0.37240628407225207, 0.5569547202206484]}