{"gap_range_of_max": [0.547613478393225, 0.5964608109969832], "gap_ranges": [[0.547613478393225, 0.5964608109969832]], "mid_gap_of_max": 0.5720371446951041, "fill_fraction": 0.40205, "mid_gaps": [0.5720371446951041], "gap": [8.53918894196864], "band_nos": [12], "max_gap": 8.53918894196864}