{"mid_gaps": [0.4256038528550827], "fill_fraction": 0.43096, "strict_calculated": true, "gap_range_of_max": [0.41049452005093, 0.44071318565923534], "gap_ranges": [[0.41049452005093, 0.44071318565923534]], "mid_gap_of_max": 0.4256038528550827, "max_gap": 7.100186101602466, "gap": [7.100186101602466], "band_nos": [12]}