{"gap": [4.290808956588153, 0.8582644330982891], "_status": {"mC20-Ga2Se3_/7658d831/mpb-mC20-Ga2/0000/51d51d2dd4b96e5cd1f4a566dfa9f2b8": 3, "mC20-Ga2Se3_/7658d831/store_data/0000/9710e067f6f481563d4ff64c102cef54": 1, "mC20-Ga2Se3_/7658d831/check_runnin/0000/23c59a2735e06c856ae11c147d853389": 1, "mC20-Ga2Se3_/7658d831/store_fill/0000/0bf45a3d8bf0ec94a0d076b60a40eec3": 1, "mC20-Ga2Se3_/7658d831/store_strict/0000/f27dfe17ae683ea54a4ed1d251d83f22": 1, "mC20-Ga2Se3_/7658d831/strict-mpb-m/0000/aee5ef6c5bce9a0c7d6de0fc89fc4bba": 1}, "band_nos": [12, 18], "max_gap": 4.290808956588153, "mid_gap_of_max": 0.805637502759637, "gap_ranges": [[0.788353319696615, 0.8229216858226589], [0.966588782066815, 0.9749204235554076]], "fill_fraction": 0.145847, "gap_range_of_max": [0.788353319696615, 0.8229216858226589], "run_me": true, "mid_gaps": [0.805637502759637, 0.9707546028111114]}