{"gap_ranges": [[0.544662477150077, 0.6652451235346662]], "mid_gaps": [0.6049538003423716], "band_nos": [8], "fill_fraction": 0.306389, "gap": [19.932538041143875], "mid_gap_of_max": 0.6049538003423716, "gap_range_of_max": [0.544662477150077, 0.6652451235346662], "max_gap": 19.932538041143875}