{"fill_fraction": 0.450341, "gap": [0.7890468509067191], "mid_gaps": [0.4607539600470315], "band_nos": [2], "max_gap": 0.7890468509067191, "gap_ranges": [[0.45893617774094, 0.4625717423531231]], "gap_range_of_max": [0.45893617774094, 0.4625717423531231], "mid_gap_of_max": 0.4607539600470315}