{"max_gap": 10.580477266409481, "mid_gap_of_max": 0.5381238903132226, "mid_gaps": [0.5381238903132226], "fill_fraction": 0.402054, "gap_ranges": [[0.509655852373368, 0.5665919282530772]], "gap": [10.580477266409481], "gap_range_of_max": [0.509655852373368, 0.5665919282530772], "band_nos": [12]}