{"gap_range_of_max": [0.2877493367076948, 0.28969210047764543], "strict_calculated": true, "mid_gaps": [0.2887207185926701], "gap_ranges": [[0.2877493367076948, 0.28969210047764543]], "fill_fraction": 0.501841, "mid_gap_of_max": 0.2887207185926701, "max_gap": 0.6728868573825597, "band_nos": [4], "gap": [0.6728868573825597]}