{"gap_ranges": [[0.729334453858517, 0.7779529028924379], [0.937939599505004, 0.9593684029472528]], "max_gap": 6.451118801755251, "band_nos": [8, 14], "gap": [6.451118801755251, 2.258863970905285], "mid_gap_of_max": 0.7536436783754774, "fill_fraction": 0.094784, "mid_gaps": [0.7536436783754774, 0.9486540012261284], "gap_range_of_max": [0.729334453858517, 0.7779529028924379]}