{"gap": [2.5793580610584317], "fill_fraction": 0.356597, "mid_gaps": [0.4939447039000331], "mid_gap_of_max": 0.4939447039000331, "gap_range_of_max": [0.4875744026314247, 0.5003150051686415], "band_nos": [2], "gap_ranges": [[0.4875744026314247, 0.5003150051686415]], "max_gap": 2.5793580610584317}