{"mid_gaps": [1.0418536417186666], "max_gap": 0.28209376922125606, "gap": [0.28209376922125606], "fill_fraction": 0.093582, "mid_gap_of_max": 1.0418536417186666, "band_nos": [19], "gap_ranges": [[1.04038413961482, 1.0433231438225132]], "gap_range_of_max": [1.04038413961482, 1.0433231438225132]}