{"band_nos": [8], "gap_range_of_max": [0.732827659915101, 0.7388353753695667], "max_gap": 0.8164525860096938, "mid_gap_of_max": 0.7358315176423338, "fill_fraction": 0.298118, "gap": [0.8164525860096938], "gap_ranges": [[0.732827659915101, 0.7388353753695667]], "mid_gaps": [0.7358315176423338]}