{"fill_fraction": 0.433463, "band_nos": [2], "mid_gaps": [0.32820048418691683], "gap_range_of_max": [0.3039865963360901, 0.3524143720377436], "max_gap": 14.755546696290933, "mid_gap_of_max": 0.32820048418691683, "gap": [14.755546696290933], "gap_ranges": [[0.3039865963360901, 0.3524143720377436]]}