{"gap_range_of_max": [0.517174128865752, 0.6163556219654434], "mid_gap_of_max": 0.5667648754155976, "band_nos": [8], "max_gap": 17.499583584279662, "gap_ranges": [[0.517174128865752, 0.6163556219654434]], "mid_gaps": [0.5667648754155976], "fill_fraction": 0.222306, "gap": [17.499583584279662]}