{"mid_gap_of_max": 0.8151714489074535, "gap_range_of_max": [0.781022418592478, 0.8493204792224289], "fill_fraction": 0.180331, "max_gap": 8.378367608616268, "mid_gaps": [0.8151714489074535], "band_nos": [8], "gap": [8.378367608616268], "gap_ranges": [[0.781022418592478, 0.8493204792224289]]}