{"strict_gap_range_of_max": [0.58540959509478, 0.585480461666176], "gap": [0.01210473536539571], "gap_ranges": [[0.58540959509478, 0.585480461666176]], "fill_fraction": 0.132742, "band_nos": [6], "_status": {"cI2-W/5f368635/mpb-cI2-W/0000/553b342d8b424d0b319f990cf02784ad": 1, "cI2-W/5f368635/store_gap/0000/8e3a0d76dfd4fed124ff25a239539198": 1, "cI2-W/5f368635/store_strict/0000/b7e0fd343f12648593003594e7704373": 1, "cI2-W/5f368635/store_strict/0000/60df211ce9c5c6e8b0889f2ebaae4b34": 1, "cI2-W/5f368635/strict_calcu/0000/2e7880e52a775c40577eba911554f5ae": 1, "cI2-W/5f368635/store_ff/0000/badd967fabed53d6c98ce8bfa63e67bf": 1, "cI2-W/5f368635/strict-mpb-c/0000/cb8cd207aaf1fa8e41f04b0a5efd8792": 1, "cI2-W/5f368635/store_mid_ga/0000/34e01a3449f46641807b163cf2f0745e": 1, "cI2-W/5f368635/calculate/0000/8192e16217867c1d467832062faf088b": 1}, "run_me": true, "strict_mid_gaps": [0.585445028380478], "strict_mid_gap_of_max": 0.585445028380478, "mid_gaps": [0.585445028380478], "gap_range_of_max": [0.58540959509478, 0.585480461666176], "max_gap": 0.01210473536539571, "mid_gap_of_max": 0.585445028380478, "strict_max_gap": 0.01210473536539571, "strict_gap": [0.01210473536539571], "strict_gap_ranges": [[0.58540959509478, 0.585480461666176]], "recalc_mid_gaps": true}