{"fill_fraction": 0.209324, "gap": [30.14569370946803], "gap_range_of_max": [0.3232219177584, 0.43795258483106203], "mid_gaps": [0.38058725129473103], "max_gap": 30.14569370946803, "band_nos": [2], "gap_ranges": [[0.3232219177584, 0.43795258483106203]], "strict_calculated": true, "mid_gap_of_max": 0.38058725129473103}