{"mid_gap_of_max": 0.3819010701421826, "gap_range_of_max": [0.37978713481943, 0.3840150054649352], "gap_ranges": [[0.37978713481943, 0.3840150054649352]], "fill_fraction": 0.305311, "gap": [1.1070591250043234], "band_nos": [4], "max_gap": 1.1070591250043234, "mid_gaps": [0.3819010701421826]}