{"fill_fraction": 0.450341, "gap": [13.38288728606393], "max_gap": 13.38288728606393, "gap_range_of_max": [0.3005344879359288, 0.34363899340308607], "mid_gap_of_max": 0.32208674066950743, "mid_gaps": [0.32208674066950743], "gap_ranges": [[0.3005344879359288, 0.34363899340308607]], "band_nos": [2]}