{"gap_range_of_max": [0.583689593160524, 0.5859742017055356], "gap_ranges": [[0.583689593160524, 0.5859742017055356]], "_status": {"cI36-NO2-10/ba4c810e/check_runnin/0000/773ed92894f1c39c27eba6b51e3a5371": 1, "cI36-NO2-10/ba4c810e/mpb-cI36-NO2/0000/1c621f789f1872a61648a0e808b53c92": 1, "cI36-NO2-10/ba4c810e/store_fill/0000/aa44f162009a7c301486bbcdbf64241c": 1, "cI36-NO2-10/ba4c810e/store_data/0000/7eaa52e5b64a3470111adb1b0c523888": 1, "cI36-NO2-10/ba4c810e/strict-mpb-c/0000/408dab25eb41e51fc115eefef1ca2ccf": 1, "cI36-NO2-10/ba4c810e/store_strict/0000/aa581fac710ebbe2aa7a2025853d6ca4": 1}, "band_nos": [8], "mid_gap_of_max": 0.5848318974330298, "gap": [0.39064362854329704], "mid_gaps": [0.5848318974330298], "max_gap": 0.39064362854329704, "fill_fraction": 0.352836}