{"mid_gaps": [0.8055589856933961, 0.8270350450625135], "gap_ranges": [[0.80246602898419, 0.8086519424026023], [0.825786355843492, 0.8282837342815349]], "mid_gap_of_max": 0.8055589856933961, "fill_fraction": 0.119974, "strict_calculated": true, "gap": [0.7679032235096782, 0.3019676678698923], "band_nos": [13, 16], "gap_range_of_max": [0.80246602898419, 0.8086519424026023], "max_gap": 0.7679032235096782}