{"gap": [5.741699404982357], "strict_calculated": true, "mid_gaps": [0.3200269360449618], "band_nos": [4], "mid_gap_of_max": 0.3200269360449618, "gap_range_of_max": [0.3108394437036234, 0.3292144283863003], "fill_fraction": 0.304601, "gap_ranges": [[0.3108394437036234, 0.3292144283863003]], "max_gap": 5.741699404982357}