{"gap": [0.04407096120513038], "gap_ranges": [[0.718804361740334, 0.7191212155519983]], "mid_gaps": [0.7189627886461661], "fill_fraction": 0.07499, "band_nos": [8], "mid_gap_of_max": 0.7189627886461661, "strict_calculated": true, "gap_range_of_max": [0.718804361740334, 0.7191212155519983], "max_gap": 0.04407096120513038}