{"faces": [[[-0.59146262752445, -0.5095985441668528], [-0.5914626275244498, 0.4882603790717506], [-0.3482299932614584, 0.5319677318000936], [-0.3482299932614585, -0.4658911914385098]], [[-0.59146262752445, -0.5095985441668528], [-0.3482299932614585, -0.4658911914385098], [0.5914626275244498, -0.4882603790717506], [0.3482299932614584, -0.5319677318000936]], [[-0.5914626275244498, 0.4882603790717506], [-0.3482299932614584, 0.5319677318000936], [0.5914626275244499, 0.5095985441668528], [0.3482299932614585, 0.4658911914385098]], [[0.3482299932614584, -0.5319677318000936], [0.3482299932614585, 0.4658911914385098], [0.5914626275244499, 0.5095985441668528], [0.5914626275244498, -0.4882603790717506]], [[-0.59146262752445, -0.5095985441668528], [-0.5914626275244498, 0.4882603790717506], [0.3482299932614585, 0.4658911914385098], [0.3482299932614584, -0.5319677318000936]], [[-0.3482299932614585, -0.4658911914385098], [-0.3482299932614584, 0.5319677318000936], [0.5914626275244499, 0.5095985441668528], [0.5914626275244498, -0.4882603790717506]]], "labels": {"GAMMA": [0.0, 0.0], "X": [-1.1043592643970545e-18, 0.4989294616193017], "M": [0.4698463103929542, 0.48774486780268134], "Z": [-0.12161631713149573, -0.021853676364171515], "R": [-0.12161631713149573, 0.47707578525513017], "A": [0.34822999326145837, 0.46589119143850977]}, "label_positions": {"GAMMA": [0.05, 0.05], "X": [0.05, 0.5489294616193017], "M": [0.5198463103929543, 0.5377448678026814], "Z": [-0.07161631713149573, -0.07185367636417152], "R": [-0.07161631713149573, 0.5270757852551302], "A": [0.34822999326145837, 0.5358911914385098]}, "zorder": [1, 1, 1, 1, 1, 0]}
