{"fill_fraction": 0.089366, "mid_gaps": [0.9099144610731443], "gap_ranges": [[0.900050257516134, 0.9197786646301547]], "gap_range_of_max": [0.900050257516134, 0.9197786646301547], "gap": [2.1681606302588987], "max_gap": 2.1681606302588987, "strict_calculated": true, "mid_gap_of_max": 0.9099144610731443, "band_nos": [14]}