{"fill_fraction": 0.057187, "gap_ranges": [[0.74274897308495, 0.7637829066078038]], "max_gap": 2.7923648754306436, "gap_range_of_max": [0.74274897308495, 0.7637829066078038], "mid_gaps": [0.7532659398463769], "band_nos": [16], "mid_gap_of_max": 0.7532659398463769, "gap": [2.7923648754306436]}