{"mid_gaps": [0.7732400674740854], "fill_fraction": 0.203335, "max_gap": 11.181472700142004, "mid_gap_of_max": 0.7732400674740854, "gap": [11.181472700142004], "gap_range_of_max": [0.730010253948498, 0.8164698809996728], "gap_ranges": [[0.730010253948498, 0.8164698809996728]], "band_nos": [12]}