{"fill_fraction": 0.114386, "gap_ranges": [[0.821945140184996, 0.8288986559353856]], "gap_range_of_max": [0.821945140184996, 0.8288986559353856], "mid_gaps": [0.8254218980601908], "max_gap": 0.8424195876957444, "gap": [0.8424195876957444], "mid_gap_of_max": 0.8254218980601908, "band_nos": [16]}