{"mid_gaps": [0.7583861289037014], "gap": [5.937298541088172], "max_gap": 5.937298541088172, "gap_ranges": [[0.735872304620094, 0.7808999531873088]], "band_nos": [8], "fill_fraction": 0.324522, "gap_range_of_max": [0.735872304620094, 0.7808999531873088], "mid_gap_of_max": 0.7583861289037014, "_status": {"tI16-VAg3O4_/dd0f1403/store_fill/0000/aa764b9680c4c538cf4c918974d29385": 1, "tI16-VAg3O4_/dd0f1403/store_data/0000/c0c1f833fa3789086ec69ec5c33be21d": 1, "tI16-VAg3O4_/dd0f1403/store_strict/0000/03de63d084256b9ff723e2ac4d1b18a4": 1, "tI16-VAg3O4_/dd0f1403/check_runnin/0000/bc0bc6e0db6ff0994df71ae868f347b8": 1, "tI16-VAg3O4_/dd0f1403/strict-mpb-t/0000/91152046395abbabfe1734bc28389526": 1, "tI16-VAg3O4_/dd0f1403/mpb-tI16-VAg/0000/accf8d14d856864a14df2e066cbfdd0b": 1}}