{"gap_ranges": [[0.4402832503594299, 0.44996073008617743]], "gap": [2.1741185426277116], "band_nos": [8], "mid_gap_of_max": 0.44512199022280363, "fill_fraction": 0.637621, "max_gap": 2.1741185426277116, "mid_gaps": [0.44512199022280363], "gap_range_of_max": [0.4402832503594299, 0.44996073008617743]}