{"fill_fraction": 0.16406, "mid_gaps": [0.47044655943869634], "band_nos": [5], "mid_gap_of_max": 0.47044655943869634, "gap": [0.8703670624087921], "max_gap": 0.8703670624087921, "gap_ranges": [[0.468399253488901, 0.4724938653884917]], "gap_range_of_max": [0.468399253488901, 0.4724938653884917]}