{"max_gap": 5.871701659472214, "gap_range_of_max": [0.4813414935619919, 0.5104592849471827], "fill_fraction": 0.156111, "band_nos": [2], "gap_ranges": [[0.4813414935619919, 0.5104592849471827]], "gap": [5.871701659472214], "mid_gap_of_max": 0.49590038925458735, "mid_gaps": [0.49590038925458735]}