{"gap": [1.4820786375369712, 0.39354000610367124], "band_nos": [8, 17], "gap_range_of_max": [0.518023004907098, 0.525757831305202], "gap_ranges": [[0.518023004907098, 0.525757831305202], [0.66729782776806, 0.6699290892134148]], "mid_gap_of_max": 0.52189041810615, "mid_gaps": [0.52189041810615, 0.6686134584907374], "max_gap": 1.4820786375369712, "fill_fraction": 0.390135}