{"gap_ranges": [[0.577542024682643, 0.5780394531346909]], "max_gap": 0.08609145466525345, "fill_fraction": 0.045982, "mid_gap_of_max": 0.577790738908667, "mid_gaps": [0.577790738908667], "gap": [0.08609145466525345], "band_nos": [2], "gap_range_of_max": [0.577542024682643, 0.5780394531346909]}