{"mid_gaps": [0.3512290187434759], "fill_fraction": 0.331308, "gap": [15.719902367170427], "mid_gap_of_max": 0.3512290187434759, "gap_ranges": [[0.323622589327653, 0.37883544815929876]], "band_nos": [4], "max_gap": 15.719902367170427, "gap_range_of_max": [0.323622589327653, 0.37883544815929876]}