{"strict_calculated": true, "gap_range_of_max": [0.538171458112968, 0.5434724184456882], "gap": [0.9801674003064671], "max_gap": 0.9801674003064671, "mid_gaps": [0.540821938279328], "mid_gap_of_max": 0.540821938279328, "fill_fraction": 0.288928, "gap_ranges": [[0.538171458112968, 0.5434724184456882]], "band_nos": [16]}