{"mid_gaps": [0.6174971484398775], "gap_range_of_max": [0.5763196974883, 0.658674599391455], "fill_fraction": 0.264546, "gap": [13.336887807683242], "mid_gap_of_max": 0.6174971484398775, "band_nos": [10], "gap_ranges": [[0.5763196974883, 0.658674599391455]], "max_gap": 13.336887807683242}