{"mid_gap_of_max": 0.6007288324793769, "band_nos": [16], "fill_fraction": 0.213098, "max_gap": 1.8720147059180534, "gap_range_of_max": [0.595105966436025, 0.6063516985227289], "gap": [1.8720147059180534], "_status": {"tP28-Mg2TiO4/33546324/check_runnin/0000/2818f246dfd92f63bba2859bd38dd295": 1, "tP28-Mg2TiO4/33546324/strict-mpb-t/0000/d6fae39e47954e438ee9b75661df81fc": 1, "tP28-Mg2TiO4/33546324/store_fill/0000/6513014ddc5f1c6b61230d0939d3e88a": 1, "tP28-Mg2TiO4/33546324/store_data/0000/1a3e871f16fef4a8a5bf712c25edf501": 1, "tP28-Mg2TiO4/33546324/store_strict/0000/b4f1d723fbf5bb942e6cc686ae1386fe": 1, "tP28-Mg2TiO4/33546324/mpb-tP28-Mg2/0000/acb264612d818e69f4c6faec85590e32": 1}, "mid_gaps": [0.6007288324793769], "gap_ranges": [[0.595105966436025, 0.6063516985227289]]}