{"gap_ranges": [[0.4050283777076316, 0.4511693301926097]], "gap_range_of_max": [0.4050283777076316, 0.4511693301926097], "mid_gaps": [0.42809885395012065], "mid_gap_of_max": 0.42809885395012065, "band_nos": [2], "max_gap": 10.778106986092062, "fill_fraction": 0.362024, "gap": [10.778106986092062]}