{"mid_gap_of_max": 0.46431669520891633, "gap": [2.060770221407255], "band_nos": [2], "mid_gaps": [0.46431669520891633], "gap_ranges": [[0.45953244511497, 0.46910094530286267]], "fill_fraction": 0.328758, "gap_range_of_max": [0.45953244511497, 0.46910094530286267], "max_gap": 2.060770221407255}