{"mid_gap_of_max": 0.3504942032278183, "band_nos": [2, 8], "gap": [27.594653765439915, 0.4991858632516711], "fill_fraction": 0.267776, "gap_ranges": [[0.302135372303491, 0.39885303415214557], [0.525839064698445, 0.5284705469666137]], "gap_range_of_max": [0.302135372303491, 0.39885303415214557], "max_gap": 27.594653765439915, "mid_gaps": [0.3504942032278183, 0.5271548058325293]}