{"fill_fraction": 0.239161, "band_nos": [15], "gap_ranges": [[0.611383647100127, 0.6217814152603285]], "mid_gaps": [0.6165825311802278], "gap_range_of_max": [0.611383647100127, 0.6217814152603285], "mid_gap_of_max": 0.6165825311802278, "max_gap": 1.6863546458732321, "gap": [1.6863546458732321]}