{"gap_range_of_max": [0.222154685827007, 0.22512075435687276], "gap_ranges": [[0.222154685827007, 0.22512075435687276]], "max_gap": 1.326282761533378, "mid_gap_of_max": 0.22363772009193988, "band_nos": [4], "strict_calculated": true, "fill_fraction": 0.689742, "mid_gaps": [0.22363772009193988], "gap": [1.326282761533378]}