{
  "basis": [
    [
      -0.2518333333,
      -0.2518333333,
      0.2518333333
    ],
    [
      0.3621666667,
      0.1381666667,
      -0.1381666667
    ],
    [
      0.1381666667,
      0.3621666667,
      -0.3621666667
    ],
    [
      0.2531666667,
      0.2531666667,
      -0.2531666667
    ],
    [
      -0.1608333333,
      -0.3408333333,
      0.3408333333
    ],
    [
      -0.3408333333,
      -0.1608333333,
      0.1608333333
    ]
  ],
  "structure": "oF24-EuS",
  "nbands": 20,
  "lattice_vectors": [
    [
      0.0,
      0.9814851705,
      0.1915381427
    ],
    [
      0.1908195094,
      0.0,
      0.1915381427
    ],
    [
      0.1908195094,
      0.9814851705,
      0.0
    ]
  ]
}