{"mid_gaps": [0.4688651218652538], "gap": [13.720891853094578], "gap_range_of_max": [0.436698883711248, 0.5010313600192596], "gap_ranges": [[0.436698883711248, 0.5010313600192596]], "max_gap": 13.720891853094578, "mid_gap_of_max": 0.4688651218652538, "band_nos": [2], "fill_fraction": 0.209324}