{"gap_ranges": [[0.475601077904888, 0.4949994031399114]], "mid_gap_of_max": 0.48530024052239973, "mid_gaps": [0.48530024052239973], "band_nos": [4], "fill_fraction": 0.19361, "gap_range_of_max": [0.475601077904888, 0.4949994031399114], "max_gap": 3.9971802227301856, "gap": [3.9971802227301856]}