{"max_gap": 7.143082708169734, "gap_range_of_max": [0.518720100359744, 0.5571450698271655], "gap": [7.143082708169734], "gap_ranges": [[0.518720100359744, 0.5571450698271655]], "fill_fraction": 0.120943, "mid_gap_of_max": 0.5379325850934548, "mid_gaps": [0.5379325850934548], "band_nos": [2]}