{"max_gap": 3.12363301670433, "_status": {"cP4-X-12/395de069/store_strict/0000/037023de3f9b12fb3c845b7129268c62": 1, "cP4-X-12/395de069/strict-mpb-c/0000/d50e75b901265aa363fff24cead97438": 1, "cP4-X-12/395de069/store_fill/0000/183c3d5bb68c8df182a3be4985ed4f75": 1, "cP4-X-12/395de069/store_data/0000/6c96981871954c54cb304c774462738a": 1, "cP4-X-12/395de069/mpb-cP4-X-12/0000/f3c5f2b170ff4d79f026b8063a4568f8": 1, "cP4-X-12/395de069/check_runnin/0000/77da860879b24c088e3d60b952d1cffc": 1}, "gap_ranges": [[0.6228175530949, 0.6425807527317094]], "run_me": true, "band_nos": [16], "fill_fraction": 0.261798, "gap_range_of_max": [0.6228175530949, 0.6425807527317094], "gap": [3.12363301670433], "mid_gap_of_max": 0.6326991529133047, "mid_gaps": [0.6326991529133047]}