{"gap_range_of_max": [0.3977860256130432, 0.436060931848404], "max_gap": 9.180319216342612, "band_nos": [4], "gap": [9.180319216342612], "mid_gap_of_max": 0.4169234787307236, "fill_fraction": 0.278686, "gap_ranges": [[0.3977860256130432, 0.436060931848404]], "mid_gaps": [0.4169234787307236]}