{"gap_ranges": [[0.4163225146819991, 0.4292343157343683]], "mid_gaps": [0.4227784152081837], "band_nos": [2], "gap": [3.0540350661022186], "mid_gap_of_max": 0.4227784152081837, "gap_range_of_max": [0.4163225146819991, 0.4292343157343683], "fill_fraction": 0.324632, "max_gap": 3.0540350661022186}