{"mid_gaps": [0.5113632307398073], "strict_calculated": true, "_status": {"tP12-PNO_r/a35ac400/store_strict/0000/142ceee17fefb19bf5c71b174eaa2d89": 1, "tP12-PNO_r/a35ac400/mpb-tP12-PNO/0000/1e840c973624281dd43148eb589d6938": 1, "tP12-PNO_r/a35ac400/store_fill/0000/aaea07f4e9e879c3f675657fe5c476b6": 1, "tP12-PNO_r/a35ac400/check_runnin/0000/8d6b37c59efa701f26b7e639f0df627e": 1, "tP12-PNO_r/a35ac400/strict-mpb-t/0000/26561a1322c7893a4fbad9724fd49a67": 1, "tP12-PNO_r/a35ac400/store_data/0000/e482a077e72fab2fbc6f317313056569": 1}, "gap_range_of_max": [0.4920748434108901, 0.5306516180687244], "fill_fraction": 0.077024, "mid_gap_of_max": 0.5113632307398073, "max_gap": 7.543908583732914, "gap": [7.543908583732914], "band_nos": [4], "gap_ranges": [[0.4920748434108901, 0.5306516180687244]]}