{"mid_gap_of_max": 0.36460297326253344, "fill_fraction": 0.294156, "gap": [2.3735332476540507], "gap_ranges": [[0.3602759868663727, 0.3689299596586942]], "band_nos": [4], "gap_range_of_max": [0.3602759868663727, 0.3689299596586942], "max_gap": 2.3735332476540507, "_status": {"mP12-SiO2_r-/a1991523/check_runnin/0000/378cb6d3bf6007b0b177136dbb9a8d99": 1, "mP12-SiO2_r-/a1991523/strict-mpb-m/0000/16d60189b0a87bb25c581831134ff7c9": 1, "mP12-SiO2_r-/a1991523/store_data/0000/d79ee186c60826478ad69ac89da7bc6a": 1, "mP12-SiO2_r-/a1991523/store_strict/0000/5d873567ac011955d3b430bb2b45fa92": 1, "mP12-SiO2_r-/a1991523/store_fill/0000/e1601daa71af2f2c8f1242eb697bc890": 1, "mP12-SiO2_r-/a1991523/mpb-mP12-SiO/0000/3e978a12e6764465395ac229cdcbefba": 6}, "mid_gaps": [0.36460297326253344], "run_me": true}