{"mid_gap_of_max": 0.6680302423031922, "max_gap": 0.305446685788236, "fill_fraction": 0.276716, "gap_range_of_max": [0.667010004185603, 0.6690504804207814], "band_nos": [16], "gap": [0.305446685788236], "strict_calculated": true, "gap_ranges": [[0.667010004185603, 0.6690504804207814]], "mid_gaps": [0.6680302423031922]}