{"gap": [22.094786803782693], "band_nos": [8], "gap_range_of_max": [0.421004467471812, 0.5255770517723107], "mid_gaps": [0.47329075962206135], "mid_gap_of_max": 0.47329075962206135, "max_gap": 22.094786803782693, "gap_ranges": [[0.421004467471812, 0.5255770517723107]], "fill_fraction": 0.319659}