{"run_me": true, "_status": {"cP1-Po-14/81b2400f/store_strict/0000/098f50d993d24374e6e85f15aa0367b3": 1, "cP1-Po-14/81b2400f/store_data/0000/6225297fb36270e2410c35e3e8cb6ccf": 1, "cP1-Po-14/81b2400f/store_fill/0000/eb2eed6c7094a097095672ff67560c7d": 1, "cP1-Po-14/81b2400f/check_runnin/0000/8cb5a20fe9031b4a6baea22981fa286e": 1, "cP1-Po-14/81b2400f/mpb-cP1-Po-1/0000/2c58eea1d409f9d7c7bddaf90207bbf5": 1, "cP1-Po-14/81b2400f/strict-mpb-c/0000/1f00da6165edc0229c28dca80587c5e4": 1}, "fill_fraction": 0.492672, "band_nos": [5], "mid_gaps": [0.3361469069530703], "max_gap": 2.8832115026646927, "gap_ranges": [[0.331300993809509, 0.3409928200966316]], "mid_gap_of_max": 0.3361469069530703, "gap_range_of_max": [0.331300993809509, 0.3409928200966316], "gap": [2.8832115026646927]}