{"band_nos": [2], "gap_ranges": [[0.370201214835051, 0.3863642155139037]], "gap": [4.272730428985547], "strict_calculated": true, "fill_fraction": 0.138802, "mid_gap_of_max": 0.3782827151744773, "gap_range_of_max": [0.370201214835051, 0.3863642155139037], "max_gap": 4.272730428985547, "mid_gaps": [0.3782827151744773]}