{"mid_gap_of_max": 0.7609265519446078, "gap_range_of_max": [0.736536944863576, 0.7853161590256396], "gap": [6.410502306353232, 3.7175906512087935], "gap_ranges": [[0.736536944863576, 0.7853161590256396], [0.91072813463545, 0.945226533247397]], "max_gap": 6.410502306353232, "band_nos": [12, 18], "fill_fraction": 0.123042, "mid_gaps": [0.7609265519446078, 0.9279773339414235]}