{"gap": [16.81809405187607], "_status": {"tP12-PNO/9e273333/store_data/0000/b4752cd0423a783f6e39e3aef70bb08a": 1, "tP12-PNO/9e273333/store_fill/0000/b6a0a659ac5ddce0e39ab8ae12a010da": 1, "tP12-PNO/9e273333/mpb-tP12-PNO/0000/308658a3cb635c030dec852732b825a6": 1, "tP12-PNO/9e273333/store_strict/0000/af04e36c5aeb8596934deaaa42f101d5": 1, "tP12-PNO/9e273333/check_runnin/0000/1b2dd645fb5b4e60e231d479b5ececea": 1, "tP12-PNO/9e273333/strict-mpb-t/0000/fc595915d91c53a09bc984bda339c11c": 1}, "band_nos": [4], "strict_calculated": true, "gap_ranges": [[0.383615810316377, 0.45405602922658583]], "mid_gap_of_max": 0.4188359197714814, "fill_fraction": 0.19282, "max_gap": 16.81809405187607, "mid_gaps": [0.4188359197714814], "gap_range_of_max": [0.383615810316377, 0.45405602922658583]}