{
  "basis": [
    [
      -0.21875,
      0.28125,
      -0.21875
    ],
    [
      -0.21875,
      -0.21875,
      -0.21875
    ],
    [
      0.28125,
      -0.21875,
      -0.21875
    ],
    [
      -0.21875,
      -0.21875,
      0.28125
    ],
    [
      0.47125,
      -0.15875,
      -0.15875
    ],
    [
      0.09125,
      -0.27875,
      -0.27875
    ],
    [
      -0.15875,
      0.47125,
      0.47125
    ],
    [
      -0.27875,
      0.09125,
      0.09125
    ],
    [
      -0.15875,
      -0.15875,
      0.47125
    ],
    [
      -0.27875,
      -0.27875,
      0.09125
    ],
    [
      0.47125,
      0.47125,
      -0.15875
    ],
    [
      0.09125,
      0.09125,
      -0.27875
    ],
    [
      0.47125,
      -0.15875,
      0.47125
    ],
    [
      0.09125,
      -0.27875,
      0.09125
    ],
    [
      -0.15875,
      0.47125,
      -0.15875
    ],
    [
      -0.27875,
      0.09125,
      -0.27875
    ]
  ],
  "lattice_vectors": [
    [
      0.0,
      0.7071067812,
      0.7071067812
    ],
    [
      0.7071067812,
      0.0,
      0.7071067812
    ],
    [
      0.7071067812,
      0.7071067812,
      0.0
    ]
  ],
  "nbands": 20,
  "structure": "cF64-FeF3_r"
}