{"mid_gap_of_max": 0.8887349251645242, "_status": {"cP12-RhTe2_r/843a064a/store_data/0000/ec4dd42490888e99b2c92a5cdc907bd7": 1, "cP12-RhTe2_r/843a064a/store_fill/0000/b94e4d878f1933a456f9d7f0369acf4a": 1, "cP12-RhTe2_r/843a064a/strict-mpb-c/0000/1fb49dcdcfbf11e7bb8211400fece5d5": 1, "cP12-RhTe2_r/843a064a/check_runnin/0000/103cdc1bb02d904400e79d02089bbf89": 1, "cP12-RhTe2_r/843a064a/mpb-cP12-RhT/0000/a16c727773afe288e920ccd937999c5e": 7, "cP12-RhTe2_r/843a064a/store_strict/0000/e7a168007ce664cb64bbc843fc50cb3a": 1}, "gap_range_of_max": [0.876618129595368, 0.9008517207336804], "run_me": true, "gap": [2.726751301444138], "max_gap": 2.726751301444138, "fill_fraction": 0.081501, "mid_gaps": [0.8887349251645242], "band_nos": [16], "gap_ranges": [[0.876618129595368, 0.9008517207336804]]}