{"fill_fraction": 0.498423, "max_gap": 0.4131814650597757, "gap_ranges": [[0.385305708710662, 0.38690101624038403]], "band_nos": [8], "_status": {"oP6-CoTe2_r-/0a903972/store_data/0000/2f9131dae76955479b5a09356ae152aa": 1, "oP6-CoTe2_r-/0a903972/store_strict/0000/3d4e60ec5282e5545004f5008ead0eae": 1, "oP6-CoTe2_r-/0a903972/check_runnin/0000/8655a4e1a416f685caba62513223b613": 1, "oP6-CoTe2_r-/0a903972/strict-mpb-o/0000/86668917fdb4d76bd657832eeeab88ab": 1, "oP6-CoTe2_r-/0a903972/mpb-oP6-CoTe/0000/ee55a5fcab88465c22fb1dd6545f8160": 1, "oP6-CoTe2_r-/0a903972/store_fill/0000/9b77c6ac14b67a6b06ac6a19331c4bc9": 1}, "mid_gap_of_max": 0.386103362475523, "gap_range_of_max": [0.385305708710662, 0.38690101624038403], "run_me": true, "gap": [0.4131814650597757], "mid_gaps": [0.386103362475523]}