{"gap_ranges": [[0.393858511397558, 0.44574843878099596]], "max_gap": 12.360528309681703, "mid_gaps": [0.41980347508927696], "mid_gap_of_max": 0.41980347508927696, "fill_fraction": 0.255199, "gap_range_of_max": [0.393858511397558, 0.44574843878099596], "gap": [12.360528309681703], "run_me": true, "band_nos": [4]}