{"band_nos": [16], "strict_calculated": true, "max_gap": 3.021002763965398, "mid_gaps": [0.9207009498735793], "gap": [3.021002763965398], "gap_ranges": [[0.906793749301811, 0.9346081504453476]], "gap_range_of_max": [0.906793749301811, 0.9346081504453476], "mid_gap_of_max": 0.9207009498735793, "fill_fraction": 0.114072}