{"gap": [7.468328641375795, 0.30118825178699776], "gap_ranges": [[0.302567909513127, 0.3260412068530649], [0.534017844207289, 0.5356286690240407]], "gap_range_of_max": [0.302567909513127, 0.3260412068530649], "mid_gap_of_max": 0.314304558183096, "fill_fraction": 0.24709, "mid_gaps": [0.314304558183096, 0.5348232566156649], "band_nos": [2, 13], "max_gap": 7.468328641375795, "strict_calculated": true}