{
  "basis": [
    [
      -0.3333333333,
      -0.3333333333,
      -0.4166666667
    ],
    [
      -0.3333333333,
      -0.3333333333,
      0.0833333333
    ],
    [
      0.2866666667,
      0.0466666667,
      0.3333333333
    ],
    [
      0.0466666667,
      0.2866666667,
      -0.1666666667
    ],
    [
      -0.0033333333,
      0.3366666667,
      0.3333333333
    ],
    [
      0.3366666667,
      -0.0033333333,
      -0.1666666667
    ]
  ],
  "lattice_vectors": [
    [
      0.3916236378,
      -0.9201254949,
      0.0
    ],
    [
      0.3916236378,
      0.9201254949,
      0.0
    ],
    [
      0.0,
      0.0,
      1.0646079589
    ]
  ],
  "nbands": 20,
  "structure": "oC12-UPt2"
}