{"band_nos": [10], "mid_gaps": [0.67833213811621], "fill_fraction": 0.237025, "gap": [11.80721554907993], "mid_gap_of_max": 0.67833213811621, "gap_range_of_max": [0.638286069273178, 0.7183782069592418], "max_gap": 11.80721554907993, "gap_ranges": [[0.638286069273178, 0.7183782069592418]]}