{"run_me": true, "mid_gap_of_max": 0.5229755299566146, "gap": [1.272232314839357], "max_gap": 1.272232314839357, "gap_ranges": [[0.519648798111209, 0.52630226180202]], "gap_range_of_max": [0.519648798111209, 0.52630226180202], "mid_gaps": [0.5229755299566146], "band_nos": [12], "fill_fraction": 0.253096, "_status": {"tP16-H2O2_r-/55ca0d10/strict-mpb-t/0000/49c55332f5a26b2a2f3b9d45c3eba095": 1, "tP16-H2O2_r-/55ca0d10/store_fill/0000/4035273420a5505a137321bb74897d5d": 1, "tP16-H2O2_r-/55ca0d10/store_strict/0000/990595a0e3ed54c66fbd2006b9ee20eb": 1, "tP16-H2O2_r-/55ca0d10/mpb-tP16-H2O/0000/d9a4a7bf3c1bcd053e95f10748f6c125": 3, "tP16-H2O2_r-/55ca0d10/check_runnin/0000/282b8215f40f8b1c50be86c3f8ca6355": 1, "tP16-H2O2_r-/55ca0d10/store_data/0000/5a39d0849a460cda9920cf8ce8602267": 1}}