{"gap_ranges": [[0.6300180547451024, 0.698774282045302], [0.8097315948617633, 0.8148560286882776]], "max_gap": 10.348679081981308, "band_nos": [8, 14], "gap": [10.348679081981308, 0.6308596412074589], "mid_gap_of_max": 0.6643961683952022, "fill_fraction": 0.163794, "mid_gaps": [0.6643961683952022, 0.8122938117750205], "gap_range_of_max": [0.6300180547451024, 0.698774282045302]}