{"gap_range_of_max": [0.5124406277927758, 0.5586792840290042], "gap_ranges": [[0.5124406277927758, 0.5586792840290042]], "mid_gaps": [0.53555995591089], "band_nos": [8], "fill_fraction": 0.288948, "mid_gap_of_max": 0.53555995591089, "max_gap": 8.633703047791341, "gap": [8.633703047791341]}