{"gap": [0.0006014159399406275], "band_nos": [8], "fill_fraction": 0.62881, "mid_gap_of_max": 0.3635827537110409, "max_gap": 0.0006014159399406275, "_status": {"cP576-SiO2-1/b1b4fa44/check_runnin/0000/c03844aadeac40ab1f72976c5dd1bb85": 1, "cP576-SiO2-1/b1b4fa44/mpb-cP576-Si/0000/c688861fdad42178f7cc4efa913217d7": 6, "cP576-SiO2-1/b1b4fa44/store_data/0000/f0bc8a270a3908923267e5aafa00fe44": 1, "cP576-SiO2-1/b1b4fa44/store_fill/0000/e48395c6bc79e4332bbb025a27ccd008": 1, "cP576-SiO2-1/b1b4fa44/store_strict/0000/87942bf3f583eb324cd6e84e474e94df": 1, "cP576-SiO2-1/b1b4fa44/strict-mpb-c/0000/c679c818f4169ff11e002714b0c6b04c": 1}, "gap_range_of_max": [0.36358166038872, 0.3635838470333617], "gap_ranges": [[0.36358166038872, 0.3635838470333617]], "run_me": true, "mid_gaps": [0.3635827537110409]}