{"mid_gap_of_max": 0.7563719691298552, "gap_range_of_max": [0.741734377502842, 0.7710095607568683], "gap": [3.8704743762126363], "band_nos": [16], "gap_ranges": [[0.741734377502842, 0.7710095607568683]], "fill_fraction": 0.089834, "mid_gaps": [0.7563719691298552], "strict_calculated": true, "max_gap": 3.8704743762126363}