{"mid_gap_of_max": 0.9383689612249118, "_status": {"cP7-B6Si_r-1/ba5fc7b3/store_data/0000/9fe8129f86f5738f5f170144a43f37e1": 1, "cP7-B6Si_r-1/ba5fc7b3/strict-mpb-c/0000/83f72fdfee4f064dfda0fe4766e6a3ff": 1, "cP7-B6Si_r-1/ba5fc7b3/store_strict/0000/b2c984f895214906db5b2bb6809c3b04": 1, "cP7-B6Si_r-1/ba5fc7b3/mpb-cP7-B6Si/0000/7479bc5078bcc996b79e33da1d3ebd68": 4, "cP7-B6Si_r-1/ba5fc7b3/store_fill/0000/80f7bb2a8cd4956c14218dd9f1eea724": 1, "cP7-B6Si_r-1/ba5fc7b3/check_runnin/0000/723d896183d9692b229e945c5dc58eb7": 1}, "run_me": true, "gap_ranges": [[0.93481722135029, 0.9419207010995336]], "mid_gaps": [0.9383689612249118], "max_gap": 0.7570028467228921, "fill_fraction": 0.06121, "band_nos": [17], "gap": [0.7570028467228921], "gap_range_of_max": [0.93481722135029, 0.9419207010995336]}