{"gap_ranges": [[0.936452711299705, 1.2035561219955284]], "mid_gap_of_max": 1.0700044166476168, "gap": [24.96283253976396], "fill_fraction": 0.214633, "mid_gaps": [1.0700044166476168], "max_gap": 24.96283253976396, "strict_calculated": true, "gap_range_of_max": [0.936452711299705, 1.2035561219955284], "band_nos": [12]}