{"mid_gaps": [0.4238741103495717], "max_gap": 0.008267073186795891, "gap_ranges": [[0.4238565893581104, 0.4238916313410329]], "status": {"52a228943450e15b152d7ae0f52bb222-strict_mpb": 1, "52a228943450e15b152d7ae0f52bb222-mpb": 1}, "strict_gap_range_of_max": [0.4238565893581104, 0.4238916313410329], "gap_range_of_max": [0.4238565893581104, 0.4238916313410329], "strict_mid_gaps": [0.4238741103495717], "strict_gap": [0.008267073186795891], "gap": [0.008267073186795891], "fill_fraction": 0.178712, "band_nos": [12], "recalc_mid_gaps": true, "strict_mid_gap_of_max": 0.4238741103495717, "mid_gap_of_max": 0.4238741103495717, "strict_max_gap": 0.008267073186795891, "strict_gap_ranges": [[0.4238565893581104, 0.4238916313410329]]}