{"strict_calculated": true, "mid_gaps": [0.40344563445848947], "gap": [34.44673887369469], "gap_range_of_max": [0.3339587023588711, 0.47293256655810784], "mid_gap_of_max": 0.40344563445848947, "band_nos": [2], "max_gap": 34.44673887369469, "gap_ranges": [[0.3339587023588711, 0.47293256655810784]], "fill_fraction": 0.186515}