{"max_gap": 4.9593862938328135, "gap_range_of_max": [0.307305693153178, 0.32293369609759737], "mid_gaps": [0.3151196946253877], "mid_gap_of_max": 0.3151196946253877, "gap": [4.9593862938328135], "band_nos": [4], "gap_ranges": [[0.307305693153178, 0.32293369609759737]], "fill_fraction": 0.357524}