{"mid_gaps": [0.4569857374675329], "gap": [13.090600994177384], "gap_range_of_max": [0.427074647721446, 0.4868968272136198], "gap_ranges": [[0.427074647721446, 0.4868968272136198]], "max_gap": 13.090600994177384, "mid_gap_of_max": 0.4569857374675329, "band_nos": [2], "fill_fraction": 0.230456}