{"max_gap": 4.354613797682841, "gap_range_of_max": [0.3093599471911075, 0.3231312210313784], "band_nos": [4], "gap": [4.354613797682841], "mid_gaps": [0.31624558411124293], "gap_ranges": [[0.3093599471911075, 0.3231312210313784]], "mid_gap_of_max": 0.31624558411124293, "fill_fraction": 0.445739}