{"gap_ranges": [[0.63645231089751, 0.6793817512297954]], "gap": [6.525053814594134], "band_nos": [8], "mid_gap_of_max": 0.6579170310636526, "fill_fraction": 0.41525, "max_gap": 6.525053814594134, "mid_gaps": [0.6579170310636526], "gap_range_of_max": [0.63645231089751, 0.6793817512297954]}