{"fill_fraction": 0.373947, "mid_gap_of_max": 0.5159138275804156, "band_nos": [8], "gap_range_of_max": [0.4735709258135661, 0.5582567293472652], "max_gap": 16.414718700382007, "gap": [16.414718700382007], "gap_ranges": [[0.4735709258135661, 0.5582567293472652]], "mid_gaps": [0.5159138275804156]}