{"band_nos": [8], "max_gap": 6.396625175058731, "gap": [6.396625175058731], "gap_range_of_max": [0.4759393514169853, 0.5073892746409767], "gap_ranges": [[0.4759393514169853, 0.5073892746409767]], "fill_fraction": 0.461322, "mid_gaps": [0.491664313028981], "mid_gap_of_max": 0.491664313028981}