{"fill_fraction": 0.246409, "run_me": true, "gap_range_of_max": [0.683559360170949, 0.6890693382500762], "gap_ranges": [[0.683559360170949, 0.6890693382500762]], "gap": [0.8028359141063125], "mid_gaps": [0.6863143492105126], "band_nos": [16], "max_gap": 0.8028359141063125, "_status": {"cP4-X-10/f597905d/store_data/0000/888eea1aa69b3b68f294582fe42ae992": 1, "cP4-X-10/f597905d/mpb-cP4-X-10/0000/8e6627ae41ad33eb2a176cb49331629e": 4, "cP4-X-10/f597905d/store_strict/0000/215d372a851f298f128720d5cc8c5ab6": 1, "cP4-X-10/f597905d/check_runnin/0000/b7b20c156d0fa9d8e313ee30268c2120": 1, "cP4-X-10/f597905d/strict-mpb-c/0000/a24160e3184552c86bd52875ea9f9d86": 1, "cP4-X-10/f597905d/store_fill/0000/26e822b1c36e3aafb8c930d01a84dfe9": 1}, "mid_gap_of_max": 0.6863143492105126}