{"mid_gap_of_max": 0.30212120294175565, "max_gap": 9.169743517614592, "band_nos": [4], "mid_gaps": [0.30212120294175565], "gap_ranges": [[0.2882693332307102, 0.3159730726528011]], "gap_range_of_max": [0.2882693332307102, 0.3159730726528011], "strict_calculated": true, "gap": [9.169743517614592], "fill_fraction": 0.2861}