{"gap": [0.15839526775684382], "gap_range_of_max": [0.526061933264513, 0.5268958509153226], "mid_gaps": [0.5264788920899178], "max_gap": 0.15839526775684382, "fill_fraction": 0.185333, "strict_calculated": true, "gap_ranges": [[0.526061933264513, 0.5268958509153226]], "mid_gap_of_max": 0.5264788920899178, "band_nos": [11]}