{
  "lattice_vectors": [
    [
      1.0,
      0.0,
      0.0
    ],
    [
      0.0,
      1.0,
      0.0
    ],
    [
      0.0,
      0.0,
      0.65472346
    ]
  ],
  "basis": [
    [
      -0.0733692308,
      -0.2769692308,
      -0.375
    ],
    [
      0.3154307692,
      -0.0733692308,
      -0.375
    ],
    [
      0.1118307692,
      0.3154307692,
      -0.375
    ],
    [
      -0.2769692308,
      0.1118307692,
      -0.375
    ],
    [
      -0.0733692308,
      0.3154307692,
      0.125
    ],
    [
      -0.2769692308,
      -0.0733692308,
      0.125
    ],
    [
      0.1118307692,
      -0.2769692308,
      0.125
    ],
    [
      0.3154307692,
      0.1118307692,
      0.125
    ],
    [
      -0.4807692308,
      -0.4807692308,
      -0.375
    ],
    [
      -0.4807692308,
      -0.4807692308,
      0.125
    ],
    [
      0.0192307692,
      0.0192307692,
      -0.125
    ],
    [
      0.0192307692,
      0.0192307692,
      0.375
    ],
    [
      -0.4069692308,
      -0.2952692308,
      -0.375
    ],
    [
      0.3337307692,
      -0.4069692308,
      -0.375
    ],
    [
      0.4454307692,
      0.3337307692,
      -0.375
    ],
    [
      -0.2952692308,
      0.4454307692,
      -0.375
    ],
    [
      -0.4069692308,
      0.3337307692,
      0.125
    ],
    [
      -0.2952692308,
      -0.4069692308,
      0.125
    ],
    [
      0.4454307692,
      -0.2952692308,
      0.125
    ],
    [
      0.3337307692,
      0.4454307692,
      0.125
    ],
    [
      -0.3607692308,
      -0.1873692308,
      -0.375
    ],
    [
      0.2258307692,
      -0.3607692308,
      -0.375
    ],
    [
      0.3992307692,
      0.2258307692,
      -0.375
    ],
    [
      -0.1873692308,
      0.3992307692,
      -0.375
    ],
    [
      -0.3607692308,
      0.2258307692,
      0.125
    ],
    [
      -0.1873692308,
      -0.3607692308,
      0.125
    ],
    [
      0.3992307692,
      -0.1873692308,
      0.125
    ],
    [
      0.2258307692,
      0.3992307692,
      0.125
    ],
    [
      -0.0219692308,
      0.1379307692,
      -0.153
    ],
    [
      -0.0994692308,
      -0.0219692308,
      -0.153
    ],
    [
      0.0604307692,
      -0.0994692308,
      -0.153
    ],
    [
      0.1379307692,
      0.0604307692,
      -0.153
    ],
    [
      -0.0219692308,
      -0.0994692308,
      -0.097
    ],
    [
      0.1379307692,
      -0.0219692308,
      -0.097
    ],
    [
      0.0604307692,
      0.1379307692,
      -0.097
    ],
    [
      -0.0994692308,
      0.0604307692,
      -0.097
    ],
    [
      0.0604307692,
      -0.0994692308,
      0.403
    ],
    [
      0.1379307692,
      0.0604307692,
      0.403
    ],
    [
      -0.0219692308,
      0.1379307692,
      0.403
    ],
    [
      -0.0994692308,
      -0.0219692308,
      0.403
    ],
    [
      0.0604307692,
      0.1379307692,
      0.347
    ],
    [
      -0.0994692308,
      0.0604307692,
      0.347
    ],
    [
      -0.0219692308,
      -0.0994692308,
      0.347
    ],
    [
      0.1379307692,
      -0.0219692308,
      0.347
    ],
    [
      -0.0777692308,
      -0.0777692308,
      -0.125
    ],
    [
      0.1162307692,
      -0.0777692308,
      -0.125
    ],
    [
      0.1162307692,
      0.1162307692,
      -0.125
    ],
    [
      -0.0777692308,
      0.1162307692,
      -0.125
    ],
    [
      0.1162307692,
      0.1162307692,
      0.375
    ],
    [
      -0.0777692308,
      0.1162307692,
      0.375
    ],
    [
      -0.0777692308,
      -0.0777692308,
      0.375
    ],
    [
      0.1162307692,
      -0.0777692308,
      0.375
    ]
  ],
  "structure": "tP52-Tl4PtC5N4O3_r",
  "nbands": 20
}