{"_status": {"tI40-BeSO8_r/4ad92e3e/strict-mpb-t/0000/73098889d94d6670c9eefcc35d01a3d0": 1, "tI40-BeSO8_r/4ad92e3e/store_fill/0000/559789394487fbf57685cd32d80895b4": 1, "tI40-BeSO8_r/4ad92e3e/check_runnin/0000/448ef4a4f9a2c3a6eee121056d99fa50": 1, "tI40-BeSO8_r/4ad92e3e/mpb-tI40-BeS/0000/943ae40f00fbb066f574009624a92389": 1, "tI40-BeSO8_r/4ad92e3e/store_data/0000/46fd428c4f0da5a2cbb72bbc13eca638": 1, "tI40-BeSO8_r/4ad92e3e/store_strict/0000/1f9821e8db0f9c966cbd1bce8d68639f": 1}, "gap_range_of_max": [0.584984271232411, 0.6456881004293237], "band_nos": [12], "max_gap": 9.865148612208712, "mid_gaps": [0.6153361858308674], "fill_fraction": 0.299384, "gap": [9.865148612208712], "mid_gap_of_max": 0.6153361858308674, "gap_ranges": [[0.584984271232411, 0.6456881004293237]]}