{"max_gap": 0.2569334333172064, "gap_ranges": [[0.889173455998486, 0.8914609785922978]], "mid_gaps": [0.8903172172953919], "run_me": true, "fill_fraction": 0.167268, "_status": {"oP16-Cu2S4Si/f7812969/store_data/0000/295e72a1d9e10427731a724a27655c32": 1, "oP16-Cu2S4Si/f7812969/store_fill/0000/65ebd10ab6f7164533fd6662d5292064": 1, "oP16-Cu2S4Si/f7812969/store_strict/0000/bb0bcc879ea35b95b42e01abca6c0b73": 1, "oP16-Cu2S4Si/f7812969/strict-mpb-o/0000/3dbb7f7916b18e227f5a5e0f2d2d8f31": 1, "oP16-Cu2S4Si/f7812969/check_runnin/0000/ef12ca6b22d980c146f2e544f5b10a0c": 1, "oP16-Cu2S4Si/f7812969/mpb-oP16-Cu2/0000/e4c70d35843f285a882d5a1b0f3231ee": 3}, "band_nos": [16], "gap_range_of_max": [0.889173455998486, 0.8914609785922978], "gap": [0.2569334333172064], "mid_gap_of_max": 0.8903172172953919}