{"gap_range_of_max": [0.669145361683297, 0.7112869809475743], "band_nos": [8], "mid_gaps": [0.6902161713154356], "mid_gap_of_max": 0.6902161713154356, "gap": [6.105568228568401], "fill_fraction": 0.360569, "max_gap": 6.105568228568401, "gap_ranges": [[0.669145361683297, 0.7112869809475743]]}