{"max_gap": 0.3545946300939876, "mid_gap_of_max": 0.44442702603483913, "gap": [0.3545946300939876], "strict_calculated": true, "mid_gaps": [0.44442702603483913], "fill_fraction": 0.299596, "gap_range_of_max": [0.443639068850336, 0.4452149832193423], "gap_ranges": [[0.443639068850336, 0.4452149832193423]], "band_nos": [6]}