{"gap": [15.925771549247287], "max_gap": 15.925771549247287, "mid_gap_of_max": 0.4947408913571989, "gap_range_of_max": [0.45534523929807, 0.5341365434163278], "fill_fraction": 0.082085, "gap_ranges": [[0.45534523929807, 0.5341365434163278]], "mid_gaps": [0.4947408913571989], "band_nos": [2]}