{"band_nos": [8], "mid_gaps": [0.7006408827478273], "gap_ranges": [[0.683963426944753, 0.7173183385509017]], "mid_gap_of_max": 0.7006408827478273, "max_gap": 4.760628793931418, "gap": [4.760628793931418], "gap_range_of_max": [0.683963426944753, 0.7173183385509017], "fill_fraction": 0.242714}