{"gap_ranges": [[0.508943996795366, 0.539047680338704]], "max_gap": 5.745023400502838, "gap_range_of_max": [0.508943996795366, 0.539047680338704], "fill_fraction": 0.461322, "gap": [5.745023400502838], "band_nos": [8], "mid_gap_of_max": 0.5239958385670349, "mid_gaps": [0.5239958385670349]}