{"gap_range_of_max": [0.3133305377208091, 0.33028805803070904], "max_gap": 5.269431437138487, "fill_fraction": 0.459647, "band_nos": [2], "gap": [5.269431437138487], "mid_gap_of_max": 0.32180929787575907, "gap_ranges": [[0.3133305377208091, 0.33028805803070904]], "mid_gaps": [0.32180929787575907]}