{"mid_gaps": [0.2533750777831027], "max_gap": 0.06541332044916401, "fill_fraction": 0.48269, "gap_ranges": [[0.253292207257318, 0.2534579483088874]], "strict_calculated": true, "mid_gap_of_max": 0.2533750777831027, "gap": [0.06541332044916401], "band_nos": [2], "gap_range_of_max": [0.253292207257318, 0.2534579483088874]}