{"gap": [9.077924453219925], "max_gap": 9.077924453219925, "band_nos": [10], "mid_gaps": [0.6155187024213062], "gap_ranges": [[0.587580541020683, 0.6434568638219295]], "fill_fraction": 0.269468, "gap_range_of_max": [0.587580541020683, 0.6434568638219295], "mid_gap_of_max": 0.6155187024213062}