{"band_nos": [8], "gap_range_of_max": [0.528073033448861, 0.5320608871944105], "mid_gap_of_max": 0.5300669603216357, "gap": [0.752330185440997], "gap_ranges": [[0.528073033448861, 0.5320608871944105]], "mid_gaps": [0.5300669603216357], "max_gap": 0.752330185440997, "fill_fraction": 0.528025}