{"gap_range_of_max": [0.3316965956314692, 0.372216393139781], "fill_fraction": 0.365901, "band_nos": [2], "gap": [11.512729031763731], "mid_gap_of_max": 0.3519564943856251, "mid_gaps": [0.3519564943856251], "gap_ranges": [[0.3316965956314692, 0.372216393139781]], "max_gap": 11.512729031763731}