{"equivalent_atoms": [0, 0, 0, 0, 0, 0, 0, 0], "std_lattice": [[1.0, 0.0, 0.0], [0.0, 0.5963636312, 0.0], [0.0, 0.0, 1.3236364018]], "wyckoffs": ["f", "f", "f", "f", "f", "f", "f", "f"], "global_point_groups": ["2/m", "1", "-1", "2", "m"], "std_positions": [[0.215, 0.817, 0.9003], [0.785, 0.183, 0.0997], [0.785, 0.817, 0.5997], [0.215, 0.183, 0.4003], [0.715, 0.317, 0.9003], [0.285, 0.683, 0.0997], [0.285, 0.317, 0.5997], [0.715, 0.683, 0.4003]], "international": "C2/c", "site_point_groups": {"f": {"site_symmetry": ["1"], "name": "8f"}}, "number": 15}