{"gap": [5.021553098640889], "band_nos": [4], "mid_gap_of_max": 0.37994964059223857, "gap_ranges": [[0.370409954117021, 0.3894893270674561]], "max_gap": 5.021553098640889, "fill_fraction": 0.225394, "mid_gaps": [0.37994964059223857], "gap_range_of_max": [0.370409954117021, 0.3894893270674561]}