{"gap": [5.907767205061382], "mid_gap_of_max": 0.740529719515622, "gap_range_of_max": [0.718655333558983, 0.7624041054722609], "max_gap": 5.907767205061382, "band_nos": [12], "fill_fraction": 0.275995, "gap_ranges": [[0.718655333558983, 0.7624041054722609]], "mid_gaps": [0.740529719515622]}