{"mid_gap_of_max": 0.6856414535262451, "fill_fraction": 0.327586, "mid_gaps": [0.6856414535262451], "band_nos": [12], "gap": [1.0185735464465484], "gap_ranges": [[0.6821495722917, 0.6891333347607901]], "gap_range_of_max": [0.6821495722917, 0.6891333347607901], "max_gap": 1.0185735464465484}