{
  "lattice_vectors": [
    [
      1.0,
      0.0,
      0.0
    ],
    [
      -0.5,
      0.8660254038,
      0.0
    ],
    [
      0.0,
      0.0,
      2.4272069823
    ]
  ],
  "basis": [
    [
      0.0,
      0.0,
      0.0
    ],
    [
      0.0,
      0.0,
      0.5
    ],
    [
      0.3333333333333333,
      0.6666666666666666,
      0.25
    ],
    [
      0.6666666666666666,
      0.3333333333333333,
      0.75
    ],
    [
      0.3333333333333333,
      0.6666666666666666,
      0.8503
    ],
    [
      0.6666666666666666,
      0.3333333333333333,
      0.1497
    ],
    [
      0.6666666666666666,
      0.3333333333333333,
      0.3503
    ],
    [
      0.3333333333333333,
      0.6666666666666666,
      0.6497
    ]
  ],
  "nbands": 20,
  "structure": "hP8-Li2O_r"
}