{"gap_range_of_max": [0.54357068587357, 0.5514326639411551], "max_gap": 1.4359733363216458, "band_nos": [4], "gap": [1.4359733363216458], "mid_gap_of_max": 0.5475016749073626, "fill_fraction": 0.083741, "gap_ranges": [[0.54357068587357, 0.5514326639411551]], "mid_gaps": [0.5475016749073626]}