{"global_point_groups": ["mm2", "1", "m", "2"], "std_lattice": [[0.409638549, 0.0, 0.0], [0.0, 1.0, 0.0], [0.0, 0.0, 0.1501477528]], "number": 30, "equivalent_atoms": [0, 0, 0, 0, 4, 4, 4, 4, 8, 8, 8, 8, 12, 12, 12, 12, 16, 16, 16, 16], "wyckoffs": ["c", "c", "c", "c", "c", "c", "c", "c", "c", "c", "c", "c", "c", "c", "c", "c", "c", "c", "c", "c"], "international": "Pnc2", "site_point_groups": {"c": {"site_symmetry": ["1"], "name": "4c"}}, "std_positions": [[0.2419, 0.8143, 0.0], [0.7581, 0.1857, 0.0], [0.2419, 0.6857, 0.5], [0.7581, 0.3143, 0.5], [0.453, 0.914, 0.502], [0.547, 0.086, 0.502], [0.453, 0.586, 0.002], [0.547, 0.414, 0.002], [0.7501, 0.5338, 0.505], [0.2499, 0.4662, 0.505], [0.7501, 0.9662, 0.005], [0.2499, 0.0338, 0.005], [0.0464, 0.5797, 0.997], [0.9536, 0.4203, 0.997], [0.0464, 0.9203, 0.497], [0.9536, 0.0797, 0.497], [0.7416, 0.7486, 0.127], [0.2584, 0.2514, 0.127], [0.7416, 0.7514, 0.627], [0.2584, 0.2486, 0.627]]}