{"strict_calculated": true, "mid_gaps": [0.24309563012505225], "gap": [12.051610177458906], "gap_range_of_max": [0.2284471612744979, 0.25774409897560663], "mid_gap_of_max": 0.24309563012505225, "band_nos": [2], "max_gap": 12.051610177458906, "gap_ranges": [[0.2284471612744979, 0.25774409897560663]], "fill_fraction": 0.537026}