{"max_gap": 0.4274654580233374, "mid_gaps": [0.7732052691302325], "band_nos": [16], "gap": [0.4274654580233374], "mid_gap_of_max": 0.7732052691302325, "_status": {"hR8-FeF3_r/5f368635/store_strict/0000/986c0b3f3185ecfec2c234705eb7b2c2": 1, "hR8-FeF3_r/5f368635/strict-mpb-h/0000/b80659c0ace125f364fea510d2e05581": 1, "hR8-FeF3_r/5f368635/store_fill/0000/8907cffa065cd2e1293d121243d98454": 1, "hR8-FeF3_r/5f368635/mpb-hR8-FeF3/0000/d403b82c913308d3e39da468ec93b86b": 1, "hR8-FeF3_r/5f368635/store_data/0000/0fa4d801c8bdecf5321910f46e38c946": 1, "hR8-FeF3_r/5f368635/check_runnin/0000/309542aa9e2135a69d085912b9e60eb2": 1}, "gap_ranges": [[0.771552676407658, 0.7748578618528069]], "strict_calculated": true, "gap_range_of_max": [0.771552676407658, 0.7748578618528069], "fill_fraction": 0.161117}