{"fill_fraction": 0.315613, "gap_range_of_max": [0.414424432039825, 0.4162998161777986], "max_gap": 0.451505813631095, "mid_gap_of_max": 0.4153621241088118, "band_nos": [4], "gap_ranges": [[0.414424432039825, 0.4162998161777986]], "gap": [0.451505813631095], "mid_gaps": [0.4153621241088118]}