{"std_positions": [[0.333, 0.333, 0.3994666667], [0.0, 0.667, 0.7328], [0.667, 0.0, 0.0661333334], [0.667, 0.667, 0.8994666667], [0.0, 0.333, 0.2328], [0.333, 0.0, 0.5661333334], [0.667, 0.0, 0.3994666667], [0.333, 0.333, 0.7328], [0.0, 0.667, 0.0661333334], [0.333, 0.0, 0.8994666667], [0.667, 0.667, 0.2328], [0.0, 0.333, 0.5661333334], [0.333, 0.333, 0.2614666667], [0.0, 0.667, 0.5948], [0.667, 0.0, 0.9281333334], [0.667, 0.667, 0.7614666667], [0.0, 0.333, 0.0948], [0.333, 0.0, 0.4281333334], [0.33333333, 0.66666667, 0.2614666667], [0.33333334, 0.66666667, 0.5948], [0.33333333, 0.66666666, 0.9281333334], [0.66666667, 0.33333333, 0.7614666667], [0.66666666, 0.33333333, 0.0948], [0.66666667, 0.33333334, 0.4281333334], [0.667, 0.0, 0.2614666667], [0.333, 0.333, 0.5948], [0.0, 0.667, 0.9281333334], [0.333, 0.0, 0.7614666667], [0.667, 0.667, 0.0948], [0.0, 0.333, 0.4281333334]], "international": "P6_5", "number": 170, "wyckoffs": ["a", "a", "a", "a", "a", "a", "a", "a", "a", "a", "a", "a", "a", "a", "a", "a", "a", "a", "a", "a", "a", "a", "a", "a", "a", "a", "a", "a", "a", "a"], "global_point_groups": ["6", "1", "2", "3"], "equivalent_atoms": [0, 0, 0, 0, 0, 0, 6, 6, 6, 6, 6, 6, 12, 12, 12, 12, 12, 12, 18, 18, 18, 18, 18, 18, 24, 24, 24, 24, 24, 24], "site_point_groups": {"a": {"site_symmetry": ["1"], "name": "6a"}}, "std_lattice": [[1.0, 0.0, 0.0], [-0.5, 0.8660254038, 0.0], [0.0, 0.0, 2.7144866444]]}