{"mid_gaps": [0.6307432936930957], "fill_fraction": 0.19281, "band_nos": [8], "mid_gap_of_max": 0.6307432936930957, "max_gap": 16.172691169776478, "gap": [16.172691169776478], "strict_calculated": true, "gap_range_of_max": [0.579739211211565, 0.6817473761746263], "gap_ranges": [[0.579739211211565, 0.6817473761746263]]}