{"fill_fraction": 0.159311, "band_nos": [8], "gap_range_of_max": [0.757536190114089, 0.8449712208764165], "mid_gaps": [0.8012537054952528], "max_gap": 10.9122778668816, "gap_ranges": [[0.757536190114089, 0.8449712208764165]], "mid_gap_of_max": 0.8012537054952528, "gap": [10.9122778668816]}