{"gap": [8.341571250855573], "band_nos": ["8"], "gap_ranges": [[0.3400144707563703, 0.36961144650794026]], "mid_gaps": [0.3548129586321553], "gap_range_of_max": [0.3400144707563703, 0.36961144650794026], "mid_gap_of_max": 0.3548129586321553, "fill_fraction": 0.555409, "max_gap": 8.341571250855573}