{"mid_gap_of_max": 0.4152935843587268, "gap": [32.05624465598322], "gap_range_of_max": [0.348729820637409, 0.48185734808004466], "mid_gaps": [0.4152935843587268], "gap_ranges": [[0.348729820637409, 0.48185734808004466]], "max_gap": 32.05624465598322, "fill_fraction": 0.150614, "strict_calculated": true, "band_nos": [2]}