{"gap": [1.3826464617541725], "gap_range_of_max": [0.342688622296052, 0.34745977851840915], "band_nos": [4], "mid_gaps": [0.3450742004072306], "gap_ranges": [[0.342688622296052, 0.34745977851840915]], "max_gap": 1.3826464617541725, "mid_gap_of_max": 0.3450742004072306, "run_me": true, "fill_fraction": 0.30807}