{"gap_range_of_max": [0.368658180600554, 0.43778479635618334], "max_gap": 17.14358429073081, "mid_gaps": [0.4032214884783687], "fill_fraction": 0.320572, "gap_ranges": [[0.368658180600554, 0.43778479635618334]], "band_nos": [2], "mid_gap_of_max": 0.4032214884783687, "gap": [17.14358429073081]}