{"gap_range_of_max": [0.2400073175917828, 0.26298663405686373], "band_nos": [2], "gap_ranges": [[0.2400073175917828, 0.26298663405686373]], "mid_gap_of_max": 0.2514969758243233, "fill_fraction": 0.566537, "mid_gaps": [0.2514969758243233], "max_gap": 9.137015023644867, "gap": [9.137015023644867]}