{"strict_calculated": true, "fill_fraction": 0.187872, "gap_ranges": [[0.483274068325358, 0.4834777820741528]], "band_nos": [5], "gap_range_of_max": [0.483274068325358, 0.4834777820741528], "mid_gaps": [0.4833759251997554], "gap": [0.042143958392264716], "mid_gap_of_max": 0.4833759251997554, "max_gap": 0.042143958392264716}