{"max_gap": 0.6187635996421107, "gap_ranges": [[0.837976201210501, 0.8431773844315167]], "band_nos": [18], "run_me": true, "gap_range_of_max": [0.837976201210501, 0.8431773844315167], "mid_gap_of_max": 0.8405767928210088, "mid_gaps": [0.8405767928210088], "_status": {"cF60-Cu6O8Pb/f597905d/check_runnin/0000/f8e7b68a7f2946079127c354642b52f7": 1, "cF60-Cu6O8Pb/f597905d/store_fill/0000/73b7a6579c827281eab47a0a3b79d622": 1, "cF60-Cu6O8Pb/f597905d/mpb-cF60-Cu6/0000/878c14abeb67564c6e0531f790c06c22": 4, "cF60-Cu6O8Pb/f597905d/store_strict/0000/ec9e1dbb5b3137e2d97dcf8bd9118d5a": 1, "cF60-Cu6O8Pb/f597905d/strict-mpb-c/0000/95c87afdefa7d8f2c381e053e378d381": 1, "cF60-Cu6O8Pb/f597905d/store_data/0000/0db60bcaa266d1b72566f59928dd7280": 1}, "gap": [0.6187635996421107], "fill_fraction": 0.216206}