{"gap_range_of_max": [0.354027903904575, 0.37131791154542515], "mid_gaps": [0.36267290772500005], "gap": [4.767383301197546], "max_gap": 4.767383301197546, "mid_gap_of_max": 0.36267290772500005, "band_nos": [2], "gap_ranges": [[0.354027903904575, 0.37131791154542515]], "fill_fraction": 0.499568}