{"max_gap": 5.848598023682294, "mid_gap_of_max": 0.8816488023911615, "band_nos": [8, 11], "mid_gaps": [0.7527746377287572, 0.8816488023911615], "gap_range_of_max": [0.855866755174927, 0.907430849607396], "gap": [0.8182300666903023, 5.848598023682294], "gap_ranges": [[0.749694923518599, 0.7558543519389153], [0.855866755174927, 0.907430849607396]], "_status": {"tI14-Ga2HgSe/fea83077/check_runnin/0000/d75b0c5c5df4540981c545f1b1e76bcb": 1, "tI14-Ga2HgSe/fea83077/store_data/0000/2d3b3de9f015dbc140bf9e30c35cec6e": 1, "tI14-Ga2HgSe/fea83077/store_fill/0000/d54f8279c4e5386c210f358ca65b34e8": 1, "tI14-Ga2HgSe/fea83077/store_strict/0000/d69fd21107e9fd9c12a9bd6bb5a7a5fb": 1, "tI14-Ga2HgSe/fea83077/strict-mpb-t/0000/f1cf9dbd8198128413696aedc659a6c2": 1, "tI14-Ga2HgSe/fea83077/mpb-tI14-Ga2/0000/20c9a12b79eef5c7e4c686deaef9d341": 1}, "fill_fraction": 0.157639}