{"gap_range_of_max": [0.304521269655238, 0.3090228675259864], "gap": [1.4674079982019144], "mid_gap_of_max": 0.30677206859061223, "band_nos": [2], "gap_ranges": [[0.304521269655238, 0.3090228675259864]], "fill_fraction": 0.550572, "run_me": true, "max_gap": 1.4674079982019144, "mid_gaps": [0.30677206859061223], "_status": {"cF88-O7Pr2Zr/0e025746/check_runnin/0000/39e83ab45785b1e3687ef686f9d280e7": 1, "cF88-O7Pr2Zr/0e025746/store_fill/0000/2be5960bc50e65ade1ffe003debfc388": 1, "cF88-O7Pr2Zr/0e025746/strict-mpb-c/0000/d1a0ba974563c85df17fa57e38e46854": 1, "cF88-O7Pr2Zr/0e025746/mpb-cF88-O7P/0000/30f742cf74cca69179bad91727ea8f9a": 7, "cF88-O7Pr2Zr/0e025746/store_data/0000/f88b70cd98ead29db091dfbdc1502bc0": 1, "cF88-O7Pr2Zr/0e025746/store_strict/0000/5e5b4a498442c2acdb42e8a52446ecbc": 1}}