{"gap": [1.0604303421422567, 1.1745905593296262], "gap_ranges": [[0.2911932448344209, 0.2942976061515822], [0.379121967528171, 0.3836014058971986]], "mid_gap_of_max": 0.3813616867126848, "max_gap": 1.1745905593296262, "band_nos": [2, 5], "mid_gaps": [0.29274542549300153, 0.3813616867126848], "strict_calculated": true, "fill_fraction": 0.360585, "gap_range_of_max": [0.379121967528171, 0.3836014058971986]}