{"gap": [0.13997178016263032, 1.4221580792030015], "fill_fraction": 0.267057, "max_gap": 1.4221580792030015, "mid_gap_of_max": 0.44005413967932827, "run_me": true, "gap_range_of_max": [0.4369250069291698, 0.4431832724294867], "mid_gaps": [0.3418063597957429, 0.44005413967932827], "band_nos": [2, 5], "gap_ranges": [[0.341567143572485, 0.34204557601900076], [0.4369250069291698, 0.4431832724294867]], "_status": {"hR1-Hg-14/61282c75/strict-mpb-h/0000/8fd812db64eba0e57f23ba46f3998d96": 1, "hR1-Hg-14/61282c75/store_strict/0000/c581945c390780b2a3a346cfc5fba351": 1, "hR1-Hg-14/61282c75/check_runnin/0000/04640fe7c69d02915302d65f19edaa99": 1, "hR1-Hg-14/61282c75/mpb-hR1-Hg-1/0000/71886d2115aa1e02b352c011f88749eb": 1, "hR1-Hg-14/61282c75/store_fill/0000/fafc9eb6793442869401507a528704c6": 1, "hR1-Hg-14/61282c75/store_data/0000/47bed1cad69efecd4bed174cc217135d": 1}}