{
  "basis": [
    [
      0.98123,
      0.98123,
      0.98123
    ],
    [
      0.51877,
      0.01877,
      0.48123
    ],
    [
      0.01877,
      0.48123,
      0.51877
    ],
    [
      0.48123,
      0.51877,
      0.01877
    ],
    [
      0.62674,
      0.62674,
      0.62674
    ],
    [
      0.87326,
      0.37326,
      0.12674
    ],
    [
      0.37326,
      0.12674,
      0.87326
    ],
    [
      0.12674,
      0.87326,
      0.37326
    ],
    [
      0.38118,
      0.38118,
      0.38118
    ],
    [
      0.11882,
      0.61882,
      0.88118
    ],
    [
      0.61882,
      0.88118,
      0.11882
    ],
    [
      0.88118,
      0.11882,
      0.61882
    ]
  ],
  "lattice_vectors": [
    [
      1.0,
      0.0,
      0.0
    ],
    [
      0.0,
      1.0,
      0.0
    ],
    [
      0.0,
      0.0,
      1.0
    ]
  ],
  "nbands": 20,
  "structure": "cP12-NiSbS"
}