{"international": "P2_13", "global_point_groups": ["23", "1", "2", "3"], "equivalent_atoms": [0, 0, 0, 0, 4, 4, 4, 4, 8, 8, 8, 8], "std_lattice": [[1.0, 0.0, 0.0], [0.0, 1.0, 0.0], [0.0, 0.0, 1.0]], "site_point_groups": {"a": {"name": "4a", "site_symmetry": ["1", "3"]}}, "number": 198, "std_positions": [[0.98123, 0.98123, 0.98123], [0.51877, 0.01877, 0.48123], [0.01877, 0.48123, 0.51877], [0.48123, 0.51877, 0.01877], [0.62674, 0.62674, 0.62674], [0.87326, 0.37326, 0.12674], [0.37326, 0.12674, 0.87326], [0.12674, 0.87326, 0.37326], [0.38118, 0.38118, 0.38118], [0.11882, 0.61882, 0.88118], [0.61882, 0.88118, 0.11882], [0.88118, 0.11882, 0.61882]], "wyckoffs": ["a", "a", "a", "a", "a", "a", "a", "a", "a", "a", "a", "a"]}