{"max_gap": 4.919045934856793, "mid_gaps": [0.2846802402182226], "gap_ranges": [[0.277678464326325, 0.2916820161101201]], "mid_gap_of_max": 0.2846802402182226, "gap_range_of_max": [0.277678464326325, 0.2916820161101201], "band_nos": [2], "fill_fraction": 0.447952, "gap": [4.919045934856793]}