{"run_me": true, "mid_gaps": [0.4785891026943674], "gap_ranges": [[0.477931117355221, 0.47924708803351374]], "fill_fraction": 0.58936, "max_gap": 0.27496879282941056, "_status": {"cP12-FeS2-12/fcf1a683/store_fill/0000/4804f504162b4f946add9f1ce64fc3f6": 1, "cP12-FeS2-12/fcf1a683/strict-mpb-c/0000/93dc2f899033c4bb6f4b60c1bdfcf8c2": 1, "cP12-FeS2-12/fcf1a683/check_runnin/0000/e6008379de2b5d6c3446d498f89f28bc": 1, "cP12-FeS2-12/fcf1a683/store_strict/0000/c6932bc841ae5d1ce28d29f5d6fd3c10": 1, "cP12-FeS2-12/fcf1a683/mpb-cP12-FeS/0000/c2bbc7d56580a62bdfcfca9b36098ac3": 6, "cP12-FeS2-12/fcf1a683/store_data/0000/4a24e1c7f1b85b6b47e11734e2cf139f": 1}, "gap_range_of_max": [0.477931117355221, 0.47924708803351374], "mid_gap_of_max": 0.4785891026943674, "band_nos": [16], "gap": [0.27496879282941056]}