{"max_gap": 0.3484827392443834, "mid_gaps": [0.3325775564001828], "gap_range_of_max": [0.331998068710855, 0.3331570440895106], "fill_fraction": 0.374707, "band_nos": [4], "mid_gap_of_max": 0.3325775564001828, "gap_ranges": [[0.331998068710855, 0.3331570440895106]], "gap": [0.3484827392443834]}