{
  "basis": [
    [
      0.309,
      0.309,
      0.141
    ],
    [
      -0.109,
      -0.109,
      0.059
    ],
    [
      0.141,
      0.141,
      0.309
    ],
    [
      0.059,
      0.059,
      -0.109
    ],
    [
      -0.027,
      -0.027,
      -0.523
    ],
    [
      0.227,
      0.227,
      -0.277
    ],
    [
      -0.523,
      -0.523,
      -0.027
    ],
    [
      -0.277,
      -0.277,
      0.227
    ],
    [
      0.471,
      -0.021,
      -0.021
    ],
    [
      -0.271,
      0.221,
      0.221
    ],
    [
      -0.021,
      0.471,
      0.471
    ],
    [
      0.221,
      -0.271,
      -0.271
    ],
    [
      0.147,
      -0.361,
      0.299
    ],
    [
      0.053,
      -0.439,
      -0.099
    ],
    [
      -0.361,
      0.147,
      -0.185
    ],
    [
      -0.439,
      0.053,
      0.385
    ],
    [
      0.299,
      -0.185,
      0.147
    ],
    [
      -0.099,
      0.385,
      0.053
    ],
    [
      -0.185,
      0.299,
      -0.361
    ],
    [
      0.385,
      -0.099,
      -0.439
    ]
  ],
  "lattice_vectors": [
    [
      0.0,
      0.4256806403,
      0.9048734677
    ],
    [
      0.3028065124,
      0.0,
      0.9048734677
    ],
    [
      0.3028065124,
      0.4256806403,
      0.0
    ]
  ],
  "nbands": 20,
  "structure": "oF80-Yb2Se3"
}