{"gap_range_of_max": [0.646769743858918, 0.6689514167230745], "mid_gap_of_max": 0.6578605802909963, "max_gap": 3.371789331767487, "gap": [2.686900637208906, 3.371789331767487], "fill_fraction": 0.35651, "band_nos": [12, 18], "mid_gaps": [0.535530663596197, 0.6578605802909963], "gap_ranges": [[0.528336075189889, 0.5427252520025051], [0.646769743858918, 0.6689514167230745]]}