{"mid_gap_of_max": 0.5412754001779616, "mid_gaps": [0.5412754001779616], "gap": [9.754097192132484], "gap_ranges": [[0.51487713587273, 0.5676736644831933]], "gap_range_of_max": [0.51487713587273, 0.5676736644831933], "band_nos": [12], "strict_calculated": true, "fill_fraction": 0.301349, "max_gap": 9.754097192132484}