{"fill_fraction": 0.14019, "mid_gaps": [0.5038841683887383], "max_gap": 4.34425517272753, "gap_ranges": [[0.4929391613638468, 0.5148291754136297]], "mid_gap_of_max": 0.5038841683887383, "gap": [4.34425517272753], "gap_range_of_max": [0.4929391613638468, 0.5148291754136297], "band_nos": [4]}