{"fill_fraction": 0.497251, "max_gap": 0.6259296799446697, "mid_gaps": [0.5026988164105723], "gap_ranges": [[0.50112554586425, 0.5042720869568946]], "band_nos": [16], "mid_gap_of_max": 0.5026988164105723, "gap": [0.6259296799446697], "gap_range_of_max": [0.50112554586425, 0.5042720869568946]}