{"mid_gaps": [0.3938198446787676], "mid_gap_of_max": 0.3938198446787676, "max_gap": 0.0015443522100644323, "gap_range_of_max": [0.39381680369603, 0.3938228856615052], "gap": [0.0015443522100644323], "gap_ranges": [[0.39381680369603, 0.3938228856615052]], "strict_calculated": true, "fill_fraction": 0.242484, "band_nos": [6]}