{"mid_gap_of_max": 0.6484409435815587, "band_nos": [15], "fill_fraction": 0.199196, "gap_range_of_max": [0.641043664309417, 0.6558382228537004], "gap_ranges": [[0.641043664309417, 0.6558382228537004]], "mid_gaps": [0.6484409435815587], "max_gap": 2.2815583578926675, "gap": [2.2815583578926675]}