{"gap_ranges": [[0.400449156622163, 0.4836985425441882]], "max_gap": 18.831556311353605, "fill_fraction": 0.147826, "mid_gap_of_max": 0.44207384958317564, "mid_gaps": [0.44207384958317564], "gap": [18.831556311353605], "band_nos": [2], "gap_range_of_max": [0.400449156622163, 0.4836985425441882]}