{"gap_range_of_max": [0.2409902589716709, 0.26061903750951954], "max_gap": 7.8263216712869115, "band_nos": [4], "gap": [7.8263216712869115], "mid_gap_of_max": 0.25080464824059523, "fill_fraction": 0.482869, "gap_ranges": [[0.2409902589716709, 0.26061903750951954]], "mid_gaps": [0.25080464824059523], "strict_calculated": true}