{"mid_gaps": [0.6195262515738591], "mid_gap_of_max": 0.6195262515738591, "fill_fraction": 0.245784, "gap": [7.4052340631441576], "gap_range_of_max": [0.596587567068025, 0.6424649360796933], "band_nos": [16], "max_gap": 7.4052340631441576, "gap_ranges": [[0.596587567068025, 0.6424649360796933]]}