{"gap": [14.59474796956397], "fill_fraction": 0.46012, "mid_gaps": [0.2961058753175708], "mid_gap_of_max": 0.2961058753175708, "gap_range_of_max": [0.274497922204735, 0.31771382843040663], "gap_ranges": [[0.274497922204735, 0.31771382843040663]], "max_gap": 14.59474796956397, "band_nos": [2]}