{"mid_gaps": [0.739256730377636, 0.9169470406663369], "max_gap": 0.6450993498631629, "gap_ranges": [[0.7380903349411421, 0.7404231258141298], [0.9139894309673728, 0.9199046503653009]], "gap_range_of_max": [0.9139894309673728, 0.9199046503653009], "band_nos": [8, 14], "fill_fraction": 0.185126, "mid_gap_of_max": 0.9169470406663369, "gap": [0.3155589630947428, 0.6450993498631629]}