{"mid_gaps": [0.7392567303776358, 0.9169470406663365], "max_gap": 0.6450993498631629, "gap_ranges": [[0.738090334941142, 0.7404231258141298], [0.913989430967372, 0.9199046503653009]], "gap_range_of_max": [0.913989430967372, 0.9199046503653009], "band_nos": [8, 14], "fill_fraction": 0.185126, "mid_gap_of_max": 0.9169470406663365, "gap": [0.3155589630947428, 0.6450993498631629]}