{
  "lattice_vectors": [
    [
      1.0,
      0.0,
      0.0
    ],
    [
      -0.5,
      0.8660254038,
      0.0
    ],
    [
      0.0,
      0.0,
      0.5941319653
    ]
  ],
  "basis": [
    [
      0.0,
      0.0,
      0.287
    ],
    [
      0.0,
      0.0,
      0.713
    ],
    [
      0.6666666666666666,
      0.3333333333333333,
      0.6203333333333333
    ],
    [
      0.6666666666666666,
      0.3333333333333333,
      0.04633333333333333
    ],
    [
      0.3333333333333333,
      0.6666666666666666,
      0.9536666666666667
    ],
    [
      0.3333333333333333,
      0.6666666666666666,
      0.37966666666666665
    ],
    [
      0.2299,
      0.9646,
      0.2338
    ],
    [
      0.7701,
      0.0354,
      0.7662
    ],
    [
      0.0354,
      0.2653,
      0.2338
    ],
    [
      0.9646,
      0.7347,
      0.7662
    ],
    [
      0.7347,
      0.7701,
      0.2338
    ],
    [
      0.2653,
      0.2299,
      0.7662
    ],
    [
      0.8965666666666666,
      0.29793333333333333,
      0.5671333333333334
    ],
    [
      0.4367666666666667,
      0.36873333333333336,
      0.09953333333333333
    ],
    [
      0.7020666666666666,
      0.5986333333333334,
      0.5671333333333334
    ],
    [
      0.6312666666666666,
      0.06803333333333333,
      0.09953333333333333
    ],
    [
      0.40136666666666665,
      0.10343333333333334,
      0.5671333333333334
    ],
    [
      0.9319666666666667,
      0.5632333333333334,
      0.09953333333333333
    ],
    [
      0.5632333333333334,
      0.6312666666666666,
      0.9004666666666666
    ],
    [
      0.10343333333333334,
      0.7020666666666666,
      0.4328666666666667
    ],
    [
      0.36873333333333336,
      0.9319666666666667,
      0.9004666666666666
    ],
    [
      0.29793333333333333,
      0.40136666666666665,
      0.4328666666666667
    ],
    [
      0.06803333333333333,
      0.4367666666666667,
      0.9004666666666666
    ],
    [
      0.5986333333333334,
      0.8965666666666666,
      0.4328666666666667
    ]
  ],
  "structure": "hR24-Ge_r",
  "nbands": 20
}