{"fill_fraction": 0.376008, "band_nos": [2], "mid_gaps": [0.34831061264346563], "gap_range_of_max": [0.3170534557122688, 0.37956776957466254], "max_gap": 17.94786365765547, "mid_gap_of_max": 0.34831061264346563, "gap": [17.94786365765547], "gap_ranges": [[0.3170534557122688, 0.37956776957466254]]}