{"max_gap": 9.023770146164047, "gap_ranges": [[0.34429176566078, 0.3768278541459046]], "gap": [9.023770146164047], "gap_range_of_max": [0.34429176566078, 0.3768278541459046], "mid_gaps": [0.3605598099033423], "fill_fraction": 0.403047, "band_nos": [2], "mid_gap_of_max": 0.3605598099033423}