{"gap_ranges": [[0.330360847093442, 0.331024324087321]], "mid_gaps": [0.3306925855903815], "band_nos": [4], "max_gap": 0.20063255808848032, "gap": [0.20063255808848032], "mid_gap_of_max": 0.3306925855903815, "fill_fraction": 0.329086, "gap_range_of_max": [0.330360847093442, 0.331024324087321]}