{"max_gap": 2.675006498025509, "strict_calculated": true, "gap_ranges": [[0.603274244925884, 0.619630637460133]], "fill_fraction": 0.171433, "gap": [2.675006498025509], "mid_gaps": [0.6114524411930085], "_status": {"tP28-Mg(FeO2/a785bfac/mpb-tP28-Mg(/0000/d3274a018f52eec5ac1ec7ce0dcb174d": 1, "tP28-Mg(FeO2/a785bfac/store_strict/0000/f2be2d2ce55c5197604d0a0cd842e513": 1, "tP28-Mg(FeO2/a785bfac/store_data/0000/4c9675668ed735313232fafc5fa1fd35": 1, "tP28-Mg(FeO2/a785bfac/store_fill/0000/0b69d1babc611c787d394ae6adf7b58b": 1, "tP28-Mg(FeO2/a785bfac/check_runnin/0000/ce01b84223425ffde14e8bccb03ebc43": 1, "tP28-Mg(FeO2/a785bfac/strict-mpb-t/0000/75bf8d28b7fd1f7d0c4f4abd9a06d5c0": 1}, "band_nos": [16], "gap_range_of_max": [0.603274244925884, 0.619630637460133], "mid_gap_of_max": 0.6114524411930085}