{"gap_range_of_max": [0.49728560546323, 0.5567337032179834], "gap": [11.280267309169622], "fill_fraction": 0.137186, "mid_gaps": [0.5270096543406066], "max_gap": 11.280267309169622, "band_nos": [2], "mid_gap_of_max": 0.5270096543406066, "gap_ranges": [[0.49728560546323, 0.5567337032179834]]}