{"gap_range_of_max": [0.333671860558653, 0.37030198087181765], "max_gap": 10.406670861159222, "band_nos": [4], "gap": [10.406670861159222], "mid_gap_of_max": 0.3519869207152353, "fill_fraction": 0.352359, "gap_ranges": [[0.333671860558653, 0.37030198087181765]], "mid_gaps": [0.3519869207152353]}