{"fill_fraction": 0.19104, "gap_range_of_max": [0.694608143836009, 0.7138302082677769], "gap": [2.729557087543862], "band_nos": [8], "mid_gaps": [0.704219176051893], "mid_gap_of_max": 0.704219176051893, "gap_ranges": [[0.694608143836009, 0.7138302082677769]], "max_gap": 2.729557087543862}