{"gap": [1.1016519521810189], "max_gap": 1.1016519521810189, "gap_ranges": [[0.310351834122257, 0.31378976819541027]], "gap_range_of_max": [0.310351834122257, 0.31378976819541027], "mid_gap_of_max": 0.3120708011588336, "mid_gaps": [0.3120708011588336], "band_nos": [4], "fill_fraction": 0.367813}