{"band_nos": [5], "mid_gaps": [0.5228051358846455], "strict_calculated": true, "fill_fraction": 0.156506, "gap_range_of_max": [0.51849106398702, 0.527119207782271], "gap_ranges": [[0.51849106398702, 0.527119207782271]], "gap": [1.6503555919837212], "mid_gap_of_max": 0.5228051358846455, "max_gap": 1.6503555919837212}