{"gap": [1.5357304237025098], "fill_fraction": 0.527879, "strict_calculated": true, "max_gap": 1.5357304237025098, "gap_ranges": [[0.659216929517208, 0.6694190630966251]], "mid_gaps": [0.6643179963069166], "gap_range_of_max": [0.659216929517208, 0.6694190630966251], "band_nos": [16], "mid_gap_of_max": 0.6643179963069166}