{"strict_calculated": true, "max_gap": 7.689241419886407, "fill_fraction": 0.409954, "band_nos": [5, 13], "gap_ranges": [[0.3233617982611962, 0.3492200180629048], [0.432956546369896, 0.4341427580442885]], "gap": [7.689241419886407, 0.2736045729372752], "gap_range_of_max": [0.3233617982611962, 0.3492200180629048], "mid_gaps": [0.33629090816205054, 0.43354965220709224], "mid_gap_of_max": 0.33629090816205054}