{
  "structure": "cP20-Mg3Ru2_r",
  "nbands": 20,
  "basis": [
    [
      0.07378,
      0.07378,
      0.07378
    ],
    [
      0.42622,
      0.92622,
      0.57378
    ],
    [
      0.92622,
      0.57378,
      0.42622
    ],
    [
      0.57378,
      0.42622,
      0.92622
    ],
    [
      0.82378,
      0.32378,
      0.17622
    ],
    [
      0.67622,
      0.67622,
      0.67622
    ],
    [
      0.32378,
      0.17622,
      0.82378
    ],
    [
      0.17622,
      0.82378,
      0.32378
    ],
    [
      0.125,
      0.20512,
      0.45512
    ],
    [
      0.375,
      0.79488,
      0.95512
    ],
    [
      0.875,
      0.70512,
      0.04488
    ],
    [
      0.625,
      0.29488,
      0.54488
    ],
    [
      0.45512,
      0.125,
      0.20512
    ],
    [
      0.95512,
      0.375,
      0.79488
    ],
    [
      0.04488,
      0.875,
      0.70512
    ],
    [
      0.54488,
      0.625,
      0.29488
    ],
    [
      0.20512,
      0.45512,
      0.125
    ],
    [
      0.79488,
      0.95512,
      0.375
    ],
    [
      0.70512,
      0.04488,
      0.875
    ],
    [
      0.29488,
      0.54488,
      0.625
    ]
  ],
  "lattice_vectors": [
    [
      1.0,
      0.0,
      0.0
    ],
    [
      0.0,
      1.0,
      0.0
    ],
    [
      0.0,
      0.0,
      1.0
    ]
  ]
}