{"fill_fraction": 0.521186, "mid_gap_of_max": 0.44238184814638504, "band_nos": [8], "gap_range_of_max": [0.4219573834692273, 0.46280631282354273], "max_gap": 9.233861996254058, "gap": [9.233861996254058], "gap_ranges": [[0.4219573834692273, 0.46280631282354273]], "mid_gaps": [0.44238184814638504]}