{"max_gap": 0.7676054497714643, "mid_gaps": [0.5659982878079648], "gap_range_of_max": [0.563825970956551, 0.5681706046593786], "gap_ranges": [[0.563825970956551, 0.5681706046593786]], "gap": [0.7676054497714643], "mid_gap_of_max": 0.5659982878079648, "fill_fraction": 0.109544, "band_nos": [2]}