{"mid_gaps": [0.6337490043175622], "fill_fraction": 0.329123, "gap_range_of_max": [0.606215237438844, 0.6612827711962804], "mid_gap_of_max": 0.6337490043175622, "max_gap": 8.689170851910658, "gap_ranges": [[0.606215237438844, 0.6612827711962804]], "band_nos": [8], "gap": [8.689170851910658]}