{"run_me": true, "max_gap": 2.8778405305088834, "fill_fraction": 0.265444, "gap_range_of_max": [0.801355454614604, 0.8247538712395119], "mid_gap_of_max": 0.813054662927058, "gap": [2.8778405305088834], "mid_gaps": [0.813054662927058], "band_nos": [8], "_status": {"mP24-SiO2-8/a9e4d879/check_runnin/0000/d8a89491c6eb9e162d460f9d84607503": 1, "mP24-SiO2-8/a9e4d879/store_strict/0000/5d455f961b736b3a86ef3bdc87f235ed": 1, "mP24-SiO2-8/a9e4d879/store_fill/0000/906601ea75043b9d228883a51f119b2e": 1, "mP24-SiO2-8/a9e4d879/strict-mpb-m/0000/2e52936d91a5d4ecbc6497d6828853af": 1, "mP24-SiO2-8/a9e4d879/store_data/0000/990e7ff994f79ec2879427c65c9fe556": 1, "mP24-SiO2-8/a9e4d879/mpb-mP24-SiO/0000/456c67cc9943a7789e86cb724461c978": 7}, "gap_ranges": [[0.801355454614604, 0.8247538712395119]]}