{"gap": [1.455708876116405], "max_gap": 1.455708876116405, "fill_fraction": 0.294153, "gap_ranges": [[0.560864369525727, 0.5690887836994559]], "strict_calculated": true, "mid_gap_of_max": 0.5649765766125915, "mid_gaps": [0.5649765766125915], "band_nos": [16], "gap_range_of_max": [0.560864369525727, 0.5690887836994559]}