{"max_gap": 29.132830987239508, "mid_gaps": [0.39899364164460555], "gap_ranges": [[0.340874570009528, 0.4571127132796831]], "mid_gap_of_max": 0.39899364164460555, "gap_range_of_max": [0.340874570009528, 0.4571127132796831], "band_nos": [2], "fill_fraction": 0.207681, "gap": [29.132830987239508]}