{"gap_range_of_max": [0.359294627299528, 0.35937561315823946], "mid_gap_of_max": 0.3593351202288837, "fill_fraction": 0.527838, "gap": [0.022537696470929645], "mid_gaps": [0.3593351202288837], "band_nos": [16], "max_gap": 0.022537696470929645, "gap_ranges": [[0.359294627299528, 0.35937561315823946]]}