{"band_nos": [8, 14], "fill_fraction": 0.109578, "mid_gap_of_max": 0.7208321873681991, "gap_ranges": [[0.704639221893397, 0.7370251528430012], [0.89713013401723, 0.9048562160205755]], "gap_range_of_max": [0.704639221893397, 0.7370251528430012], "gap": [4.492853054723627, 0.8575072728139794], "mid_gaps": [0.7208321873681991, 0.9009931750189027], "strict_calculated": true, "max_gap": 4.492853054723627}