{"fill_fraction": 0.461864, "mid_gaps": [0.3178937800030309], "max_gap": 3.0552008492044798, "gap_range_of_max": [0.3130376332699205, 0.3227499267361414], "gap_ranges": [[0.3130376332699205, 0.3227499267361414]], "gap": [3.0552008492044798], "mid_gap_of_max": 0.3178937800030309, "band_nos": [2]}