{"gap_range_of_max": [0.423445151594714, 0.4934931247001477], "gap": [15.278667041467799], "fill_fraction": 0.228155, "max_gap": 15.278667041467799, "mid_gaps": [0.45846913814743084], "band_nos": [2], "mid_gap_of_max": 0.45846913814743084, "gap_ranges": [[0.423445151594714, 0.4934931247001477]]}