{
  "basis": [
    [
      0.425,
      0.456,
      0.121
    ],
    [
      -0.015,
      -0.246,
      -0.021
    ],
    [
      0.296,
      -0.375,
      -0.319
    ],
    [
      -0.406,
      0.065,
      0.419
    ],
    [
      -0.085,
      -0.256,
      -0.081
    ],
    [
      0.475,
      0.446,
      0.181
    ],
    [
      0.306,
      -0.425,
      -0.379
    ],
    [
      -0.396,
      0.135,
      0.479
    ],
    [
      -0.175,
      0.225,
      0.05
    ],
    [
      0.075,
      -0.025,
      -0.45
    ],
    [
      0.325,
      -0.275,
      0.05
    ],
    [
      -0.425,
      -0.525,
      -0.45
    ],
    [
      0.28,
      0.45,
      -0.018
    ],
    [
      0.118,
      -0.252,
      0.118
    ],
    [
      0.302,
      -0.23,
      -0.18
    ],
    [
      -0.4,
      -0.068,
      0.28
    ],
    [
      -0.218,
      -0.25,
      -0.22
    ],
    [
      -0.38,
      0.452,
      0.32
    ],
    [
      0.3,
      0.43,
      0.482
    ],
    [
      -0.402,
      0.268,
      -0.382
    ]
  ],
  "lattice_vectors": [
    [
      -0.5900403851,
      0.5900403851,
      0.5510940826
    ],
    [
      0.5900403851,
      -0.5900403851,
      0.5510940826
    ],
    [
      0.5900403851,
      0.5900403851,
      -0.5510940826
    ]
  ],
  "nbands": 20,
  "structure": "tI40-KPD4O4_r"
}