{"max_gap": 14.062964995801895, "gap": [14.062964995801895], "band_nos": [2], "gap_ranges": [[0.268119067742716, 0.308676335575752]], "fill_fraction": 0.446893, "mid_gaps": [0.288397701659234], "gap_range_of_max": [0.268119067742716, 0.308676335575752], "mid_gap_of_max": 0.288397701659234}