{"fill_fraction": 0.465867, "band_nos": [12], "gap_ranges": [[0.295138995240226, 0.3099627093220461]], "gap": [4.899577697452805], "mid_gaps": [0.3025508522811361], "gap_range_of_max": [0.295138995240226, 0.3099627093220461], "mid_gap_of_max": 0.3025508522811361, "max_gap": 4.899577697452805}