{"gap": [2.750185832319448], "mid_gaps": [0.8236513662424765], "gap_ranges": [[0.812325394651423, 0.83497733783353]], "mid_gap_of_max": 0.8236513662424765, "max_gap": 2.750185832319448, "band_nos": [12], "strict_calculated": true, "fill_fraction": 0.292952, "gap_range_of_max": [0.812325394651423, 0.83497733783353]}