{"mid_gaps": [0.44267699376075687], "gap_range_of_max": [0.439752329236715, 0.4456016582847988], "mid_gap_of_max": 0.44267699376075687, "fill_fraction": 0.318523, "gap_ranges": [[0.439752329236715, 0.4456016582847988]], "band_nos": [12], "gap": [1.3213537478851567], "max_gap": 1.3213537478851567}