{"strict_calculated": true, "gap_range_of_max": [0.35304644365838, 0.4060314821134909], "max_gap": 13.960368667346833, "mid_gaps": [0.37953896288593547], "band_nos": [2], "mid_gap_of_max": 0.37953896288593547, "gap": [13.960368667346833], "gap_ranges": [[0.35304644365838, 0.4060314821134909]], "fill_fraction": 0.342725}