{"mid_gaps": [0.3166886293664165], "fill_fraction": 0.419561, "gap": [9.515969946603525], "mid_gap_of_max": 0.3166886293664165, "gap_ranges": [[0.301620631969007, 0.33175662676382595]], "band_nos": [4], "max_gap": 9.515969946603525, "gap_range_of_max": [0.301620631969007, 0.33175662676382595]}