{
  "structure": "oP16-CdCu2GeS4",
  "lattice_vectors": [
    [
      1.0,
      0.0,
      0.0
    ],
    [
      0.0,
      0.8521840748,
      0.0
    ],
    [
      0.0,
      0.0,
      0.8189027377
    ]
  ],
  "basis": [
    [
      0.226,
      0.344,
      0.359
    ],
    [
      0.274,
      0.656,
      0.859
    ],
    [
      0.726,
      0.656,
      0.859
    ],
    [
      0.774,
      0.344,
      0.359
    ],
    [
      0.0,
      0.199,
      0.838
    ],
    [
      0.5,
      0.801,
      0.338
    ],
    [
      0.0,
      0.851,
      0.394
    ],
    [
      0.5,
      0.149,
      0.894
    ],
    [
      0.252,
      0.324,
      0.0
    ],
    [
      0.248,
      0.676,
      0.5
    ],
    [
      0.752,
      0.676,
      0.5
    ],
    [
      0.748,
      0.324,
      0.0
    ],
    [
      0.0,
      0.848,
      0.995
    ],
    [
      0.5,
      0.152,
      0.495
    ],
    [
      0.0,
      0.179,
      0.49
    ],
    [
      0.5,
      0.821,
      0.99
    ]
  ],
  "nbands": 20
}