{"faces": [[[-0.2610180041851385, -0.29662038011742364], [-0.26101800418513843, 0.806066995267344], [0.6786746166007701, 0.689089216826833], [0.6786746166007701, -0.41359815855793464]], [[-0.6786746166007699, -0.6890892168268328], [-0.6786746166007702, 0.41359815855793464], [0.2610180041851384, 0.29662038011742353], [0.2610180041851383, -0.8060669952673437]], [[-0.6786746166007702, 0.41359815855793464], [-0.26101800418513843, 0.806066995267344], [0.6786746166007701, 0.689089216826833], [0.2610180041851384, 0.29662038011742353]], [[-0.6786746166007699, -0.6890892168268328], [-0.2610180041851385, -0.29662038011742364], [0.6786746166007701, -0.41359815855793464], [0.2610180041851383, -0.8060669952673437]], [[-0.6786746166007699, -0.6890892168268328], [-0.6786746166007702, 0.41359815855793464], [-0.26101800418513843, 0.806066995267344], [-0.2610180041851385, -0.29662038011742364]], [[0.2610180041851383, -0.8060669952673437], [0.2610180041851384, 0.29662038011742353], [0.6786746166007701, 0.689089216826833], [0.6786746166007701, -0.41359815855793464]]], "labels": {"GAMMA": [0.0, 0.0], "X": [0.46984631039295427, -0.0584888892202555], "S": [0.46984631039295427, 0.49285479847212826], "Y": [4.417437057588218e-18, 0.5513436876923837], "Z": [-0.20882830620781592, -0.19623441835470476], "U": [0.26101800418513843, -0.2547233075749602], "R": [0.26101800418513843, 0.29662038011742353], "T": [-0.20882830620781592, 0.35510926933767906]}, "label_positions": {"GAMMA": [0.05, 0.05], "X": [0.5198463103929543, -0.008488889220255494], "S": [0.5698463103929543, 0.49285479847212826], "Y": [4.417437057588218e-18, 0.5013436876923837], "Z": [-0.1588283062078159, -0.24623441835470478], "U": [0.3110180041851384, -0.2047233075749602], "R": [0.3110180041851384, 0.3466203801174235], "T": [-0.20882830620781592, 0.30510926933767907]}, "zorder": [0, 1, 1, 1, 0, 1]}