{"mid_gaps": [0.37648386734944866, 0.6640218646524325], "gap_range_of_max": [0.663806137647837, 0.664237591657028], "mid_gap_of_max": 0.6640218646524325, "fill_fraction": 0.189442, "gap": [0.054115027666032926, 0.06497587386161231], "max_gap": 0.06497587386161231, "band_nos": [2, 13], "gap_ranges": [[0.3763820001749615, 0.37658573452393584], [0.663806137647837, 0.664237591657028]]}