{"strict_calculated": true, "gap_ranges": [[0.573244332640709, 0.6746510018757621]], "band_nos": [8], "gap": [16.25243182343412], "mid_gaps": [0.6239476672582356], "mid_gap_of_max": 0.6239476672582356, "max_gap": 16.25243182343412, "fill_fraction": 0.296589, "gap_range_of_max": [0.573244332640709, 0.6746510018757621]}