{"gap_ranges": [[0.585215178231565, 0.7901227539858969]], "gap": [29.797415014062548], "band_nos": [8], "fill_fraction": 0.171422, "max_gap": 29.797415014062548, "mid_gaps": [0.687668966108731], "gap_range_of_max": [0.585215178231565, 0.7901227539858969], "strict_calculated": true, "mid_gap_of_max": 0.687668966108731}