{"fill_fraction": 0.251485, "gap_range_of_max": [0.707617278317764, 0.7374918966238398], "gap": [4.134582884685151], "max_gap": 4.134582884685151, "mid_gaps": [0.7225545874708019], "mid_gap_of_max": 0.7225545874708019, "_status": {"cI80-Er2O3_r/c4bcf0d1/mpb-cI80-Er2/0000/1573bf1c0c4424dad5e985b9c88982fc": 1, "cI80-Er2O3_r/c4bcf0d1/check_runnin/0000/adc0d1a1cdf72b06696617286d4aeba5": 1, "cI80-Er2O3_r/c4bcf0d1/store_data/0000/12facd42c571612eadb778bbd8001286": 1, "cI80-Er2O3_r/c4bcf0d1/strict-mpb-c/0000/0aa1a4adbc3b98c0c3ed71b02b5eef8a": 1, "cI80-Er2O3_r/c4bcf0d1/store_fill/0000/d8c54ea928417da459dce298bdfb6154": 1, "cI80-Er2O3_r/c4bcf0d1/store_strict/0000/0ec60c794afcb8f59b6bd64e98f1f65d": 1}, "band_nos": [12], "gap_ranges": [[0.707617278317764, 0.7374918966238398]]}