{"max_gap": 1.1383880748398165, "run_me": true, "gap_range_of_max": [0.701883420965575, 0.7099193179757601], "gap_ranges": [[0.701883420965575, 0.7099193179757601]], "mid_gap_of_max": 0.7059013694706675, "band_nos": [8], "gap": [1.1383880748398165], "fill_fraction": 0.162904, "mid_gaps": [0.7059013694706675]}