{"band_nos": [16], "gap_range_of_max": [0.530920572675672, 0.5434564964908235], "gap": [2.3336171582433884], "fill_fraction": 0.367386, "gap_ranges": [[0.530920572675672, 0.5434564964908235]], "max_gap": 2.3336171582433884, "mid_gap_of_max": 0.5371885345832478, "mid_gaps": [0.5371885345832478]}