{"gap_ranges": [[0.31087293419968, 0.31433764134512837]], "gap_range_of_max": [0.31087293419968, 0.31433764134512837], "fill_fraction": 0.526963, "run_me": true, "band_nos": [4], "gap": [1.1083328660678895], "mid_gaps": [0.31260528777240415], "max_gap": 1.1083328660678895, "mid_gap_of_max": 0.31260528777240415}