{
  "basis": [
    [
      -0.20875,
      -0.22375,
      -0.4225
    ],
    [
      0.27125,
      0.28625,
      0.5475
    ],
    [
      0.26125,
      -0.22375,
      0.0475
    ],
    [
      -0.19875,
      0.28625,
      0.0775
    ],
    [
      0.27625,
      0.27525,
      0.0615
    ],
    [
      -0.21375,
      -0.21275,
      0.0635
    ],
    [
      0.27625,
      -0.22275,
      -0.4365
    ],
    [
      -0.21375,
      0.28525,
      0.5615
    ],
    [
      0.03125,
      0.03125,
      -0.4375
    ],
    [
      -0.46875,
      0.03125,
      0.0625
    ],
    [
      0.03125,
      0.03125,
      0.0625
    ],
    [
      0.03125,
      -0.46875,
      -0.4375
    ],
    [
      0.47725,
      -0.41875,
      0.1665
    ],
    [
      -0.41475,
      0.48125,
      -0.0415
    ],
    [
      0.47725,
      -0.12675,
      0.4585
    ],
    [
      -0.41475,
      0.18925,
      -0.3335
    ]
  ],
  "lattice_vectors": [
    [
      -0.4998668829,
      0.5004894305,
      0.7068546026
    ],
    [
      0.4998668829,
      -0.5004894305,
      0.7068546026
    ],
    [
      0.4998668829,
      0.5004894305,
      -0.7068546026
    ]
  ],
  "nbands": 20,
  "structure": "oI32-Li2FeCl4_r"
}