{"band_nos": [2], "gap_range_of_max": [0.414847341559734, 0.47923721048705165], "max_gap": 14.403530131442883, "mid_gaps": [0.44704227602339286], "mid_gap_of_max": 0.44704227602339286, "fill_fraction": 0.212644, "gap": [14.403530131442883], "gap_ranges": [[0.414847341559734, 0.47923721048705165]]}