{"_status": {"hR12-O3Xe-12/da9f2cc4/store_data/0000/56bb6b536cc2795550f31ef71b43d798": 1, "hR12-O3Xe-12/da9f2cc4/check_runnin/0000/a76a3ec37f9c12cfe6ce7d8899f54e50": 1, "hR12-O3Xe-12/da9f2cc4/store_strict/0000/7cf71f0f77e773a1f4a0cc8beea657e7": 1, "hR12-O3Xe-12/da9f2cc4/mpb-hR12-O3X/0000/0b226fd923af38b16c81435cd6034a84": 4, "hR12-O3Xe-12/da9f2cc4/strict-mpb-h/0000/f676b4c6a3d5a4432655544562a76a04": 1, "hR12-O3Xe-12/da9f2cc4/store_fill/0000/702124e19c3d6ff3d6d1540f94331efc": 1}, "fill_fraction": 0.237759, "gap": [1.1348891181173104], "run_me": true, "mid_gaps": [0.6536892602403246], "mid_gap_of_max": 0.6536892602403246, "gap_range_of_max": [0.64997993609994, 0.6573985843807092], "band_nos": [16], "gap_ranges": [[0.64997993609994, 0.6573985843807092]], "max_gap": 1.1348891181173104}