{"run_me": true, "gap": [1.4949042707058207], "gap_ranges": [[0.602273952305207, 0.6113451743826874]], "max_gap": 1.4949042707058207, "fill_fraction": 0.177111, "band_nos": [18], "_status": {"tP4-PdO-14/b126f2e8/mpb-tP4-PdO-/0000/7a8576c01ac934424cd3ecc4e4f8ebc0": 6, "tP4-PdO-14/b126f2e8/store_strict/0000/62e13fad05f135cfdbbd8c7f6c3a2334": 1, "tP4-PdO-14/b126f2e8/store_fill/0000/a5f9ebe41ab354142694f4ad6a10f73b": 1, "tP4-PdO-14/b126f2e8/check_runnin/0000/7283f5bf7aac1a14335dddbfbb4df227": 1, "tP4-PdO-14/b126f2e8/strict-mpb-t/0000/e95d197e8b4f365bc3675f24a3cd4634": 1, "tP4-PdO-14/b126f2e8/store_data/0000/4bb8e0659e8e9247a1f6e022cbabedad": 1}, "mid_gap_of_max": 0.6068095633439472, "gap_range_of_max": [0.602273952305207, 0.6113451743826874], "mid_gaps": [0.6068095633439472]}