{"max_gap": 3.4048323131206644, "gap_range_of_max": [0.622720641856722, 0.6442904432754224], "gap_ranges": [[0.622720641856722, 0.6442904432754224]], "fill_fraction": 0.166504, "mid_gap_of_max": 0.6335055425660723, "strict_calculated": true, "band_nos": [14], "mid_gaps": [0.6335055425660723], "gap": [3.4048323131206644]}