{"band_nos": [15, 18], "mid_gaps": [0.535289920028418, 0.558445350359992], "_status": {"mC10-ZnO-14/0a903972/mpb-mC10-ZnO/0000/37dce72e209c220cec42c905fa056ec6": 6, "mC10-ZnO-14/0a903972/check_runnin/0000/306e519ec3cb1668186263966fe8aad8": 1, "mC10-ZnO-14/0a903972/store_fill/0000/d2c2db7f9ec67dfd1698f6905c670e65": 1, "mC10-ZnO-14/0a903972/store_data/0000/cb087531fec13b36b597503e3574251e": 1, "mC10-ZnO-14/0a903972/strict-mpb-m/0000/c5d9a65f8a6dbf32fec06e866aeaba3e": 1, "mC10-ZnO-14/0a903972/store_strict/0000/0b7420a87b393a8b0431373d115ba9fe": 1}, "run_me": true, "fill_fraction": 0.265319, "gap_range_of_max": [0.555384391485159, 0.5615063092348249], "mid_gap_of_max": 0.558445350359992, "gap": [0.3037676569794558, 1.0962429440443353], "gap_ranges": [[0.534476901204359, 0.5361029388524771], [0.555384391485159, 0.5615063092348249]], "max_gap": 1.0962429440443353}