{"fill_fraction": 0.180087, "mid_gap_of_max": 0.6721850621915908, "mid_gaps": [0.6721850621915908], "band_nos": [16], "_status": {"cP33-RbNO3-1/f6bf39b5/check_runnin/0000/e337a5638bc5b1871b437ad1ad4a705c": 1, "cP33-RbNO3-1/f6bf39b5/store_strict/0000/1c7d31024567e5135495c3e3339c2689": 1, "cP33-RbNO3-1/f6bf39b5/store_fill/0000/de764aadcebe33add7332708977d4218": 1, "cP33-RbNO3-1/f6bf39b5/strict-mpb-c/0000/8df16d96816b6cb92a3599ad80db78dd": 1, "cP33-RbNO3-1/f6bf39b5/store_data/0000/06b8aaab0ff0b2bca5e48317110a2a30": 1, "cP33-RbNO3-1/f6bf39b5/mpb-cP33-RbN/0000/244b59df63be1877770869aba7e67a4b": 1}, "gap": [0.291840577315939], "max_gap": 0.291840577315939, "gap_range_of_max": [0.671204207808525, 0.6731659165746566], "gap_ranges": [[0.671204207808525, 0.6731659165746566]]}