{
  "basis": [
    [
      0.0,
      0.5,
      0.0
    ],
    [
      0.5,
      0.0,
      0.0
    ],
    [
      0.1901,
      0.5,
      0.241
    ],
    [
      0.8099,
      0.5,
      0.759
    ],
    [
      0.8099,
      0.5,
      0.241
    ],
    [
      0.1901,
      0.5,
      0.759
    ],
    [
      0.6901,
      0.0,
      0.241
    ],
    [
      0.3099,
      0.0,
      0.759
    ],
    [
      0.3099,
      0.0,
      0.241
    ],
    [
      0.6901,
      0.0,
      0.759
    ],
    [
      0.0,
      0.2535,
      0.0
    ],
    [
      0.0,
      0.7465,
      0.0
    ],
    [
      0.5,
      0.7535,
      0.0
    ],
    [
      0.5,
      0.2465,
      0.0
    ],
    [
      0.5,
      0.6553,
      0.5
    ],
    [
      0.5,
      0.3447,
      0.5
    ],
    [
      0.0,
      0.1553,
      0.5
    ],
    [
      0.0,
      0.8447,
      0.5
    ],
    [
      0.5,
      0.5,
      0.5
    ],
    [
      0.0,
      0.0,
      0.5
    ]
  ],
  "structure": "oC40-SbN2F7_r",
  "nbands": 20,
  "lattice_vectors": [
    [
      1.0,
      0.0,
      0.0
    ],
    [
      0.0,
      1.0942112964,
      0.0
    ],
    [
      0.0,
      0.0,
      0.8092380478
    ]
  ]
}