{"gap": [8.14717021782239, 0.906768275072813], "mid_gaps": [0.4104064326481133, 0.49164852282057914], "strict_calculated": true, "band_nos": [5, 8], "gap_range_of_max": [0.393688177321746, 0.4271246879744805], "max_gap": 8.14717021782239, "gap_ranges": [[0.393688177321746, 0.4271246879744805], [0.4894194664056785, 0.4938775792354797]], "mid_gap_of_max": 0.4104064326481133, "fill_fraction": 0.248621}