{"band_nos": [16], "mid_gap_of_max": 0.9724159374778976, "mid_gaps": [0.9724159374778976], "gap": [0.6385545586736737], "gap_ranges": [[0.96931123432888, 0.9755206406269152]], "max_gap": 0.6385545586736737, "gap_range_of_max": [0.96931123432888, 0.9755206406269152], "fill_fraction": 0.041191}