{"mid_gap_of_max": 0.6484628257536684, "max_gap": 0.01919995211198684, "gap_range_of_max": [0.64840057347766, 0.6485250780296767], "gap_ranges": [[0.64840057347766, 0.6485250780296767]], "fill_fraction": 0.317533, "gap": [0.01919995211198684], "mid_gaps": [0.6484628257536684], "strict_calculated": true, "band_nos": [18]}