{"_status": {"hP20-CsSO3_r/a1f77dab/store_data/0000/d044c049918af31d37b9620e4462e0aa": 1, "hP20-CsSO3_r/a1f77dab/mpb-hP20-CsS/0000/4f3cd14aeaae12abffebce5e51439246": 1, "hP20-CsSO3_r/a1f77dab/strict-mpb-h/0000/2d8ed96460e27b983432a21a0cba1f89": 1, "hP20-CsSO3_r/a1f77dab/check_runnin/0000/5e04850fcaf570b8b95fe39fc53c430a": 1, "hP20-CsSO3_r/a1f77dab/store_fill/0000/6cb922a1532b5e999f52ee471c35ce6a": 1, "hP20-CsSO3_r/a1f77dab/store_strict/0000/e633c06e0693b5b7eca57177025cf8b2": 1}, "max_gap": 1.8591656430909314, "band_nos": [12], "gap_range_of_max": [0.49913047213636, 0.5084972059368733], "fill_fraction": 0.271867, "mid_gaps": [0.5038138390366167], "mid_gap_of_max": 0.5038138390366167, "gap": [1.8591656430909314], "gap_ranges": [[0.49913047213636, 0.5084972059368733]]}