{"mid_gap_of_max": 0.49739854431797254, "gap_range_of_max": [0.4411760549797369, 0.5536210336562082], "max_gap": 22.60661595434594, "fill_fraction": 0.107372, "gap": [22.60661595434594], "mid_gaps": [0.49739854431797254], "gap_ranges": [[0.4411760549797369, 0.5536210336562082]], "band_nos": [2]}