{"max_gap": 1.4970964209885314, "mid_gap_of_max": 0.8730112696547713, "gap": [1.4970964209885314], "fill_fraction": 0.386958, "gap_ranges": [[0.866476359418357, 0.8795461798911856]], "band_nos": [16], "mid_gaps": [0.8730112696547713], "gap_range_of_max": [0.866476359418357, 0.8795461798911856]}