{"band_nos": [2], "mid_gaps": [0.5024243647402735], "fill_fraction": 0.122848, "gap": [14.35867795228704], "max_gap": 14.35867795228704, "gap_ranges": [[0.4663536164968336, 0.5384951129837136]], "mid_gap_of_max": 0.5024243647402735, "gap_range_of_max": [0.4663536164968336, 0.5384951129837136]}