{"fill_fraction": 0.13127, "band_nos": [8, 11], "gap_range_of_max": [0.572038153035838, 0.6038499076402629], "mid_gap_of_max": 0.5879440303380505, "mid_gaps": [0.5879440303380505, 0.6706655058471465], "strict_calculated": true, "max_gap": 5.410677371132271, "gap": [5.410677371132271, 1.3442577738707653], "gap_ranges": [[0.572038153035838, 0.6038499076402629], [0.666157769247636, 0.6751732424466568]]}