{"gap_range_of_max": [0.378244099291107, 0.4166768531697141], "fill_fraction": 0.292361, "band_nos": [2, 8], "gap": [9.669578782552273, 0.26035095625691723], "mid_gap_of_max": 0.3974604762304106, "mid_gaps": [0.3974604762304106, 0.5873406334747795], "gap_ranges": [[0.378244099291107, 0.4166768531697141], [0.58657605999691, 0.588105206952649]], "max_gap": 9.669578782552273}