{"mid_gap_of_max": 0.5049420003509288, "gap": [2.1773912809230445], "band_nos": [2], "mid_gaps": [0.5049420003509288], "max_gap": 2.1773912809230445, "fill_fraction": 0.243068, "gap_range_of_max": [0.499444718806249, 0.5104392818956086], "gap_ranges": [[0.499444718806249, 0.5104392818956086]]}