{"gap_ranges": [[0.521757205482827, 0.5238495202318846]], "gap": [0.4002106523611312], "mid_gaps": [0.5228033628573558], "strict_calculated": true, "gap_range_of_max": [0.521757205482827, 0.5238495202318846], "band_nos": [7], "mid_gap_of_max": 0.5228033628573558, "fill_fraction": 0.249738, "max_gap": 0.4002106523611312}