{"gap_ranges": [[0.612183511066624, 0.7013112595491547]], "gap": [13.57108539392904], "mid_gaps": [0.6567473853078893], "band_nos": [4], "max_gap": 13.57108539392904, "mid_gap_of_max": 0.6567473853078893, "gap_range_of_max": [0.612183511066624, 0.7013112595491547], "fill_fraction": 0.21119}