{"gap": [1.0796489941570169], "gap_ranges": [[0.79912954685204, 0.8078041687004061]], "fill_fraction": 0.207012, "mid_gaps": [0.803466857776223], "band_nos": [8], "mid_gap_of_max": 0.803466857776223, "gap_range_of_max": [0.79912954685204, 0.8078041687004061], "max_gap": 1.0796489941570169}