{"max_gap": 8.980899878203639, "mid_gap_of_max": 0.45782407435183453, "gap_range_of_max": [0.437265713483909, 0.47838243521976004], "fill_fraction": 0.230868, "mid_gaps": [0.45782407435183453], "gap_ranges": [[0.437265713483909, 0.47838243521976004]], "gap": [8.980899878203639], "band_nos": [2]}