{"max_gap": 6.520648127881029, "mid_gaps": [0.43531967446927566], "band_nos": [8], "mid_gap_of_max": 0.43531967446927566, "gap_ranges": [[0.421126842367486, 0.44951250657106534]], "fill_fraction": 0.503318, "gap_range_of_max": [0.421126842367486, 0.44951250657106534], "gap": [6.520648127881029]}