{"gap_range_of_max": [0.36600285798432, 0.43497886420349735], "mid_gaps": [0.40049086109390863], "gap_ranges": [[0.36600285798432, 0.43497886420349735]], "max_gap": 17.222866467108354, "fill_fraction": 0.255316, "gap": [17.222866467108354], "mid_gap_of_max": 0.40049086109390863, "band_nos": [4]}