{"gap_range_of_max": [0.3226555741754952, 0.3625928626618456], "mid_gaps": [0.3426242184186704], "max_gap": 11.65629466319538, "fill_fraction": 0.437017, "gap": [11.65629466319538], "mid_gap_of_max": 0.3426242184186704, "gap_ranges": [[0.3226555741754952, 0.3625928626618456]], "band_nos": [4]}