{"mid_gap_of_max": 0.24123069365427824, "gap_range_of_max": [0.2400593394274447, 0.24240204788111178], "gap_ranges": [[0.2400593394274447, 0.24240204788111178]], "max_gap": 0.971148579054564, "band_nos": [4], "fill_fraction": 0.440662, "strict_calculated": true, "gap": [0.971148579054564], "mid_gaps": [0.24123069365427824]}