{"fill_fraction": 0.346671, "max_gap": 1.616825091478786, "gap_ranges": [[0.4473009975148569, 0.454592013767208]], "band_nos": [8], "_status": {"oP6-CoTe2_r-/843a064a/mpb-oP6-CoTe/0000/89c3dbd25d519a1544e547f0a0d4b358": 1, "oP6-CoTe2_r-/843a064a/store_strict/0000/f2da2cb209af701aa78bd66f1c95b7b4": 1, "oP6-CoTe2_r-/843a064a/store_data/0000/64e01ff36c5f6c650b15c27841207fae": 1, "oP6-CoTe2_r-/843a064a/strict-mpb-o/0000/52386cdae80b00645f2882b1b91401de": 1, "oP6-CoTe2_r-/843a064a/store_fill/0000/7d7110801f8865efb4baaee927bb95de": 1, "oP6-CoTe2_r-/843a064a/check_runnin/0000/83a4093307735a73f59ed4723f7e6520": 1}, "mid_gap_of_max": 0.45094650564103245, "gap_range_of_max": [0.4473009975148569, 0.454592013767208], "run_me": true, "gap": [1.616825091478786], "mid_gaps": [0.45094650564103245]}