{"wyckoffs": ["c", "c"], "international": "R-3m", "equivalent_atoms": [0, 0], "number": 166, "global_point_groups": ["-3m", "1", "-1", "3", "2", "m", "-3", "32", "3m", "2/m"], "std_lattice": [[1.0, 0.0, 0.0], [-0.5, 0.8660254038, 0.0], [0.0, 0.0, 2.4494897427]], "std_positions": [[0.3333333333, 0.6666666667, 0.9891666667], [0.6666666667, 0.3333333333, 0.0108333333], [0.0, 0.0, 0.3225], [0.3333333333, 0.6666666667, 0.3441666667], [0.6666666667, 0.3333333333, 0.6558333333], [0.0, 0.0, 0.6775]], "site_point_groups": {"c": {"name": "6c", "site_symmetry": ["3m", "1", "m", "3"]}}}