{"gap": [4.44864738250474], "gap_ranges": [[0.4114135693703084, 0.4301322729129646]], "max_gap": 4.44864738250474, "mid_gap_of_max": 0.42077292114163645, "fill_fraction": 0.521361, "band_nos": [8], "gap_range_of_max": [0.4114135693703084, 0.4301322729129646], "mid_gaps": [0.42077292114163645]}