{"max_gap": 3.06135496787086, "gap": [3.06135496787086], "mid_gaps": [0.500783662328588], "fill_fraction": 0.147549, "mid_gap_of_max": 0.500783662328588, "band_nos": [16], "gap_range_of_max": [0.493118279566097, 0.5084490450910789], "gap_ranges": [[0.493118279566097, 0.5084490450910789]]}