{"mid_gap_of_max": 0.34126600779339555, "run_me": true, "gap": [1.9391207538298958], "gap_range_of_max": [0.337957227801951, 0.3445747877848401], "fill_fraction": 0.40539, "band_nos": [6], "max_gap": 1.9391207538298958, "_status": {"mC108-CsO6Te/f91ddc3f/store_data/0000/e77a5580803d17a83c6297fc15d3fc84": 1, "mC108-CsO6Te/f91ddc3f/strict-mpb-m/0000/22a7abaea3ed689a203b494caecadc04": 1, "mC108-CsO6Te/f91ddc3f/mpb-mC108-Cs/0000/66141210902806e49d83608830f5ac4f": 3, "mC108-CsO6Te/f91ddc3f/store_fill/0000/03427bc2469675799676c4c090488097": 1, "mC108-CsO6Te/f91ddc3f/store_strict/0000/521c9f19664dc2ce4c969e630dd721a5": 1, "mC108-CsO6Te/f91ddc3f/check_runnin/0000/e906b173065f48422a58a3399e15e45d": 1}, "mid_gaps": [0.34126600779339555], "gap_ranges": [[0.337957227801951, 0.3445747877848401]]}