{
  "structure": "oP24-TaSbO4",
  "basis": [
    [
      -0.1666666667,
      0.0416666667,
      0.375
    ],
    [
      -0.1666666667,
      -0.4583333333,
      0.125
    ],
    [
      0.3333333333,
      -0.4583333333,
      -0.125
    ],
    [
      0.3333333333,
      0.0416666667,
      -0.375
    ],
    [
      -0.1266666667,
      0.2916666667,
      -0.25
    ],
    [
      -0.2066666667,
      -0.2083333333,
      -0.25
    ],
    [
      0.2933333333,
      -0.2083333333,
      0.25
    ],
    [
      0.3733333333,
      0.2916666667,
      0.25
    ],
    [
      -0.3266666667,
      0.2016666667,
      0.42
    ],
    [
      -0.0066666667,
      -0.2983333333,
      0.08
    ],
    [
      0.4933333333,
      -0.2983333333,
      -0.08
    ],
    [
      0.1733333333,
      0.2016666667,
      -0.42
    ],
    [
      0.0833333333,
      0.1216666667,
      -0.37
    ],
    [
      -0.4166666667,
      -0.3783333333,
      -0.13
    ],
    [
      0.0833333333,
      -0.3783333333,
      0.13
    ],
    [
      -0.4166666667,
      0.1216666667,
      0.37
    ],
    [
      -0.4166666667,
      -0.0383333333,
      -0.37
    ],
    [
      0.0833333333,
      0.4616666667,
      -0.13
    ],
    [
      -0.4166666667,
      0.4616666667,
      0.13
    ],
    [
      0.0833333333,
      -0.0383333333,
      0.37
    ],
    [
      -0.0066666667,
      -0.1183333333,
      0.42
    ],
    [
      -0.3266666667,
      0.3816666667,
      0.08
    ],
    [
      0.1733333333,
      0.3816666667,
      -0.08
    ],
    [
      0.4933333333,
      -0.1183333333,
      -0.42
    ]
  ],
  "lattice_vectors": [
    [
      1.0,
      0.0,
      0.0
    ],
    [
      0.0,
      2.39625712,
      0.0
    ],
    [
      0.0,
      0.0,
      1.1273393
    ]
  ],
  "nbands": 20
}