{"mid_gaps": [0.6780918212807432], "gap": [3.6253458532956184], "mid_gap_of_max": 0.6780918212807432, "gap_range_of_max": [0.665800234418574, 0.6903834081429123], "fill_fraction": 0.136948, "strict_calculated": true, "max_gap": 3.6253458532956184, "band_nos": [8], "gap_ranges": [[0.665800234418574, 0.6903834081429123]]}