{"mid_gap_of_max": 0.6127180403292263, "max_gap": 4.218979657865161, "band_nos": [8, 17], "gap": [4.218979657865161, 4.204472406590449], "gap_ranges": [[0.599792815588446, 0.6256432650700067], [0.7805918855183, 0.8141164208721983]], "fill_fraction": 0.189238, "gap_range_of_max": [0.599792815588446, 0.6256432650700067], "mid_gaps": [0.6127180403292263, 0.7973541531952492]}