{"gap_ranges": [[0.670507040576193, 0.6766585685106424]], "max_gap": 0.9132548950115328, "mid_gap_of_max": 0.6735828045434178, "gap_range_of_max": [0.670507040576193, 0.6766585685106424], "mid_gaps": [0.6735828045434178], "gap": [0.9132548950115328], "strict_calculated": true, "fill_fraction": 0.123625, "band_nos": [19]}