{
  "nbands": 20,
  "lattice_vectors": [
    [
      1.0,
      0.0,
      0.0
    ],
    [
      -0.5,
      0.8660254038,
      0.0
    ],
    [
      0.0,
      0.0,
      2.4877095941
    ]
  ],
  "basis": [
    [
      0.3867,
      0.16666667,
      0.2296291667
    ],
    [
      -0.16666667,
      -0.27996667,
      -0.1037041667
    ],
    [
      0.27996667,
      -0.3867,
      -0.4370375
    ],
    [
      -0.2461,
      -0.2446,
      0.1398291667
    ],
    [
      0.2446,
      0.4985,
      -0.1935041667
    ],
    [
      -0.4985,
      0.2461,
      0.4731625
    ],
    [
      0.16666667,
      -0.4226,
      0.3182291667
    ],
    [
      0.4226,
      0.08926667,
      -0.0151041667
    ],
    [
      -0.08926667,
      -0.16666667,
      -0.3484375
    ],
    [
      -0.16666667,
      -0.1176,
      0.3960291667
    ],
    [
      0.1176,
      0.45093333,
      0.0626958333
    ],
    [
      -0.45093333,
      0.16666667,
      -0.2706375
    ],
    [
      0.168,
      0.2658,
      0.3995291667
    ],
    [
      -0.2658,
      0.4022,
      0.0661958333
    ],
    [
      -0.4022,
      -0.168,
      -0.2671375
    ],
    [
      -0.1235,
      -0.321,
      0.2815291667
    ],
    [
      0.321,
      -0.3025,
      -0.0518041667
    ],
    [
      0.3025,
      0.1235,
      -0.3851375
    ],
    [
      0.3511,
      -0.3459,
      0.1766291667
    ],
    [
      0.3459,
      0.197,
      -0.1567041667
    ],
    [
      -0.197,
      -0.3511,
      -0.4900375
    ],
    [
      -0.4994,
      -0.0675,
      0.3919291667
    ],
    [
      0.0675,
      0.0681,
      0.0585958333
    ],
    [
      -0.0681,
      0.4994,
      -0.2747375
    ]
  ],
  "structure": "hP24-SrCu2GeS4_r"
}