{"max_gap": 11.344020604447934, "gap": [11.344020604447934], "fill_fraction": 0.454495, "gap_ranges": [[0.3705462550016999, 0.41510868408672696]], "gap_range_of_max": [0.3705462550016999, 0.41510868408672696], "mid_gap_of_max": 0.39282746954421344, "mid_gaps": [0.39282746954421344], "band_nos": [8]}