{"fill_fraction": 0.138909, "mid_gaps": [0.4504409105307584], "gap_range_of_max": [0.3825916398279956, 0.5182901812335212], "mid_gap_of_max": 0.4504409105307584, "gap": [30.12571421313193], "gap_ranges": [[0.3825916398279956, 0.5182901812335212]], "band_nos": [2], "max_gap": 30.12571421313193}