{"band_nos": [4], "gap": [7.095111361312705], "gap_ranges": [[0.403282072169677, 0.43294779222744284]], "mid_gaps": [0.4181149321985599], "gap_range_of_max": [0.403282072169677, 0.43294779222744284], "fill_fraction": 0.163712, "max_gap": 7.095111361312705, "mid_gap_of_max": 0.4181149321985599}