{"max_gap": 1.7626254238064245, "gap": [1.7626254238064245], "gap_range_of_max": [0.363347131204257, 0.3698085252022053], "fill_fraction": 0.171255, "band_nos": [4], "gap_ranges": [[0.363347131204257, 0.3698085252022053]], "mid_gaps": [0.36657782820323115], "mid_gap_of_max": 0.36657782820323115}