{"mid_gaps": [0.3829036485681224], "gap_ranges": [[0.382777426736237, 0.3830298704000078]], "gap_range_of_max": [0.382777426736237, 0.3830298704000078], "max_gap": 0.0659287694735837, "gap": [0.0659287694735837], "fill_fraction": 0.383292, "band_nos": [12], "mid_gap_of_max": 0.3829036485681224}