{"max_gap": 10.370363149648094, "mid_gaps": [0.7189953063247478], "gap_range_of_max": [0.6817140941773, 0.7562765184721958], "fill_fraction": 0.265444, "band_nos": [8], "gap_ranges": [[0.6817140941773, 0.7562765184721958]], "mid_gap_of_max": 0.7189953063247478, "gap": [10.370363149648094]}