{"band_nos": [2], "gap_ranges": [[0.33089723538836, 0.37035079654091074]], "max_gap": 11.252384136895426, "gap": [11.252384136895426], "fill_fraction": 0.349786, "strict_calculated": true, "gap_range_of_max": [0.33089723538836, 0.37035079654091074], "mid_gap_of_max": 0.3506240159646354, "mid_gaps": [0.3506240159646354]}