{"fill_fraction": 0.414868, "gap_ranges": [[1.2528930422697, 1.2735063451399355]], "gap": [1.6318324784982028], "gap_range_of_max": [1.2528930422697, 1.2735063451399355], "mid_gap_of_max": 1.2631996937048178, "max_gap": 1.6318324784982028, "band_nos": [12], "mid_gaps": [1.2631996937048178]}