{"mid_gaps": [0.6701431132792802], "fill_fraction": 0.271686, "max_gap": 3.349693514240618, "strict_calculated": true, "gap_ranges": [[0.658919243078457, 0.6813669834801035]], "gap": [3.349693514240618], "gap_range_of_max": [0.658919243078457, 0.6813669834801035], "mid_gap_of_max": 0.6701431132792802, "band_nos": [16]}