{"mid_gaps": [1.1043734731443435], "gap": [0.49402911655447584], "gap_ranges": [[1.1016455098879, 1.1071014364007872]], "gap_range_of_max": [1.1016455098879, 1.1071014364007872], "band_nos": [14], "fill_fraction": 0.058214, "mid_gap_of_max": 1.1043734731443435, "max_gap": 0.49402911655447584}