{"mid_gap_of_max": 0.572563963078992, "band_nos": [16], "mid_gaps": [0.572563963078992], "fill_fraction": 0.288928, "gap_ranges": [[0.572560759745052, 0.572567166412932]], "gap_range_of_max": [0.572560759745052, 0.572567166412932], "max_gap": 0.0011189436102053206, "gap": [0.0011189436102053206]}