{"gap_ranges": [[0.36973919359942, 0.38384612170484844]], "band_nos": [2], "strict_calculated": true, "mid_gap_of_max": 0.3767926576521342, "gap": [3.74394984056304], "gap_range_of_max": [0.36973919359942, 0.38384612170484844], "max_gap": 3.74394984056304, "fill_fraction": 0.140549, "mid_gaps": [0.3767926576521342]}