{
  "structure": "tI4-D_r",
  "nbands": 20,
  "basis": [
    [
      0.14,
      0.14,
      0.0
    ],
    [
      -0.14,
      -0.14,
      0.0
    ]
  ],
  "lattice_vectors": [
    [
      -0.4606386544,
      0.4606386544,
      0.7586989259
    ],
    [
      0.4606386544,
      -0.4606386544,
      0.7586989259
    ],
    [
      0.4606386544,
      0.4606386544,
      -0.7586989259
    ]
  ]
}