{"mid_gap_of_max": 0.6545645560750316, "max_gap": 24.60512037012973, "strict_calculated": true, "gap_range_of_max": [0.574036357613798, 0.7350927545362652], "mid_gaps": [0.6545645560750316], "gap": [24.60512037012973], "fill_fraction": 0.228925, "band_nos": [8], "gap_ranges": [[0.574036357613798, 0.7350927545362652]]}