{"max_gap": 1.755143798056631, "mid_gap_of_max": 0.6248139833904363, "gap": [1.755143798056631], "strict_calculated": true, "mid_gaps": [0.6248139833904363], "fill_fraction": 0.107831, "gap_range_of_max": [0.619330791451002, 0.6302971753298705], "gap_ranges": [[0.619330791451002, 0.6302971753298705]], "band_nos": [6]}