{"gap_ranges": [[0.531803916382678, 0.5439678327766525]], "mid_gap_of_max": 0.5378858745796653, "mid_gaps": [0.5378858745796653], "band_nos": [4], "fill_fraction": 0.13686, "gap_range_of_max": [0.531803916382678, 0.5439678327766525], "max_gap": 2.2614307177111335, "gap": [2.2614307177111335]}