{
  "nbands": 20,
  "lattice_vectors": [
    [
      1.0,
      0.0,
      0.0
    ],
    [
      -0.5,
      0.8660254038,
      0.0
    ],
    [
      0.0,
      0.0,
      2.7144866444
    ]
  ],
  "basis": [
    [
      -0.0336666667,
      -0.0336666667,
      0.3994666667
    ],
    [
      -0.3666666667,
      0.3003333333,
      -0.2672
    ],
    [
      0.3003333333,
      -0.3666666667,
      0.0661333333
    ],
    [
      0.3003333333,
      0.3003333333,
      -0.1005333333
    ],
    [
      -0.3666666667,
      -0.0336666667,
      0.2328
    ],
    [
      -0.0336666667,
      -0.3666666667,
      -0.4338666667
    ],
    [
      0.3003333333,
      -0.3666666667,
      0.3994666667
    ],
    [
      -0.0336666667,
      -0.0336666667,
      -0.2672
    ],
    [
      -0.3666666667,
      0.3003333333,
      0.0661333333
    ],
    [
      -0.0336666667,
      -0.3666666667,
      -0.1005333333
    ],
    [
      0.3003333333,
      0.3003333333,
      0.2328
    ],
    [
      -0.3666666667,
      -0.0336666667,
      -0.4338666667
    ],
    [
      -0.0336666667,
      -0.0336666667,
      0.2614666667
    ],
    [
      -0.3666666667,
      0.3003333333,
      -0.4052
    ],
    [
      0.3003333333,
      -0.3666666667,
      -0.0718666667
    ],
    [
      0.3003333333,
      0.3003333333,
      -0.2385333333
    ],
    [
      -0.3666666667,
      -0.0336666667,
      0.0948
    ],
    [
      -0.0336666667,
      -0.3666666667,
      0.4281333333
    ],
    [
      -0.0333333367,
      0.3000000033,
      0.2614666667
    ],
    [
      -0.0333333267,
      0.3000000033,
      -0.4052
    ],
    [
      -0.0333333367,
      0.2999999933,
      -0.0718666667
    ],
    [
      0.3000000033,
      -0.0333333367,
      -0.2385333333
    ],
    [
      0.2999999933,
      -0.0333333367,
      0.0948
    ],
    [
      0.3000000033,
      -0.0333333267,
      0.4281333333
    ],
    [
      0.3003333333,
      -0.3666666667,
      0.2614666667
    ],
    [
      -0.0336666667,
      -0.0336666667,
      -0.4052
    ],
    [
      -0.3666666667,
      0.3003333333,
      -0.0718666667
    ],
    [
      -0.0336666667,
      -0.3666666667,
      -0.2385333333
    ],
    [
      0.3003333333,
      0.3003333333,
      0.0948
    ],
    [
      -0.3666666667,
      -0.0336666667,
      0.4281333333
    ]
  ],
  "structure": "hP30-In2Se3"
}