{"fill_fraction": 0.299554, "mid_gap_of_max": 0.6256905849324315, "gap_ranges": [[0.608245947176803, 0.6431352226880598]], "gap_range_of_max": [0.608245947176803, 0.6431352226880598], "max_gap": 5.5761228235555995, "band_nos": [8], "gap": [5.5761228235555995], "mid_gaps": [0.6256905849324315]}