{"gap_range_of_max": [0.612928219666856, 0.6186494476656238], "mid_gap_of_max": 0.6157888336662398, "band_nos": [8], "max_gap": 0.9290892731368061, "_status": {"mP24-SiO2_r-/14b325b3/store_strict/0000/3d464e69b63a26979883bf2778e6aae1": 1, "mP24-SiO2_r-/14b325b3/store_fill/0000/188900961e7d9f9af32f3e6c6e3c8e04": 1, "mP24-SiO2_r-/14b325b3/mpb-mP24-SiO/0000/c958b28bafe4c1c931fbd93e5bf1a301": 4, "mP24-SiO2_r-/14b325b3/check_runnin/0000/a9d5097b9f5e5ccf3c50ac0f93dcc556": 1, "mP24-SiO2_r-/14b325b3/strict-mpb-m/0000/c1bd64bd2d766304545eca83be98d509": 1, "mP24-SiO2_r-/14b325b3/store_data/0000/a45739040f987ddbf02313b1a8b1d87e": 1}, "fill_fraction": 0.283999, "gap": [0.9290892731368061], "gap_ranges": [[0.612928219666856, 0.6186494476656238]], "mid_gaps": [0.6157888336662398], "run_me": true}