{"band_nos": [12], "gap_range_of_max": [0.558689809937575, 0.653203958671618], "gap": [15.597761319048633], "fill_fraction": 0.347013, "gap_ranges": [[0.558689809937575, 0.653203958671618]], "mid_gap_of_max": 0.6059468843045965, "max_gap": 15.597761319048633, "mid_gaps": [0.6059468843045965]}