{"max_gap": 6.772491689868913, "gap_ranges": [[0.554147573771559, 0.5929925588479638]], "gap_range_of_max": [0.554147573771559, 0.5929925588479638], "mid_gaps": [0.5735700663097614], "band_nos": [12], "fill_fraction": 0.353085, "mid_gap_of_max": 0.5735700663097614, "gap": [6.772491689868913]}