{"gap_ranges": [[0.47781646244702, 0.5856590732287165]], "gap": [20.28116438299962], "band_nos": [8], "fill_fraction": 0.362379, "max_gap": 20.28116438299962, "mid_gaps": [0.5317377678378682], "gap_range_of_max": [0.47781646244702, 0.5856590732287165], "mid_gap_of_max": 0.5317377678378682}