{"gap_range_of_max": [0.4931639708685028, 0.5770567673096378], "mid_gaps": [0.5351103690890703], "band_nos": [4], "fill_fraction": 0.164484, "max_gap": 15.677662270672773, "mid_gap_of_max": 0.5351103690890703, "gap_ranges": [[0.4931639708685028, 0.5770567673096378]], "gap": [15.677662270672773]}