{"mid_gaps": [0.6738168367233446], "fill_fraction": 0.300047, "gap_ranges": [[0.667879854056282, 0.679753819390407]], "band_nos": [16], "gap_range_of_max": [0.667879854056282, 0.679753819390407], "mid_gap_of_max": 0.6738168367233446, "gap": [1.7621948112584915], "max_gap": 1.7621948112584915}