{"max_gap": 14.737592145630982, "fill_fraction": 0.419342, "strict_calculated": true, "band_nos": [2, 8], "mid_gap_of_max": 0.2854507123554276, "gap_range_of_max": [0.26441643147355703, 0.3064849932372982], "gap_ranges": [[0.26441643147355703, 0.3064849932372982], [0.43717459638713807, 0.4397982987318151]], "mid_gaps": [0.2854507123554276, 0.4384864475594766], "gap": [14.737592145630982, 0.5983542614099]}