{"mid_gaps": [1.0218376568682868], "gap": [1.556794238108955], "gap_ranges": [[1.0138837019858102, 1.0297916117507633]], "gap_range_of_max": [1.0138837019858102, 1.0297916117507633], "band_nos": [14], "fill_fraction": 0.10975, "mid_gap_of_max": 1.0218376568682868, "max_gap": 1.556794238108955}