{"fill_fraction": 0.226372, "band_nos": [16], "mid_gaps": [0.8680401841312884], "mid_gap_of_max": 0.8680401841312884, "gap_ranges": [[0.852952001569496, 0.8831283666930808]], "max_gap": 3.4763788215385625, "gap_range_of_max": [0.852952001569496, 0.8831283666930808], "gap": [3.4763788215385625]}