{"mid_gap_of_max": 0.34383141117830407, "band_nos": [2, 8], "gap": [26.954166710299003, 0.4976364509613165], "fill_fraction": 0.280564, "gap_ranges": [[0.297492965292617, 0.39016985706399115], [0.516773679576681, 0.5193517484805271]], "gap_range_of_max": [0.297492965292617, 0.39016985706399115], "max_gap": 26.954166710299003, "mid_gaps": [0.34383141117830407, 0.518062714028604]}