{"max_gap": 7.394558647312887, "mid_gap_of_max": 0.5043446756591252, "mid_gaps": [0.5043446756591252], "fill_fraction": 0.457794, "gap_ranges": [[0.485697644246018, 0.5229917070722325]], "gap": [7.394558647312887], "gap_range_of_max": [0.485697644246018, 0.5229917070722325], "band_nos": [12]}