{"band_nos": [12], "gap_range_of_max": [0.575385052593654, 0.6764719206848305], "gap": [16.149906938080864], "fill_fraction": 0.317221, "gap_ranges": [[0.575385052593654, 0.6764719206848305]], "mid_gap_of_max": 0.6259284866392423, "max_gap": 16.149906938080864, "mid_gaps": [0.6259284866392423]}