{"gap_range_of_max": [0.448821445775122, 0.5616345892010274], "gap": [22.329154267175458], "mid_gap_of_max": 0.5052280174880747, "mid_gaps": [0.5052280174880747], "gap_ranges": [[0.448821445775122, 0.5616345892010274]], "max_gap": 22.329154267175458, "fill_fraction": 0.076809, "strict_calculated": true, "band_nos": [2]}