{"mid_gap_of_max": 0.602198027805814, "gap_range_of_max": [0.602021849728009, 0.602374205883619], "gap_ranges": [[0.602021849728009, 0.602374205883619]], "gap": [0.058511675452174686], "max_gap": 0.058511675452174686, "run_me": true, "_status": {"hP3-Se-14/5cca192b/mpb-hP3-Se-1/0000/f29ec914e7069dea37eef82968e6441a": 4, "hP3-Se-14/5cca192b/store_fill/0000/e617ef39afc41a44b02ae108d4d82bad": 1, "hP3-Se-14/5cca192b/store_data/0000/246970831fc7380b166abcf2d0d5309b": 1, "hP3-Se-14/5cca192b/check_runnin/0000/43756496200e7362e9a7ee7548cdd7a6": 1, "hP3-Se-14/5cca192b/strict-mpb-h/0000/02bbe86133fad7545ea9c137ca1d20f0": 1, "hP3-Se-14/5cca192b/store_strict/0000/fcbba5dc20a802563d72cc28eed8a872": 1}, "fill_fraction": 0.276267, "mid_gaps": [0.602198027805814], "band_nos": [15]}