{"gap_range_of_max": [0.4518999981847518, 0.482045751653744], "gap_ranges": [[0.4518999981847518, 0.482045751653744]], "_status": {"tI16-CoCu2Si/49cd285d/strict-mpb-t/0000/ec9e925fa0e521ecd80b27809a7fd510": 1, "tI16-CoCu2Si/49cd285d/mpb-tI16-CoC/0000/4072d34dfcf450edb290a65e79fa1db8": 1, "tI16-CoCu2Si/49cd285d/store_data/0000/6d0a5234788a79ff979d1c7c814b6bfa": 1, "tI16-CoCu2Si/49cd285d/check_runnin/0000/3a8bcd75ce666d25c8336cde816442b0": 1, "tI16-CoCu2Si/49cd285d/store_strict/0000/72fa4a4a37e3b30464a1418b7e38b493": 1, "tI16-CoCu2Si/49cd285d/store_fill/0000/58e984f52e38be76f37106e22b659fba": 1}, "band_nos": [8], "max_gap": 6.455568425511906, "mid_gaps": [0.4669728749192479], "mid_gap_of_max": 0.4669728749192479, "fill_fraction": 0.575927, "gap": [6.455568425511906]}