{
  "structure": "tI58-MgHg22N6_r",
  "nbands": 20,
  "basis": [
    [
      0.0,
      0.0,
      -0.3793103448
    ],
    [
      0.448,
      0.448,
      -0.3793103448
    ],
    [
      -0.448,
      -0.448,
      -0.3793103448
    ],
    [
      0.291,
      0.291,
      -0.3793103448
    ],
    [
      -0.291,
      -0.291,
      -0.3793103448
    ],
    [
      0.377,
      0.071,
      0.3106896552
    ],
    [
      -0.377,
      -0.071,
      -0.0693103448
    ],
    [
      0.381,
      -0.313,
      -0.0693103448
    ],
    [
      -0.381,
      0.313,
      0.3106896552
    ],
    [
      0.071,
      0.381,
      0.3146896552
    ],
    [
      -0.071,
      -0.381,
      -0.0733103448
    ],
    [
      -0.313,
      0.377,
      -0.0733103448
    ],
    [
      0.313,
      -0.377,
      0.3146896552
    ],
    [
      0.25,
      -0.25,
      0.1206896552
    ],
    [
      -0.25,
      0.25,
      0.1206896552
    ],
    [
      0.001,
      0.004,
      0.0196896552
    ],
    [
      -0.001,
      -0.004,
      0.2216896552
    ],
    [
      -0.395,
      -0.398,
      0.2216896552
    ],
    [
      0.395,
      0.398,
      0.0196896552
    ],
    [
      0.004,
      -0.395,
      -0.3763103448
    ],
    [
      -0.004,
      0.395,
      0.6176896552
    ],
    [
      -0.398,
      0.001,
      0.6176896552
    ],
    [
      0.398,
      -0.001,
      -0.3763103448
    ],
    [
      -0.283,
      -0.035,
      0.3026896552
    ],
    [
      0.283,
      0.035,
      -0.0613103448
    ],
    [
      -0.035,
      0.283,
      -0.1313103448
    ],
    [
      0.035,
      -0.283,
      0.3726896552
    ],
    [
      0.081,
      0.081,
      -0.3793103448
    ],
    [
      -0.081,
      -0.081,
      -0.3793103448
    ]
  ],
  "lattice_vectors": [
    [
      -0.2580884278,
      0.2580884278,
      0.9310105944
    ],
    [
      0.2580884278,
      -0.2580884278,
      0.9310105944
    ],
    [
      0.2580884278,
      0.2580884278,
      -0.9310105944
    ]
  ]
}