{"gap_ranges": [[0.30716017270353, 0.38625451521132725]], "mid_gaps": [0.34670734395742864], "max_gap": 22.812998884012224, "band_nos": [2], "gap_range_of_max": [0.30716017270353, 0.38625451521132725], "mid_gap_of_max": 0.34670734395742864, "gap": [22.812998884012224], "fill_fraction": 0.346523}