{"gap_range_of_max": [0.536422248062972, 0.6217419254409534], "mid_gap_of_max": 0.5790820867519627, "fill_fraction": 0.202473, "gap": [14.733606742445378], "mid_gaps": [0.5790820867519627], "band_nos": [16], "max_gap": 14.733606742445378, "gap_ranges": [[0.536422248062972, 0.6217419254409534]]}