{"mid_gap_of_max": 1.3341405848192873, "max_gap": 0.6906767194489913, "gap_ranges": [[1.32953328560725, 1.3387478840313245]], "band_nos": [12], "fill_fraction": 0.095581, "strict_calculated": true, "gap_range_of_max": [1.32953328560725, 1.3387478840313245], "mid_gaps": [1.3341405848192873], "gap": [0.6906767194489913]}