{"mid_gaps": [0.40908123214581393], "mid_gap_of_max": 0.40908123214581393, "band_nos": [7], "gap": [4.350959096129672], "gap_ranges": [[0.40018175360551, 0.41798071068611786]], "gap_range_of_max": [0.40018175360551, 0.41798071068611786], "fill_fraction": 0.414556, "max_gap": 4.350959096129672}