{"mid_gap_of_max": 0.4468024229454083, "gap": [30.388631955197255], "gap_range_of_max": [0.378913851007516, 0.5146909948833005], "mid_gaps": [0.4468024229454083], "gap_ranges": [[0.378913851007516, 0.5146909948833005]], "max_gap": 30.388631955197255, "fill_fraction": 0.120427, "strict_calculated": true, "band_nos": [2]}