{"gap_ranges": [[0.31471801313148, 0.40207750105866336], [0.545846653730587, 0.5465765066435057]], "fill_fraction": 0.293836, "gap": [24.37500966391609, 0.13362091529948578], "mid_gap_of_max": 0.3583977570950717, "max_gap": 24.37500966391609, "gap_range_of_max": [0.31471801313148, 0.40207750105866336], "mid_gaps": [0.3583977570950717, 0.5462115801870464], "band_nos": [2, 8]}