{"mid_gaps": [0.5385068971013063], "run_me": true, "gap_range_of_max": [0.534447144811766, 0.5425666493908465], "fill_fraction": 0.579491, "band_nos": [18], "gap_ranges": [[0.534447144811766, 0.5425666493908465]], "gap": [1.507780981596772], "_status": {"tI28-Fe2S4Sn/5cfdea6d/strict-mpb-t/0000/19b3afaf1b22f0375482256c88bbdb0e": 1, "tI28-Fe2S4Sn/5cfdea6d/store_strict/0000/a6323468c100d6ce86b88f60897ed914": 1, "tI28-Fe2S4Sn/5cfdea6d/store_fill/0000/5ca1c5a50b0cf183af65723d5ac0f14a": 1, "tI28-Fe2S4Sn/5cfdea6d/check_runnin/0000/9119bcae745d70d1e38b12094a3125ea": 1, "tI28-Fe2S4Sn/5cfdea6d/mpb-tI28-Fe2/0000/d447ca72ee6dcfb095f923c69dd38b42": 7, "tI28-Fe2S4Sn/5cfdea6d/store_data/0000/50e48bdee88453adefb9fdc669b9c166": 1}, "mid_gap_of_max": 0.5385068971013063, "max_gap": 1.507780981596772}