{"max_gap": 10.114185329496037, "mid_gaps": [0.6117830347448994], "gap_range_of_max": [0.580844599770642, 0.6427214697191568], "fill_fraction": 0.394613, "band_nos": [8], "gap_ranges": [[0.580844599770642, 0.6427214697191568]], "gap": [10.114185329496037], "mid_gap_of_max": 0.6117830347448994}