{"gap_ranges": [[0.513501976395403, 0.5498259508191311]], "gap": [6.832130238294512], "band_nos": [8], "mid_gap_of_max": 0.5316639636072671, "fill_fraction": 0.528842, "max_gap": 6.832130238294512, "mid_gaps": [0.5316639636072671], "gap_range_of_max": [0.513501976395403, 0.5498259508191311]}