{"mid_gaps": [0.45466697854170224], "max_gap": 0.060093231065129274, "mid_gap_of_max": 0.45466697854170224, "fill_fraction": 0.191232, "gap": [0.060093231065129274], "gap_range_of_max": [0.454530366502706, 0.4548035905806985], "band_nos": [4], "gap_ranges": [[0.454530366502706, 0.4548035905806985]]}