{"gap_ranges": [[0.3737959908381718, 0.4910539230198832]], "band_nos": [2], "fill_fraction": 0.155185, "mid_gap_of_max": 0.4324249569290275, "max_gap": 27.116365580388216, "mid_gaps": [0.4324249569290275], "gap_range_of_max": [0.3737959908381718, 0.4910539230198832], "gap": [27.116365580388216], "strict_calculated": true}