{"gap_range_of_max": [0.4802813977745506, 0.4813534366975032], "gap_ranges": [[0.4802813977745506, 0.4813534366975032]], "strict_calculated": true, "gap": [0.2229617489971865], "max_gap": 0.2229617489971865, "band_nos": [8], "fill_fraction": 0.277324, "mid_gaps": [0.4808174172360269], "mid_gap_of_max": 0.4808174172360269}