{"strict_calculated": true, "gap": [14.053606283759695], "gap_range_of_max": [0.4554186122444139, 0.5242586014785824], "gap_ranges": [[0.4554186122444139, 0.5242586014785824]], "band_nos": [4], "fill_fraction": 0.097917, "max_gap": 14.053606283759695, "mid_gap_of_max": 0.48983860686149816, "mid_gaps": [0.48983860686149816]}