{"gap_range_of_max": [0.4207232425337019, 0.4699436761891098], "mid_gaps": [0.4453334593614059], "gap_ranges": [[0.4207232425337019, 0.4699436761891098]], "max_gap": 11.052489459468955, "fill_fraction": 0.223719, "gap": [11.052489459468955], "mid_gap_of_max": 0.4453334593614059, "band_nos": [4]}