{"gap_range_of_max": [0.568634768251772, 0.606930949702487], "mid_gap_of_max": 0.5877828589771295, "fill_fraction": 0.348752, "mid_gaps": [0.4937710803806201, 0.5877828589771295], "max_gap": 6.5153620705031265, "gap": [4.7021268941263665, 6.5153620705031265], "band_nos": [8, 11], "_status": {"tI14-Ga2HgSe/1d563d38/mpb-tI14-Ga2/0000/eaf4f80bda22e7343ad97b6b9be7c98b": 1, "tI14-Ga2HgSe/1d563d38/check_runnin/0000/3f8987513e29a093c4d05c76e786a52b": 1, "tI14-Ga2HgSe/1d563d38/store_strict/0000/9649dfc803c192fd584b19a299310ca2": 1, "tI14-Ga2HgSe/1d563d38/store_fill/0000/87967a685333212843c7d75dcb6403c1": 1, "tI14-Ga2HgSe/1d563d38/strict-mpb-t/0000/360f52d06eb166cd4f0aad774b84c50c": 1, "tI14-Ga2HgSe/1d563d38/store_data/0000/7f3efea1dc2179c17777123f7df726af": 1}, "gap_ranges": [[0.482162208997622, 0.5053799517636182], [0.568634768251772, 0.606930949702487]]}