{"fill_fraction": 0.285371, "mid_gap_of_max": 0.75331816689661, "gap_ranges": [[0.726753896648941, 0.7798824371442791]], "gap": [7.052603113795459], "mid_gaps": [0.75331816689661], "band_nos": [8], "max_gap": 7.052603113795459, "gap_range_of_max": [0.726753896648941, 0.7798824371442791]}