{"mid_gap_of_max": 0.9721965783048074, "max_gap": 1.6822878110272987, "gap_range_of_max": [0.964019006036784, 0.980374150572831], "band_nos": [14], "gap_ranges": [[0.964019006036784, 0.980374150572831]], "_status": {"cF120-Al2O3_/1e217528/store_strict/0000/36245d2b2ba21b24668488a7f284fe2e": 1, "cF120-Al2O3_/1e217528/check_runnin/0000/06b939527f0a0c438ffb7d4169aad0bb": 1, "cF120-Al2O3_/1e217528/store_fill/0000/73eb85b1912b55afa55d9dc74af96bc7": 1, "cF120-Al2O3_/1e217528/strict-mpb-c/0000/a658f7990e35c594ccf9f26b45cd4afe": 1, "cF120-Al2O3_/1e217528/mpb-cF120-Al/0000/30ab43b37471a86ed4fe18a3ac0f40e1": 7, "cF120-Al2O3_/1e217528/store_data/0000/43170188880c99c470742eb5f6a18ba4": 1}, "run_me": true, "fill_fraction": 0.089366, "mid_gaps": [0.9721965783048074], "gap": [1.6822878110272987]}