{"_status": {"oP6-NaO2_r-1/1b4239ba/check_runnin/0000/5fbee33685219aa802c3939d4dfe7cd7": 1, "oP6-NaO2_r-1/1b4239ba/strict-mpb-o/0000/09b59ff82ea0d25570857a6f862b7953": 1, "oP6-NaO2_r-1/1b4239ba/store_strict/0000/a31f7483e81fc54295cb7c4202a9b9b5": 1, "oP6-NaO2_r-1/1b4239ba/store_data/0000/ca123f6539547c1dcd54d898be279b42": 1, "oP6-NaO2_r-1/1b4239ba/store_fill/0000/3de88785d2e6c3bc92bb05ee91464a8f": 1, "oP6-NaO2_r-1/1b4239ba/mpb-oP6-NaO2/0000/2ab415f73918aa650a7872941e17abc1": 1}, "mid_gap_of_max": 0.615453100800361, "mid_gaps": [0.615453100800361], "gap": [1.4404022488919135], "max_gap": 1.4404022488919135, "band_nos": [8], "fill_fraction": 0.197209, "gap_range_of_max": [0.611020600647959, 0.6198856009527628], "gap_ranges": [[0.611020600647959, 0.6198856009527628]], "run_me": true}