{"mid_gaps": [0.7226391098648846], "run_me": true, "band_nos": [18], "max_gap": 0.9133957148044233, "fill_fraction": 0.442441, "gap_range_of_max": [0.719338832533381, 0.7259393871963882], "mid_gap_of_max": 0.7226391098648846, "gap_ranges": [[0.719338832533381, 0.7259393871963882]], "gap": [0.9133957148044233]}