{"gap_range_of_max": [0.685053529198145, 0.7261333613391945], "max_gap": 5.822025759523161, "gap": [5.822025759523161], "mid_gaps": [0.7055934452686697], "gap_ranges": [[0.685053529198145, 0.7261333613391945]], "band_nos": [12], "fill_fraction": 0.293327, "mid_gap_of_max": 0.7055934452686697}