{"gap_range_of_max": [0.48018840761601, 0.520713123277013], "strict_calculated": true, "fill_fraction": 0.175339, "gap": [8.097642857003933], "band_nos": [4], "mid_gaps": [0.5004507654465116], "mid_gap_of_max": 0.5004507654465116, "gap_ranges": [[0.48018840761601, 0.520713123277013]], "max_gap": 8.097642857003933}