{"gap": [18.805721859852408], "band_nos": [4], "max_gap": 18.805721859852408, "gap_ranges": [[0.3953239665698012, 0.4773834293315895]], "mid_gaps": [0.43635369795069534], "mid_gap_of_max": 0.43635369795069534, "gap_range_of_max": [0.3953239665698012, 0.4773834293315895], "fill_fraction": 0.25782}