{"max_gap": 2.7847031218044656, "mid_gaps": [0.945900802665485], "gap_ranges": [[0.932730538074985, 0.9590710672559851]], "band_nos": [8], "gap_range_of_max": [0.932730538074985, 0.9590710672559851], "mid_gap_of_max": 0.945900802665485, "fill_fraction": 0.104597, "gap": [2.7847031218044656]}