{"gap_ranges": [[0.38838146623946, 0.3981675479240036]], "band_nos": [2], "strict_calculated": true, "mid_gap_of_max": 0.39327450708173184, "gap": [2.48835902361431], "gap_range_of_max": [0.38838146623946, 0.3981675479240036], "max_gap": 2.48835902361431, "fill_fraction": 0.121389, "mid_gaps": [0.39327450708173184]}