{"gap_range_of_max": [0.2610104706561896, 0.31189655885562007], "mid_gaps": [0.28645351475590486], "gap_ranges": [[0.2610104706561896, 0.31189655885562007]], "strict_calculated": true, "max_gap": 17.764169604548886, "fill_fraction": 0.425774, "gap": [17.764169604548886], "mid_gap_of_max": 0.28645351475590486, "band_nos": [4]}