{"mid_gaps": [0.48988245228925764], "gap_ranges": [[0.485915773229763, 0.49384913134875236]], "gap": [1.6194411704106033], "band_nos": [14], "mid_gap_of_max": 0.48988245228925764, "fill_fraction": 0.390921, "gap_range_of_max": [0.485915773229763, 0.49384913134875236], "strict_calculated": true, "max_gap": 1.6194411704106033}