{"max_gap": 3.6896072425604585, "mid_gaps": [0.6833962696717335], "gap_ranges": [[0.670788950541135, 0.696003588802332]], "band_nos": [8], "gap_range_of_max": [0.670788950541135, 0.696003588802332], "mid_gap_of_max": 0.6833962696717335, "fill_fraction": 0.299554, "gap": [3.6896072425604585]}