{"gap_range_of_max": [0.273672694001653, 0.29680335908650324], "gap_ranges": [[0.273672694001653, 0.29680335908650324]], "mid_gap_of_max": 0.28523802654407815, "gap": [8.1092501463072], "band_nos": [4], "mid_gaps": [0.28523802654407815], "fill_fraction": 0.445757, "max_gap": 8.1092501463072}