{"fill_fraction": 0.104865, "mid_gap_of_max": 0.9162833325822236, "gap": [6.500620766211448], "max_gap": 6.500620766211448, "gap_ranges": [[0.886501280284636, 0.9460653848798112]], "gap_range_of_max": [0.886501280284636, 0.9460653848798112], "band_nos": [8], "mid_gaps": [0.9162833325822236]}