{"fill_fraction": 0.361252, "band_nos": [8], "mid_gap_of_max": 0.6760682127889683, "gap_ranges": [[0.64960132284475, 0.7025351027331866]], "max_gap": 7.829650749303749, "gap": [7.829650749303749], "mid_gaps": [0.6760682127889683], "gap_range_of_max": [0.64960132284475, 0.7025351027331866]}