{"mid_gap_of_max": 0.46769898693391987, "mid_gaps": [0.46769898693391987], "gap_range_of_max": [0.44109885362945, 0.49429912023838973], "gap_ranges": [[0.44109885362945, 0.49429912023838973]], "band_nos": [4], "max_gap": 11.374894557224295, "fill_fraction": 0.160795, "gap": [11.374894557224295]}