{"gap_range_of_max": [0.2358032352898954, 0.23988076159847924], "band_nos": [2], "gap_ranges": [[0.2358032352898954, 0.23988076159847924]], "strict_calculated": true, "gap": [1.7143844801407566], "fill_fraction": 0.57839, "mid_gap_of_max": 0.23784199844418732, "mid_gaps": [0.23784199844418732], "max_gap": 1.7143844801407566}