{"mid_gap_of_max": 0.6662213971434991, "gap": [1.877953595284862], "gap_range_of_max": [0.65996573280339, 0.6724770614836084], "fill_fraction": 0.21221, "mid_gaps": [0.6662213971434991], "band_nos": [8], "gap_ranges": [[0.65996573280339, 0.6724770614836084]], "strict_calculated": true, "max_gap": 1.877953595284862}