{"_status": {"hP4-La_r-10/c26d13a2/store_data/0000/ba6b339380875bff2ac9c61f3bbe9f34": 1, "hP4-La_r-10/c26d13a2/store_fill/0000/fb40039a39002d71e98a6824ba51a956": 1, "hP4-La_r-10/c26d13a2/strict-mpb-h/0000/316290c2974aa9b8153dc42e8fe1b83e": 1, "hP4-La_r-10/c26d13a2/store_strict/0000/9613634a567cc2ade91e93f612d7e841": 1, "hP4-La_r-10/c26d13a2/check_runnin/0000/74a9e3208a34b4b61b10e0644db20ca2": 1, "hP4-La_r-10/c26d13a2/mpb-hP4-La_r/0000/5f08c6b5e1c098f2be0fe2db929181cb": 3}, "max_gap": 0.4633201326835248, "fill_fraction": 0.538386, "gap": [0.4633201326835248], "gap_range_of_max": [0.289543043084304, 0.2908876692575841], "gap_ranges": [[0.289543043084304, 0.2908876692575841]], "mid_gap_of_max": 0.29021535617094407, "band_nos": [8], "mid_gaps": [0.29021535617094407], "run_me": true}