{"band_nos": [4], "gap": [0.16285860089080714], "gap_range_of_max": [0.4497424938520606, 0.4504755350955161], "max_gap": 0.16285860089080714, "fill_fraction": 0.162685, "mid_gap_of_max": 0.45010901447378837, "mid_gaps": [0.45010901447378837], "gap_ranges": [[0.4497424938520606, 0.4504755350955161]]}