{"gap_ranges": [[0.4088863385914389, 0.4092305244367629]], "mid_gap_of_max": 0.40905843151410093, "gap_range_of_max": [0.4088863385914389, 0.4092305244367629], "mid_gaps": [0.40905843151410093], "gap": [0.08414099766870449], "fill_fraction": 0.319747, "band_nos": [4], "max_gap": 0.08414099766870449}