{"mid_gap_of_max": 0.28405948406392845, "gap_range_of_max": [0.282519052197589, 0.28559991593026796], "mid_gaps": [0.28405948406392845], "max_gap": 1.0845840063503676, "gap_ranges": [[0.282519052197589, 0.28559991593026796]], "gap": [1.0845840063503676], "fill_fraction": 0.596953, "band_nos": [2]}