{
  "basis": [
    [
      0.1365454545,
      -0.105,
      -0.2975454545
    ],
    [
      -0.3074545455,
      0.025,
      0.3884545455
    ],
    [
      -0.3074545455,
      0.395,
      -0.2415454545
    ],
    [
      0.1365454545,
      0.525,
      0.3324545455
    ],
    [
      0.4635454545,
      0.348,
      0.2064545455
    ],
    [
      -0.3584545455,
      -0.152,
      -0.1155454545
    ],
    [
      -0.1384545455,
      0.185,
      -0.2325454545
    ],
    [
      -0.0824545455,
      -0.315,
      0.3234545455
    ],
    [
      -0.1714545455,
      -0.358,
      -0.3505454545
    ],
    [
      0.4925454545,
      -0.23,
      0.4414545455
    ],
    [
      0.4925454545,
      0.142,
      -0.1865454545
    ],
    [
      -0.1714545455,
      0.27,
      0.2774545455
    ],
    [
      0.1885454545,
      0.507,
      -0.2275454545
    ],
    [
      0.2345454545,
      0.007,
      0.3184545455
    ],
    [
      -0.4524545455,
      -0.407,
      -0.4545454545
    ],
    [
      -0.4524545455,
      0.093,
      0.0454545455
    ],
    [
      0.0645454545,
      -0.407,
      -0.4375454545
    ],
    [
      0.5305454545,
      0.093,
      0.5284545455
    ],
    [
      -0.4464545455,
      -0.399,
      0.0434545455
    ],
    [
      0.0575454545,
      0.101,
      0.0474545455
    ],
    [
      0.0455454545,
      0.091,
      -0.4545454545
    ],
    [
      0.0455454545,
      -0.409,
      0.0454545455
    ]
  ],
  "lattice_vectors": [
    [
      -0.4963789342,
      0.5137722494,
      0.6997471182
    ],
    [
      0.4963789342,
      -0.5137722494,
      0.6997471182
    ],
    [
      0.4963789342,
      0.5137722494,
      -0.6997471182
    ]
  ],
  "nbands": 20,
  "structure": "oI44-Nb2Ag2O5F2"
}