{"max_gap": 1.5494229314441483, "gap_range_of_max": [0.602864761211689, 0.6122786162820959], "gap_ranges": [[0.602864761211689, 0.6122786162820959]], "fill_fraction": 0.19085, "mid_gap_of_max": 0.6075716887468925, "strict_calculated": true, "band_nos": [14], "mid_gaps": [0.6075716887468925], "gap": [1.5494229314441483]}