{"gap_ranges": [[0.779470187981462, 0.783205590879509]], "_status": {"cF24-NaPt2_r/843a064a/strict-mpb-c/0000/3f6c393e55aee6bb4cf20a1dc801324f": 1, "cF24-NaPt2_r/843a064a/check_runnin/0000/ad6896735c6024f049a6adb326eeb048": 1, "cF24-NaPt2_r/843a064a/store_data/0000/d2a6cdf623fdb2ef24ab90c283a9eddb": 1, "cF24-NaPt2_r/843a064a/store_fill/0000/5dd566e036bffdc8cf8aa02c2c4dd032": 1, "cF24-NaPt2_r/843a064a/mpb-cF24-NaP/0000/07e40c5ccdb89a607d16449c155d2b33": 4, "cF24-NaPt2_r/843a064a/store_strict/0000/74ef95be9d69eb001e177806cd1b8554": 1}, "mid_gaps": [0.7813378894304854], "band_nos": [16], "gap": [0.4780777879297409], "run_me": true, "fill_fraction": 0.180456, "max_gap": 0.4780777879297409, "mid_gap_of_max": 0.7813378894304854, "gap_range_of_max": [0.779470187981462, 0.783205590879509]}