{"mid_gap_of_max": 0.4705049974933938, "gap_ranges": [[0.444363129064819, 0.49664686592196855]], "mid_gaps": [0.4705049974933938], "max_gap": 11.112259622254753, "fill_fraction": 0.228546, "gap": [11.112259622254753], "gap_range_of_max": [0.444363129064819, 0.49664686592196855], "band_nos": [2]}