{"gap_ranges": [[0.596239137148873, 0.6080988765062774]], "max_gap": 1.9695034488547467, "strict_calculated": true, "gap": [1.9695034488547467], "mid_gap_of_max": 0.6021690068275751, "gap_range_of_max": [0.596239137148873, 0.6080988765062774], "mid_gaps": [0.6021690068275751], "fill_fraction": 0.31972, "band_nos": [11]}