{"_status": {"tI16-CoCu2Si/84217e3d/strict-mpb-t/0000/f1d3d2dfab33a6114355d4a5fa7571fd": 1, "tI16-CoCu2Si/84217e3d/check_runnin/0000/1736ec8aa13fd95cfc58d40cb6f65c1c": 1, "tI16-CoCu2Si/84217e3d/store_strict/0000/c584e59550192940fa4855b7288a6d4a": 1, "tI16-CoCu2Si/84217e3d/store_fill/0000/9a09cce7078dcf1c97661a9a2f2efc87": 1, "tI16-CoCu2Si/84217e3d/store_data/0000/d24107dcc5bc7e45686bc4c30b4d140b": 1, "tI16-CoCu2Si/84217e3d/mpb-tI16-CoC/0000/5f1779e0322191d5c2234578f8ce92dc": 1}, "gap_ranges": [[0.493235037777245, 0.6251220461144119]], "band_nos": [8], "mid_gaps": [0.5591785419458284], "fill_fraction": 0.318955, "gap_range_of_max": [0.493235037777245, 0.6251220461144119], "gap": [23.585849320724236], "mid_gap_of_max": 0.5591785419458284, "max_gap": 23.585849320724236}