{"gap": [3.0964159027266684], "band_nos": [4], "mid_gap_of_max": 0.33337588503367066, "mid_gaps": [0.33337588503367066], "max_gap": 3.0964159027266684, "fill_fraction": 0.315613, "gap_ranges": [[0.328214533073651, 0.33853723699369026]], "gap_range_of_max": [0.328214533073651, 0.33853723699369026]}