{"run_me": true, "gap_range_of_max": [0.526781032073959, 0.5272021387380995], "_status": {"oP6-CoTe2_r-/fea83077/store_data/0000/3a1e4dc68f978fd7dc35520a48ef3c12": 1, "oP6-CoTe2_r-/fea83077/check_runnin/0000/cdfa8e8886ed021c4a064a6fbf776073": 1, "oP6-CoTe2_r-/fea83077/mpb-oP6-CoTe/0000/dcccc5acafbcc8b5916338e4081d7083": 1, "oP6-CoTe2_r-/fea83077/store_fill/0000/636d08a4e8f80a1e1126d80fbf4c5754": 1, "oP6-CoTe2_r-/fea83077/store_strict/0000/b7ea04cb2df929480e42e53416d0b2f5": 1, "oP6-CoTe2_r-/fea83077/strict-mpb-o/0000/5d6fa6f82144755fd53e459070819c42": 1}, "max_gap": 0.07990766376571456, "gap": [0.07990766376571456], "gap_ranges": [[0.526781032073959, 0.5272021387380995]], "mid_gap_of_max": 0.5269915854060292, "fill_fraction": 0.347813, "mid_gaps": [0.5269915854060292], "band_nos": [8]}