{
  "structure": "cI66-V0.09Bi25.35O40",
  "nbands": 20,
  "basis": [
    [
      -0.4545454545,
      -0.4242424242,
      -0.4545454545
    ],
    [
      -0.1436454545,
      0.3895575758,
      -0.3106454545
    ],
    [
      0.3784545455,
      0.0786575758,
      0.2345545455
    ],
    [
      0.4015545455,
      0.2456575758,
      -0.2875454545
    ],
    [
      0.2345545455,
      0.4087575758,
      0.0483545455
    ],
    [
      -0.2875454545,
      0.4318575758,
      0.2153545455
    ],
    [
      -0.3106454545,
      -0.1133424242,
      0.3592545455
    ],
    [
      -0.1244454545,
      -0.2380424242,
      0.0425545455
    ],
    [
      -0.2683454545,
      0.0728575758,
      -0.1244454545
    ],
    [
      0.0425545455,
      -0.0941424242,
      -0.2683454545
    ],
    [
      0.2153545455,
      -0.2572424242,
      0.4015545455
    ],
    [
      0.3592545455,
      -0.2803424242,
      -0.1436454545
    ],
    [
      0.0483545455,
      0.2648575758,
      0.3784545455
    ],
    [
      0.3159545455,
      -0.0386424242,
      -0.3390454545
    ],
    [
      -0.1095454545,
      0.1908575758,
      -0.2250454545
    ],
    [
      0.4299545455,
      -0.1541424242,
      0.2004545455
    ],
    [
      -0.2250454545,
      -0.0792424242,
      0.1605545455
    ],
    [
      0.2004545455,
      0.4602575758,
      -0.1844454545
    ],
    [
      -0.3390454545,
      0.3462575758,
      -0.0689454545
    ],
    [
      0.2753545455,
      0.1901575758,
      -0.0696454545
    ],
    [
      0.1598545455,
      -0.0393424242,
      0.2753545455
    ],
    [
      -0.0696454545,
      0.3056575758,
      0.1598545455
    ],
    [
      -0.1844454545,
      0.2307575758,
      0.4299545455
    ],
    [
      -0.0689454545,
      -0.3087424242,
      0.3159545455
    ],
    [
      0.1605545455,
      -0.1947424242,
      -0.1095454545
    ],
    [
      0.5454545455,
      0.1981575758,
      0.5454545455
    ],
    [
      -0.4545454545,
      -0.4242424242,
      0.1678545455
    ],
    [
      -0.0769454545,
      -0.0466424242,
      -0.0769454545
    ],
    [
      0.1678545455,
      -0.4242424242,
      -0.4545454545
    ],
    [
      -0.4545454545,
      -0.1994424242,
      -0.4545454545
    ],
    [
      -0.4545454545,
      -0.4242424242,
      -0.2297454545
    ],
    [
      0.3206545455,
      0.3509575758,
      0.3206545455
    ],
    [
      -0.2297454545,
      -0.4242424242,
      -0.4545454545
    ]
  ],
  "lattice_vectors": [
    [
      -0.5773502692,
      0.5773502692,
      0.5773502692
    ],
    [
      0.5773502692,
      -0.5773502692,
      0.5773502692
    ],
    [
      0.5773502692,
      0.5773502692,
      -0.5773502692
    ]
  ]
}