{"max_gap": 2.6891707480474825, "_status": {"cP4-X-12/fcf1a683/store_strict/0000/896f93467a4042d1949248514cefac3c": 1, "cP4-X-12/fcf1a683/mpb-cP4-X-12/0000/bb9648ffa94735a688d3beaf793eec18": 1, "cP4-X-12/fcf1a683/store_fill/0000/23a14d0cecaea50a87cdffda0d6cc525": 1, "cP4-X-12/fcf1a683/store_data/0000/67e0f9e7a16cc89ea01a598dd0fcd705": 1, "cP4-X-12/fcf1a683/strict-mpb-c/0000/382c13febd67ea020d3de31c96b02061": 1, "cP4-X-12/fcf1a683/check_runnin/0000/8879fdd7e091d0bc0d700f361b4a03e3": 1}, "gap_ranges": [[0.674559989794502, 0.6929472927036824]], "run_me": true, "band_nos": [16], "fill_fraction": 0.203821, "gap_range_of_max": [0.674559989794502, 0.6929472927036824], "gap": [2.6891707480474825], "mid_gap_of_max": 0.6837536412490922, "mid_gaps": [0.6837536412490922]}