{"mid_gap_of_max": 0.45329123261158644, "strict_calculated": true, "max_gap": 0.5644694429332973, "gap_range_of_max": [0.452011887363792, 0.4545705778593808], "gap_ranges": [[0.452011887363792, 0.4545705778593808]], "band_nos": [4], "mid_gaps": [0.45329123261158644], "gap": [0.5644694429332973], "fill_fraction": 0.117054}