{"fill_fraction": 0.255348, "gap_ranges": [[0.4303698990678291, 0.466021075895975]], "band_nos": [4], "gap_range_of_max": [0.4303698990678291, 0.466021075895975], "_status": {"tP12-PNO-8/2c868ea7/store_fill/0000/4c47db92637c556dc9930901060a0161": 1, "tP12-PNO-8/2c868ea7/mpb-tP12-PNO/0000/d9da5e8cd40eb6965f923dd6c8c1c663": 1, "tP12-PNO-8/2c868ea7/check_runnin/0000/7b7ef02aaa83158a1d35d728bce2a349": 1, "tP12-PNO-8/2c868ea7/store_strict/0000/747f76b621c70a5dec84d91ec81624c3": 1, "tP12-PNO-8/2c868ea7/strict-mpb-t/0000/a74486a3b913e2c3c8b5322ac85cc461": 1, "tP12-PNO-8/2c868ea7/store_data/0000/b5dd0e17d540ec63d670e2851cb1a8bd": 1}, "mid_gap_of_max": 0.4481954874819021, "max_gap": 7.954381028788352, "mid_gaps": [0.4481954874819021], "gap": [7.954381028788352]}