{"gap": [5.2310609050677614], "gap_ranges": [[0.433748506960068, 0.4570475490756537]], "gap_range_of_max": [0.433748506960068, 0.4570475490756537], "band_nos": [4], "mid_gaps": [0.4453980280178609], "max_gap": 5.2310609050677614, "fill_fraction": 0.091295, "mid_gap_of_max": 0.4453980280178609}