{"mid_gap_of_max": 0.5478521159724999, "max_gap": 5.117763208161596, "band_nos": [8, 17], "gap": [5.117763208161596, 2.596363100421853], "gap_ranges": [[0.533833228959312, 0.5618710029856879], [0.697893071811577, 0.7162512322603989]], "fill_fraction": 0.277692, "gap_range_of_max": [0.533833228959312, 0.5618710029856879], "mid_gaps": [0.5478521159724999, 0.7070721520359879]}