{"gap_ranges": [[0.2927430798116707, 0.32260352421627714]], "max_gap": 9.70524390941473, "fill_fraction": 0.423941, "mid_gap_of_max": 0.3076733020139739, "mid_gaps": [0.3076733020139739], "gap": [9.70524390941473], "band_nos": [2], "gap_range_of_max": [0.2927430798116707, 0.32260352421627714]}