{"gap": [3.863070489149057], "mid_gaps": [0.26913113706126074], "mid_gap_of_max": 0.26913113706126074, "fill_fraction": 0.561093, "gap_ranges": [[0.2639327742947983, 0.2743294998277232]], "band_nos": [2], "max_gap": 3.863070489149057, "gap_range_of_max": [0.2639327742947983, 0.2743294998277232]}