{
  "basis": [
    [
      -0.4,
      -0.6,
      -0.4
    ],
    [
      -0.076,
      0.4,
      0.6
    ],
    [
      0.276,
      0.076,
      0.276
    ],
    [
      -0.4,
      0.4,
      -0.076
    ],
    [
      0.6,
      -0.276,
      -0.4
    ]
  ],
  "structure": "cI10-SiF4_r",
  "nbands": 20,
  "lattice_vectors": [
    [
      -0.5773502692,
      0.5773502692,
      0.5773502692
    ],
    [
      0.5773502692,
      -0.5773502692,
      0.5773502692
    ],
    [
      0.5773502692,
      0.5773502692,
      -0.5773502692
    ]
  ]
}