{"mid_gap_of_max": 0.47338633201809305, "max_gap": 5.000942044959883, "gap_range_of_max": [0.4615494439615999, 0.4852232200745862], "mid_gaps": [0.47338633201809305], "band_nos": [4], "gap": [5.000942044959883], "fill_fraction": 0.258613, "gap_ranges": [[0.4615494439615999, 0.4852232200745862]]}