{"gap_range_of_max": [0.2503982128601704, 0.26996922010292884], "mid_gaps": [0.2601837164815496], "gap_ranges": [[0.2503982128601704, 0.26996922010292884]], "max_gap": 7.521995422087159, "fill_fraction": 0.572958, "gap": [7.521995422087159], "mid_gap_of_max": 0.2601837164815496, "band_nos": [4]}