{"max_gap": 12.717748789372598, "mid_gap_of_max": 0.37149747584465476, "gap_range_of_max": [0.347874417976263, 0.39512053371304645], "gap": [12.717748789372598], "gap_ranges": [[0.347874417976263, 0.39512053371304645]], "band_nos": [2], "mid_gaps": [0.37149747584465476], "fill_fraction": 0.384685}