{"mid_gap_of_max": 0.6565770034285132, "band_nos": [8], "gap_ranges": [[0.64717557850775, 0.6659784283492765]], "gap": [2.863769176096835], "fill_fraction": 0.520934, "max_gap": 2.863769176096835, "mid_gaps": [0.6565770034285132], "gap_range_of_max": [0.64717557850775, 0.6659784283492765], "_status": {"tI16-CoCu2Si/533db92d/store_strict/0000/59c5810a66da14ad0d518aaefa8289de": 1, "tI16-CoCu2Si/533db92d/strict-mpb-t/0000/e9a48a5271bb6dff33348442550d84d3": 1, "tI16-CoCu2Si/533db92d/check_runnin/0000/bddbcbba0f48422db8d7f9d8592f4b96": 1, "tI16-CoCu2Si/533db92d/store_fill/0000/465829aa102958ae2b93a20761fbc3a1": 1, "tI16-CoCu2Si/533db92d/mpb-tI16-CoC/0000/5eaf39ae1402b2df34d3bf7e058ed5fa": 1, "tI16-CoCu2Si/533db92d/store_data/0000/12434bc2b4e2aad9a967ce9cea4d8c9c": 1}}