{"equivalent_atoms": [0, 0, 2, 2, 4, 4, 6, 6, 8, 8, 10, 10, 12, 12, 14, 14, 16, 16], "number": 7, "wyckoffs": ["a", "a", "a", "a", "a", "a", "a", "a", "a", "a", "a", "a", "a", "a", "a", "a", "a", "a"], "std_lattice": [[1.0, 0.0, 0.0], [0.0, 1.9131947172, 0.0], [-0.7512129018, 0.0, 0.9703097985]], "std_positions": [[0.8937, 0.4215, 0.7501], [0.8937, 0.5785, 0.2501], [0.4428, 0.0843, 0.9506], [0.4428, 0.9157, 0.4506], [0.1717, 0.2285, 0.3224], [0.1717, 0.7715, 0.8224], [0.9997, 0.0172, 0.9961], [0.9997, 0.9828, 0.4961], [0.7955, 0.1498, 0.4635], [0.7955, 0.8502, 0.9635], [0.7418, 0.1567, 0.7461], [0.7418, 0.8433, 0.2461], [0.6127, 0.3449, 0.0], [0.6127, 0.6551, 0.5], [0.4716, 0.6112, 0.715], [0.4716, 0.3888, 0.215], [0.3244, 0.4254, 0.6568], [0.3244, 0.5746, 0.1568]], "international": "Pc", "site_point_groups": {"a": {"site_symmetry": ["1"], "name": "2a"}}, "global_point_groups": ["m", "1"]}