{"gap_range_of_max": [0.363692545489835, 0.37274033521666144], "max_gap": 2.4571933067807197, "fill_fraction": 0.547696, "gap_ranges": [[0.363692545489835, 0.37274033521666144]], "mid_gaps": [0.3682164403532482], "mid_gap_of_max": 0.3682164403532482, "gap": [2.4571933067807197], "band_nos": [2]}