{"gap_range_of_max": [0.22985290978079, 0.2593532965844978], "mid_gaps": [0.2446031031826439], "fill_fraction": 0.524911, "gap_ranges": [[0.22985290978079, 0.2593532965844978]], "mid_gap_of_max": 0.2446031031826439, "gap": [12.060512078491485], "band_nos": [2], "strict_calculated": true, "max_gap": 12.060512078491485}