{"max_gap": 1.040806574077015, "gap": [1.040806574077015], "mid_gaps": [0.49496446675945893], "fill_fraction": 0.209775, "mid_gap_of_max": 0.49496446675945893, "gap_range_of_max": [0.49238865540477, 0.4975402781141478], "band_nos": [16], "gap_ranges": [[0.49238865540477, 0.4975402781141478]]}