{"mid_gap_of_max": 0.6128872842285981, "_status": {"hP4-AlAgS2-1/1d563d38/store_fill/0000/5be98ab2e26623a94d92176afd7ca303": 1, "hP4-AlAgS2-1/1d563d38/store_data/0000/e570397f272fe1c8f5706daf2907d128": 1, "hP4-AlAgS2-1/1d563d38/store_strict/0000/3d5241ac8a93e1587d6b7094da01da48": 1, "hP4-AlAgS2-1/1d563d38/strict-mpb-h/0000/c3c114a55a66e5e3fef4f984f7e4e510": 1, "hP4-AlAgS2-1/1d563d38/check_runnin/0000/715fe9f26dd9fdd5c6ae0606cd314156": 1, "hP4-AlAgS2-1/1d563d38/mpb-hP4-AlAg/0000/5cb22d7e97964ee5ebb6c806e00219a6": 1}, "gap": [1.8381362706803643], "fill_fraction": 0.154691, "band_nos": [18], "gap_ranges": [[0.607254432493701, 0.6185201359634951]], "mid_gaps": [0.6128872842285981], "max_gap": 1.8381362706803643, "gap_range_of_max": [0.607254432493701, 0.6185201359634951]}