{"gap_ranges": [[0.256846482156855, 0.257325525674279]], "mid_gaps": [0.257086003915567], "gap": [0.18633589932076688], "gap_range_of_max": [0.256846482156855, 0.257325525674279], "band_nos": [4], "mid_gap_of_max": 0.257086003915567, "max_gap": 0.18633589932076688, "strict_calculated": true, "fill_fraction": 0.491787}