{"band_nos": [12], "gap_range_of_max": [0.723020726326536, 0.819362181062172], "gap": [12.492546990000482], "fill_fraction": 0.177396, "gap_ranges": [[0.723020726326536, 0.819362181062172]], "mid_gap_of_max": 0.771191453694354, "max_gap": 12.492546990000482, "mid_gaps": [0.771191453694354]}