{"max_gap": 10.72593687380955, "gap_ranges": [[0.4082917770069231, 0.4545665993881816]], "gap": [10.72593687380955], "mid_gap_of_max": 0.4314291881975524, "gap_range_of_max": [0.4082917770069231, 0.4545665993881816], "band_nos": [2], "fill_fraction": 0.252345, "mid_gaps": [0.4314291881975524]}