{"gap": [2.877819033114811], "_status": {"hP36-H2O_r-1/4ad92e3e/strict-mpb-h/0000/1aa4176756c3ae79dbbbe54480df3bf3": 1, "hP36-H2O_r-1/4ad92e3e/store_strict/0000/849a9dca5d731706ff97f49033e3a919": 1, "hP36-H2O_r-1/4ad92e3e/check_runnin/0000/f2948dcbe9708548268d6a1580c39239": 1, "hP36-H2O_r-1/4ad92e3e/store_fill/0000/a92f69ba5f3e0af6ae8988ae2e8e870c": 1, "hP36-H2O_r-1/4ad92e3e/store_data/0000/14ccd91ac2e0ff363c0b52e4e4d3303f": 1, "hP36-H2O_r-1/4ad92e3e/mpb-hP36-H2O/0000/da9dff19c529bbb73890b88ac9f6be91": 1}, "fill_fraction": 0.278034, "gap_range_of_max": [0.63637762526748, 0.6549587878059651], "mid_gaps": [0.6456682065367225], "gap_ranges": [[0.63637762526748, 0.6549587878059651]], "mid_gap_of_max": 0.6456682065367225, "band_nos": [12], "run_me": true, "max_gap": 2.877819033114811}