{"max_gap": 3.129197688850054, "mid_gap_of_max": 0.4504695738175123, "gap_ranges": [[0.44342153207107715, 0.45751761556394743]], "gap_range_of_max": [0.44342153207107715, 0.45751761556394743], "mid_gaps": [0.4504695738175123], "fill_fraction": 0.352792, "band_nos": [2], "gap": [3.129197688850054]}