{"_status": {"cF48-Be4O7Te/5cca192b/check_runnin/0000/9edbd24e333b1a9b9d336d2b488bd228": 1, "cF48-Be4O7Te/5cca192b/store_fill/0000/6ab955cd8ae8d65fd15101ac50d55b91": 1, "cF48-Be4O7Te/5cca192b/strict-mpb-c/0000/7b670a50788cefd8d60802fa524499d8": 1, "cF48-Be4O7Te/5cca192b/mpb-cF48-Be4/0000/9d75dbc257d5d46b4f3c846ab0f4946f": 7, "cF48-Be4O7Te/5cca192b/store_data/0000/5a43d16425b95f069f9ea1805f2cad01": 1, "cF48-Be4O7Te/5cca192b/store_strict/0000/6f27f2c0e26babba3fde667ac9b6dd8a": 1}, "run_me": true, "gap_range_of_max": [0.533355588195849, 0.5366112840762558], "max_gap": 0.6085601273789737, "fill_fraction": 0.133763, "mid_gap_of_max": 0.5349834361360524, "mid_gaps": [0.5349834361360524, 0.8350113141787108], "band_nos": [5, 18], "gap_ranges": [[0.533355588195849, 0.5366112840762558], [0.83448021346271, 0.8355424148947115]], "gap": [0.6085601273789737, 0.12720802867686617]}