{"gap": [2.6462080413219895], "gap_ranges": [[0.442484504400699, 0.45435056526615963]], "fill_fraction": 0.217224, "gap_range_of_max": [0.442484504400699, 0.45435056526615963], "mid_gap_of_max": 0.4484175348334293, "strict_calculated": true, "mid_gaps": [0.4484175348334293], "band_nos": [12], "max_gap": 2.6462080413219895}