{"gap_range_of_max": [0.630773732547733, 0.6586049529567749], "band_nos": [10], "gap": [4.316997127675032], "mid_gap_of_max": 0.644689342752254, "max_gap": 4.316997127675032, "gap_ranges": [[0.630773732547733, 0.6586049529567749]], "fill_fraction": 0.203467, "mid_gaps": [0.644689342752254]}