{"mid_gap_of_max": 0.8187331504262473, "gap_range_of_max": [0.818667738159772, 0.8187985626927226], "mid_gaps": [0.8187331504262473], "max_gap": 0.015978897749786204, "band_nos": [16], "gap": [0.015978897749786204], "strict_calculated": true, "gap_ranges": [[0.818667738159772, 0.8187985626927226]], "fill_fraction": 0.167489}