{"gap": [0.08770925766364518], "gap_range_of_max": [0.753316827350942, 0.75397784583527], "mid_gap_of_max": 0.753647336593106, "band_nos": [16], "max_gap": 0.08770925766364518, "run_me": true, "gap_ranges": [[0.753316827350942, 0.75397784583527]], "mid_gaps": [0.753647336593106], "fill_fraction": 0.256119}