{
  "lattice_vectors": [
    [
      1.0,
      0.0,
      0.0
    ],
    [
      0.0,
      1.0,
      0.0
    ],
    [
      0.0,
      0.0,
      1.00022471
    ]
  ],
  "basis": [
    [
      -0.25,
      -0.25,
      0.2579333333
    ],
    [
      0.25,
      0.25,
      -0.3913666667
    ],
    [
      0.25,
      -0.25,
      0.2691333333
    ],
    [
      -0.25,
      0.25,
      0.2691333333
    ],
    [
      -0.25,
      -0.25,
      -0.2294666667
    ],
    [
      0.25,
      0.25,
      -0.1753666667
    ]
  ],
  "structure": "tP6-SnCI3N_r",
  "nbands": 20
}