{"max_gap": 6.727705773689623, "gap_ranges": [[0.49751187432008, 0.5321481218250989]], "band_nos": [2], "gap": [6.727705773689623], "_status": {"cI36-NO2_r-1/7fab35b9/store_strict/0000/51d07f8c69cacc10758bce0350ab11ad": 1, "cI36-NO2_r-1/7fab35b9/mpb-cI36-NO2/0000/d76a0ee1ec79ed5bf811103f45f0fae7": 1, "cI36-NO2_r-1/7fab35b9/store_fill/0000/831e4c0d8fc3337f8e05c0c320e3505e": 1, "cI36-NO2_r-1/7fab35b9/check_runnin/0000/2d711a5869c344bd7ca0139d5cd8c4ff": 1, "cI36-NO2_r-1/7fab35b9/store_data/0000/5bc18133f19d52bf82b5e2798e671950": 1, "cI36-NO2_r-1/7fab35b9/strict-mpb-c/0000/12397cd715349f9e4c5c2d208d43dc96": 1}, "fill_fraction": 0.114804, "mid_gaps": [0.5148299980725894], "mid_gap_of_max": 0.5148299980725894, "gap_range_of_max": [0.49751187432008, 0.5321481218250989]}