{"mid_gaps": [0.3707923854712849], "gap_ranges": [[0.3630168792034097, 0.37856789173916017]], "gap_range_of_max": [0.3630168792034097, 0.37856789173916017], "band_nos": [2], "fill_fraction": 0.485882, "max_gap": 4.193994576232938, "mid_gap_of_max": 0.3707923854712849, "gap": [4.193994576232938]}