{"gap": [5.743582933479688], "max_gap": 5.743582933479688, "mid_gaps": [0.5586598850433735], "band_nos": [2], "fill_fraction": 0.091068, "mid_gap_of_max": 0.5586598850433735, "gap_ranges": [[0.542616338136599, 0.5747034319501481]], "gap_range_of_max": [0.542616338136599, 0.5747034319501481]}