{
  "structure": "tI52-Nb5P4Pd4_r",
  "nbands": 20,
  "basis": [
    [
      0.0,
      0.0,
      0.0
    ],
    [
      0.5,
      0.5,
      0.5
    ],
    [
      0.31039,
      0.37722,
      0.0
    ],
    [
      0.68961,
      0.62278,
      0.0
    ],
    [
      0.62278,
      0.31039,
      0.0
    ],
    [
      0.37722,
      0.68961,
      0.0
    ],
    [
      0.81039,
      0.87722,
      0.5
    ],
    [
      0.18961,
      0.12278,
      0.5
    ],
    [
      0.12278,
      0.81039,
      0.5
    ],
    [
      0.87722,
      0.18961,
      0.5
    ],
    [
      0.40535,
      0.11385,
      0.0
    ],
    [
      0.59465,
      0.88615,
      0.0
    ],
    [
      0.88615,
      0.40535,
      0.0
    ],
    [
      0.11385,
      0.59465,
      0.0
    ],
    [
      0.90535,
      0.61385,
      0.5
    ],
    [
      0.09465,
      0.38615,
      0.5
    ],
    [
      0.38615,
      0.90535,
      0.5
    ],
    [
      0.61385,
      0.09465,
      0.5
    ],
    [
      0.0608,
      0.2434,
      0.0
    ],
    [
      0.9392,
      0.7566,
      0.0
    ],
    [
      0.7566,
      0.0608,
      0.0
    ],
    [
      0.2434,
      0.9392,
      0.0
    ],
    [
      0.5608,
      0.7434,
      0.5
    ],
    [
      0.4392,
      0.2566,
      0.5
    ],
    [
      0.2566,
      0.5608,
      0.5
    ],
    [
      0.7434,
      0.4392,
      0.5
    ]
  ],
  "lattice_vectors": [
    [
      1.0,
      0.0,
      0.0
    ],
    [
      0.0,
      1.0,
      0.0
    ],
    [
      0.0,
      0.0,
      0.3529240776
    ]
  ]
}