{"mid_gaps": [0.572551147658821], "mid_gap_of_max": 0.572551147658821, "band_nos": [7], "gap": [6.236167748661941], "gap_ranges": [[0.554698522651374, 0.5904037726662679]], "gap_range_of_max": [0.554698522651374, 0.5904037726662679], "fill_fraction": 0.20579, "max_gap": 6.236167748661941}