{"gap_ranges": [[0.673630173312824, 0.673755099707177]], "gap": [0.018543529731792935], "mid_gaps": [0.6736926365100004], "band_nos": [8], "fill_fraction": 0.206851, "max_gap": 0.018543529731792935, "run_me": true, "_status": {"tI28-CoMn2O4/06a8209a/store_data/0000/ab6a155c6e7547347c8ea4494ca8f1b4": 1, "tI28-CoMn2O4/06a8209a/mpb-tI28-CoM/0000/cec98b26e99461ac8ae083c2aeeacefc": 3, "tI28-CoMn2O4/06a8209a/store_strict/0000/6e37cf24ac90cba3210bb3d1f888c909": 1, "tI28-CoMn2O4/06a8209a/check_runnin/0000/8712ba4ee5ce377159357ea15bc3c04f": 1, "tI28-CoMn2O4/06a8209a/strict-mpb-t/0000/d82a40638c998bc83a337a2c18ac7e20": 1, "tI28-CoMn2O4/06a8209a/store_fill/0000/bcd9f9ca2706a98271b98bdc125bc1d3": 1}, "mid_gap_of_max": 0.6736926365100004, "gap_range_of_max": [0.673630173312824, 0.673755099707177]}