{"_status": {"hR12-O3Xe-10/a2cccd07/store_strict/0000/c88bfa19be263f425ac2b8e90ec3284a": 1, "hR12-O3Xe-10/a2cccd07/mpb-hR12-O3X/0000/cf3099926ec3c029705b8fb4870d9e1f": 4, "hR12-O3Xe-10/a2cccd07/strict-mpb-h/0000/1dc9af115ea8391ad448b62f03f66e6f": 1, "hR12-O3Xe-10/a2cccd07/check_runnin/0000/6c19f2ce45a52cb272844a633d5eda47": 1, "hR12-O3Xe-10/a2cccd07/store_fill/0000/78e3352a7f184f68ad2b6ef0dc511dd9": 1, "hR12-O3Xe-10/a2cccd07/store_data/0000/0cacfda50f97c10f13b4829f7e768679": 1}, "mid_gap_of_max": 0.6509833017064632, "band_nos": [16], "gap_range_of_max": [0.647860895280582, 0.6541057081323445], "gap": [0.9592892529488862], "mid_gaps": [0.6509833017064632], "run_me": true, "max_gap": 0.9592892529488862, "gap_ranges": [[0.647860895280582, 0.6541057081323445]], "fill_fraction": 0.295835}