{"band_nos": [10], "mid_gap_of_max": 0.612552712628964, "fill_fraction": 0.261762, "max_gap": 7.970825619970099, "gap": [7.970825619970099], "gap_range_of_max": [0.588139958351938, 0.6369654669059902], "mid_gaps": [0.612552712628964], "gap_ranges": [[0.588139958351938, 0.6369654669059902]]}