{"max_gap": 0.8466358834235833, "band_nos": [2], "gap_ranges": [[0.375455934135843, 0.37864819220181956]], "gap": [0.8466358834235833], "mid_gap_of_max": 0.3770520631688313, "fill_fraction": 0.161111, "mid_gaps": [0.3770520631688313], "gap_range_of_max": [0.375455934135843, 0.37864819220181956]}