{"gap_range_of_max": [0.344809129306697, 0.43092122461152765], "gap_ranges": [[0.344809129306697, 0.43092122461152765], [0.581145262808496, 0.5833332995693358], [0.726587345117056, 0.7306673266628272]], "mid_gaps": [0.3878651769591123, 0.5822392811889159, 0.7286273358899416], "gap": [22.20155363777551, 0.3757968298483149, 0.5599544986583577], "mid_gap_of_max": 0.3878651769591123, "max_gap": 22.20155363777551, "fill_fraction": 0.251257, "band_nos": [2, 8, 18]}