{"mid_gap_of_max": 0.3643063722834784, "max_gap": 31.434579350140258, "strict_calculated": true, "mid_gaps": [0.3643063722834784], "gap": [31.434579350140258], "band_nos": [2], "fill_fraction": 0.231718, "gap_ranges": [[0.3070472844469447, 0.4215654601200121]], "gap_range_of_max": [0.3070472844469447, 0.4215654601200121]}