{"band_nos": [2], "fill_fraction": 0.326412, "gap": [18.33694314072642], "gap_ranges": [[0.273922317203144, 0.32922137516649375]], "mid_gap_of_max": 0.30157184618481886, "mid_gaps": [0.30157184618481886], "gap_range_of_max": [0.273922317203144, 0.32922137516649375], "max_gap": 18.33694314072642, "strict_calculated": true}