{"faces": [[[-0.6408563820557885, -0.5442962447824291], [-0.6408563820557884, 0.4405115082297789], [-0.29883623873011983, 0.6036874193963138], [-0.2988362387301197, -0.38112033361589426]], [[-0.2988362387301197, -0.38112033361589426], [-0.29883623873011983, 0.6036874193963138], [0.6408563820557884, 0.5442962447824291], [0.6408563820557884, -0.4405115082297789]], [[-0.6408563820557885, -0.5442962447824291], [-0.2988362387301197, -0.38112033361589426], [0.6408563820557884, -0.4405115082297789], [0.2988362387301199, -0.6036874193963138]], [[-0.6408563820557884, 0.4405115082297789], [-0.29883623873011983, 0.6036874193963138], [0.6408563820557884, 0.5442962447824291], [0.2988362387301201, 0.38112033361589454]], [[0.2988362387301199, -0.6036874193963138], [0.2988362387301201, 0.38112033361589454], [0.6408563820557884, 0.5442962447824291], [0.6408563820557884, -0.4405115082297789]], [[-0.6408563820557885, -0.5442962447824291], [-0.6408563820557884, 0.4405115082297789], [0.2988362387301201, 0.38112033361589454], [0.2988362387301199, -0.6036874193963138]]], "labels": {"T": [0.29883623873011983, 0.38112033361589426], "H_2": [0.29883623873011966, 0.3811203336158944], "H_0": [0.29883623873011983, -0.603687419396314], "L": [0.4698463103929542, -0.02969558730694235], "GAMMA": [0.0, 0.0], "S_0": [0.4698463103929542, -0.5220994638130464], "S_2": [0.2988362387301199, -0.11128354289020977], "F": [0.2988362387301199, -0.11128354289020977]}, "label_positions": {"T": [0.29883623873011983, 0.43112033361589425], "H_2": [0.29883623873011966, 0.4311203336158944], "H_0": [0.29883623873011983, -0.5536874193963139], "L": [0.5198463103929543, 0.020304412693057654], "GAMMA": [0.05, 0.05], "S_0": [0.4698463103929542, -0.4720994638130464], "S_2": [0.2988362387301199, -0.06128354289020976], "F": [0.2988362387301199, -0.06128354289020976]}, "zorder": [1, 1, 1, 1, 1, 1]}