{"equivalent_atoms": [0, 0, 0, 0, 0, 0, 0, 0, 8, 8, 8, 8, 8, 8, 8, 8, 16, 16, 16, 16, 16, 16, 16, 16, 24, 24, 24, 24, 24, 24, 24, 24], "site_point_groups": {"c": {"name": "8c", "site_symmetry": ["1"]}}, "std_lattice": [[0.7371256716, 0.0, 0.0], [0.0, 1.3862810522, 0.0], [0.0, 0.0, 1.0]], "std_positions": [[0.80823, 0.45123, 0.57729], [0.19177, 0.54877, 0.42271], [0.19177, 0.95123, 0.92271], [0.80823, 0.04877, 0.07729], [0.30823, 0.04877, 0.42271], [0.69177, 0.95123, 0.57729], [0.69177, 0.54877, 0.07729], [0.30823, 0.45123, 0.92271], [0.82049, 0.68589, 0.48433], [0.17951, 0.31411, 0.51567], [0.17951, 0.18589, 0.01567], [0.82049, 0.81411, 0.98433], [0.32049, 0.81411, 0.51567], [0.67951, 0.18589, 0.48433], [0.67951, 0.31411, 0.98433], [0.32049, 0.68589, 0.01567], [0.02199, 0.64622, 0.70736], [0.97801, 0.35378, 0.29264], [0.97801, 0.14622, 0.79264], [0.02199, 0.85378, 0.20736], [0.52199, 0.85378, 0.29264], [0.47801, 0.14622, 0.70736], [0.47801, 0.35378, 0.20736], [0.52199, 0.64622, 0.79264], [0.9535, 0.59781, 0.55676], [0.0465, 0.40219, 0.44324], [0.0465, 0.09781, 0.94324], [0.9535, 0.90219, 0.05676], [0.4535, 0.90219, 0.44324], [0.5465, 0.09781, 0.55676], [0.5465, 0.40219, 0.05676], [0.4535, 0.59781, 0.94324]], "number": 61, "global_point_groups": ["mmm", "1", "-1", "2", "m", "2/m", "222", "mm2"], "wyckoffs": ["c", "c", "c", "c", "c", "c", "c", "c", "c", "c", "c", "c", "c", "c", "c", "c", "c", "c", "c", "c", "c", "c", "c", "c", "c", "c", "c", "c", "c", "c", "c", "c"], "international": "Pbca"}