{"mid_gap_of_max": 0.8762353414755639, "gap_range_of_max": [0.85353329267094, 0.8989373902801877], "gap": [5.181724071159609], "gap_ranges": [[0.85353329267094, 0.8989373902801877]], "max_gap": 5.181724071159609, "band_nos": [12], "fill_fraction": 0.082451, "mid_gaps": [0.8762353414755639]}