{
  "basis": [
    [
      0.32142857142857145,
      0.07142857142857142,
      -0.42857142857142855
    ],
    [
      -0.17857142857142858,
      0.07142857142857142,
      -0.42857142857142855
    ],
    [
      -0.42857142857142855,
      0.32142857142857145,
      0.07142857142857142
    ],
    [
      -0.42857142857142855,
      -0.17857142857142858,
      0.07142857142857142
    ],
    [
      0.07142857142857142,
      -0.42857142857142855,
      0.32142857142857145
    ],
    [
      0.07142857142857142,
      -0.42857142857142855,
      -0.17857142857142858
    ],
    [
      0.32142857142857145,
      0.32142857142857145,
      0.32142857142857145
    ],
    [
      -0.17857142857142858,
      -0.17857142857142858,
      -0.17857142857142858
    ],
    [
      -0.17857142857142858,
      -0.17857142857142858,
      0.32142857142857145
    ],
    [
      0.32142857142857145,
      0.32142857142857145,
      -0.17857142857142858
    ],
    [
      -0.17857142857142858,
      0.32142857142857145,
      -0.17857142857142858
    ],
    [
      0.32142857142857145,
      -0.17857142857142858,
      0.32142857142857145
    ],
    [
      0.32142857142857145,
      -0.17857142857142858,
      -0.17857142857142858
    ],
    [
      -0.17857142857142858,
      0.32142857142857145,
      0.32142857142857145
    ]
  ],
  "lattice_vectors": [
    [
      1.0,
      0.0,
      0.0
    ],
    [
      0.0,
      1.0,
      0.0
    ],
    [
      0.0,
      0.0,
      1.0
    ]
  ],
  "nbands": 20,
  "structure": "cP14-Pt3O4"
}