{"_status": {"oP6-NaO2_r-1/a1499431/store_data/0000/6bb6a71f639fbf973069be6997586593": 1, "oP6-NaO2_r-1/a1499431/store_fill/0000/f1d1e4b2b8a555005d1439da2bbfe28f": 1, "oP6-NaO2_r-1/a1499431/store_strict/0000/a3153fde4a4341e5a5f97c9e6ba73e96": 1, "oP6-NaO2_r-1/a1499431/check_runnin/0000/69cf76b5366f6d7694015f2360d261f9": 1, "oP6-NaO2_r-1/a1499431/strict-mpb-o/0000/9c5ed471b28acd9a3e6409d38df93992": 1, "oP6-NaO2_r-1/a1499431/mpb-oP6-NaO2/0000/713c6b7f869dd6efa603e1fc3a3cccec": 3}, "mid_gap_of_max": 0.5461285730285006, "mid_gaps": [0.5461285730285006], "gap": [1.225651858756323], "max_gap": 1.225651858756323, "band_nos": [8], "fill_fraction": 0.274126, "gap_range_of_max": [0.542781755525239, 0.5494753905317623], "gap_ranges": [[0.542781755525239, 0.5494753905317623]], "run_me": true}