{"mid_gap_of_max": 0.5061490886158381, "mid_gaps": [0.5061490886158381], "gap": [7.911465148075111], "gap_ranges": [[0.4861271842442671, 0.526170992987409]], "gap_range_of_max": [0.4861271842442671, 0.526170992987409], "band_nos": [12], "strict_calculated": true, "fill_fraction": 0.353085, "max_gap": 7.911465148075111}