{"fill_fraction": 0.213098, "inspect": true, "gap": [2.89585180495073], "max_gap": 2.89585180495073, "band_nos": [16], "gap_ranges": [[0.5605343757830065, 0.5770051045699202]], "gap_range_of_max": [0.5605343757830065, 0.5770051045699202], "mid_gaps": [0.5687697401764633], "mid_gap_of_max": 0.5687697401764633}