{"fill_fraction": 0.2028, "mid_gap_of_max": 0.6703519579088872, "gap_ranges": [[0.627084699409665, 0.7136192164081094]], "band_nos": [12], "mid_gaps": [0.6703519579088872], "gap": [12.908818416579587], "max_gap": 12.908818416579587, "gap_range_of_max": [0.627084699409665, 0.7136192164081094]}