{
  "structure": "mC56-Ag5F9_r",
  "nbands": 20,
  "basis": [
    [
      0.3404285714,
      -0.1975714286,
      -0.1964285714
    ],
    [
      0.3404285714,
      -0.3895714286,
      0.3035714286
    ],
    [
      0.5324285714,
      -0.1975714286,
      -0.1964285714
    ],
    [
      -0.1975714286,
      0.3404285714,
      0.4705714286
    ],
    [
      -0.1975714286,
      0.5324285714,
      -0.1964285714
    ],
    [
      -0.3895714286,
      0.3404285714,
      0.1365714286
    ],
    [
      -0.1975714286,
      0.3404285714,
      0.3035714286
    ],
    [
      -0.3895714286,
      0.3404285714,
      0.3035714286
    ],
    [
      0.3404285714,
      -0.1975714286,
      -0.0294285714
    ],
    [
      0.5324285714,
      -0.1975714286,
      -0.3634285714
    ],
    [
      0.2894285714,
      0.2894285714,
      0.0535714286
    ],
    [
      -0.1465714286,
      0.0714285714,
      -0.4464285714
    ],
    [
      0.0714285714,
      -0.1465714286,
      0.0535714286
    ],
    [
      -0.1465714286,
      -0.1465714286,
      -0.2794285714
    ],
    [
      0.2894285714,
      0.0714285714,
      0.0535714286
    ],
    [
      0.0714285714,
      0.2894285714,
      0.3865714286
    ],
    [
      -0.0885714286,
      -0.4075714286,
      0.0485714286
    ],
    [
      -0.4495714286,
      0.3904285714,
      -0.4514285714
    ],
    [
      -0.2475714286,
      0.2314285714,
      0.0485714286
    ],
    [
      0.2314285714,
      -0.4495714286,
      -0.2854285714
    ],
    [
      -0.4075714286,
      -0.2475714286,
      0.0485714286
    ],
    [
      0.3904285714,
      -0.0885714286,
      0.3815714286
    ],
    [
      -0.4075714286,
      -0.0885714286,
      0.0585714286
    ],
    [
      0.3904285714,
      -0.4495714286,
      0.0585714286
    ],
    [
      0.2314285714,
      -0.2475714286,
      -0.4414285714
    ],
    [
      -0.4495714286,
      0.2314285714,
      -0.2744285714
    ],
    [
      -0.2475714286,
      -0.4075714286,
      0.3925714286
    ],
    [
      -0.0885714286,
      0.3904285714,
      0.0585714286
    ]
  ],
  "lattice_vectors": [
    [
      1.0,
      0.0,
      0.0
    ],
    [
      -0.5,
      0.8660254038,
      0.0
    ],
    [
      0.0,
      0.0,
      3.0428696167
    ]
  ]
}