{"gap": [18.964948093392785], "fill_fraction": 0.15372, "max_gap": 18.964948093392785, "gap_ranges": [[0.4030044871574562, 0.4874407231222837]], "gap_range_of_max": [0.4030044871574562, 0.4874407231222837], "mid_gaps": [0.44522260513986994], "mid_gap_of_max": 0.44522260513986994, "band_nos": [2]}