{"gap_range_of_max": [0.684475526412041, 0.7640690225989449], "gap_ranges": [[0.604449310878696, 0.6140869189444601], [0.684475526412041, 0.7640690225989449]], "band_nos": [8, 11], "fill_fraction": 0.202046, "mid_gaps": [0.6092681149115781, 0.724272274505493], "mid_gap_of_max": 0.724272274505493, "gap": [1.5818336508816704, 10.98944402383022], "max_gap": 10.98944402383022}