{"gap_ranges": [[0.35688149171813, 0.39605436432271457]], "max_gap": 10.405367811958513, "mid_gaps": [0.3764679280204223], "mid_gap_of_max": 0.3764679280204223, "fill_fraction": 0.345768, "gap_range_of_max": [0.35688149171813, 0.39605436432271457], "gap": [10.405367811958513], "run_me": true, "band_nos": [4]}