{"strict_calculated": true, "gap": [6.44947073880825], "gap_ranges": [[0.4566668161847068, 0.4871008251188125]], "max_gap": 6.44947073880825, "mid_gap_of_max": 0.4718838206517596, "fill_fraction": 0.384789, "band_nos": [8], "gap_range_of_max": [0.4566668161847068, 0.4871008251188125], "mid_gaps": [0.4718838206517596]}