{"mid_gap_of_max": 0.44795299349957024, "gap_ranges": [[0.442068234417435, 0.4538377525817055]], "band_nos": [6], "mid_gaps": [0.44795299349957024], "gap_range_of_max": [0.442068234417435, 0.4538377525817055], "strict_calculated": true, "max_gap": 2.6274002708012625, "gap": [2.6274002708012625], "fill_fraction": 0.237885}