{"gap_range_of_max": [0.421123729644326, 0.4335866606067179], "gap": [2.9162933092998626], "fill_fraction": 0.191627, "max_gap": 2.9162933092998626, "mid_gaps": [0.42735519512552195], "gap_ranges": [[0.421123729644326, 0.4335866606067179]], "mid_gap_of_max": 0.42735519512552195, "band_nos": [4]}