{"max_gap": 4.334403421460799, "gap_range_of_max": [0.3379198414004877, 0.3528911081163291], "gap": [4.334403421460799], "gap_ranges": [[0.3379198414004877, 0.3528911081163291]], "fill_fraction": 0.50001, "mid_gap_of_max": 0.34540547475840844, "mid_gaps": [0.34540547475840844], "band_nos": [2]}