{"gap_range_of_max": [0.416064715392047, 0.45675939601823606], "max_gap": 9.324829617833277, "band_nos": [4], "gap": [9.324829617833277], "mid_gap_of_max": 0.4364120557051415, "fill_fraction": 0.24269, "gap_ranges": [[0.416064715392047, 0.45675939601823606]], "mid_gaps": [0.4364120557051415]}