{"fill_fraction": 0.13686, "gap": [5.745556918502722, 0.25517193177339953], "gap_range_of_max": [0.4986821568453332, 0.5281816799547686], "mid_gap_of_max": 0.5134319184000509, "band_nos": [4, 8], "max_gap": 5.745556918502722, "gap_ranges": [[0.4986821568453332, 0.5281816799547686], [0.664005918023961, 0.6657024392750978]], "mid_gaps": [0.5134319184000509, 0.6648541786495294]}