{"max_gap": 11.40424402927034, "mid_gap_of_max": 0.35742184706442776, "gap_range_of_max": [0.337041217237851, 0.3778024768910045], "gap": [11.40424402927034], "gap_ranges": [[0.337041217237851, 0.3778024768910045]], "band_nos": [2], "mid_gaps": [0.35742184706442776], "fill_fraction": 0.42161}