{"max_gap": 2.3812699711858665, "band_nos": [2], "mid_gap_of_max": 0.31313832797303565, "fill_fraction": 0.564102, "gap_range_of_max": [0.3094099934868879, 0.3168666624591834], "gap_ranges": [[0.3094099934868879, 0.3168666624591834]], "mid_gaps": [0.31313832797303565], "gap": [2.3812699711858665]}