{"run_me": true, "gap": [1.3224957159017177], "mid_gap_of_max": 0.49714760376495015, "gap_range_of_max": [0.4938602258842, 0.5004349816457003], "max_gap": 1.3224957159017177, "mid_gaps": [0.49714760376495015], "fill_fraction": 0.336518, "gap_ranges": [[0.4938602258842, 0.5004349816457003]], "band_nos": [8]}