{"band_nos": [2], "mid_gaps": [0.3647259007767524], "fill_fraction": 0.328758, "gap": [15.707023469370753], "max_gap": 15.707023469370753, "mid_gap_of_max": 0.3647259007767524, "gap_ranges": [[0.33608210935981, 0.39336969219369483]], "gap_range_of_max": [0.33608210935981, 0.39336969219369483]}