{"std_lattice": [[1.0, 0.0, 0.0], [0.0, 1.73263738, 0.0], [0.0, 0.0, 0.61017834]], "site_point_groups": {"e": {"site_symmetry": ["1"], "name": "4e"}}, "std_positions": [[0.208, 0.669, 0.61275], [0.792, 0.331, 0.61275], [0.208, 0.331, 0.11275], [0.792, 0.669, 0.11275], [0.889, 0.561, 0.63275], [0.111, 0.439, 0.63275], [0.889, 0.439, 0.13275], [0.111, 0.561, 0.13275], [0.389, 0.274, 0.61575], [0.611, 0.726, 0.61575], [0.389, 0.726, 0.11575], [0.611, 0.274, 0.11575], [0.712, 0.167, 0.61875], [0.288, 0.833, 0.61875], [0.712, 0.833, 0.11875], [0.288, 0.167, 0.11875], [0.396, 0.061, 0.59975], [0.604, 0.939, 0.59975], [0.396, 0.939, 0.09975], [0.604, 0.061, 0.09975], [0.892, 0.774, 0.62775], [0.108, 0.226, 0.62775], [0.892, 0.226, 0.12775], [0.108, 0.774, 0.12775], [0.206, 0.669, 0.24575], [0.794, 0.331, 0.24575], [0.206, 0.331, 0.74575], [0.794, 0.669, 0.74575], [0.889, 0.563, 0.25175], [0.111, 0.437, 0.25175], [0.889, 0.437, 0.75175], [0.111, 0.563, 0.75175], [0.393, 0.274, 0.23775], [0.607, 0.726, 0.23775], [0.393, 0.726, 0.73775], [0.607, 0.274, 0.73775], [0.711, 0.165, 0.24575], [0.289, 0.835, 0.24575], [0.711, 0.835, 0.74575], [0.289, 0.165, 0.74575], [0.393, 0.06, 0.22775], [0.607, 0.94, 0.22775], [0.393, 0.94, 0.72775], [0.607, 0.06, 0.72775], [0.895, 0.773, 0.25675], [0.105, 0.227, 0.25675], [0.895, 0.227, 0.75675], [0.105, 0.773, 0.75675], [0.185, 0.608, 0.21775], [0.815, 0.392, 0.21775], [0.185, 0.392, 0.71775], [0.815, 0.608, 0.71775], [0.187, 0.677, 0.41275], [0.813, 0.323, 0.41275], [0.187, 0.323, 0.91275], [0.813, 0.677, 0.91275], [0.309, 0.681, 0.19075], [0.691, 0.319, 0.19075], [0.309, 0.319, 0.69075], [0.691, 0.681, 0.69075], [0.137, 0.706, 0.16575], [0.863, 0.294, 0.16575], [0.137, 0.294, 0.66575], [0.863, 0.706, 0.66575], [0.819, 0.603, 0.17175], [0.181, 0.397, 0.17175], [0.819, 0.397, 0.67175], [0.181, 0.603, 0.67175], [0.872, 0.569, 0.43175], [0.128, 0.431, 0.43175], [0.872, 0.431, 0.93175], [0.128, 0.569, 0.93175], [0.865, 0.503, 0.20575], [0.135, 0.497, 0.20575], [0.865, 0.497, 0.70575], [0.135, 0.503, 0.70575], [0.992, 0.578, 0.18575], [0.008, 0.422, 0.18575], [0.992, 0.422, 0.68575], [0.008, 0.578, 0.68575], [0.497, 0.289, 0.18975], [0.503, 0.711, 0.18975], [0.497, 0.711, 0.68975], [0.503, 0.289, 0.68975], [0.379, 0.283, 0.41275], [0.621, 0.717, 0.41275], [0.379, 0.717, 0.91275], [0.621, 0.283, 0.91275], [0.326, 0.316, 0.15575], [0.674, 0.684, 0.15575], [0.326, 0.684, 0.65575], [0.674, 0.316, 0.65575], [0.371, 0.216, 0.16975], [0.629, 0.784, 0.16975], [0.371, 0.784, 0.66975], [0.629, 0.216, 0.66975], [0.689, 0.108, 0.16475], [0.311, 0.892, 0.16475], [0.689, 0.892, 0.66475], [0.311, 0.108, 0.66475], [0.69, 0.16, 0.41975], [0.31, 0.84, 0.41975], [0.69, 0.84, 0.91975], [0.31, 0.16, 0.91975], [0.816, 0.182, 0.22475], [0.184, 0.818, 0.22475], [0.816, 0.818, 0.72475], [0.184, 0.182, 0.72475], [0.647, 0.208, 0.16575], [0.353, 0.792, 0.16575], [0.647, 0.792, 0.66575], [0.353, 0.208, 0.66575], [0.318, 0.104, 0.20675], [0.682, 0.896, 0.20675], [0.318, 0.896, 0.70675], [0.682, 0.104, 0.70675], [0.402, 0.059, 0.39875], [0.598, 0.941, 0.39875], [0.402, 0.941, 0.89875], [0.598, 0.059, 0.89875], [0.364, 0.004, 0.15975], [0.636, 0.996, 0.15975], [0.364, 0.996, 0.65975], [0.636, 0.004, 0.65975], [0.488, 0.078, 0.14975], [0.512, 0.922, 0.14975], [0.488, 0.922, 0.64975], [0.512, 0.078, 0.64975], [0.996, 0.788, 0.19875], [0.004, 0.212, 0.19875], [0.996, 0.212, 0.69875], [0.004, 0.788, 0.69875], [0.878, 0.788, 0.42775], [0.122, 0.212, 0.42775], [0.878, 0.212, 0.92775], [0.122, 0.788, 0.92775], [0.825, 0.814, 0.18475], [0.175, 0.186, 0.18475], [0.825, 0.186, 0.68475], [0.175, 0.814, 0.68475], [0.867, 0.714, 0.21575], [0.133, 0.286, 0.21575], [0.867, 0.286, 0.71575], [0.133, 0.714, 0.71575]], "global_point_groups": ["mm2", "1", "m", "2"], "wyckoffs": ["e", "e", "e", "e", "e", "e", "e", "e", "e", "e", "e", "e", "e", "e", "e", "e", "e", "e", "e", "e", "e", "e", "e", "e", "e", "e", "e", "e", "e", "e", "e", "e", "e", "e", "e", "e", "e", "e", "e", "e", "e", "e", "e", "e", "e", "e", "e", "e", "e", "e", "e", "e", "e", "e", "e", "e", "e", "e", "e", "e", "e", "e", "e", "e", "e", "e", "e", "e", "e", "e", "e", "e", "e", "e", "e", "e", "e", "e", "e", "e", "e", "e", "e", "e", "e", "e", "e", "e", "e", "e", "e", "e", "e", "e", "e", "e", "e", "e", "e", "e", "e", "e", "e", "e", "e", "e", "e", "e", "e", "e", "e", "e", "e", "e", "e", "e", "e", "e", "e", "e", "e", "e", "e", "e", "e", "e", "e", "e", "e", "e", "e", "e", "e", "e", "e", "e", "e", "e", "e", "e", "e", "e", "e", "e"], "number": 27, "international": "Pcc2", "equivalent_atoms": [0, 0, 0, 0, 4, 4, 4, 4, 8, 8, 8, 8, 12, 12, 12, 12, 16, 16, 16, 16, 20, 20, 20, 20, 24, 24, 24, 24, 28, 28, 28, 28, 32, 32, 32, 32, 36, 36, 36, 36, 40, 40, 40, 40, 44, 44, 44, 44, 48, 48, 48, 48, 52, 52, 52, 52, 56, 56, 56, 56, 60, 60, 60, 60, 64, 64, 64, 64, 68, 68, 68, 68, 72, 72, 72, 72, 76, 76, 76, 76, 80, 80, 80, 80, 84, 84, 84, 84, 88, 88, 88, 88, 92, 92, 92, 92, 96, 96, 96, 96, 100, 100, 100, 100, 104, 104, 104, 104, 108, 108, 108, 108, 112, 112, 112, 112, 116, 116, 116, 116, 120, 120, 120, 120, 124, 124, 124, 124, 128, 128, 128, 128, 132, 132, 132, 132, 136, 136, 136, 136, 140, 140, 140, 140]}