{"mid_gaps": [0.2925501503444724], "max_gap": 5.466211450252953, "gap_range_of_max": [0.2845544454365415, 0.3005458552524033], "fill_fraction": 0.581324, "gap_ranges": [[0.2845544454365415, 0.3005458552524033]], "band_nos": [2], "mid_gap_of_max": 0.2925501503444724, "gap": [5.466211450252953]}