{"gap_range_of_max": [0.257433227273888, 0.26072863058806145], "_status": {"hP4-La_r-14/4b585f81/store_data/0000/6b0cbb11594367ff9f9dc4720bb4c40d": 1, "hP4-La_r-14/4b585f81/store_fill/0000/5e511f15074a620287832a81528880e5": 1, "hP4-La_r-14/4b585f81/strict-mpb-h/0000/e53b4c16d5bd6c941a9ce7f9c32067fe": 1, "hP4-La_r-14/4b585f81/mpb-hP4-La_r/0000/8a255a9f4d0ecb845b864f29c8f40ef8": 6, "hP4-La_r-14/4b585f81/check_runnin/0000/18bafc1a5e71dd2e4ce53815cb8a00ab": 1, "hP4-La_r-14/4b585f81/store_strict/0000/de609fcfb6af336ce5ebfeb381696268": 1}, "run_me": true, "gap_ranges": [[0.257433227273888, 0.26072863058806145]], "band_nos": [8], "max_gap": 1.2719590468391901, "fill_fraction": 0.487757, "gap": [1.2719590468391901], "mid_gap_of_max": 0.25908092893097473, "mid_gaps": [0.25908092893097473]}