{"gap_ranges": [[0.381109105380015, 0.4073153687493138]], "gap": [6.647754916090913], "fill_fraction": 0.475089, "mid_gap_of_max": 0.3942122370646644, "gap_range_of_max": [0.381109105380015, 0.4073153687493138], "mid_gaps": [0.3942122370646644], "band_nos": [2], "max_gap": 6.647754916090913}