{"gap": [2.0151207828648103, 0.6314577732207529], "mid_gap_of_max": 0.496829450678016, "max_gap": 2.0151207828648103, "gap_range_of_max": [0.491823593920013, 0.5018353074360189], "fill_fraction": 0.437341, "band_nos": [12, 18], "mid_gaps": [0.496829450678016, 0.602884142353366], "gap_ranges": [[0.491823593920013, 0.5018353074360189], [0.600980662963163, 0.6047876217435689]]}