{"gap_ranges": [[0.649745922599357, 0.6625376126969884]], "gap": [1.949531447065214], "band_nos": [8], "mid_gap_of_max": 0.6561417676481727, "fill_fraction": 0.528842, "max_gap": 1.949531447065214, "mid_gaps": [0.6561417676481727], "gap_range_of_max": [0.649745922599357, 0.6625376126969884]}