{"mid_gaps": [0.457090232001517], "gap_ranges": [[0.4491507110735303, 0.46502975292950366]], "gap_range_of_max": [0.4491507110735303, 0.46502975292950366], "max_gap": 3.4739403173071155, "gap": [3.4739403173071155], "fill_fraction": 0.253096, "band_nos": [12], "mid_gap_of_max": 0.457090232001517}