{"gap_ranges": [[0.688051266132857, 0.6888046345062265]], "gap": [0.109433147364177], "max_gap": 0.109433147364177, "fill_fraction": 0.176175, "mid_gaps": [0.6884279503195418], "band_nos": [18], "gap_range_of_max": [0.688051266132857, 0.6888046345062265], "mid_gap_of_max": 0.6884279503195418, "strict_calculated": true}