{"mid_gaps": [0.6136291823487934], "gap": [4.614771688050228], "gap_range_of_max": [0.59947038946047, 0.6277879752371166], "fill_fraction": 0.204022, "max_gap": 4.614771688050228, "band_nos": [15], "strict_calculated": true, "gap_ranges": [[0.59947038946047, 0.6277879752371166]], "mid_gap_of_max": 0.6136291823487934}