{"gap": [21.577898835961424], "band_nos": [8], "gap_range_of_max": [0.561393115076436, 0.6971799236084967], "mid_gaps": [0.6292865193424664], "mid_gap_of_max": 0.6292865193424664, "max_gap": 21.577898835961424, "gap_ranges": [[0.561393115076436, 0.6971799236084967]], "fill_fraction": 0.14716}