{"gap": [0.06835478255397005, 0.0449679689998921], "gap_range_of_max": [0.432487616532982, 0.4327833435746249], "band_nos": [], "fill_fraction": 0.244859, "max_gap": 0.06835478255397005, "mid_gaps": [0.4326354800538035, 0.48392265152622416], "mid_gap_of_max": 0.4326354800538035, "_status": {"hP3-MgO2/5f368635/store_fill/0000/1894e8ee9c5d03cc3f5c772e9576ff00": 1, "hP3-MgO2/5f368635/check_runnin/0000/4880437ae0042e402458742d1626c1ab": 1, "hP3-MgO2/5f368635/store_data/0000/d90fd23751ea13b7d399fb2929068ea9": 1, "hP3-MgO2/5f368635/store_strict/0000/6164d484c2b11deb8ebf474b42f0019a": 1, "hP3-MgO2/5f368635/mpb-hP3-MgO2/0000/a89c440ee2321c8d700aa1c8cf28976e": 1, "hP3-MgO2/5f368635/strict-mpb-h/0000/cbba8ec15424fe2f923d853dcd34f97e": 1}, "gap_ranges": [[0.432487616532982, 0.4327833435746249], [0.483813846432263, 0.48403145662018526]]}