{"gap_range_of_max": [0.4546856410752261, 0.5344665108747497], "mid_gap_of_max": 0.49457607597498787, "band_nos": [8], "max_gap": 16.13116235803495, "gap_ranges": [[0.4546856410752261, 0.5344665108747497]], "mid_gaps": [0.49457607597498787], "fill_fraction": 0.311586, "gap": [16.13116235803495]}