{"gap_ranges": [[0.854642475567227, 0.9549075501677827]], "gap": [11.081768746330077], "band_nos": [8], "fill_fraction": 0.131297, "max_gap": 11.081768746330077, "mid_gaps": [0.9047750128675048], "gap_range_of_max": [0.854642475567227, 0.9549075501677827], "mid_gap_of_max": 0.9047750128675048}