{"fill_fraction": 0.490997, "mid_gap_of_max": 0.3679020321702716, "strict_calculated": true, "gap_ranges": [[0.36368074961748, 0.3721233147230633]], "gap_range_of_max": [0.36368074961748, 0.3721233147230633], "gap": [2.2947862113672444], "mid_gaps": [0.3679020321702716], "band_nos": [8], "max_gap": 2.2947862113672444}