{"max_gap": 0.4020584620597899, "gap_ranges": [[0.656452875255614, 0.6590975160911494]], "run_me": true, "fill_fraction": 0.126151, "band_nos": [8], "mid_gaps": [0.6577751956733817], "gap": [0.4020584620597899], "gap_range_of_max": [0.656452875255614, 0.6590975160911494], "mid_gap_of_max": 0.6577751956733817, "_status": {"hR6-C-14/a81e6140/store_data/0000/f30e3b70d9c788ead2a91028e9232309": 1, "hR6-C-14/a81e6140/store_fill/0000/7835f3f6db2e48ff8bcae794cdb71534": 1, "hR6-C-14/a81e6140/strict-mpb-h/0000/67627d69394ab4204d8e237cf4c078c6": 1, "hR6-C-14/a81e6140/check_runnin/0000/04e454895e54625752e4b135672a2e97": 1, "hR6-C-14/a81e6140/store_strict/0000/fb596695185557c9b1228c001e6cf1a8": 1, "hR6-C-14/a81e6140/mpb-hR6-C-14/0000/810a91de351f8dc67adda01d84b72e19": 6}}