{"max_gap": 2.831326016480582, "_status": {"cP4-X-12/da9f2cc4/store_strict/0000/a8c58e141cd1ae52d538ade010d36c8b": 1, "cP4-X-12/da9f2cc4/store_data/0000/a72cefe0b9bd29af835380245da30d15": 1, "cP4-X-12/da9f2cc4/store_fill/0000/6e8125cf4ac90c5171b9a3e25371a676": 1, "cP4-X-12/da9f2cc4/mpb-cP4-X-12/0000/e1fe97cfefc01bd710466433ec68fc87": 3, "cP4-X-12/da9f2cc4/check_runnin/0000/cc0ec976bafc360c6366ae2cf032453d": 1, "cP4-X-12/da9f2cc4/strict-mpb-c/0000/1c5b162c14120005f4e8a8127d4f8787": 1}, "gap_ranges": [[0.648487125879449, 0.6671115699532447]], "run_me": true, "band_nos": [16], "fill_fraction": 0.23163, "gap_range_of_max": [0.648487125879449, 0.6671115699532447], "gap": [2.831326016480582], "mid_gap_of_max": 0.6577993479163469, "mid_gaps": [0.6577993479163469]}