{"gap": [3.5501531016714063, 0.9512421178505027], "mid_gap_of_max": 0.4584520643155456, "band_nos": [5, 8], "mid_gaps": [0.4584520643155456, 0.5463124096456091], "max_gap": 3.5501531016714063, "gap_range_of_max": [0.450314189225058, 0.46658993940603316], "gap_ranges": [[0.450314189225058, 0.46658993940603316], [0.54371403277781, 0.5489107865134081]], "fill_fraction": 0.248621}