{"mid_gap_of_max": 0.34843120581939296, "band_nos": [2, 8, 18], "gap_ranges": [[0.303071854783408, 0.39379055685537795], [0.51409753726812, 0.5146515526224757], [0.644213861218039, 0.6479145900272301]], "mid_gaps": [0.34843120581939296, 0.5143745449452979, 0.6460642256226345], "max_gap": 26.03633100503429, "gap": [26.03633100503429, 0.1077066040287141, 0.5728112875502537], "strict_calculated": true, "fill_fraction": 0.251257, "gap_range_of_max": [0.303071854783408, 0.39379055685537795]}