{"max_gap": 14.81264680518615, "band_nos": [2], "fill_fraction": 0.428412, "mid_gaps": [0.33022911543723443, 0.33022911543723493], "gap_range_of_max": [0.30577127917843, 0.3546869516960388], "gap_ranges": [[0.30577127917843, 0.3546869516960388], [0.305771279178431, 0.35468695169603887]], "gap": [14.81264680518615, 14.812646805186056], "mid_gap_of_max": 0.33022911543723443}