{"mid_gaps": [0.3630901510240024], "gap": [8.708477743885508], "gap_ranges": [[0.3472803385279196, 0.37889996352008515]], "gap_range_of_max": [0.3472803385279196, 0.37889996352008515], "band_nos": [2], "fill_fraction": 0.452304, "mid_gap_of_max": 0.3630901510240024, "max_gap": 8.708477743885508}