{"max_gap": 4.4760183535817575, "gap": [4.4760183535817575], "fill_fraction": 0.57718, "gap_ranges": [[0.3434865409525504, 0.3592130216488389]], "gap_range_of_max": [0.3434865409525504, 0.3592130216488389], "mid_gap_of_max": 0.3513497813006946, "mid_gaps": [0.3513497813006946], "band_nos": [8]}