{"gap_range_of_max": [0.2565823965588624, 0.3230984438296689], "mid_gaps": [0.28984042019426565], "fill_fraction": 0.366968, "gap_ranges": [[0.2565823965588624, 0.3230984438296689]], "mid_gap_of_max": 0.28984042019426565, "gap": [22.949196397874402], "band_nos": [2], "strict_calculated": true, "max_gap": 22.949196397874402}