{"mid_gap_of_max": 0.600227372229504, "strict_calculated": true, "gap_range_of_max": [0.54350242545325, 0.656952319005758], "band_nos": [8], "fill_fraction": 0.224926, "mid_gaps": [0.600227372229504], "_status": {"tI16-VAg3O4_/babea54a/store_data/0000/e71e35c5e68bd3353453c843866381da": 1, "tI16-VAg3O4_/babea54a/store_strict/0000/f82d5275e8363b38957fae894e2960cf": 1, "tI16-VAg3O4_/babea54a/strict-mpb-t/0000/4e7748c7bdb729ba68ee8accd19f3ad8": 1, "tI16-VAg3O4_/babea54a/store_fill/0000/2657ec974f51d79574c3a837dad9b24c": 1, "tI16-VAg3O4_/babea54a/check_runnin/0000/25f6284e1dfade0d0fad6770b88ae8d3": 1, "tI16-VAg3O4_/babea54a/mpb-tI16-VAg/0000/8d5d8c677aa2842995c43b70b28c2e9d": 1}, "gap": [18.901152929948182], "gap_ranges": [[0.54350242545325, 0.656952319005758]], "max_gap": 18.901152929948182}