{"faces": [[[-0.1814495430142283, -0.4359218084680246], [-0.18144954301422828, 0.5619371147705788], [0.7582430777716799, 0.539567927137338], [0.7582430777716799, -0.45829099610126534]], [[-0.7582430777716801, -0.5395679271373381], [-0.7582430777716799, 0.45829099610126545], [0.18144954301422847, 0.43592180846802453], [0.18144954301422841, -0.5619371147705787]], [[-0.7582430777716801, -0.5395679271373381], [-0.7582430777716799, 0.45829099610126545], [-0.18144954301422828, 0.5619371147705788], [-0.1814495430142283, -0.4359218084680246]], [[0.18144954301422841, -0.5619371147705787], [0.18144954301422847, 0.43592180846802453], [0.7582430777716799, 0.539567927137338], [0.7582430777716799, -0.45829099610126534]], [[-0.7582430777716799, 0.45829099610126545], [-0.18144954301422828, 0.5619371147705788], [0.7582430777716799, 0.539567927137338], [0.18144954301422847, 0.43592180846802453]], [[-0.7582430777716801, -0.5395679271373381], [-0.1814495430142283, -0.4359218084680246], [0.7582430777716799, -0.45829099610126534], [0.18144954301422841, -0.5619371147705787]]], "labels": {"GAMMA": [0.0, 0.0], "X": [-1.1043592643970545e-18, 0.4989294616193017], "M": [0.4698463103929542, 0.48774486780268134], "Z": [-0.28839676737872577, -0.05182305933465672], "R": [-0.2883967673787258, 0.447106402284645], "A": [0.18144954301422841, 0.4359218084680246]}, "label_positions": {"GAMMA": [0.05, 0.05], "X": [0.05, 0.5489294616193017], "M": [0.5198463103929543, 0.5377448678026814], "Z": [-0.23839676737872578, -0.10182305933465671], "R": [-0.23839676737872584, 0.497106402284645], "A": [0.18144954301422841, 0.4859218084680246]}, "zorder": [0, 1, 0, 1, 1, 0]}