{"fill_fraction": 0.533791, "band_nos": [8], "mid_gap_of_max": 0.5754831247183669, "gap_ranges": [[0.568968237651775, 0.5819980117849589]], "max_gap": 2.2641453021859355, "gap": [2.2641453021859355], "mid_gaps": [0.5754831247183669], "gap_range_of_max": [0.568968237651775, 0.5819980117849589]}