{"mid_gap_of_max": 0.6042229957748702, "mid_gaps": [0.6042229957748702], "gap": [0.27471815200231425], "gap_range_of_max": [0.603393040650887, 0.6050529508988535], "fill_fraction": 0.265041, "gap_ranges": [[0.603393040650887, 0.6050529508988535]], "band_nos": [12], "_status": {"mC24-Ag2S3Te/395de069/mpb-mC24-Ag2/0000/bf93a890f1a55b04a1dc2af302373a0c": 6, "mC24-Ag2S3Te/395de069/check_runnin/0000/7e0a464ff05387a92eb5f72cad433361": 1, "mC24-Ag2S3Te/395de069/store_fill/0000/0c25e98ffa51a1c3eb07c567f7a5a42e": 1, "mC24-Ag2S3Te/395de069/store_strict/0000/f5199372ce61549b52058c7502e900a6": 1, "mC24-Ag2S3Te/395de069/store_data/0000/d7299c1ce3ced4f31b3823c8bdb7721f": 1, "mC24-Ag2S3Te/395de069/strict-mpb-m/0000/163fdeb730cf498a5a2b8a8c464cbd47": 1}, "run_me": true, "max_gap": 0.27471815200231425}