{
  "lattice_vectors": [
    [
      1.0,
      0.0,
      0.0
    ],
    [
      0.0,
      1.0,
      0.0
    ],
    [
      0.0,
      0.0,
      1.0
    ]
  ],
  "nbands": 20,
  "structure": "cP12-SiP2",
  "basis": [
    [
      0.0,
      0.0,
      -0.5
    ],
    [
      -0.5,
      0.0,
      -0.0
    ],
    [
      0.0,
      -0.5,
      -0.0
    ],
    [
      -0.5,
      -0.5,
      -0.5
    ],
    [
      0.39075,
      0.39075,
      -0.10925
    ],
    [
      -0.39075,
      -0.39075,
      0.10925
    ],
    [
      0.10925,
      -0.39075,
      0.39075
    ],
    [
      -0.10925,
      0.39075,
      -0.39075
    ],
    [
      -0.39075,
      -0.10925,
      -0.39075
    ],
    [
      0.39075,
      0.10925,
      0.39075
    ],
    [
      -0.10925,
      0.10925,
      0.10925
    ],
    [
      0.10925,
      -0.10925,
      -0.10925
    ]
  ]
}