{"gap_ranges": [[0.2652020061293669, 0.307699360427537]], "band_nos": [2], "fill_fraction": 0.435898, "mid_gap_of_max": 0.2864506832784519, "gap": [14.835836246499488], "mid_gaps": [0.2864506832784519], "gap_range_of_max": [0.2652020061293669, 0.307699360427537], "max_gap": 14.835836246499488, "strict_calculated": true}