{"band_nos": [8], "max_gap": 3.7788095134839264, "mid_gaps": [0.38121000689247164], "fill_fraction": 0.133171, "gap_range_of_max": [0.3740074068890689, 0.3884126068958744], "strict_calculated": true, "gap": [3.7788095134839264], "mid_gap_of_max": 0.38121000689247164, "gap_ranges": [[0.3740074068890689, 0.3884126068958744]]}