{"mid_gap_of_max": 0.41803260465795145, "gap_ranges": [[0.397750385679223, 0.43831482363667984]], "fill_fraction": 0.220981, "mid_gaps": [0.41803260465795145], "gap": [9.70365409431339], "gap_range_of_max": [0.397750385679223, 0.43831482363667984], "band_nos": [2], "max_gap": 9.70365409431339}