{"mid_gap_of_max": 0.3340107205404955, "gap": [2.3682841792904807], "max_gap": 2.3682841792904807, "gap_ranges": [[0.330055559014648, 0.3379658820663431]], "gap_range_of_max": [0.330055559014648, 0.3379658820663431], "fill_fraction": 0.418424, "mid_gaps": [0.3340107205404955], "band_nos": [2], "run_me": true, "_status": {"tI40-B2KO4P-/32b46235/store_strict/0000/165729f2a4174285b0af0d6b1e6254d9": 1, "tI40-B2KO4P-/32b46235/check_runnin/0000/e59dadca633885744240e506aed81438": 1, "tI40-B2KO4P-/32b46235/store_fill/0000/d29146c095fa20326ea38e142576dbf9": 1, "tI40-B2KO4P-/32b46235/store_data/0000/94a30343f8dce76838a9899e2a843ef8": 1, "tI40-B2KO4P-/32b46235/mpb-tI40-B2K/0000/8274d4e12c05c038a177d7d9a42cbde3": 3, "tI40-B2KO4P-/32b46235/strict-mpb-t/0000/10773357e9c14a9bd3ce32e3f3b0893c": 1}}