{"fill_fraction": 0.312361, "gap_ranges": [[0.638595848519246, 0.722501888647465]], "mid_gap_of_max": 0.6805488685833555, "mid_gaps": [0.6805488685833555], "band_nos": [8], "gap": [12.329171937774168], "max_gap": 12.329171937774168, "gap_range_of_max": [0.638595848519246, 0.722501888647465]}