{"mid_gap_of_max": 0.4106100335342291, "band_nos": [6], "gap_ranges": [[0.407349520122612, 0.41387054694584613]], "gap": [1.5881313876102119], "mid_gaps": [0.4106100335342291], "strict_calculated": true, "gap_range_of_max": [0.407349520122612, 0.41387054694584613], "max_gap": 1.5881313876102119, "fill_fraction": 0.159739}