{"gap": [2.7233511169207394], "fill_fraction": 0.126962, "mid_gap_of_max": 0.7817636374465811, "max_gap": 2.7233511169207394, "mid_gaps": [0.7817636374465811], "band_nos": [14], "gap_range_of_max": [0.77111855307054, 0.7924087218226222], "gap_ranges": [[0.77111855307054, 0.7924087218226222]]}