{"mid_gap_of_max": 0.3444831578027931, "mid_gaps": [0.3444831578027931], "gap_range_of_max": [0.3443556730576855, 0.3446106425479007], "gap": [0.07401508156201438], "fill_fraction": 0.444345, "_status": {"hP21-NaAlSiO/3bb5d00b/store_strict/0000/d2812473fcbf8879ed28cfc29f6b96f4": 1, "hP21-NaAlSiO/3bb5d00b/strict-mpb-h/0000/81bf20d83032a2f78f452c8c35efd685": 1, "hP21-NaAlSiO/3bb5d00b/store_fill/0000/8ed623648efeaad813400a51f252c3fa": 1, "hP21-NaAlSiO/3bb5d00b/mpb-hP21-NaA/0000/8e4e20c1ef8e1cd7183e69a5686aea81": 1, "hP21-NaAlSiO/3bb5d00b/check_runnin/0000/50c70a21624b72715366b145e7f9f873": 1, "hP21-NaAlSiO/3bb5d00b/store_data/0000/93f7d5c04ce7b182ac6361373ad0bfe7": 1}, "band_nos": [6], "max_gap": 0.07401508156201438, "gap_ranges": [[0.3443556730576855, 0.3446106425479007]]}