{"mid_gap_of_max": 1.1744049374988654, "max_gap": 0.750654598573544, "gap_ranges": [[1.16999707516426, 1.1788127998334708]], "band_nos": [12], "fill_fraction": 0.148386, "strict_calculated": true, "gap_range_of_max": [1.16999707516426, 1.1788127998334708], "mid_gaps": [1.1744049374988654], "gap": [0.750654598573544]}