{"gap_range_of_max": [0.4096127475366876, 0.525409012932828], "gap_ranges": [[0.4096127475366876, 0.525409012932828]], "fill_fraction": 0.141369, "max_gap": 24.768678183060462, "gap": [24.768678183060462], "band_nos": [2], "mid_gaps": [0.46751088023475784], "mid_gap_of_max": 0.46751088023475784}