{"mid_gaps": [0.3992296477912485], "mid_gap_of_max": 0.3992296477912485, "band_nos": [7], "gap": [3.1413096344282367], "gap_ranges": [[0.392959128096468, 0.405500167486029]], "gap_range_of_max": [0.392959128096468, 0.405500167486029], "fill_fraction": 0.438629, "max_gap": 3.1413096344282367}