{"gap": [0.8093001356891358], "max_gap": 0.8093001356891358, "mid_gaps": [0.36747773135244416], "fill_fraction": 0.236188, "mid_gap_of_max": 0.36747773135244416, "gap_ranges": [[0.3659907324632128, 0.36896473024167553]], "gap_range_of_max": [0.3659907324632128, 0.36896473024167553], "strict_calculated": true, "band_nos": [6]}