{"strict_calculated": true, "gap_ranges": [[0.717272931870088, 0.748314648500606]], "mid_gaps": [0.732793790185347], "max_gap": 4.236078013524987, "gap_range_of_max": [0.717272931870088, 0.748314648500606], "band_nos": [16], "mid_gap_of_max": 0.732793790185347, "gap": [4.236078013524987], "fill_fraction": 0.257337}