{
  "basis": [
    [
      0.0,
      0.0,
      0.0
    ],
    [
      0.5,
      0.5,
      0.0
    ],
    [
      0.363,
      0.0,
      0.084
    ],
    [
      0.863,
      0.5,
      0.084
    ],
    [
      0.636,
      0.0,
      0.896
    ],
    [
      0.136,
      0.5,
      0.896
    ]
  ],
  "structure": "mC12-CoO2",
  "nbands": 20,
  "lattice_vectors": [
    [
      1.0,
      0.0,
      0.0
    ],
    [
      0.0,
      0.5841660154,
      0.0
    ],
    [
      -0.317625705,
      0.0,
      2.2206399806
    ]
  ]
}