{"gap": [23.665717370119324], "fill_fraction": 0.135104, "mid_gaps": [0.4695956651828622], "mid_gap_of_max": 0.4695956651828622, "gap_range_of_max": [0.4140290737306082, 0.5251622566351163], "gap_ranges": [[0.4140290737306082, 0.5251622566351163]], "max_gap": 23.665717370119324, "band_nos": [2]}