{"max_gap": 7.83285736203846, "gap": [7.83285736203846], "mid_gaps": [0.38877744210770204], "fill_fraction": 0.262147, "mid_gap_of_max": 0.38877744210770204, "gap_range_of_max": [0.373551250859663, 0.4040036333557411], "band_nos": [16], "gap_ranges": [[0.373551250859663, 0.4040036333557411]], "strict_calculated": true}