{"gap_ranges": [[0.4718867643080668, 0.4722231407982123], [0.571278455107321, 0.5822788914229572]], "max_gap": 1.9072196711716172, "gap": [0.07125790934426966, 1.9072196711716172], "_status": {"hP4-AlAgS2/babea54a/strict-mpb-h/0000/d0fd476f8890084e55b58c7a4f929ee0": 1, "hP4-AlAgS2/babea54a/mpb-hP4-AlAg/0000/803a0e09f42119ffbf209e815cdfe842": 1, "hP4-AlAgS2/babea54a/check_runnin/0000/5d6930221f3b3ba03f9a83be479e470c": 1, "hP4-AlAgS2/babea54a/store_data/0000/6dadf250cfe4cdbd6487850239b50d82": 1, "hP4-AlAgS2/babea54a/store_fill/0000/5bf111312991222b17e06344ee86fa87": 1, "hP4-AlAgS2/babea54a/store_strict/0000/e7142371f9a7b4cd14a863c25e288379": 1}, "gap_range_of_max": [0.571278455107321, 0.5822788914229572], "mid_gap_of_max": 0.5767786732651391, "fill_fraction": 0.17402, "mid_gaps": [0.47205495255313956, 0.5767786732651391], "strict_calculated": true, "band_nos": [9, 18]}