{"max_gap": 8.264422241640863, "fill_fraction": 0.391251, "gap_ranges": [[0.368119654148681, 0.39985394460118806]], "band_nos": [4], "gap_range_of_max": [0.368119654148681, 0.39985394460118806], "_status": {"tP12-PNO-8/2b40cda5/store_fill/0000/3fe4c6ea5a3bc8b54b9d9acffa484a4c": 1, "tP12-PNO-8/2b40cda5/check_runnin/0000/cf5b4d8f9cd46169275290636f78fc6d": 1, "tP12-PNO-8/2b40cda5/strict-mpb-t/0000/9aa6803244a8cfd5a9bde27394c87dcd": 1, "tP12-PNO-8/2b40cda5/store_data/0000/b671f8f2c468c7d298608ea150d21ec4": 1, "tP12-PNO-8/2b40cda5/store_strict/0000/d3bd45320619980eda39c696ca171e4b": 1, "tP12-PNO-8/2b40cda5/mpb-tP12-PNO/0000/0972b9c884eab0f73fa6b159e9c96b0d": 1}, "mid_gap_of_max": 0.3839867993749345, "mid_gaps": [0.3839867993749345], "gap": [8.264422241640863]}