{"mid_gaps": [0.625359838741705], "max_gap": 0.01389424345506688, "gap_ranges": [[0.625316394232472, 0.6254032832509379]], "band_nos": [16], "mid_gap_of_max": 0.625359838741705, "gap_range_of_max": [0.625316394232472, 0.6254032832509379], "gap": [0.01389424345506688], "fill_fraction": 0.359219}