{"mid_gap_of_max": 0.7426176843538833, "mid_gaps": [0.7426176843538833], "gap_range_of_max": [0.741472259636684, 0.7437631090710827], "gap_ranges": [[0.741472259636684, 0.7437631090710827]], "fill_fraction": 0.187045, "band_nos": [12], "strict_calculated": true, "max_gap": 0.30848301658628235, "gap": [0.30848301658628235]}