{"max_gap": 2.6662486075169487, "gap_range_of_max": [0.4747554551628707, 0.48758464492191467], "mid_gaps": [0.48117005004239266, 0.5648990786111107], "gap": [2.6662486075169487, 0.15532613463447303], "mid_gap_of_max": 0.48117005004239266, "_status": {"tI14-Ga2HgSe/fcf1a683/store_data/0000/395023c9dff01b505223b0477501c998": 1, "tI14-Ga2HgSe/fcf1a683/check_runnin/0000/f6c53daf89c7f71e524144b302f30338": 1, "tI14-Ga2HgSe/fcf1a683/store_strict/0000/b7cc2a77aad8ba3cd4572028f1944747": 1, "tI14-Ga2HgSe/fcf1a683/store_fill/0000/475ce82e7e06c5e630223cda73234f8d": 1, "tI14-Ga2HgSe/fcf1a683/mpb-tI14-Ga2/0000/a8fcdda3de4203d413c1ca2ee93ee307": 1, "tI14-Ga2HgSe/fcf1a683/strict-mpb-t/0000/19f47abeea9d4b70199d6e0fb59e81a3": 1}, "fill_fraction": 0.449505, "gap_ranges": [[0.4747554551628707, 0.48758464492191467], [0.56446036065941, 0.5653377965628114]], "band_nos": [8, 11]}