{"gap_ranges": [[0.323309600307062, 0.38095533636430445]], "max_gap": 16.370468855001725, "fill_fraction": 0.296017, "mid_gap_of_max": 0.35213246833568324, "mid_gaps": [0.35213246833568324], "gap": [16.370468855001725], "band_nos": [2], "gap_range_of_max": [0.323309600307062, 0.38095533636430445]}