{"max_gap": 3.115698174995888, "gap_range_of_max": [0.715772399242083, 0.7384266254791068], "gap_ranges": [[0.715772399242083, 0.7384266254791068]], "fill_fraction": 0.097718, "mid_gap_of_max": 0.7270995123605949, "strict_calculated": true, "band_nos": [14], "mid_gaps": [0.7270995123605949], "gap": [3.115698174995888]}