{"mid_gap_of_max": 0.36831870276825457, "max_gap": 7.0841429319423, "band_nos": [4, 10], "gap": [7.0841429319423, 0.08574054569730145], "strict_calculated": true, "gap_ranges": [[0.3552725910936651, 0.38136481444284404], [0.47985214364654, 0.48026374794893034]], "fill_fraction": 0.208811, "gap_range_of_max": [0.3552725910936651, 0.38136481444284404], "mid_gaps": [0.36831870276825457, 0.4800579457977352]}