{
  "structure": "oI36-K3InAu5_r",
  "nbands": 20,
  "basis": [
    [
      -0.3538888889,
      0.4177777778,
      -0.1172222222
    ],
    [
      0.5761111111,
      -0.3622222222,
      0.1727777778
    ],
    [
      -0.3538888889,
      0.2077777778,
      -0.3272222222
    ],
    [
      0.5761111111,
      -0.1522222222,
      0.3827777778
    ],
    [
      0.1111111111,
      -0.2882222222,
      0.2117777778
    ],
    [
      0.1111111111,
      0.3437777778,
      -0.1562222222
    ],
    [
      -0.3888888889,
      0.3437777778,
      0.3437777778
    ],
    [
      -0.3888888889,
      -0.2882222222,
      -0.2882222222
    ],
    [
      -0.3888888889,
      -0.4722222222,
      0.0277777778
    ],
    [
      -0.3888888889,
      0.0277777778,
      -0.4722222222
    ],
    [
      0.4461111111,
      0.1127777778,
      -0.2222222222
    ],
    [
      -0.2238888889,
      -0.0572222222,
      0.2777777778
    ],
    [
      0.2361111111,
      0.0647777778,
      -0.0602222222
    ],
    [
      -0.0138888889,
      -0.0092222222,
      0.1157777778
    ],
    [
      0.2361111111,
      -0.2592222222,
      -0.3842222222
    ],
    [
      -0.0138888889,
      0.3147777778,
      0.4397777778
    ],
    [
      -0.0108888889,
      -0.3442222222,
      -0.2222222222
    ],
    [
      0.2331111111,
      0.3997777778,
      0.2777777778
    ]
  ],
  "lattice_vectors": [
    [
      -0.8882440042,
      0.2514618976,
      0.3844340035
    ],
    [
      0.8882440042,
      -0.2514618976,
      0.3844340035
    ],
    [
      0.8882440042,
      0.2514618976,
      -0.3844340035
    ]
  ]
}