{"max_gap": 1.0224837000248632, "gap": [1.0224837000248632], "band_nos": [16], "mid_gaps": [0.54951310147217], "gap_ranges": [[0.54670376052614, 0.5523224424182]], "mid_gap_of_max": 0.54951310147217, "fill_fraction": 0.317966, "gap_range_of_max": [0.54670376052614, 0.5523224424182]}