{"gap": [0.10613368237803407], "_status": {"tI14-Cu2WS4_/39473f1e/store_data/0000/94e38d604dbf102a8d11135122f2709b": 1, "tI14-Cu2WS4_/39473f1e/store_strict/0000/9092bdd612bf9eacb4bae9fab6aec37c": 1, "tI14-Cu2WS4_/39473f1e/check_runnin/0000/7dcf7021305666985d5ed839304ad93c": 1, "tI14-Cu2WS4_/39473f1e/store_fill/0000/b7da7baa2e9edc5f8d7f67c3db4a6343": 1, "tI14-Cu2WS4_/39473f1e/strict-mpb-t/0000/0ac88d455f6e60bc152a31266096516a": 1, "tI14-Cu2WS4_/39473f1e/mpb-tI14-Cu2/0000/eddc8db3bd996e2900e29576de5138b0": 1}, "fill_fraction": 0.152611, "gap_range_of_max": [0.6994468286741, 0.700189571499811], "mid_gaps": [0.6998182000869555], "band_nos": [8], "max_gap": 0.10613368237803407, "mid_gap_of_max": 0.6998182000869555, "gap_ranges": [[0.6994468286741, 0.700189571499811]]}