{"gap_range_of_max": [0.822376123647288, 0.8261879193273035], "run_me": true, "gap": [0.46243828940216536], "band_nos": [16], "max_gap": 0.46243828940216536, "fill_fraction": 0.147661, "_status": {"cP12-RhTe2_r/afae7205/store_strict/0000/95e12e93e1310a6d6ccfeec14ed77c4d": 1, "cP12-RhTe2_r/afae7205/strict-mpb-c/0000/47559760daa0018961901e37fa62e0d8": 1, "cP12-RhTe2_r/afae7205/store_fill/0000/417faa5cfa1bf2dfaa89b46f8b5b00f7": 1, "cP12-RhTe2_r/afae7205/check_runnin/0000/f94de88064b68e1a5ff0123d12b2f870": 1, "cP12-RhTe2_r/afae7205/mpb-cP12-RhT/0000/9823ff9fb12c2e1462b453020ab33ebb": 4, "cP12-RhTe2_r/afae7205/store_data/0000/67cbfba5e6ea359c6b94b90a56875c71": 1}, "gap_ranges": [[0.822376123647288, 0.8261879193273035]], "mid_gaps": [0.8242820214872957], "mid_gap_of_max": 0.8242820214872957}