{"fill_fraction": 0.222683, "max_gap": 10.905023802786598, "gap": [10.905023802786598], "gap_range_of_max": [0.80030835940354, 0.8926152189973422], "gap_ranges": [[0.80030835940354, 0.8926152189973422]], "mid_gap_of_max": 0.8464617892004411, "band_nos": [8], "mid_gaps": [0.8464617892004411], "_status": {"tI16-CoCu2Si/4fb2c158/store_fill/0000/5717c370b46092903770648685213ae3": 1, "tI16-CoCu2Si/4fb2c158/store_data/0000/b215e539497f2a8a96152b2bfff1a9d7": 1, "tI16-CoCu2Si/4fb2c158/check_runnin/0000/f6815a5323c5fe6c6252ae200aa23ac8": 1, "tI16-CoCu2Si/4fb2c158/strict-mpb-t/0000/b96c94f4f33f977f613e0d5956bd073b": 1, "tI16-CoCu2Si/4fb2c158/mpb-tI16-CoC/0000/6b86d6641b9d5ef0cf44700908ef11be": 1, "tI16-CoCu2Si/4fb2c158/store_strict/0000/b6a570d9ecd6b7718923274db5dcc60b": 1}}