{"band_nos": [2], "gap_range_of_max": [0.340277487880903, 0.4200354242364136], "mid_gap_of_max": 0.38015645605865833, "gap": [20.980292478106364], "gap_ranges": [[0.340277487880903, 0.4200354242364136]], "fill_fraction": 0.278659, "max_gap": 20.980292478106364, "mid_gaps": [0.38015645605865833]}