{"band_nos": [12], "mid_gaps": [0.6680911063894444], "gap_range_of_max": [0.65425611148389, 0.6819261012949988], "gap": [4.141649177256256], "fill_fraction": 0.297735, "max_gap": 4.141649177256256, "mid_gap_of_max": 0.6680911063894444, "gap_ranges": [[0.65425611148389, 0.6819261012949988]]}