{"max_gap": 0.31017574225351324, "_status": {"oP6-NaO2_r-8/23bbcf9f/strict-mpb-o/0000/6a7e8c01854f9db25be08982a07fec96": 1, "oP6-NaO2_r-8/23bbcf9f/store_data/0000/33453765a4cc309668c6d473dcd24a25": 1, "oP6-NaO2_r-8/23bbcf9f/store_strict/0000/42f4e8bf3da7e741405548c6dfb52de0": 1, "oP6-NaO2_r-8/23bbcf9f/check_runnin/0000/ce14ee05a4fec6c9e1979ca409b3f852": 1, "oP6-NaO2_r-8/23bbcf9f/mpb-oP6-NaO2/0000/75f6e8891fda821dc0b5c3643beb0046": 1, "oP6-NaO2_r-8/23bbcf9f/store_fill/0000/dfa22c0dcb3d6645e1563fd501034dbd": 1}, "gap_ranges": [[0.575819346999541, 0.5776081731855865]], "fill_fraction": 0.294624, "gap": [0.31017574225351324], "run_me": true, "mid_gaps": [0.5767137600925638], "mid_gap_of_max": 0.5767137600925638, "band_nos": [8], "gap_range_of_max": [0.575819346999541, 0.5776081731855865]}