{"strict_calculated": true, "mid_gaps": [0.21542735575185262], "gap": [1.3337669503032377], "gap_range_of_max": [0.2139907063153874, 0.21686400518831783], "mid_gap_of_max": 0.21542735575185262, "band_nos": [2], "max_gap": 1.3337669503032377, "gap_ranges": [[0.2139907063153874, 0.21686400518831783]], "fill_fraction": 0.679428}