{"max_gap": 3.220680977892939, "mid_gap_of_max": 0.7454687806730429, "gap_ranges": [[0.733464195065409, 0.7574733662806767]], "gap": [3.220680977892939], "mid_gaps": [0.7454687806730429], "gap_range_of_max": [0.733464195065409, 0.7574733662806767], "fill_fraction": 0.108149, "band_nos": [16]}