{
  "structure": "hR3-Se",
  "basis": [
    [
      0.0,
      0.0,
      0.0
    ],
    [
      0.6666666666666666,
      0.3333333333333333,
      0.3333333333333333
    ],
    [
      0.3333333333333333,
      0.6666666666666666,
      0.6666666666666666
    ]
  ],
  "lattice_vectors": [
    [
      1.0,
      0.0,
      0.0
    ],
    [
      -0.5,
      0.8660254038,
      0.0
    ],
    [
      0.0,
      0.0,
      0.7598150259
    ]
  ],
  "nbands": 20
}