{"global_point_groups": ["-3m", "1", "-1", "3", "2", "m", "-3", "32", "3m", "2/m"], "std_lattice": [[1.0, 0.0, 0.0], [-0.5, 0.8660254038, 0.0], [0.0, 0.0, 0.7598150259]], "international": "R-3m", "equivalent_atoms": [0, 0, 0], "wyckoffs": ["a", "a", "a"], "std_positions": [[0.3333333333, 0.6666666667, 0.6666666667], [1.0, 1.0, 0.0], [0.6666666667, 0.3333333333, 0.3333333333]], "number": 166, "site_point_groups": {"a": {"name": "3a", "site_symmetry": ["-3", "1", "m", "-3m", "2", "3m", "-1", "2/m", "3", "32"]}}}