{"max_gap": 4.9462817457253, "gap": [4.9462817457253], "mid_gaps": [0.3263034169186742], "fill_fraction": 0.461547, "gap_range_of_max": [0.318233473745311, 0.3343733600920374], "gap_ranges": [[0.318233473745311, 0.3343733600920374]], "mid_gap_of_max": 0.3263034169186742, "band_nos": [2]}