{"gap_range_of_max": [0.900493694080498, 0.980085765251072], "max_gap": 8.464632619018765, "_status": {"tI16-CoCu2Si/f8f76fd8/check_runnin/0000/acf30483128fa496ec1f8a74debe5eb2": 1, "tI16-CoCu2Si/f8f76fd8/store_fill/0000/63deb335338e1c85e5ee3e4df7a0a6c5": 1, "tI16-CoCu2Si/f8f76fd8/store_strict/0000/43d41ba59cfb1a0a8d72232fde97378c": 1, "tI16-CoCu2Si/f8f76fd8/strict-mpb-t/0000/10bbd5d29335c97c7aed166d16e50bd4": 1, "tI16-CoCu2Si/f8f76fd8/mpb-tI16-CoC/0000/5838a7e21d9dd03f4a08ecfaf1b2a08b": 1, "tI16-CoCu2Si/f8f76fd8/store_data/0000/b6d31cc5f8c56985960da864f725d182": 1}, "mid_gaps": [0.9402897296657851], "fill_fraction": 0.101553, "band_nos": [8], "mid_gap_of_max": 0.9402897296657851, "gap": [8.464632619018765], "gap_ranges": [[0.900493694080498, 0.980085765251072]]}