{"gap_ranges": [[0.50069385488357, 0.5060708041337585]], "max_gap": 1.068164084232307, "mid_gaps": [0.5033823295086642], "band_nos": [4], "mid_gap_of_max": 0.5033823295086642, "fill_fraction": 0.119595, "gap_range_of_max": [0.50069385488357, 0.5060708041337585], "strict_calculated": true, "gap": [1.068164084232307]}