{"gap": [1.3392100181391997], "gap_range_of_max": [0.409914302038171, 0.41544092196068566], "mid_gaps": [0.4126776119994283], "fill_fraction": 0.385819, "gap_ranges": [[0.409914302038171, 0.41544092196068566]], "band_nos": [4], "max_gap": 1.3392100181391997, "_status": {"tP12-PNO_r-6/d7bbeb5d/store_fill/0000/cba1d3224eabb693884c3094c5afe855": 1, "tP12-PNO_r-6/d7bbeb5d/store_strict/0000/843ebc25dcf7ce925bd47978e81bdf70": 1, "tP12-PNO_r-6/d7bbeb5d/check_runnin/0000/1b0999171c5799baf17857bb2b582802": 1, "tP12-PNO_r-6/d7bbeb5d/mpb-tP12-PNO/0000/77cd5e1c2b0b5852cc5b62a56ece6b75": 1, "tP12-PNO_r-6/d7bbeb5d/store_data/0000/cbcaed667ada2aae499f21bc9deedee2": 1, "tP12-PNO_r-6/d7bbeb5d/strict-mpb-t/0000/d8a840d6249797fbf8e41907d5e560ff": 1}, "mid_gap_of_max": 0.4126776119994283}