{"fill_fraction": 0.228546, "max_gap": 16.600378377049967, "mid_gaps": [0.43997804164647836], "band_nos": [2], "gap": [16.600378377049967], "mid_gap_of_max": 0.43997804164647836, "gap_ranges": [[0.4034590318018534, 0.47649705149110333]], "gap_range_of_max": [0.4034590318018534, 0.47649705149110333]}