{"mid_gaps": [0.6604547518016921], "fill_fraction": 0.298118, "gap_range_of_max": [0.628847012376873, 0.6920624912265113], "mid_gap_of_max": 0.6604547518016921, "max_gap": 9.571507915900229, "gap_ranges": [[0.628847012376873, 0.6920624912265113]], "band_nos": [8], "gap": [9.571507915900229]}