{"band_nos": [4], "gap_range_of_max": [0.457528627479841, 0.4598994611210312], "gap_ranges": [[0.457528627479841, 0.4598994611210312]], "mid_gaps": [0.4587140443004361], "mid_gap_of_max": 0.4587140443004361, "strict_calculated": true, "max_gap": 0.5168434824805337, "gap": [0.5168434824805337], "fill_fraction": 0.116242}