{"mid_gap_of_max": 0.5036498951556012, "gap": [4.376313502001088], "gap_ranges": [[0.4926292459733468, 0.5146705443378558]], "band_nos": [10], "gap_range_of_max": [0.4926292459733468, 0.5146705443378558], "max_gap": 4.376313502001088, "mid_gaps": [0.5036498951556012], "fill_fraction": 0.450412}