{"gap_range_of_max": [0.496370862117698, 0.5434740613853952], "gap": [9.059658455418974], "mid_gaps": [0.5199224617515465], "band_nos": [12], "fill_fraction": 0.42986, "max_gap": 9.059658455418974, "gap_ranges": [[0.496370862117698, 0.5434740613853952]], "mid_gap_of_max": 0.5199224617515465}