{"mid_gap_of_max": 0.7840695845022283, "max_gap": 12.64597531689264, "gap": [12.64597531689264], "band_nos": [12], "fill_fraction": 0.191614, "mid_gaps": [0.7840695845022283], "gap_range_of_max": [0.734492961440521, 0.8336462075639356], "gap_ranges": [[0.734492961440521, 0.8336462075639356]], "_status": {"tI40-BeSO8_r/3bb5d00b/store_data/0000/2bd177f14bdc6860722da9b6c90aa0b6": 1, "tI40-BeSO8_r/3bb5d00b/strict-mpb-t/0000/3c1a88e55c3fab59b456f30d5565ac1a": 1, "tI40-BeSO8_r/3bb5d00b/mpb-tI40-BeS/0000/948bbf4f112a73ccd129f33a6800b94a": 1, "tI40-BeSO8_r/3bb5d00b/store_strict/0000/b7f9117a2c0f063fec90d1dd53a0f389": 1, "tI40-BeSO8_r/3bb5d00b/check_runnin/0000/1a4bbc072b08064e56b989b158a3673d": 1, "tI40-BeSO8_r/3bb5d00b/store_fill/0000/74338bdb5aa2176a5cfc30e20de1f7a1": 1}}