{"gap_range_of_max": [0.651900723928925, 0.7135738041501988], "mid_gaps": [0.6827372640395619], "gap_ranges": [[0.651900723928925, 0.7135738041501988]], "gap": [9.033208449231402], "max_gap": 9.033208449231402, "fill_fraction": 0.252689, "band_nos": [8], "mid_gap_of_max": 0.6827372640395619}