{"max_gap": 0.14730672205736198, "fill_fraction": 0.277685, "gap": [0.14730672205736198], "band_nos": [6], "gap_ranges": [[0.454085922469697, 0.45475531458720453]], "gap_range_of_max": [0.454085922469697, 0.45475531458720453], "mid_gap_of_max": 0.4544206185284507, "strict_calculated": true, "mid_gaps": [0.4544206185284507]}