{"strict_calculated": true, "gap_ranges": [[0.526938408565648, 0.616262628480648]], "band_nos": [8], "gap": [15.62703619405173], "mid_gaps": [0.571600518523148], "mid_gap_of_max": 0.571600518523148, "max_gap": 15.62703619405173, "fill_fraction": 0.361252, "gap_range_of_max": [0.526938408565648, 0.616262628480648]}