{"gap": [1.7842359722474452], "band_nos": [12], "mid_gap_of_max": 0.4254134657548826, "max_gap": 1.7842359722474452, "gap_ranges": [[0.42161827571149, 0.4292086557982752]], "gap_range_of_max": [0.42161827571149, 0.4292086557982752], "strict_calculated": true, "fill_fraction": 0.240052, "mid_gaps": [0.4254134657548826]}