{"band_nos": [2], "mid_gaps": [0.5330526298003645], "fill_fraction": 0.09667, "gap": [9.99268126800181], "max_gap": 9.99268126800181, "mid_gap_of_max": 0.5330526298003645, "gap_ranges": [[0.506419504657038, 0.559685754943691]], "gap_range_of_max": [0.506419504657038, 0.559685754943691]}