{"fill_fraction": 0.398273, "mid_gap_of_max": 0.5017815817904344, "band_nos": [8], "gap_range_of_max": [0.462834086221852, 0.5407290773590169], "max_gap": 15.523684799115815, "gap": [15.523684799115815], "gap_ranges": [[0.462834086221852, 0.5407290773590169]], "mid_gaps": [0.5017815817904344]}