{"max_gap": 4.384278982055134, "fill_fraction": 0.43096, "band_nos": [12], "mid_gap_of_max": 0.4460325497309524, "gap_ranges": [[0.436254894065463, 0.45581020539644185]], "mid_gaps": [0.4460325497309524], "gap_range_of_max": [0.436254894065463, 0.45581020539644185], "gap": [4.384278982055134]}