{
  "lattice_vectors": [
    [
      1.0,
      0.0,
      0.0
    ],
    [
      -0.5,
      0.8660254038,
      0.0
    ],
    [
      0.0,
      0.0,
      0.941176467
    ]
  ],
  "structure": "hP36-H2O",
  "basis": [
    [
      0.3333333333333333,
      0.0,
      0.0625
    ],
    [
      0.0,
      0.3333333333333333,
      0.0625
    ],
    [
      0.6666666666666666,
      0.6666666666666666,
      0.0625
    ],
    [
      0.6666666666666666,
      0.0,
      0.5625
    ],
    [
      0.0,
      0.6666666666666666,
      0.5625
    ],
    [
      0.3333333333333333,
      0.3333333333333333,
      0.5625
    ],
    [
      0.6666666666666666,
      0.0,
      0.9375
    ],
    [
      0.0,
      0.6666666666666666,
      0.9375
    ],
    [
      0.3333333333333333,
      0.3333333333333333,
      0.9375
    ],
    [
      0.3333333333333333,
      0.0,
      0.4375
    ],
    [
      0.0,
      0.3333333333333333,
      0.4375
    ],
    [
      0.6666666666666666,
      0.6666666666666666,
      0.4375
    ],
    [
      0.3333333333333333,
      0.0,
      0.174
    ],
    [
      0.0,
      0.3333333333333333,
      0.174
    ],
    [
      0.6666666666666666,
      0.6666666666666666,
      0.174
    ],
    [
      0.6666666666666666,
      0.0,
      0.674
    ],
    [
      0.0,
      0.6666666666666666,
      0.674
    ],
    [
      0.3333333333333333,
      0.3333333333333333,
      0.674
    ],
    [
      0.438,
      0.0,
      0.026
    ],
    [
      0.0,
      0.438,
      0.026
    ],
    [
      0.562,
      0.562,
      0.026
    ],
    [
      0.562,
      0.0,
      0.526
    ],
    [
      0.0,
      0.562,
      0.526
    ],
    [
      0.438,
      0.438,
      0.526
    ],
    [
      0.772,
      0.105,
      0.975
    ],
    [
      0.895,
      0.667,
      0.975
    ],
    [
      0.333,
      0.228,
      0.975
    ],
    [
      0.228,
      0.895,
      0.475
    ],
    [
      0.105,
      0.333,
      0.475
    ],
    [
      0.667,
      0.772,
      0.475
    ],
    [
      0.895,
      0.228,
      0.475
    ],
    [
      0.333,
      0.105,
      0.475
    ],
    [
      0.772,
      0.667,
      0.475
    ],
    [
      0.105,
      0.772,
      0.975
    ],
    [
      0.667,
      0.895,
      0.975
    ],
    [
      0.228,
      0.333,
      0.975
    ]
  ],
  "nbands": 20
}