{"gap": [10.819779354349292], "_status": {"tP12-PNO/3dfc5976/store_strict/0000/7fe324603caf82fd35f80967b03467e0": 1, "tP12-PNO/3dfc5976/store_fill/0000/12742f7a172c7f28d800bd0642048045": 1, "tP12-PNO/3dfc5976/store_data/0000/18ec8c0647601fa4c0e2b2d912feffec": 1, "tP12-PNO/3dfc5976/mpb-tP12-PNO/0000/acc08b34b98e461d6a30cc991b4ffff8": 1, "tP12-PNO/3dfc5976/check_runnin/0000/870df47318e3659939ee584aabcf73a5": 1, "tP12-PNO/3dfc5976/strict-mpb-t/0000/ad07b35dac51131eb78ab870ae137231": 1}, "band_nos": [4], "strict_calculated": true, "gap_ranges": [[0.240805734194956, 0.26835052616484967]], "mid_gap_of_max": 0.25457813017990283, "fill_fraction": 0.538119, "max_gap": 10.819779354349292, "mid_gaps": [0.25457813017990283], "gap_range_of_max": [0.240805734194956, 0.26835052616484967]}