{"gap_range_of_max": [0.323974608163567, 0.36289891860325957], "mid_gaps": [0.3434367633834133], "gap_ranges": [[0.323974608163567, 0.36289891860325957]], "max_gap": 11.333763472560026, "fill_fraction": 0.425774, "gap": [11.333763472560026], "mid_gap_of_max": 0.3434367633834133, "band_nos": [4]}