{"gap_range_of_max": [0.521973430822096, 0.5321665115197597], "mid_gaps": [0.5270699711709279], "band_nos": [8], "strict_calculated": true, "gap": [1.9339141395247215], "max_gap": 1.9339141395247215, "fill_fraction": 0.345719, "gap_ranges": [[0.521973430822096, 0.5321665115197597]], "mid_gap_of_max": 0.5270699711709279}