{"gap_ranges": [[0.42150187140579, 0.516778248634056]], "gap": [20.30872768021818], "mid_gaps": [0.469140060019923], "fill_fraction": 0.136583, "gap_range_of_max": [0.42150187140579, 0.516778248634056], "band_nos": [2], "max_gap": 20.30872768021818, "mid_gap_of_max": 0.469140060019923}