{"gap": [1.0200163980005568], "gap_ranges": [[0.837829012856777, 0.8464188148696663]], "fill_fraction": 0.085807, "band_nos": [17], "mid_gaps": [0.8421239138632217], "max_gap": 1.0200163980005568, "_status": {"hR5-Ni3S2-14/f91ddc3f/store_fill/0000/9f2f10c4bc454eda7c3f494ba041c858": 1, "hR5-Ni3S2-14/f91ddc3f/check_runnin/0000/32b9e4647ec3fcacb4ce4707632c143c": 1, "hR5-Ni3S2-14/f91ddc3f/store_strict/0000/3922d73376e2ec7fe50ade413278e18d": 1, "hR5-Ni3S2-14/f91ddc3f/strict-mpb-h/0000/1ea299e561e5db8495c0fcbe37cb51e2": 1, "hR5-Ni3S2-14/f91ddc3f/store_data/0000/cc01c5ed8d9ac9bb72b69c8437aa980e": 1, "hR5-Ni3S2-14/f91ddc3f/mpb-hR5-Ni3S/0000/2435e610b435448587c3b74443f3f70e": 6}, "gap_range_of_max": [0.837829012856777, 0.8464188148696663], "mid_gap_of_max": 0.8421239138632217, "run_me": true}