{"gap_ranges": [[0.610130770772087, 0.6106024715143437]], "band_nos": [16], "fill_fraction": 0.3832, "gap": [0.0772815429148237], "gap_range_of_max": [0.610130770772087, 0.6106024715143437], "max_gap": 0.0772815429148237, "mid_gap_of_max": 0.6103666211432153, "mid_gaps": [0.6103666211432153]}