{"strict_calculated": true, "fill_fraction": 0.174653, "mid_gaps": [0.4933122873192714], "band_nos": [5], "mid_gap_of_max": 0.4933122873192714, "gap_ranges": [[0.493271025337181, 0.4933535493013618]], "gap": [0.016728544230744866], "gap_range_of_max": [0.493271025337181, 0.4933535493013618], "max_gap": 0.016728544230744866}