{"gap_range_of_max": [0.2385237333688671, 0.23919890690223525], "_status": {"hP4-La_r-14/97c57a6d/strict-mpb-h/0000/32b3ad295ed87df75ca06a611f855d10": 1, "hP4-La_r-14/97c57a6d/mpb-hP4-La_r/0000/ee96ddcaedb5d500938287521c8d8e8f": 6, "hP4-La_r-14/97c57a6d/store_data/0000/d28ef4d3b9382152a1812f98f0101f0a": 1, "hP4-La_r-14/97c57a6d/store_strict/0000/a588b557ef9a5db832a387ffdfc3a29a": 1, "hP4-La_r-14/97c57a6d/store_fill/0000/db1c7a17dfd70d613de5ce69c6dd39e9": 1, "hP4-La_r-14/97c57a6d/check_runnin/0000/7a05376ecd686d99d88caa0399b4e2b1": 1}, "run_me": true, "gap_ranges": [[0.2385237333688671, 0.23919890690223525]], "band_nos": [8], "max_gap": 0.28266340192081957, "fill_fraction": 0.585557, "mid_gap_of_max": 0.23886132013555117, "gap": [0.28266340192081957], "mid_gaps": [0.23886132013555117]}