{"gap_range_of_max": [0.59523905838436, 0.6027607297878053], "mid_gaps": [0.5502084051350975, 0.5989998940860826], "_status": {"hR12-O3Xe-14/1d563d38/store_fill/0000/b24193207eb9a3d1de7eaf1c2d0b7548": 1, "hR12-O3Xe-14/1d563d38/check_runnin/0000/889d7d20c0194efd03a2379a9f79690a": 1, "hR12-O3Xe-14/1d563d38/store_strict/0000/a853a027c4fffd4c69f7a1793b2b84b6": 1, "hR12-O3Xe-14/1d563d38/strict-mpb-h/0000/d897a73ce9eb4e1880280fc46fd49ffd": 1, "hR12-O3Xe-14/1d563d38/store_data/0000/15d53b9dfb4552202ccc82dd77ef2af2": 1, "hR12-O3Xe-14/1d563d38/mpb-hR12-O3X/0000/902cac7ccefb472e6abfd0fe77cc2e1f": 7}, "gap": [0.2120001716422287, 1.255704963840495], "gap_ranges": [[0.549625183753459, 0.5507916265167359], [0.59523905838436, 0.6027607297878053]], "fill_fraction": 0.266052, "run_me": true, "mid_gap_of_max": 0.5989998940860826, "max_gap": 1.255704963840495, "band_nos": [13, 16]}