{"mid_gap_of_max": 0.49157696282015606, "max_gap": 4.444771191370233, "gap_range_of_max": [0.4806522272067345, 0.5025016984335776], "mid_gaps": [0.49157696282015606], "band_nos": [4], "gap": [4.444771191370233], "fill_fraction": 0.225131, "gap_ranges": [[0.4806522272067345, 0.5025016984335776]]}