{"fill_fraction": 0.232919, "gap_ranges": [[0.71148242091015, 0.8003676896703292]], "mid_gap_of_max": 0.7559250552902397, "mid_gaps": [0.7559250552902397], "band_nos": [8], "gap": [11.758476338114068], "max_gap": 11.758476338114068, "gap_range_of_max": [0.71148242091015, 0.8003676896703292]}