{"gap": [4.973093505783031], "mid_gap_of_max": 0.37012257196134046, "band_nos": [4], "gap_ranges": [[0.360919301166517, 0.3793258427561639]], "gap_range_of_max": [0.360919301166517, 0.3793258427561639], "mid_gaps": [0.37012257196134046], "max_gap": 4.973093505783031, "fill_fraction": 0.385819, "_status": {"tP12-PNO_r-8/405bc725/store_data/0000/24f8e6b7552c645b2fc244569bb542ec": 1, "tP12-PNO_r-8/405bc725/check_runnin/0000/ef1bd385b84a20d6ee240bb98e44def3": 1, "tP12-PNO_r-8/405bc725/strict-mpb-t/0000/9d54bd368fb8184fd69ce49d0681e8b2": 1, "tP12-PNO_r-8/405bc725/mpb-tP12-PNO/0000/d62df27fc3c829f6ee956f7662e703b8": 1, "tP12-PNO_r-8/405bc725/store_fill/0000/f8c4395b106d019109933e4c59cade70": 1, "tP12-PNO_r-8/405bc725/store_strict/0000/a482238d73520c57240696960a9eaa7b": 1}}