{"fill_fraction": 0.213289, "gap_range_of_max": [0.471922891518958, 0.4732520121604194], "max_gap": 0.281243320424014, "mid_gap_of_max": 0.4725874518396887, "band_nos": [4], "gap_ranges": [[0.471922891518958, 0.4732520121604194]], "gap": [0.281243320424014], "mid_gaps": [0.4725874518396887]}