{"gap_range_of_max": [0.370505203489796, 0.4368438452515718], "max_gap": 16.433695404780714, "band_nos": [4], "gap": [16.433695404780714], "mid_gap_of_max": 0.4036745243706839, "fill_fraction": 0.207295, "gap_ranges": [[0.370505203489796, 0.4368438452515718]], "mid_gaps": [0.4036745243706839]}