{"gap_range_of_max": [0.753030941225246, 0.7537142909191632], "gap_ranges": [[0.753030941225246, 0.7537142909191632]], "mid_gaps": [0.7533726160722046], "fill_fraction": 0.061488, "band_nos": [8], "max_gap": 0.09070540650640846, "gap": [0.09070540650640846], "mid_gap_of_max": 0.7533726160722046}