{"strict_calculated": true, "mid_gaps": [0.26107666885165814], "fill_fraction": 0.477006, "gap_range_of_max": [0.26019697618139, 0.26195636152192625], "band_nos": [4], "gap": [0.6738960429800422], "max_gap": 0.6738960429800422, "gap_ranges": [[0.26019697618139, 0.26195636152192625]], "mid_gap_of_max": 0.26107666885165814}