{"gap_ranges": [[0.347595682048094, 0.3848995877943144]], "band_nos": [2], "max_gap": 10.185432529617843, "gap": [10.185432529617843], "mid_gap_of_max": 0.36624763492120416, "fill_fraction": 0.346049, "gap_range_of_max": [0.347595682048094, 0.3848995877943144], "mid_gaps": [0.36624763492120416]}