{"max_gap": 9.440230213276601, "gap": [9.440230213276601], "band_nos": [2], "gap_ranges": [[0.259781481875318, 0.28552035631659095]], "fill_fraction": 0.50001, "mid_gaps": [0.2726509190959545], "gap_range_of_max": [0.259781481875318, 0.28552035631659095], "mid_gap_of_max": 0.2726509190959545}