{"mid_gap_of_max": 0.33700092447881425, "run_me": true, "gap_ranges": [[0.33264450826288, 0.34135734069474855]], "mid_gaps": [0.33700092447881425], "gap_range_of_max": [0.33264450826288, 0.34135734069474855], "fill_fraction": 0.473299, "_status": {"cF88-O7Pr2Zr/28c62e58/store_data/0000/2b9218964d37d40ac043c5a4e24b43b1": 1, "cF88-O7Pr2Zr/28c62e58/store_fill/0000/0ee092bc4e41183c92948359beec3a03": 1, "cF88-O7Pr2Zr/28c62e58/mpb-cF88-O7P/0000/9e01fbb26b0e93621e46286ef8ff2ed4": 7, "cF88-O7Pr2Zr/28c62e58/store_strict/0000/9de329eb0ddb445b525e0a112d06fd78": 1, "cF88-O7Pr2Zr/28c62e58/strict-mpb-c/0000/33d7d6b04cc7042662fb9017108d48fa": 1, "cF88-O7Pr2Zr/28c62e58/check_runnin/0000/94f54501baca0e8aa694d46b850e0a98": 1}, "max_gap": 2.585403124735106, "gap": [2.585403124735106], "band_nos": [2]}