{"fill_fraction": 0.167407, "gap_ranges": [[0.444175203690598, 0.4507477779998861]], "max_gap": 1.4688580903067372, "gap_range_of_max": [0.444175203690598, 0.4507477779998861], "gap": [1.4688580903067372], "mid_gaps": [0.447461490845242], "mid_gap_of_max": 0.447461490845242, "band_nos": [4]}