{"gap": [0.16494253398617773], "gap_range_of_max": [0.83267072440689, 0.8340452862180321], "mid_gap_of_max": 0.8333580053124611, "band_nos": [16], "max_gap": 0.16494253398617773, "run_me": true, "gap_ranges": [[0.83267072440689, 0.8340452862180321]], "mid_gaps": [0.8333580053124611], "fill_fraction": 0.155425}