{"mid_gaps": [0.4069905424939775], "fill_fraction": 0.189595, "max_gap": 0.21979452380428677, "strict_calculated": true, "gap_range_of_max": [0.4065432710315759, 0.40743781395637907], "band_nos": [4], "mid_gap_of_max": 0.4069905424939775, "gap": [0.21979452380428677], "gap_ranges": [[0.4065432710315759, 0.40743781395637907]]}