{"gap_range_of_max": [0.432475058941899, 0.5002625338009234], "mid_gap_of_max": 0.46636879637141126, "band_nos": [8], "max_gap": 14.53516517109319, "gap_ranges": [[0.432475058941899, 0.5002625338009234]], "mid_gaps": [0.46636879637141126], "fill_fraction": 0.3584, "gap": [14.53516517109319]}