{"mid_gaps": [0.5537546429903097], "gap": [2.3382274525152167], "mid_gap_of_max": 0.5537546429903097, "gap_range_of_max": [0.547280621449321, 0.5602286645312985], "fill_fraction": 0.236712, "strict_calculated": true, "max_gap": 2.3382274525152167, "band_nos": [8], "gap_ranges": [[0.547280621449321, 0.5602286645312985]]}