{"gap_range_of_max": [0.834077742127937, 0.876327636959223], "mid_gap_of_max": 0.85520268954358, "max_gap": 4.940336992372463, "gap": [4.940336992372463], "fill_fraction": 0.101803, "band_nos": [12], "mid_gaps": [0.85520268954358], "gap_ranges": [[0.834077742127937, 0.876327636959223]]}