{"band_nos": [16], "mid_gap_of_max": 0.5967628908221791, "mid_gaps": [0.5967628908221791], "gap": [2.2498310640754204], "gap_ranges": [[0.590049812373883, 0.6034759692704753]], "max_gap": 2.2498310640754204, "gap_range_of_max": [0.590049812373883, 0.6034759692704753], "fill_fraction": 0.277856}