{"gap": [2.489042324429187], "gap_ranges": [[0.555363046402109, 0.5693604685622451]], "max_gap": 2.489042324429187, "mid_gap_of_max": 0.5623617574821771, "fill_fraction": 0.299433, "band_nos": [8], "gap_range_of_max": [0.555363046402109, 0.5693604685622451], "mid_gaps": [0.5623617574821771]}