{"_status": {"oP20-Li2TiTe/5cca192b/check_runnin/0000/b859f4ea2994f2ad55da7c2d3f4c7993": 1, "oP20-Li2TiTe/5cca192b/store_data/0000/dd6c1f540bb0b6a0205898f6a52ed693": 1, "oP20-Li2TiTe/5cca192b/store_fill/0000/c3368b75586c761ca895c03fcbbd3eab": 1, "oP20-Li2TiTe/5cca192b/store_strict/0000/3b6ef7ee19d2c3707413255b165cde97": 1, "oP20-Li2TiTe/5cca192b/mpb-oP20-Li2/0000/7b0df10255c4ad043c92ece70180ba52": 1, "oP20-Li2TiTe/5cca192b/strict-mpb-o/0000/b712bc08e669deaa2bce590e3abf6540": 1}, "mid_gaps": [0.4325351546519201], "gap": [0.42602651900032423], "fill_fraction": 0.152003, "mid_gap_of_max": 0.4325351546519201, "gap_range_of_max": [0.43161379742051, 0.43345651188333023], "gap_ranges": [[0.43161379742051, 0.43345651188333023]], "band_nos": [4], "max_gap": 0.42602651900032423}