{"mid_gaps": [0.6015015132702392], "gap_range_of_max": [0.598264660269461, 0.6047383662710173], "mid_gap_of_max": 0.6015015132702392, "band_nos": [16], "fill_fraction": 0.246409, "gap_ranges": [[0.598264660269461, 0.6047383662710173]], "strict_calculated": true, "gap": [1.0762576417072354], "max_gap": 1.0762576417072354}