{
  "basis": [
    [
      0.5,
      0.2449,
      0.7551
    ],
    [
      0.7551,
      0.5,
      0.2449
    ],
    [
      0.2449,
      0.7551,
      0.5
    ],
    [
      0.2521,
      0.2521,
      0.2521
    ],
    [
      0.7479,
      0.7479,
      0.7479
    ]
  ],
  "structure": "hR5-Ni3S2_r",
  "nbands": 20,
  "lattice_vectors": [
    [
      1.0,
      0.0,
      0.0
    ],
    [
      0.0094420973,
      0.9999554224,
      0.0
    ],
    [
      0.0094420973,
      0.0093533611,
      0.9999116768
    ]
  ]
}