{"run_me": true, "band_nos": [14], "fill_fraction": 0.190767, "max_gap": 0.1015145027489666, "gap_range_of_max": [0.660193514125607, 0.6608640466325233], "mid_gaps": [0.6605287803790652], "_status": {"cP8-DIN6_r-1/0ec41730/check_runnin/0000/65e40c89f9a80aed28a9ce57577ae939": 1, "cP8-DIN6_r-1/0ec41730/store_fill/0000/c5eadd20b32f0a38f3140f837641c2b6": 1, "cP8-DIN6_r-1/0ec41730/store_strict/0000/0003aa4d42fdbcc0a02afaea08f38687": 1, "cP8-DIN6_r-1/0ec41730/store_data/0000/0e4a99c000b4a4ea983180454a01838e": 1, "cP8-DIN6_r-1/0ec41730/strict-mpb-c/0000/411472586c4f7c36bceeb81d0ff30944": 1, "cP8-DIN6_r-1/0ec41730/mpb-cP8-DIN6/0000/7d93ea593e19528e708204b992926201": 4}, "mid_gap_of_max": 0.6605287803790652, "gap": [0.1015145027489666], "gap_ranges": [[0.660193514125607, 0.6608640466325233]]}