{"max_gap": 14.878915705068552, "mid_gaps": [0.5645739094594933], "band_nos": [8], "gap_ranges": [[0.522572671418849, 0.6065751475001375]], "fill_fraction": 0.266087, "gap_range_of_max": [0.522572671418849, 0.6065751475001375], "mid_gap_of_max": 0.5645739094594933, "gap": [14.878915705068552]}