{"international": "P2_1", "wyckoffs": ["a", "a", "a", "a", "a", "a", "a", "a"], "global_point_groups": ["2", "1"], "equivalent_atoms": [0, 1, 2, 0, 1, 2, 6, 6], "std_lattice": [[1.0, 0.0, 0.0], [0.0, 1.039394384, 0.0], [-0.5, 0.0, 0.8660254038]], "site_point_groups": {"a": {"site_symmetry": ["1"], "name": "2a"}}, "std_positions": [[0.966, 0.7865, 0.653], [0.347, 0.7865, 0.314], [0.686, 0.7865, 0.034], [0.034, 0.2865, 0.347], [0.653, 0.2865, 0.686], [0.314, 0.2865, 0.966], [0.667, 0.6405, 0.333], [0.333, 0.1405, 0.667]], "number": 4}