{"mid_gaps": [0.6633750648932129], "gap": [0.17402870601814716], "gap_ranges": [[0.6627978333724724, 0.6639522964139531]], "gap_range_of_max": [0.6627978333724724, 0.6639522964139531], "band_nos": [8], "fill_fraction": 0.288948, "mid_gap_of_max": 0.6633750648932129, "max_gap": 0.17402870601814716}