{"gap_range_of_max": [0.26164318500473, 0.26536527193003695], "_status": {"hP4-La_r-14/e1716d81/store_data/0000/35eaf408655c9a0d506655be51594ae4": 1, "hP4-La_r-14/e1716d81/strict-mpb-h/0000/65c97096939b5a25ffc1c067341d7ced": 1, "hP4-La_r-14/e1716d81/mpb-hP4-La_r/0000/013f5822eeaedd8461dac6bb42057752": 6, "hP4-La_r-14/e1716d81/store_strict/0000/979d6a80f5c60c0960ec1b0c7168d1b7": 1, "hP4-La_r-14/e1716d81/store_fill/0000/3fdebe99e61c983a89e554a40c6ce1ff": 1, "hP4-La_r-14/e1716d81/check_runnin/0000/85ab6677daf2b8586cd284c4b86fb6e8": 1}, "run_me": true, "gap_ranges": [[0.26164318500473, 0.26536527193003695]], "band_nos": [8], "gap": [1.41253404051798], "fill_fraction": 0.470116, "max_gap": 1.41253404051798, "mid_gap_of_max": 0.2635042284673835, "mid_gaps": [0.2635042284673835]}