{"band_nos": [2], "fill_fraction": 0.252345, "gap": [22.227835772289584], "gap_ranges": [[0.2959939489357028, 0.3700134661657093]], "mid_gap_of_max": 0.3330037075507061, "mid_gaps": [0.3330037075507061], "gap_range_of_max": [0.2959939489357028, 0.3700134661657093], "max_gap": 22.227835772289584, "strict_calculated": true}