{"gap": [1.8128185291570122], "max_gap": 1.8128185291570122, "mid_gap_of_max": 0.5500808952627645, "band_nos": [12], "mid_gaps": [0.5500808952627645], "gap_ranges": [[0.545094911065426, 0.5550668794601029]], "gap_range_of_max": [0.545094911065426, 0.5550668794601029], "fill_fraction": 0.352851}