{"mid_gap_of_max": 0.3739289380414805, "gap_ranges": [[0.3633937378182665, 0.38446413826469444]], "max_gap": 5.63486756515499, "mid_gaps": [0.3739289380414805], "gap": [5.63486756515499], "gap_range_of_max": [0.3633937378182665, 0.38446413826469444], "band_nos": [2], "fill_fraction": 0.301331}