{"mid_gaps": [0.5041474919513034], "gap_range_of_max": [0.501173386701879, 0.5071215972007277], "strict_calculated": true, "max_gap": 1.1798552197146317, "gap": [1.1798552197146317], "gap_ranges": [[0.501173386701879, 0.5071215972007277]], "mid_gap_of_max": 0.5041474919513034, "fill_fraction": 0.351268, "band_nos": [16]}