{"mid_gaps": [0.2458391526372664], "strict_calculated": true, "mid_gap_of_max": 0.2458391526372664, "max_gap": 12.37852912722038, "gap_range_of_max": [0.2306235170796085, 0.26105478819492434], "gap": [12.37852912722038], "gap_ranges": [[0.2306235170796085, 0.26105478819492434]], "fill_fraction": 0.514884, "band_nos": [2]}