{"gap": [0.44390709775815446], "max_gap": 0.44390709775815446, "band_nos": [16], "gap_range_of_max": [0.692651361034294, 0.6957329292386352], "fill_fraction": 0.207761, "mid_gaps": [0.6941921451364645], "mid_gap_of_max": 0.6941921451364645, "gap_ranges": [[0.692651361034294, 0.6957329292386352]]}