{"gap": [0.48304982787725415], "gap_ranges": [[0.4338386599287845, 0.4359393906168219]], "mid_gap_of_max": 0.4348890252728032, "max_gap": 0.48304982787725415, "band_nos": [16], "gap_range_of_max": [0.4338386599287845, 0.4359393906168219], "mid_gaps": [0.4348890252728032], "fill_fraction": 0.619503}