{"run_me": true, "max_gap": 0.584286658296053, "fill_fraction": 0.498296, "gap_range_of_max": [0.643825767334271, 0.6475985774084307], "mid_gap_of_max": 0.6457121723713508, "gap": [0.584286658296053], "mid_gaps": [0.6457121723713508], "band_nos": [8], "_status": {"mP24-SiO2-8/1b3b123b/mpb-mP24-SiO/0000/bb4eb7686c7c6861048f33fa7db2f9c0": 3, "mP24-SiO2-8/1b3b123b/strict-mpb-m/0000/03701adb49106a27dce0e8e9983fe1f5": 1, "mP24-SiO2-8/1b3b123b/store_data/0000/04bc17b62a1b3df39f652acbb2741884": 1, "mP24-SiO2-8/1b3b123b/check_runnin/0000/7ffcffbaefcb7dfbf4ec2ed513555cb3": 1, "mP24-SiO2-8/1b3b123b/store_strict/0000/23b96ae2eb4b38bb663f6cc43dd22a1a": 1, "mP24-SiO2-8/1b3b123b/store_fill/0000/ccf0bf0c4195c6b5f5da3fa24102f7b2": 1}, "gap_ranges": [[0.643825767334271, 0.6475985774084307]]}