{"gap_ranges": [[0.799153467115085, 0.82094659718363]], "gap_range_of_max": [0.799153467115085, 0.82094659718363], "mid_gaps": [0.8100500321493574], "mid_gap_of_max": 0.8100500321493574, "band_nos": [4], "fill_fraction": 0.189318, "gap": [2.6903437076250025], "max_gap": 2.6903437076250025}