{"gap_range_of_max": [0.2259240308867356, 0.22909178442885125], "max_gap": 1.3923707420668443, "band_nos": [4], "gap": [1.3923707420668443], "mid_gap_of_max": 0.22750790765779344, "fill_fraction": 0.592084, "gap_ranges": [[0.2259240308867356, 0.22909178442885125]], "mid_gaps": [0.22750790765779344], "strict_calculated": true}