{"gap_range_of_max": [0.483430583709422, 0.5240449029504005], "max_gap": 8.06259204889046, "gap_ranges": [[0.483430583709422, 0.5240449029504005]], "gap": [8.06259204889046], "mid_gaps": [0.5037377433299113], "band_nos": [5], "mid_gap_of_max": 0.5037377433299113, "fill_fraction": 0.146801}