{"_status": {"hR12-O3Xe-10/8ff40b17/strict-mpb-h/0000/21bcdd466c5daf56facbd41f5146ab16": 1, "hR12-O3Xe-10/8ff40b17/check_runnin/0000/efeedc1fa088215c8bc5a5b9ad5e1d9a": 1, "hR12-O3Xe-10/8ff40b17/mpb-hR12-O3X/0000/5c4c97220c63df0d9942584f1a2b4e00": 4, "hR12-O3Xe-10/8ff40b17/store_fill/0000/cef111be2b9f71358928a4b4684e5b70": 1, "hR12-O3Xe-10/8ff40b17/store_data/0000/8a8ad250be916212cf4d74538cfa412a": 1, "hR12-O3Xe-10/8ff40b17/store_strict/0000/79ef88adf12c25ee861cce68dc0d859a": 1}, "max_gap": 0.801063178679671, "band_nos": [16], "gap_ranges": [[0.669442861299554, 0.674827087088852]], "gap_range_of_max": [0.669442861299554, 0.674827087088852], "gap": [0.801063178679671], "mid_gaps": [0.672134974194203], "run_me": true, "mid_gap_of_max": 0.672134974194203, "fill_fraction": 0.266052}