{"gap": [16.864816794315544], "mid_gap_of_max": 0.828335233737743, "gap_ranges": [[0.758486623931425, 0.8981838435440609]], "fill_fraction": 0.38973, "gap_range_of_max": [0.758486623931425, 0.8981838435440609], "mid_gaps": [0.828335233737743], "max_gap": 16.864816794315544, "strict_calculated": true, "band_nos": [12]}