{"max_gap": 13.184298190119428, "gap_range_of_max": [0.300793530747171, 0.343249829276783], "gap": [13.184298190119428], "mid_gap_of_max": 0.322021680011977, "gap_ranges": [[0.300793530747171, 0.343249829276783]], "mid_gaps": [0.322021680011977], "fill_fraction": 0.475089, "band_nos": [2]}