{"band_nos": [16], "gap_ranges": [[0.618997165681861, 0.6293372833734711]], "gap": [1.6566261869059653], "max_gap": 1.6566261869059653, "gap_range_of_max": [0.618997165681861, 0.6293372833734711], "mid_gaps": [0.624167224527666], "fill_fraction": 0.234325, "mid_gap_of_max": 0.624167224527666}