{"std_lattice": [[0.9667925904, 0.0, 0.0], [0.0, 0.6040237849, 0.0], [-0.2308128857, 0.0, 0.6770035998]], "std_positions": [[0.7504, 0.1074, 0.1783], [0.2496, 0.8926, 0.8217], [0.2496, 0.6074, 0.3217], [0.7504, 0.3926, 0.6783], [0.7912, 0.0211, 0.0027], [0.2088, 0.9789, 0.9973], [0.2088, 0.5211, 0.4973], [0.7912, 0.4789, 0.5027], [0.7411, 0.9023, 0.2853], [0.2589, 0.0977, 0.7147], [0.2589, 0.4023, 0.2147], [0.7411, 0.5977, 0.7853], [0.6114, 0.2308, 0.1096], [0.3886, 0.7692, 0.8904], [0.3886, 0.7308, 0.3904], [0.6114, 0.2692, 0.6096], [0.8698, 0.2516, 0.2987], [0.1302, 0.7484, 0.7013], [0.1302, 0.7516, 0.2013], [0.8698, 0.2484, 0.7987], [0.5507, 0.8769, 0.7039], [0.4493, 0.1231, 0.2961], [0.4493, 0.3769, 0.7961], [0.5507, 0.6231, 0.2039], [0.8786, 0.6202, 0.1429], [0.1214, 0.3798, 0.8571], [0.1214, 0.1202, 0.3571], [0.8786, 0.8798, 0.6429], [0.506, 0.869, 0.781], [0.494, 0.131, 0.219], [0.494, 0.369, 0.719], [0.506, 0.631, 0.281], [0.578, 0.997, 0.692], [0.422, 0.003, 0.308], [0.422, 0.497, 0.808], [0.578, 0.503, 0.192], [0.612, 0.791, 0.729], [0.388, 0.209, 0.271], [0.388, 0.291, 0.771], [0.612, 0.709, 0.229], [0.491, 0.833, 0.602], [0.509, 0.167, 0.398], [0.509, 0.333, 0.898], [0.491, 0.667, 0.102], [0.882, 0.509, 0.184], [0.118, 0.491, 0.816], [0.118, 0.009, 0.316], [0.882, 0.991, 0.684], [0.831, 0.608, 0.032], [0.169, 0.392, 0.968], [0.169, 0.108, 0.468], [0.831, 0.892, 0.532], [0.954, 0.664, 0.163], [0.046, 0.336, 0.837], [0.046, 0.164, 0.337], [0.954, 0.836, 0.663], [0.836, 0.703, 0.194], [0.164, 0.297, 0.806], [0.164, 0.203, 0.306], [0.836, 0.797, 0.694], [0.814, 0.093, 0.953], [0.186, 0.907, 0.047], [0.186, 0.593, 0.547], [0.814, 0.407, 0.453]], "global_point_groups": ["2/m", "1", "-1", "2", "m"], "equivalent_atoms": [0, 0, 0, 0, 4, 4, 4, 4, 8, 8, 8, 8, 12, 12, 12, 12, 16, 16, 16, 16, 20, 20, 20, 20, 24, 24, 24, 24, 28, 28, 28, 28, 32, 32, 32, 32, 36, 36, 36, 36, 40, 40, 40, 40, 44, 44, 44, 44, 48, 48, 48, 48, 52, 52, 52, 52, 56, 56, 56, 56, 60, 60, 60, 60], "international": "P2_1/c", "number": 14, "site_point_groups": {"e": {"site_symmetry": ["1"], "name": "4e"}}, "wyckoffs": ["e", "e", "e", "e", "e", "e", "e", "e", "e", "e", "e", "e", "e", "e", "e", "e", "e", "e", "e", "e", "e", "e", "e", "e", "e", "e", "e", "e", "e", "e", "e", "e", "e", "e", "e", "e", "e", "e", "e", "e", "e", "e", "e", "e", "e", "e", "e", "e", "e", "e", "e", "e", "e", "e", "e", "e", "e", "e", "e", "e", "e", "e", "e", "e"]}