{
  "structure": "cF80-As2O3",
  "nbands": 20,
  "basis": [
    [
      -0.12,
      0.46,
      -0.12
    ],
    [
      -0.12,
      -0.12,
      -0.12
    ],
    [
      0.46,
      -0.12,
      -0.12
    ],
    [
      -0.12,
      -0.12,
      0.46
    ],
    [
      0.42,
      0.42,
      0.42
    ],
    [
      0.42,
      -0.16,
      0.42
    ],
    [
      -0.16,
      0.42,
      0.42
    ],
    [
      0.42,
      0.42,
      -0.16
    ],
    [
      -0.435,
      -0.015,
      -0.015
    ],
    [
      -0.015,
      -0.435,
      -0.435
    ],
    [
      -0.015,
      -0.015,
      -0.435
    ],
    [
      -0.435,
      -0.435,
      -0.015
    ],
    [
      -0.435,
      -0.015,
      -0.435
    ],
    [
      -0.015,
      -0.435,
      -0.015
    ],
    [
      -0.265,
      -0.265,
      0.315
    ],
    [
      0.315,
      0.315,
      -0.265
    ],
    [
      0.315,
      -0.265,
      -0.265
    ],
    [
      -0.265,
      0.315,
      0.315
    ],
    [
      -0.265,
      0.315,
      -0.265
    ],
    [
      0.315,
      -0.265,
      0.315
    ]
  ],
  "lattice_vectors": [
    [
      0.0,
      0.7071067812,
      0.7071067812
    ],
    [
      0.7071067812,
      0.0,
      0.7071067812
    ],
    [
      0.7071067812,
      0.7071067812,
      0.0
    ]
  ]
}