{"mid_gaps": [0.8090107993122874], "max_gap": 2.1899143669400214, "band_nos": [12], "gap_range_of_max": [0.800152477450169, 0.8178691211744057], "gap": [2.1899143669400214], "fill_fraction": 0.121709, "mid_gap_of_max": 0.8090107993122874, "strict_calculated": true, "gap_ranges": [[0.800152477450169, 0.8178691211744057]]}