{"band_nos": [8], "gap_ranges": [[0.591278297734261, 0.6317099628627354]], "gap_range_of_max": [0.591278297734261, 0.6317099628627354], "fill_fraction": 0.432998, "mid_gaps": [0.6114941302984982], "mid_gap_of_max": 0.6114941302984982, "max_gap": 6.611946562551131, "gap": [6.611946562551131], "_status": {"tI16-VAg3O4_/df4f62ac/mpb-tI16-VAg/0000/1c56ca045694698a44006f27fcf6a676": 1, "tI16-VAg3O4_/df4f62ac/store_data/0000/546b626334d7740d9fb5bb38056d3e66": 1, "tI16-VAg3O4_/df4f62ac/check_runnin/0000/a2a3d8ec76e5ad8f8ad7e8ef811eeb3f": 1, "tI16-VAg3O4_/df4f62ac/strict-mpb-t/0000/a65de0604759ea675d18b10fcc7e4ca8": 1, "tI16-VAg3O4_/df4f62ac/store_strict/0000/b838823dfd999dca412a32c29689f7c0": 1, "tI16-VAg3O4_/df4f62ac/store_fill/0000/387e8af71ba0d041ef493fd28a590545": 1}}