{"mid_gaps": [0.46552289758522725], "fill_fraction": 0.299927, "max_gap": 5.225774322044247, "band_nos": [4], "gap_range_of_max": [0.4533593095626047, 0.4776864856078499], "gap_ranges": [[0.4533593095626047, 0.4776864856078499]], "gap": [5.225774322044247], "mid_gap_of_max": 0.46552289758522725}