{"fill_fraction": 0.216942, "mid_gaps": [0.4428413365816499], "max_gap": 12.562519789904513, "gap_ranges": [[0.415025321308676, 0.4706573518546239]], "mid_gap_of_max": 0.4428413365816499, "gap": [12.562519789904513], "gap_range_of_max": [0.415025321308676, 0.4706573518546239], "band_nos": [4]}