{"_status": {"hR12-O3Xe-12/7c5a4e54/store_strict/0000/bb96098fe6e1e7497b809a64465f96ab": 1, "hR12-O3Xe-12/7c5a4e54/strict-mpb-h/0000/72072e0c37ecf15848d0fa515920586b": 1, "hR12-O3Xe-12/7c5a4e54/check_runnin/0000/80bedfe20c1441beea77248ad8244ca8": 1, "hR12-O3Xe-12/7c5a4e54/store_data/0000/295dfa59d7db869cac93bee68d0054bd": 1, "hR12-O3Xe-12/7c5a4e54/store_fill/0000/d5f3a0963cebe3ff3b0e3f809c8f5dad": 1, "hR12-O3Xe-12/7c5a4e54/mpb-hR12-O3X/0000/085d0b7398ac3d56d7aa07c0c5924e07": 4}, "mid_gap_of_max": 0.6101676261166395, "gap": [1.2926232627875782], "run_me": true, "mid_gaps": [0.6101676261166395], "fill_fraction": 0.295835, "gap_range_of_max": [0.606224041778048, 0.6141112104552311], "band_nos": [16], "gap_ranges": [[0.606224041778048, 0.6141112104552311]], "max_gap": 1.2926232627875782}