{"gap": [0.17339539533095555], "max_gap": 0.17339539533095555, "band_nos": [10], "gap_ranges": [[0.522135452349943, 0.523041596788074]], "mid_gap_of_max": 0.5225885245690085, "mid_gaps": [0.5225885245690085], "_status": {"hP4-CuNiSb2/a785bfac/check_runnin/0000/3b96d8d325f29fee1ebf0b849b8ee787": 1, "hP4-CuNiSb2/a785bfac/mpb-hP4-CuNi/0000/26d7096a570d2e19c0589f069b1e8fd3": 1, "hP4-CuNiSb2/a785bfac/store_strict/0000/a2b8652636a663924a96afc0a42f684a": 1, "hP4-CuNiSb2/a785bfac/strict-mpb-h/0000/7cb6c5cba827b68c0ec947ef48b252d7": 1, "hP4-CuNiSb2/a785bfac/store_fill/0000/d7702717a0381b5d006bd41ef7525b8a": 1, "hP4-CuNiSb2/a785bfac/store_data/0000/509b0e08a70c8fa6539eee7b69454e46": 1}, "strict_calculated": true, "fill_fraction": 0.210867, "gap_range_of_max": [0.522135452349943, 0.523041596788074]}