{"gap": [21.188073176262886], "fill_fraction": 0.115302, "mid_gaps": [0.490411328103373], "mid_gap_of_max": 0.490411328103373, "gap_range_of_max": [0.4384569725717603, 0.5423656836349857], "gap_ranges": [[0.4384569725717603, 0.5423656836349857]], "max_gap": 21.188073176262886, "band_nos": [2]}