{"gap": [2.944222239575286], "mid_gap_of_max": 0.5677090479030951, "band_nos": [12], "max_gap": 2.944222239575286, "gap_ranges": [[0.55935173988087, 0.5760663559253202]], "gap_range_of_max": [0.55935173988087, 0.5760663559253202], "fill_fraction": 0.327388, "mid_gaps": [0.5677090479030951]}