{
  "basis": [
    [
      0.0,
      0.0,
      0.3433
    ],
    [
      0.0,
      0.0,
      0.6567
    ],
    [
      0.5,
      0.5,
      0.1567
    ],
    [
      0.5,
      0.5,
      0.8433
    ],
    [
      0.60194,
      0.10194,
      0.0
    ],
    [
      0.39806,
      0.89806,
      0.0
    ],
    [
      0.89806,
      0.60194,
      0.0
    ],
    [
      0.10194,
      0.39806,
      0.0
    ],
    [
      0.89806,
      0.60194,
      0.5
    ],
    [
      0.10194,
      0.39806,
      0.5
    ],
    [
      0.60194,
      0.10194,
      0.5
    ],
    [
      0.39806,
      0.89806,
      0.5
    ],
    [
      0.1436,
      0.6436,
      0.5
    ],
    [
      0.8564,
      0.3564,
      0.5
    ],
    [
      0.3564,
      0.1436,
      0.5
    ],
    [
      0.6436,
      0.8564,
      0.5
    ],
    [
      0.3564,
      0.1436,
      0.0
    ],
    [
      0.6436,
      0.8564,
      0.0
    ],
    [
      0.1436,
      0.6436,
      0.0
    ],
    [
      0.8564,
      0.3564,
      0.0
    ],
    [
      0.0423,
      0.7618,
      0.0
    ],
    [
      0.9577,
      0.2382,
      0.0
    ],
    [
      0.2382,
      0.0423,
      0.0
    ],
    [
      0.7618,
      0.9577,
      0.0
    ],
    [
      0.4577,
      0.2618,
      0.5
    ],
    [
      0.5423,
      0.7382,
      0.5
    ],
    [
      0.2618,
      0.5423,
      0.5
    ],
    [
      0.7382,
      0.4577,
      0.5
    ],
    [
      0.7928,
      0.7072,
      0.5
    ],
    [
      0.2072,
      0.2928,
      0.5
    ],
    [
      0.2928,
      0.7928,
      0.5
    ],
    [
      0.7072,
      0.2072,
      0.5
    ],
    [
      0.7072,
      0.2072,
      0.0
    ],
    [
      0.2928,
      0.7928,
      0.0
    ],
    [
      0.2072,
      0.2928,
      0.0
    ],
    [
      0.7928,
      0.7072,
      0.0
    ]
  ],
  "lattice_vectors": [
    [
      1.0,
      0.0,
      0.0
    ],
    [
      0.0,
      1.0,
      0.0
    ],
    [
      0.0,
      0.0,
      1.1816953443
    ]
  ],
  "nbands": 20,
  "structure": "tP36-Mo2PbO2"
}