{"gap_range_of_max": [0.252352781472603, 0.26356295986971334], "gap_ranges": [[0.252352781472603, 0.26356295986971334]], "fill_fraction": 0.549826, "strict_calculated": true, "max_gap": 4.345740010933935, "mid_gap_of_max": 0.25795787067115816, "mid_gaps": [0.25795787067115816], "gap": [4.345740010933935], "band_nos": [2]}