{"gap_ranges": [[0.4520140040191039, 0.46739110217520835]], "max_gap": 3.345010388240002, "gap": [3.345010388240002], "_status": {"hP4-AlAgS2/1c28bef7/check_runnin/0000/0239a4ab3a85430ab9c7ab937b0041eb": 1, "hP4-AlAgS2/1c28bef7/mpb-hP4-AlAg/0000/6e7f7a7ff71b312d96a08adf875589b6": 1, "hP4-AlAgS2/1c28bef7/strict-mpb-h/0000/ff1deb418ec44827cb2a5fb1c7bec5b9": 1, "hP4-AlAgS2/1c28bef7/store_fill/0000/0fb8d7b242741d265250bfc876f9b25f": 1, "hP4-AlAgS2/1c28bef7/store_strict/0000/22facc942d4de37636de8bd412677b4f": 1, "hP4-AlAgS2/1c28bef7/store_data/0000/6874490cc3b57a4219b7b9d8a2482700": 1}, "gap_range_of_max": [0.4520140040191039, 0.46739110217520835], "mid_gap_of_max": 0.45970255309715613, "fill_fraction": 0.355777, "mid_gaps": [0.45970255309715613], "strict_calculated": true, "band_nos": [18]}