{"mid_gap_of_max": 0.6501317115960572, "max_gap": 8.21573088486044, "gap": [8.21573088486044], "gap_ranges": [[0.62342517568512, 0.6768382475069943]], "mid_gaps": [0.6501317115960572], "gap_range_of_max": [0.62342517568512, 0.6768382475069943], "band_nos": [12], "fill_fraction": 0.408119}