{"gap": [4.574319809528245], "gap_ranges": [[0.727578903731801, 0.7616397148707618]], "mid_gaps": [0.7446093093012813], "gap_range_of_max": [0.727578903731801, 0.7616397148707618], "max_gap": 4.574319809528245, "fill_fraction": 0.207043, "mid_gap_of_max": 0.7446093093012813, "band_nos": [16], "strict_calculated": true}