{"gap_ranges": [[0.28453342129707, 0.34179943706013294]], "fill_fraction": 0.404641, "gap": [18.286128533399097], "mid_gap_of_max": 0.3131664291786015, "max_gap": 18.286128533399097, "gap_range_of_max": [0.28453342129707, 0.34179943706013294], "mid_gaps": [0.3131664291786015], "band_nos": [2]}