{
  "basis": [
    [
      0.25,
      0.3615,
      0.1375
    ],
    [
      -0.25,
      0.1375,
      0.3615
    ],
    [
      0.25,
      -0.4045,
      -0.0945
    ],
    [
      -0.25,
      -0.0945,
      -0.4045
    ]
  ],
  "structure": "oC8-InCl_r",
  "nbands": 20,
  "lattice_vectors": [
    [
      1.0,
      0.0,
      0.0
    ],
    [
      0.0,
      1.3137128763,
      0.4523352512
    ],
    [
      0.0,
      -1.3137128763,
      0.4523352512
    ]
  ]
}