{"gap_range_of_max": [0.62178450464857, 0.6243252392006222], "strict_calculated": true, "max_gap": 0.40778664392686875, "mid_gap_of_max": 0.6230548719245961, "fill_fraction": 0.231782, "band_nos": [14], "gap": [0.40778664392686875], "mid_gaps": [0.6230548719245961], "gap_ranges": [[0.62178450464857, 0.6243252392006222]]}