{"fill_fraction": 0.204989, "mid_gaps": [0.4322602038368051], "band_nos": [5], "mid_gap_of_max": 0.4322602038368051, "gap": [2.979788234274395], "max_gap": 2.979788234274395, "gap_ranges": [[0.4258199844891, 0.4387004231845101]], "gap_range_of_max": [0.4258199844891, 0.4387004231845101]}