{"max_gap": 17.695326888398625, "gap": [17.695326888398625], "band_nos": [2], "gap_ranges": [[0.27692465432379, 0.3306838059470347]], "fill_fraction": 0.398912, "mid_gaps": [0.30380423013541236], "gap_range_of_max": [0.27692465432379, 0.3306838059470347], "mid_gap_of_max": 0.30380423013541236}