{"mid_gaps": [0.4530871384243775], "mid_gap_of_max": 0.4530871384243775, "run_me": true, "gap": [0.2650248177735827], "_status": {"hP12-SiO2_r-/2f0c448b/check_runnin/0000/8abdab9550409772254fb74505f18e3e": 1, "hP12-SiO2_r-/2f0c448b/store_fill/0000/bc426338eabb6f8d2ec72e1b499157ab": 1, "hP12-SiO2_r-/2f0c448b/strict-mpb-h/0000/c96cd4cec95f65d37dec2906d407bdcb": 1, "hP12-SiO2_r-/2f0c448b/store_strict/0000/9cf29a00320fd5319dfbef4e192d53c4": 1, "hP12-SiO2_r-/2f0c448b/mpb-hP12-SiO/0000/dd5853cf85f07e9d0fce1478d1a79f0e": 7, "hP12-SiO2_r-/2f0c448b/store_data/0000/b85fe6f3a13378fd92b2e2e97f06d467": 1}, "gap_ranges": [[0.452486741742895, 0.45368753510585996]], "fill_fraction": 0.323487, "gap_range_of_max": [0.452486741742895, 0.45368753510585996], "max_gap": 0.2650248177735827, "band_nos": [4]}