{"fill_fraction": 0.363117, "gap_ranges": [[0.328116147430165, 0.3581707947145811], [0.535976407182928, 0.5592527582150351]], "mid_gap_of_max": 0.34314347107237303, "gap_range_of_max": [0.328116147430165, 0.3581707947145811], "max_gap": 8.75862425430697, "gap": [8.75862425430697, 4.250498757243855], "band_nos": [2, 8], "mid_gaps": [0.34314347107237303, 0.5476145826989816]}