{"band_nos": [2], "fill_fraction": 0.311092, "gap": [19.136358976487433], "gap_ranges": [[0.2778191808557653, 0.33660874790554585]], "mid_gap_of_max": 0.30721396438065557, "mid_gaps": [0.30721396438065557], "gap_range_of_max": [0.2778191808557653, 0.33660874790554585], "max_gap": 19.136358976487433, "strict_calculated": true}