{"band_nos": [2], "max_gap": 8.256227031381771, "mid_gaps": [0.29244531814534314], "gap": [8.256227031381771], "gap_range_of_max": [0.28037284344098, 0.3045177928497063], "fill_fraction": 0.495614, "mid_gap_of_max": 0.29244531814534314, "gap_ranges": [[0.28037284344098, 0.3045177928497063]]}