{"gap": [24.665741887127155], "band_nos": [8], "gap_ranges": [[0.509685377709568, 0.6530888187203263]], "mid_gaps": [0.5813870982149472], "gap_range_of_max": [0.509685377709568, 0.6530888187203263], "strict_calculated": true, "mid_gap_of_max": 0.5813870982149472, "fill_fraction": 0.162655, "max_gap": 24.665741887127155}