{"gap_range_of_max": [0.4513655342870863, 0.4621694445984489], "mid_gap_of_max": 0.45676748944276757, "fill_fraction": 0.528927, "max_gap": 2.36529756628317, "strict_calculated": true, "gap": [2.36529756628317], "mid_gaps": [0.45676748944276757], "gap_ranges": [[0.4513655342870863, 0.4621694445984489]], "band_nos": [16]}