{"band_nos": [8], "gap": [0.11337582207537789], "gap_range_of_max": [0.53239586156223, 0.5329998121139309], "mid_gap_of_max": 0.5326978368380804, "mid_gaps": [0.5326978368380804], "max_gap": 0.11337582207537789, "_status": {"oP6-NaO2_r-1/acab6c37/store_data/0000/f506a6f321bff3906b798025daeadd61": 1, "oP6-NaO2_r-1/acab6c37/check_runnin/0000/2a0440ebd04ef8e6e653554d8d3ef686": 1, "oP6-NaO2_r-1/acab6c37/strict-mpb-o/0000/d61424899eb012335e2ae6da0ebdc889": 1, "oP6-NaO2_r-1/acab6c37/store_fill/0000/d279a759ceb417c2481ed7ac86ca88cd": 1, "oP6-NaO2_r-1/acab6c37/mpb-oP6-NaO2/0000/1005a3cb14b38dd26d55dea687e60fd5": 6, "oP6-NaO2_r-1/acab6c37/store_strict/0000/b53e1e3178d0b1b35de48c2dc06ba90e": 1}, "gap_ranges": [[0.53239586156223, 0.5329998121139309]], "fill_fraction": 0.2156, "run_me": true}