{"mid_gap_of_max": 0.3145632335992987, "gap_range_of_max": [0.285498292457246, 0.3436281747413514], "gap_ranges": [[0.285498292457246, 0.3436281747413514]], "max_gap": 18.479553894131467, "band_nos": [4], "fill_fraction": 0.253006, "strict_calculated": true, "gap": [18.479553894131467], "mid_gaps": [0.3145632335992987]}