{"gap_ranges": [[0.2891113561120981, 0.32774804610903846]], "max_gap": 12.526903167178936, "band_nos": [2], "gap": [12.526903167178936], "mid_gap_of_max": 0.3084297011105683, "fill_fraction": 0.452304, "mid_gaps": [0.3084297011105683], "gap_range_of_max": [0.2891113561120981, 0.32774804610903846]}