{"gap": [0.5944738472146749], "gap_ranges": [[0.887065533792587, 0.8923546275381755]], "fill_fraction": 0.070708, "band_nos": [17], "mid_gaps": [0.8897100806653813], "max_gap": 0.5944738472146749, "_status": {"hR5-Ni3S2-14/0a387fa5/store_strict/0000/eaf6b15c0303502514e70cea63cfca0f": 1, "hR5-Ni3S2-14/0a387fa5/store_fill/0000/f6be06bbc7f014dc9a013fcf1ee36790": 1, "hR5-Ni3S2-14/0a387fa5/strict-mpb-h/0000/28b4f4e9daa25ed9ada7cc260cb0b1c1": 1, "hR5-Ni3S2-14/0a387fa5/store_data/0000/a59672acf74e6e5fab6504bb82f22ae9": 1, "hR5-Ni3S2-14/0a387fa5/check_runnin/0000/7b9bccc7ef889d027117c568111af245": 1, "hR5-Ni3S2-14/0a387fa5/mpb-hR5-Ni3S/0000/53eac8c6b5c300d7bbea54b50b3c29bb": 6}, "gap_range_of_max": [0.887065533792587, 0.8923546275381755], "mid_gap_of_max": 0.8897100806653813, "run_me": true}