{"mid_gap_of_max": 0.2767362628113278, "fill_fraction": 0.46012, "gap_range_of_max": [0.254884301438357, 0.29858822418429865], "gap_ranges": [[0.254884301438357, 0.29858822418429865]], "max_gap": 15.792625911023913, "gap": [15.792625911023913], "band_nos": [2], "mid_gaps": [0.2767362628113278]}