{"max_gap": 0.22073328956674487, "gap_ranges": [[0.691099199911468, 0.6926263713975316]], "mid_gaps": [0.6918627856544998], "run_me": true, "fill_fraction": 0.329358, "_status": {"oP16-Cu2S4Si/29278ac7/store_data/0000/dbbc83c622a47a409830bde1a0a5cfb6": 1, "oP16-Cu2S4Si/29278ac7/strict-mpb-o/0000/ce8cfe6e2a4ef8012d1d36ff6162a5d0": 1, "oP16-Cu2S4Si/29278ac7/store_strict/0000/ceddd7151c41208890fd11ba0dfa0990": 1, "oP16-Cu2S4Si/29278ac7/mpb-oP16-Cu2/0000/16b8c459d597ec4ff7b349b7dfb8a04b": 3, "oP16-Cu2S4Si/29278ac7/check_runnin/0000/90d989452be624c3dce9235703942f8b": 1, "oP16-Cu2S4Si/29278ac7/store_fill/0000/ace661c8da2f805f6eb8b3d65827b4ac": 1}, "band_nos": [16], "gap_range_of_max": [0.691099199911468, 0.6926263713975316], "gap": [0.22073328956674487], "mid_gap_of_max": 0.6918627856544998}