{"fill_fraction": 0.489412, "mid_gaps": [0.27054569049874133], "max_gap": 0.37750384396131254, "band_nos": [4], "gap_range_of_max": [0.270035030308089, 0.2710563506893937], "gap": [0.37750384396131254], "mid_gap_of_max": 0.27054569049874133, "gap_ranges": [[0.270035030308089, 0.2710563506893937]]}