{"mid_gaps": [0.3638572931466827], "band_nos": [4], "max_gap": 16.287046561664166, "mid_gap_of_max": 0.3638572931466827, "gap_range_of_max": [0.334226489770277, 0.3934880965230884], "gap": [16.287046561664166], "fill_fraction": 0.317662, "gap_ranges": [[0.334226489770277, 0.3934880965230884]]}