{"gap_range_of_max": [0.339584534440101, 0.3837910733539095], "fill_fraction": 0.428412, "band_nos": [2], "mid_gaps": [0.3616878038970053], "mid_gap_of_max": 0.3616878038970053, "gap_ranges": [[0.339584534440101, 0.3837910733539095]], "gap": [12.222291832211296], "max_gap": 12.222291832211296}