{"gap_range_of_max": [0.508591396557253, 0.5534224089077956], "mid_gaps": [0.5310069027325244], "gap_ranges": [[0.508591396557253, 0.5534224089077956]], "band_nos": [2], "max_gap": 8.442642104997995, "fill_fraction": 0.161215, "mid_gap_of_max": 0.5310069027325244, "gap": [8.442642104997995]}