{"gap_ranges": [[0.8550030019878, 0.8796189544959904]], "band_nos": [12], "gap": [2.8381921970004194], "fill_fraction": 0.13157, "max_gap": 2.8381921970004194, "gap_range_of_max": [0.8550030019878, 0.8796189544959904], "_status": {"cI80-Sc2O3_r/1e217528/store_strict/0000/9147b94e1724b2969ff97ae93bae6f12": 1, "cI80-Sc2O3_r/1e217528/store_fill/0000/a3c914af9aa65f0b794c6fc2121cac40": 1, "cI80-Sc2O3_r/1e217528/mpb-cI80-Sc2/0000/4932916153a6f7283d6b0cfbc2625822": 1, "cI80-Sc2O3_r/1e217528/check_runnin/0000/d8af834ede835706e2d8dd00ca2a9f6d": 1, "cI80-Sc2O3_r/1e217528/store_data/0000/ef69e199f647a7165ca8f138c05cc64e": 1, "cI80-Sc2O3_r/1e217528/strict-mpb-c/0000/6726a84a847e8b7f702b644845f06cb0": 1}, "mid_gaps": [0.8673109782418952], "mid_gap_of_max": 0.8673109782418952}