{"gap": [31.113514562795704], "strict_calculated": true, "mid_gap_of_max": 0.3463197817048459, "max_gap": 31.113514562795704, "gap_range_of_max": [0.2924436538475561, 0.4001959095621357], "mid_gaps": [0.3463197817048459], "gap_ranges": [[0.2924436538475561, 0.4001959095621357]], "fill_fraction": 0.242442, "band_nos": [2]}