{"mid_gaps": [0.3777327893644773], "max_gap": 0.34619450052336664, "mid_gap_of_max": 0.3777327893644773, "fill_fraction": 0.323487, "gap": [0.34619450052336664], "gap_range_of_max": [0.3770789442927506, 0.37838663443620396], "band_nos": [4], "gap_ranges": [[0.3770789442927506, 0.37838663443620396]]}