{"gap": [1.5959468949926834], "gap_range_of_max": [0.47665281768525, 0.48432113466234705], "mid_gaps": [0.48048697617379854], "fill_fraction": 0.236161, "gap_ranges": [[0.47665281768525, 0.48432113466234705]], "band_nos": [4], "max_gap": 1.5959468949926834, "_status": {"tP12-PNO_r-6/5ca1d6ca/store_data/0000/bd0fc44a0ba6d23db13b1304751207db": 1, "tP12-PNO_r-6/5ca1d6ca/strict-mpb-t/0000/105dc139dd826201d3f1ea206d94882a": 1, "tP12-PNO_r-6/5ca1d6ca/store_fill/0000/3c15b69715d2cbd81a6f2ed19a5d9dcb": 1, "tP12-PNO_r-6/5ca1d6ca/mpb-tP12-PNO/0000/4f5513378e974c23d8a700039290e2f8": 1, "tP12-PNO_r-6/5ca1d6ca/check_runnin/0000/84a80eedad97c84805512d85d756aacb": 1, "tP12-PNO_r-6/5ca1d6ca/store_strict/0000/688c6399135db8fd80bdb0e7d0f0ff70": 1}, "mid_gap_of_max": 0.48048697617379854}