{
  "lattice_vectors": [
    [
      1.0,
      0.0,
      0.0
    ],
    [
      0.0,
      0.5195799029,
      0.0
    ],
    [
      0.0,
      0.0,
      0.5457458113
    ]
  ],
  "basis": [
    [
      -0.25,
      0.0,
      -0.375
    ],
    [
      0.25,
      0.0,
      0.375
    ]
  ],
  "nbands": 20,
  "structure": "oP2-InSb_r"
}