{"mid_gaps": [0.4222404080467683], "strict_calculated": true, "band_nos": [2], "mid_gap_of_max": 0.4222404080467683, "gap_range_of_max": [0.41503249634476624, 0.4294483197487704], "fill_fraction": 0.191473, "max_gap": 3.414126911891253, "gap": [3.414126911891253], "gap_ranges": [[0.41503249634476624, 0.4294483197487704]]}