{"gap_range_of_max": [0.360228673619771, 0.46635653744657174], "gap_ranges": [[0.360228673619771, 0.46635653744657174]], "fill_fraction": 0.18006, "strict_calculated": true, "max_gap": 25.67862633058474, "mid_gap_of_max": 0.4132926055331714, "mid_gaps": [0.4132926055331714], "gap": [25.67862633058474], "band_nos": [2]}