{"gap_range_of_max": [0.617034370341, 0.6545377270597387], "mid_gap_of_max": 0.6357860487003693, "max_gap": 5.898738544985177, "fill_fraction": 0.123939, "mid_gaps": [0.6357860487003693], "band_nos": [16], "gap_ranges": [[0.617034370341, 0.6545377270597387]], "gap": [5.898738544985177]}