{"gap_ranges": [[0.501708147702233, 0.5525304254720214]], "fill_fraction": 0.09491, "max_gap": 9.641513612381763, "band_nos": [2], "mid_gaps": [0.5271192865871273], "mid_gap_of_max": 0.5271192865871273, "gap": [9.641513612381763], "gap_range_of_max": [0.501708147702233, 0.5525304254720214]}