{"gap_ranges": [[0.351174790184998, 0.42468240789822936]], "max_gap": 18.948749304596955, "fill_fraction": 0.224523, "mid_gap_of_max": 0.3879285990416137, "mid_gaps": [0.3879285990416137], "gap": [18.948749304596955], "band_nos": [2], "gap_range_of_max": [0.351174790184998, 0.42468240789822936]}