{"fill_fraction": 0.244641, "max_gap": 11.00816014156766, "mid_gaps": [0.5956246736837276, 0.7108359234475747], "mid_gap_of_max": 0.5956246736837276, "gap_range_of_max": [0.56284101472283, 0.6284083326446254], "gap": [11.00816014156766, 1.1004893371151796], "band_nos": [8, 11], "gap_ranges": [[0.56284101472283, 0.6284083326446254], [0.706924586676612, 0.7147472602185375]]}