{"mid_gap_of_max": 0.48801740065783816, "gap": [0.9575730089685995], "max_gap": 0.9575730089685995, "gap_range_of_max": [0.485680839203953, 0.4903539621117234], "gap_ranges": [[0.485680839203953, 0.4903539621117234]], "fill_fraction": 0.336809, "band_nos": [16], "mid_gaps": [0.48801740065783816]}