{"mid_gap_of_max": 0.9889641024812428, "band_nos": [14], "gap_range_of_max": [0.983710247787714, 0.9942179571747717], "gap_ranges": [[0.983710247787714, 0.9942179571747717]], "gap": [1.0624965416534575], "mid_gaps": [0.9889641024812428], "max_gap": 1.0624965416534575, "_status": {"cF52-Na3CoC2/f50264c4/strict-mpb-c/0000/e3349e8c2b8d03ccb2d20984bacd0304": 1, "cF52-Na3CoC2/f50264c4/check_runnin/0000/e881d23bcc642480329957509feffbd2": 1, "cF52-Na3CoC2/f50264c4/store_fill/0000/051a05f4cfe5f0fee7ec246254ebe201": 1, "cF52-Na3CoC2/f50264c4/store_strict/0000/925f328d315d9b9879cc6a2542ce804c": 1, "cF52-Na3CoC2/f50264c4/store_data/0000/8d5871546475f7b99df53864ff40f426": 1, "cF52-Na3CoC2/f50264c4/mpb-cF52-Na3/0000/0db1f03a95fa13c83259acb83c017769": 1}, "fill_fraction": 0.089431}