{"fill_fraction": 0.213289, "gap_ranges": [[0.405404620734242, 0.4179271667125732]], "max_gap": 3.0419197143265335, "gap_range_of_max": [0.405404620734242, 0.4179271667125732], "gap": [3.0419197143265335], "mid_gaps": [0.41166589372340756], "mid_gap_of_max": 0.41166589372340756, "band_nos": [4]}