{"gap_range_of_max": [0.386017751831258, 0.4174164034582587], "mid_gap_of_max": 0.4017170776447584, "band_nos": [8], "max_gap": 7.816110734223369, "gap_ranges": [[0.386017751831258, 0.4174164034582587]], "mid_gaps": [0.4017170776447584], "fill_fraction": 0.503318, "gap": [7.816110734223369]}