{"std_lattice": [[1.0, 0.0, 0.0], [0.0, 0.9934852965, 0.0], [-0.6804897575, 0.0, 2.3576123048]], "site_point_groups": {"g": {"name": "4g", "site_symmetry": ["1"]}}, "number": 13, "std_positions": [[0.6991, 0.2013, 0.8185], [0.3009, 0.7987, 0.1815], [0.3009, 0.2013, 0.6815], [0.6991, 0.7987, 0.3185], [0.8261, 0.0326, 0.8831], [0.1739, 0.9674, 0.1169], [0.1739, 0.0326, 0.6169], [0.8261, 0.9674, 0.3831], [0.0759, 0.781, 0.8837], [0.9241, 0.219, 0.1163], [0.9241, 0.781, 0.6163], [0.0759, 0.219, 0.3837], [0.9499, 0.9477, 0.8196], [0.0501, 0.0523, 0.1804], [0.0501, 0.9477, 0.6804], [0.9499, 0.0523, 0.3196], [0.2054, 0.6787, 0.8262], [0.7946, 0.3213, 0.1738], [0.7946, 0.6787, 0.6738], [0.2054, 0.3213, 0.3262], [0.3154, 0.5153, 0.896], [0.6846, 0.4847, 0.104], [0.6846, 0.5153, 0.604], [0.3154, 0.4847, 0.396], [0.434, 0.4493, 0.8278], [0.566, 0.5507, 0.1722], [0.566, 0.4493, 0.6722], [0.434, 0.5507, 0.3278], [0.5758, 0.2774, 0.8833], [0.4242, 0.7226, 0.1167], [0.4242, 0.2774, 0.6167], [0.5758, 0.7226, 0.3833], [0.9588, 0.3907, 0.9276], [0.0412, 0.6093, 0.0724], [0.0412, 0.3907, 0.5724], [0.9588, 0.6093, 0.4276], [0.0009, 0.1588, 0.955], [0.9991, 0.8412, 0.045], [0.9991, 0.1588, 0.545], [0.0009, 0.8412, 0.455], [0.2115, 0.1388, 0.9265], [0.7885, 0.8612, 0.0735], [0.7885, 0.1388, 0.5735], [0.2115, 0.8612, 0.4265], [0.2514, 0.9092, 0.9554], [0.7486, 0.0908, 0.0446], [0.7486, 0.9092, 0.5446], [0.2514, 0.0908, 0.4554], [0.4643, 0.8726, 0.9316], [0.5357, 0.1274, 0.0684], [0.5357, 0.8726, 0.5684], [0.4643, 0.1274, 0.4316], [0.4917, 0.6472, 0.967], [0.5083, 0.3528, 0.033], [0.5083, 0.6472, 0.533], [0.4917, 0.3528, 0.467], [0.6949, 0.6371, 0.9338], [0.3051, 0.3629, 0.0662], [0.3051, 0.6371, 0.5662], [0.6949, 0.3629, 0.4338], [0.7496, 0.4056, 0.9558], [0.2504, 0.5944, 0.0442], [0.2504, 0.4056, 0.5442], [0.7496, 0.5944, 0.4558], [0.854, 0.3891, 0.8278], [0.146, 0.6109, 0.1722], [0.146, 0.3891, 0.6722], [0.854, 0.6109, 0.3278], [0.1396, 0.1006, 0.8264], [0.8604, 0.8994, 0.1736], [0.8604, 0.1006, 0.6736], [0.1396, 0.8994, 0.3264], [0.4039, 0.8238, 0.8306], [0.5961, 0.1762, 0.1694], [0.5961, 0.8238, 0.6694], [0.4039, 0.1762, 0.3306], [0.5814, 0.6458, 0.8327], [0.4186, 0.3542, 0.1673], [0.4186, 0.6458, 0.6673], [0.5814, 0.3542, 0.3327], [0.0542, 0.323, 0.7994], [0.9458, 0.677, 0.2006], [0.9458, 0.323, 0.7006], [0.0542, 0.677, 0.2994]], "wyckoffs": ["g", "g", "g", "g", "g", "g", "g", "g", "g", "g", "g", "g", "g", "g", "g", "g", "g", "g", "g", "g", "g", "g", "g", "g", "g", "g", "g", "g", "g", "g", "g", "g", "g", "g", "g", "g", "g", "g", "g", "g", "g", "g", "g", "g", "g", "g", "g", "g", "g", "g", "g", "g", "g", "g", "g", "g", "g", "g", "g", "g", "g", "g", "g", "g", "g", "g", "g", "g", "g", "g", "g", "g", "g", "g", "g", "g", "g", "g", "g", "g", "g", "g", "g", "g"], "equivalent_atoms": [0, 0, 0, 0, 4, 4, 4, 4, 8, 8, 8, 8, 12, 12, 12, 12, 16, 16, 16, 16, 20, 20, 20, 20, 24, 24, 24, 24, 28, 28, 28, 28, 32, 32, 32, 32, 36, 36, 36, 36, 40, 40, 40, 40, 44, 44, 44, 44, 48, 48, 48, 48, 52, 52, 52, 52, 56, 56, 56, 56, 60, 60, 60, 60, 64, 64, 64, 64, 68, 68, 68, 68, 72, 72, 72, 72, 76, 76, 76, 76, 80, 80, 80, 80], "global_point_groups": ["2/m", "1", "-1", "2", "m"], "international": "P2/c"}