{"max_gap": 0.2709595297397063, "band_nos": [4], "mid_gaps": [0.5566191640718415], "gap_range_of_max": [0.555865057737136, 0.557373270406547], "fill_fraction": 0.148395, "gap": [0.2709595297397063], "run_me": true, "mid_gap_of_max": 0.5566191640718415, "gap_ranges": [[0.555865057737136, 0.557373270406547]], "_status": {"oC20-O3Pb2_r/a81e6140/store_data/0000/2e226491c5cf4865597c51e7c29a0aae": 1, "oC20-O3Pb2_r/a81e6140/strict-mpb-o/0000/6d1aa22a9eeee8333dc87934c4346d98": 1, "oC20-O3Pb2_r/a81e6140/check_runnin/0000/8bc9005a6c875d0ed1a6a9eb170683a6": 1, "oC20-O3Pb2_r/a81e6140/store_fill/0000/302e64562da10e2f67c6d5633acd1e60": 1, "oC20-O3Pb2_r/a81e6140/store_strict/0000/e5d365f490ea7d825e6942ab3751b414": 1, "oC20-O3Pb2_r/a81e6140/mpb-oC20-O3P/0000/d8eb8834d400508ffbb34662eb548b75": 1}}