{"mid_gap_of_max": 0.3697863826962451, "gap": [31.77128562631956], "gap_range_of_max": [0.3110434387694155, 0.4285293266230747], "mid_gaps": [0.3697863826962451], "gap_ranges": [[0.3110434387694155, 0.4285293266230747]], "max_gap": 31.77128562631956, "fill_fraction": 0.206228, "strict_calculated": true, "band_nos": [2]}