{"gap_ranges": [[0.255691799310896, 0.27146624107627304]], "mid_gaps": [0.2635790201935845], "max_gap": 5.9847106775763415, "band_nos": [2], "gap_range_of_max": [0.255691799310896, 0.27146624107627304], "mid_gap_of_max": 0.2635790201935845, "gap": [5.9847106775763415], "fill_fraction": 0.602673}