{"gap_range_of_max": [0.4310547988201855, 0.47743285416834], "mid_gaps": [0.45424382649426276], "gap_ranges": [[0.4310547988201855, 0.47743285416834]], "max_gap": 10.209947310916343, "fill_fraction": 0.193179, "gap": [10.209947310916343], "mid_gap_of_max": 0.45424382649426276, "band_nos": [4]}