{"faces": [[[0.0976234143321261, -0.6912412010663438], [0.41085428792569884, -0.14245923795967075], [0.8420692064537818, 0.06327100516353328], [0.528838332860209, -0.4855109579431395]], [[-0.8420692064537821, -0.06327100516353301], [-0.5288383328602094, 0.4855109579431397], [-0.09762341433212646, 0.691241201066344], [-0.4108542879256992, 0.14245923795967155]], [[-0.5288383328602094, -0.6516470846569776], [-0.8420692064537821, -0.06327100516353301], [-0.5288383328602094, 0.4855109579431397], [0.09762341433212633, 0.44591684153377353], [0.41085428792569884, -0.14245923795967075], [0.0976234143321261, -0.6912412010663438]], [[-0.5288383328602094, 0.4855109579431397], [-0.09762341433212646, 0.691241201066344], [0.5288383328602093, 0.6516470846569782], [0.09762341433212633, 0.44591684153377353]], [[0.41085428792569884, -0.14245923795967075], [0.09762341433212633, 0.44591684153377353], [0.5288383328602093, 0.6516470846569782], [0.8420692064537818, 0.06327100516353328]], [[-0.09762341433212632, -0.4459168415337734], [-0.4108542879256992, 0.14245923795967155], [-0.09762341433212646, 0.691241201066344], [0.5288383328602093, 0.6516470846569782], [0.8420692064537818, 0.06327100516353328], [0.528838332860209, -0.4855109579431395]], [[-0.5288383328602094, -0.6516470846569776], [-0.09762341433212632, -0.4459168415337734], [0.528838332860209, -0.4855109579431395], [0.0976234143321261, -0.6912412010663438]], [[-0.5288383328602094, -0.6516470846569776], [-0.8420692064537821, -0.06327100516353301], [-0.4108542879256992, 0.14245923795967155], [-0.09762341433212632, -0.4459168415337734]]], "labels": {"GAMMA": [0.0, 0.0], "M": [0.4698463103929542, 0.25459392334865344], "K": [0.31323087359530266, 0.5487819630991414], "A": [-0.21560745926404148, -0.10286512156160217], "L": [0.25423885112891276, 0.15172880178705128], "H": [0.09762341433126123, 0.4459168415375393]}, "label_positions": {"GAMMA": [0.05, 0.05], "M": [0.5198463103929543, 0.30459392334865343], "K": [0.36323087359530265, 0.5987819630991414], "A": [-0.21560745926404148, -0.05286512156160217], "L": [0.30423885112891275, 0.20172880178705127], "H": [0.14762341433126125, 0.4959168415375393]}, "zorder": [1, 1, 1, 1, 1, 1, 1, 1]}