{"gap": [2.7714187544623408], "gap_ranges": [[0.439622017494445, 0.45197698852820084]], "max_gap": 2.7714187544623408, "mid_gap_of_max": 0.44579950301132293, "fill_fraction": 0.521361, "band_nos": [8], "gap_range_of_max": [0.439622017494445, 0.45197698852820084], "mid_gaps": [0.44579950301132293]}