{"gap_ranges": [[0.993555323176611, 1.011835018302413]], "gap": [1.823056065216656], "band_nos": [8], "fill_fraction": 0.063057, "max_gap": 1.823056065216656, "mid_gaps": [1.002695170739512], "gap_range_of_max": [0.993555323176611, 1.011835018302413], "mid_gap_of_max": 1.002695170739512}