{"mid_gaps": [0.6692504220863715], "gap": [0.4635064067542603], "mid_gap_of_max": 0.6692504220863715, "max_gap": 0.4635064067542603, "run_me": true, "_status": {"hR5-Ni3S2-12/fcf1a683/store_strict/0000/80a0672d5bb9bc61b709fc0832129b8e": 1, "hR5-Ni3S2-12/fcf1a683/check_runnin/0000/6fa0e867eba8abb701079463c2fd623f": 1, "hR5-Ni3S2-12/fcf1a683/strict-mpb-h/0000/99b8e0cb10faf90ff0a9d3ca93729fd1": 1, "hR5-Ni3S2-12/fcf1a683/mpb-hR5-Ni3S/0000/649114404c24ccbf062122dec01bb53a": 1, "hR5-Ni3S2-12/fcf1a683/store_data/0000/e9da9cb91b4a3f6e7c57ca8ca4773687": 1, "hR5-Ni3S2-12/fcf1a683/store_fill/0000/f1045c6aa970a4672ba70fa8a055ebee": 1}, "band_nos": [17], "gap_range_of_max": [0.667699412794571, 0.670801431378172], "fill_fraction": 0.254874, "gap_ranges": [[0.667699412794571, 0.670801431378172]]}