{"mid_gap_of_max": 0.6300471303616189, "_status": {"cP12-RhTe2_r/0a903972/check_runnin/0000/0759a9f710bd192892f4c5433da1949e": 1, "cP12-RhTe2_r/0a903972/store_data/0000/25e1ecf4b9d5882eea816ffe1dcebe98": 1, "cP12-RhTe2_r/0a903972/store_strict/0000/37c8adef58f71274cd16c697ae98992a": 1, "cP12-RhTe2_r/0a903972/store_fill/0000/42b4a4acaf4952e088ba9987c3c4e556": 1, "cP12-RhTe2_r/0a903972/mpb-cP12-RhT/0000/88bccd6044823ecfc26b94dfe34397dd": 7, "cP12-RhTe2_r/0a903972/strict-mpb-c/0000/c06cc5e45f294b4acc49f087b8870d6b": 1}, "gap_range_of_max": [0.61520177667572, 0.6448924840475179], "run_me": true, "gap": [4.712458154480237], "max_gap": 4.712458154480237, "fill_fraction": 0.227702, "mid_gaps": [0.6300471303616189], "band_nos": [16], "gap_ranges": [[0.61520177667572, 0.6448924840475179]]}