{"max_gap": 1.1402592003663898, "gap_range_of_max": [0.948325297594849, 0.9592006677544864], "band_nos": [11], "mid_gaps": [0.9537629826746676], "mid_gap_of_max": 0.9537629826746676, "gap": [1.1402592003663898], "gap_ranges": [[0.948325297594849, 0.9592006677544864]], "_status": {"tI14-Ga2HgSe/1350129f/store_strict/0000/cfdc14a3f3331afe6278fd949d90fee3": 1, "tI14-Ga2HgSe/1350129f/store_data/0000/0743c21e3fedd2d91baa71df36d41edc": 1, "tI14-Ga2HgSe/1350129f/strict-mpb-t/0000/2863976d2a0afdf97f4fcd87d66afe51": 1, "tI14-Ga2HgSe/1350129f/store_fill/0000/e262e6c7db4cf9c4fb5dbdfa484f38f8": 1, "tI14-Ga2HgSe/1350129f/mpb-tI14-Ga2/0000/867d82bccb0fbbe506c303740bc3fdeb": 1, "tI14-Ga2HgSe/1350129f/check_runnin/0000/6d2ae93e486d2eca030eb869b47952fb": 1}, "fill_fraction": 0.114232}