{
  "basis": [
    [
      0.0,
      0.0,
      0.0
    ],
    [
      0.5,
      0.5,
      0.5
    ],
    [
      0.223,
      0.976,
      0.539
    ],
    [
      0.777,
      0.976,
      0.461
    ],
    [
      0.258,
      0.525,
      0.002
    ],
    [
      0.742,
      0.525,
      0.998
    ],
    [
      0.596,
      0.011,
      0.26
    ],
    [
      0.404,
      0.011,
      0.74
    ],
    [
      0.092,
      0.427,
      0.399
    ],
    [
      0.908,
      0.427,
      0.601
    ]
  ],
  "lattice_vectors": [
    [
      1.0,
      0.0,
      0.0
    ],
    [
      0.0,
      0.6780914029,
      0.0
    ],
    [
      -0.0788203926,
      0.0,
      0.7303018569
    ]
  ],
  "nbands": 20,
  "structure": "mP10-Sm4C"
}