{"max_gap": 10.17977626060975, "fill_fraction": 0.499568, "gap": [10.17977626060975], "gap_ranges": [[0.29387457354615, 0.3253946860868462]], "mid_gap_of_max": 0.3096346298164981, "mid_gaps": [0.3096346298164981], "gap_range_of_max": [0.29387457354615, 0.3253946860868462], "band_nos": [2]}