{"gap_range_of_max": [0.372409227602083, 0.4357209753916526], "band_nos": [4], "mid_gaps": [0.4040651014968678], "gap_ranges": [[0.372409227602083, 0.4357209753916526]], "max_gap": 15.668699809765535, "fill_fraction": 0.20872, "gap": [15.668699809765535], "mid_gap_of_max": 0.4040651014968678}