{"max_gap": 6.025201760507827, "gap": [6.025201760507827], "strict_calculated": true, "mid_gaps": [0.25550890193754394], "gap_range_of_max": [0.247811438508646, 0.26320636536644193], "mid_gap_of_max": 0.25550890193754394, "band_nos": [2], "fill_fraction": 0.500432, "gap_ranges": [[0.247811438508646, 0.26320636536644193]]}