{"gap_range_of_max": [0.5976733340849, 0.6431366654188041], "band_nos": [10], "gap": [7.328008535082918], "mid_gap_of_max": 0.620404999751852, "max_gap": 7.328008535082918, "gap_ranges": [[0.5976733340849, 0.6431366654188041]], "fill_fraction": 0.221129, "mid_gaps": [0.620404999751852]}