{"max_gap": 2.15315874022149, "fill_fraction": 0.227246, "band_nos": [8], "mid_gaps": [0.5854843544232622], "gap_ranges": [[0.579181150648315, 0.5917875581982094]], "gap": [2.15315874022149], "mid_gap_of_max": 0.5854843544232622, "gap_range_of_max": [0.579181150648315, 0.5917875581982094]}