{"gap_ranges": [[0.556506838515352, 0.5668202380430737]], "mid_gap_of_max": 0.5616635382792128, "gap_range_of_max": [0.556506838515352, 0.5668202380430737], "gap": [1.8362237932193906], "mid_gaps": [0.5616635382792128], "fill_fraction": 0.27019, "max_gap": 1.8362237932193906, "band_nos": [12]}