{"max_gap": 19.072483638683167, "gap": [19.072483638683167], "gap_range_of_max": [0.377388853916523, 0.45695378562508904], "fill_fraction": 0.205328, "mid_gap_of_max": 0.417171319770806, "band_nos": [4], "gap_ranges": [[0.377388853916523, 0.45695378562508904]], "mid_gaps": [0.417171319770806]}