{"gap_range_of_max": [0.722198274290661, 0.7253526548333258], "max_gap": 0.4358230828635465, "gap_ranges": [[0.722198274290661, 0.7253526548333258]], "run_me": true, "band_nos": [8], "mid_gaps": [0.7237754645619934], "gap": [0.4358230828635465], "fill_fraction": 0.081282, "mid_gap_of_max": 0.7237754645619934, "_status": {"hR6-C-14/8070565b/strict-mpb-h/0000/3dd625ec1eb655fef42d0061180a8e6c": 1, "hR6-C-14/8070565b/store_strict/0000/370f2168d3eeddaacfa3d36a030d42a7": 1, "hR6-C-14/8070565b/mpb-hR6-C-14/0000/bcd2288fa71def23f6483058652d69c7": 6, "hR6-C-14/8070565b/store_fill/0000/8edd00a9652607a37094076680193374": 1, "hR6-C-14/8070565b/check_runnin/0000/2df46db16b412b5570dbee05e03f39a6": 1, "hR6-C-14/8070565b/store_data/0000/de9697edfb60f7c857d204486d65378f": 1}}