{"mid_gap_of_max": 0.4685444853735734, "band_nos": [2], "gap_ranges": [[0.417414429475969, 0.5196745412711778]], "mid_gaps": [0.4685444853735734], "max_gap": 21.825059303317854, "gap": [21.825059303317854], "strict_calculated": true, "fill_fraction": 0.110353, "gap_range_of_max": [0.417414429475969, 0.5196745412711778]}