{"gap_range_of_max": [0.42000524654653, 0.42909654218219045], "mid_gaps": [0.4245508943643602, 0.5156878945574792], "gap": [2.1413912339699825, 0.8117781793997239], "band_nos": [12, 18], "fill_fraction": 0.464207, "gap_ranges": [[0.42000524654653, 0.42909654218219045], [0.513594773656567, 0.5177810154583914]], "strict_calculated": true, "max_gap": 2.1413912339699825, "mid_gap_of_max": 0.4245508943643602}