{"max_gap": 0.5393208105404635, "mid_gaps": [0.3655557636775899], "mid_gap_of_max": 0.3655557636775899, "band_nos": [4], "gap": [0.5393208105404635], "fill_fraction": 0.177125, "gap_range_of_max": [0.364570004523768, 0.3665415228314118], "run_me": true, "gap_ranges": [[0.364570004523768, 0.3665415228314118]], "_status": {"tP4-PdO_r-14/d8fc13e4/check_runnin/0000/3c84f5795e962825fef00fb0ae6766cc": 1, "tP4-PdO_r-14/d8fc13e4/store_fill/0000/148622920fc972baf2287f146de4544c": 1, "tP4-PdO_r-14/d8fc13e4/mpb-tP4-PdO_/0000/867fe3bf0a7f5eaeb72bbeee6c234375": 1, "tP4-PdO_r-14/d8fc13e4/strict-mpb-t/0000/08fcaf3633ed0c62206adcf82f097b07": 1, "tP4-PdO_r-14/d8fc13e4/store_data/0000/a67a2490b6f5aa08c23a8156722c705a": 1, "tP4-PdO_r-14/d8fc13e4/store_strict/0000/00d990acffd14b89a80eb8d4a650d7db": 1}}