{"gap": [13.257982935276877], "gap_range_of_max": [0.558434964126674, 0.6377285408077844], "mid_gaps": [0.5980817524672293], "band_nos": [12], "mid_gap_of_max": 0.5980817524672293, "gap_ranges": [[0.558434964126674, 0.6377285408077844]], "max_gap": 13.257982935276877, "strict_calculated": true, "fill_fraction": 0.29335}