{"mid_gaps": [0.7996745381393773], "fill_fraction": 0.167268, "max_gap": 3.6699792522859287, "strict_calculated": true, "gap_ranges": [[0.785000593321613, 0.8143484829571417]], "gap": [3.6699792522859287], "gap_range_of_max": [0.785000593321613, 0.8143484829571417], "mid_gap_of_max": 0.7996745381393773, "band_nos": [16]}