{"band_nos": [16], "gap_ranges": [[0.676127146991776, 0.7043904809428542]], "mid_gap_of_max": 0.6902588139673151, "mid_gaps": [0.6902588139673151], "fill_fraction": 0.181869, "gap": [4.094599500820865], "max_gap": 4.094599500820865, "gap_range_of_max": [0.676127146991776, 0.7043904809428542]}