{"gap_range_of_max": [1.000244639424973, 1.0091033078142317], "max_gap": 0.8817455833301333, "_status": {"tI16-CoCu2Si/405bc725/store_strict/0000/bdb24599607c4bc549d3c7214b62329d": 1, "tI16-CoCu2Si/405bc725/check_runnin/0000/4e9d84186cc928b3556b332d1d81fd99": 1, "tI16-CoCu2Si/405bc725/store_data/0000/c7a8d5b4b20d187f741f87360363187c": 1, "tI16-CoCu2Si/405bc725/store_fill/0000/c2b9e2763a058ccda92bf48b4fdb54b5": 1, "tI16-CoCu2Si/405bc725/mpb-tI16-CoC/0000/9ee2c70f80ddf10cfc585ea61520c7a6": 1, "tI16-CoCu2Si/405bc725/strict-mpb-t/0000/1970f6f61da426e1396df3e2c122ce59": 1}, "mid_gaps": [1.0046739736196024], "fill_fraction": 0.068907, "band_nos": [8], "mid_gap_of_max": 1.0046739736196024, "gap": [0.8817455833301333], "gap_ranges": [[1.000244639424973, 1.0091033078142317]]}