{"number": 2, "std_positions": [[0.337, 0.826, 0.999], [0.663, 0.174, 0.001], [0.262, 0.42, 0.243], [0.738, 0.58, 0.757], [0.576, 0.763, 0.242], [0.424, 0.237, 0.758], [0.081, 0.924, 0.758], [0.919, 0.076, 0.242]], "global_point_groups": ["-1", "1"], "international": "P-1", "equivalent_atoms": [0, 0, 2, 2, 4, 4, 6, 6], "site_point_groups": {"i": {"site_symmetry": ["1"], "name": "2i"}}, "wyckoffs": ["i", "i", "i", "i", "i", "i", "i", "i"], "std_lattice": [[1.0, 0.0, 0.0], [0.4992708623, 0.8689603791, 0.0], [0.4971362257, 0.2893434075, 0.9684602603]]}