{"mid_gaps": [0.561222562272192], "fill_fraction": 0.081186, "max_gap": 3.9213296911723683, "mid_gap_of_max": 0.561222562272192, "gap_range_of_max": [0.55021886878822, 0.5722262557561639], "band_nos": [2], "gap_ranges": [[0.55021886878822, 0.5722262557561639]], "gap": [3.9213296911723683]}