{"strict_calculated": true, "gap": [27.676572653514476], "gap_range_of_max": [0.4274971589583028, 0.5648163425570708], "mid_gaps": [0.49615675075768684], "gap_ranges": [[0.4274971589583028, 0.5648163425570708]], "band_nos": [2], "max_gap": 27.676572653514476, "fill_fraction": 0.081045, "mid_gap_of_max": 0.49615675075768684}