{"fill_fraction": 0.347078, "_status": {"hP36-H2O-8/f17cc896/store_fill/0000/bc66c2a0cdc5b95a08a7a7e939680352": 1, "hP36-H2O-8/f17cc896/store_strict/0000/af75d5a3cf3c3ff2313bd862db9a3ca7": 1, "hP36-H2O-8/f17cc896/mpb-hP36-H2O/0000/8feb25975c91d36caf893ea389f18b77": 6, "hP36-H2O-8/f17cc896/check_runnin/0000/28423e35ebaa7d66ff9f323cc1ad7027": 1, "hP36-H2O-8/f17cc896/store_data/0000/29bf28f77d25c85748384d16dcaacb22": 1, "hP36-H2O-8/f17cc896/strict-mpb-h/0000/659b22cdaf8c69a3bb1d31b3f0d12d1b": 1}, "max_gap": 2.8523206774916634, "band_nos": [12], "gap_ranges": [[0.697338597443987, 0.7175167025836243]], "mid_gap_of_max": 0.7074276500138057, "gap": [2.8523206774916634], "mid_gaps": [0.7074276500138057], "gap_range_of_max": [0.697338597443987, 0.7175167025836243], "run_me": true}