{"mid_gaps": [0.558999849605282], "fill_fraction": 0.502779, "max_gap": 6.981891931275918, "mid_gap_of_max": 0.558999849605282, "gap": [6.981891931275918], "gap_range_of_max": [0.53948546690756, 0.578514232303004], "gap_ranges": [[0.53948546690756, 0.578514232303004]], "band_nos": [12]}