{"run_me": true, "gap_range_of_max": [0.557201834807456, 0.5615297700650604], "_status": {"oP6-CoTe2_r-/1350129f/store_data/0000/e24e3720ee8c62c7e4f2e2f4a8b20fb9": 1, "oP6-CoTe2_r-/1350129f/store_fill/0000/ac19cae354292834f0e8548c94d351b5": 1, "oP6-CoTe2_r-/1350129f/check_runnin/0000/b9ff1280932efd499b6b2bd575f2422e": 1, "oP6-CoTe2_r-/1350129f/mpb-oP6-CoTe/0000/95a1c1fa2bd166586419b9e22cf4e3b5": 1, "oP6-CoTe2_r-/1350129f/store_strict/0000/cc1afebccf76147644a08271ce73ee09": 1, "oP6-CoTe2_r-/1350129f/strict-mpb-o/0000/e541e50d017349a0665ad82a341c573d": 1}, "max_gap": 0.7737218183082066, "gap": [0.7737218183082066], "gap_ranges": [[0.557201834807456, 0.5615297700650604]], "mid_gap_of_max": 0.5593658024362582, "fill_fraction": 0.300325, "mid_gaps": [0.5593658024362582], "band_nos": [8]}