{"gap": [4.8599600187065155], "max_gap": 4.8599600187065155, "gap_ranges": [[0.384020944936762, 0.4031490176676836]], "gap_range_of_max": [0.384020944936762, 0.4031490176676836], "mid_gap_of_max": 0.39358498130222275, "mid_gaps": [0.39358498130222275], "band_nos": [4], "fill_fraction": 0.203419}