{"band_nos": [4], "mid_gap_of_max": 0.42791304205766434, "gap_ranges": [[0.4234381597569813, 0.43238792435834744]], "gap_range_of_max": [0.4234381597569813, 0.43238792435834744], "max_gap": 2.0914914297377383, "mid_gaps": [0.42791304205766434], "fill_fraction": 0.189504, "gap": [2.0914914297377383]}