{"fill_fraction": 0.242442, "gap": [23.56640156992277], "max_gap": 23.56640156992277, "gap_range_of_max": [0.362599290832979, 0.45946474699070494], "mid_gap_of_max": 0.41103201891184193, "mid_gaps": [0.41103201891184193], "gap_ranges": [[0.362599290832979, 0.45946474699070494]], "band_nos": [2]}