{
  "structure": "tI80-LiGaSe2O6",
  "nbands": 20,
  "basis": [
    [
      0.234,
      0.307,
      0.221
    ],
    [
      -0.314,
      0.413,
      -0.221
    ],
    [
      -0.413,
      -0.234,
      -0.327
    ],
    [
      -0.307,
      0.314,
      0.327
    ],
    [
      0.164,
      -0.157,
      -0.173
    ],
    [
      -0.384,
      -0.263,
      0.173
    ],
    [
      0.157,
      0.384,
      -0.279
    ],
    [
      0.263,
      -0.164,
      0.279
    ],
    [
      -0.075,
      -0.137,
      0.038
    ],
    [
      0.425,
      0.287,
      -0.038
    ],
    [
      -0.287,
      0.075,
      -0.462
    ],
    [
      0.137,
      -0.425,
      0.462
    ],
    [
      0.01,
      0.131,
      0.133
    ],
    [
      -0.402,
      0.277,
      -0.133
    ],
    [
      -0.277,
      -0.01,
      -0.279
    ],
    [
      -0.131,
      0.402,
      0.279
    ],
    [
      0.252,
      0.019,
      -0.221
    ],
    [
      -0.16,
      -0.127,
      0.221
    ],
    [
      -0.019,
      0.16,
      -0.367
    ],
    [
      0.127,
      -0.252,
      0.367
    ],
    [
      0.232,
      0.291,
      0.025
    ],
    [
      -0.134,
      -0.393,
      -0.025
    ],
    [
      0.393,
      -0.232,
      -0.341
    ],
    [
      -0.291,
      0.134,
      0.341
    ],
    [
      -0.016,
      -0.141,
      -0.159
    ],
    [
      -0.382,
      -0.457,
      0.159
    ],
    [
      0.141,
      0.382,
      -0.475
    ],
    [
      0.457,
      0.016,
      0.475
    ],
    [
      0.215,
      -0.508,
      0.287
    ],
    [
      -0.195,
      0.328,
      -0.287
    ],
    [
      -0.328,
      -0.215,
      -0.123
    ],
    [
      0.508,
      0.195,
      0.123
    ],
    [
      0.045,
      -0.342,
      -0.377
    ],
    [
      -0.365,
      -0.178,
      0.377
    ],
    [
      0.342,
      0.365,
      -0.213
    ],
    [
      0.178,
      -0.045,
      0.213
    ],
    [
      -0.075,
      0.139,
      0.314
    ],
    [
      0.425,
      0.011,
      -0.314
    ],
    [
      -0.011,
      0.075,
      -0.186
    ],
    [
      -0.139,
      -0.425,
      0.186
    ]
  ],
  "lattice_vectors": [
    [
      -0.5903403822,
      0.5903403822,
      0.5504511479
    ],
    [
      0.5903403822,
      -0.5903403822,
      0.5504511479
    ],
    [
      0.5903403822,
      0.5903403822,
      -0.5504511479
    ]
  ]
}