{"gap": [0.9794835808616253], "_status": {"mC20-Ga2Se3_/467dbef8/store_fill/0000/8034db535eea9fa8797d77f501efcbe9": 1, "mC20-Ga2Se3_/467dbef8/check_runnin/0000/370c087b904346e4acb2ed77d569567f": 1, "mC20-Ga2Se3_/467dbef8/strict-mpb-m/0000/e784533cb8a9db468505e427b23102f6": 1, "mC20-Ga2Se3_/467dbef8/store_data/0000/671d15ddaae571c232b40c82111da9cd": 1, "mC20-Ga2Se3_/467dbef8/mpb-mC20-Ga2/0000/3ddb3ae9b6c33a960c9a01ba0fa52bb7": 7, "mC20-Ga2Se3_/467dbef8/store_strict/0000/56b0d64384d5649e88fdbd608ef27246": 1}, "band_nos": [12], "max_gap": 0.9794835808616253, "mid_gap_of_max": 0.5184571099455094, "gap_ranges": [[0.515918008812646, 0.5209962110783728]], "fill_fraction": 0.491008, "gap_range_of_max": [0.515918008812646, 0.5209962110783728], "run_me": true, "mid_gaps": [0.5184571099455094]}