{"max_gap": 1.32963748321967, "gap": [1.32963748321967], "mid_gaps": [0.4319429956133607], "gap_ranges": [[0.429071357625452, 0.43481463360126943]], "fill_fraction": 0.281816, "_status": {"cI36-NO2_r-8/f4f9fe09/store_data/0000/8b6064f992cc95a2e9e733a02904c2bd": 1, "cI36-NO2_r-8/f4f9fe09/check_runnin/0000/0d9d9de1e054af03f254def93599f60d": 1, "cI36-NO2_r-8/f4f9fe09/store_fill/0000/ed87d6081cace3698921de45e610df2f": 1, "cI36-NO2_r-8/f4f9fe09/strict-mpb-c/0000/1089540b513bbea368843e73fb66191a": 1, "cI36-NO2_r-8/f4f9fe09/store_strict/0000/962fdf5c2610de2b2e74ac3028c948a6": 1, "cI36-NO2_r-8/f4f9fe09/mpb-cI36-NO2/0000/bab7351cd0bb00caac1ca840f269b0a1": 1}, "gap_range_of_max": [0.429071357625452, 0.43481463360126943], "band_nos": [2], "mid_gap_of_max": 0.4319429956133607}