{"mid_gap_of_max": 0.6290954839198625, "band_nos": [8], "gap_ranges": [[0.626461530242029, 0.631729437597696]], "gap": [0.8373780277108507], "fill_fraction": 0.575927, "max_gap": 0.8373780277108507, "mid_gaps": [0.6290954839198625], "gap_range_of_max": [0.626461530242029, 0.631729437597696], "_status": {"tI16-CoCu2Si/7c0613d9/store_fill/0000/431f2e8e759b5a79b1dc6cef685a5dee": 1, "tI16-CoCu2Si/7c0613d9/check_runnin/0000/ac11ee728bafaa345d2184ff68db132e": 1, "tI16-CoCu2Si/7c0613d9/mpb-tI16-CoC/0000/fde66dd0bbdc919ca1299b5b782fc177": 1, "tI16-CoCu2Si/7c0613d9/store_data/0000/8be6bfe65834d40247b32d46a99ea07d": 1, "tI16-CoCu2Si/7c0613d9/strict-mpb-t/0000/780a96428bead8a4a8ec0e8232738c99": 1, "tI16-CoCu2Si/7c0613d9/store_strict/0000/7bce1f25b9efca3d8d1eeb58eae8bf77": 1}}