{"max_gap": 1.9107219668127873, "fill_fraction": 0.243908, "mid_gap_of_max": 0.5410513764316626, "gap_range_of_max": [0.535882382681051, 0.5462203701822741], "band_nos": [8], "gap": [1.9107219668127873], "gap_ranges": [[0.535882382681051, 0.5462203701822741]], "mid_gaps": [0.5410513764316626]}