{"gap_range_of_max": [0.715422695442417, 0.7173566803065838], "run_me": true, "gap": [0.26996268886902325], "gap_ranges": [[0.715422695442417, 0.7173566803065838]], "fill_fraction": 0.339351, "mid_gap_of_max": 0.7163896878745004, "band_nos": [10], "mid_gaps": [0.7163896878745004], "max_gap": 0.26996268886902325, "_status": {"hP14-N4Si3-1/234b3515/store_fill/0000/599a70abf6e71947534d9ac45bea7d74": 1, "hP14-N4Si3-1/234b3515/store_data/0000/c949e82a67f3be98c8ccb732ef3d4409": 1, "hP14-N4Si3-1/234b3515/check_runnin/0000/785f446f94be8e1142c6d752b08a41dc": 1, "hP14-N4Si3-1/234b3515/store_strict/0000/129acf0d571462940466828f850819f1": 1, "hP14-N4Si3-1/234b3515/strict-mpb-h/0000/3eceb3c83b0281e5cc64e7b48f917d06": 1, "hP14-N4Si3-1/234b3515/mpb-hP14-N4S/0000/0ec90857dc918ab1482ead0922f7ab82": 6}}