{"max_gap": 8.562564526058742, "mid_gaps": [0.7589322635392618], "gap_range_of_max": [0.726440231151948, 0.7914242959265756], "fill_fraction": 0.23508, "band_nos": [8], "gap_ranges": [[0.726440231151948, 0.7914242959265756]], "mid_gap_of_max": 0.7589322635392618, "gap": [8.562564526058742]}