{"gap_range_of_max": [0.260213011484312, 0.2718014068042273], "fill_fraction": 0.583218, "band_nos": [2], "gap": [4.356421526015866], "mid_gap_of_max": 0.2660072091442697, "mid_gaps": [0.2660072091442697], "gap_ranges": [[0.260213011484312, 0.2718014068042273]], "max_gap": 4.356421526015866}