{"mid_gap_of_max": 0.627673920476724, "run_me": true, "_status": {"hR15-Ni3S2-1/33546324/check_runnin/0000/d63b0c7be1eb9e88e22e2999962ef0e8": 1, "hR15-Ni3S2-1/33546324/store_fill/0000/bb8f1d303fec12b2a90ed9a0a05e8bf3": 1, "hR15-Ni3S2-1/33546324/strict-mpb-h/0000/2d29a727fcdfa198b90804c62adec795": 1, "hR15-Ni3S2-1/33546324/store_strict/0000/f1cf0fe25a10a26dcad48697df390ed8": 1, "hR15-Ni3S2-1/33546324/store_data/0000/8f261ed91c5ddf71763565e8537bd3da": 1, "hR15-Ni3S2-1/33546324/mpb-hR15-Ni3/0000/b55e861435f6a073a41b138bd320faa1": 7}, "band_nos": [16, 17], "gap": [0.256569063535022, 2.293875458743], "gap_range_of_max": [0.620474891465351, 0.634872949488097], "mid_gaps": [0.6116449695398931, 0.627673920476724], "fill_fraction": 0.254853, "gap_ranges": [[0.610860323654639, 0.6124296154251471], [0.620474891465351, 0.634872949488097]], "max_gap": 2.293875458743}