{"gap_ranges": [[0.321478763351421, 0.3261655015114328]], "gap_range_of_max": [0.321478763351421, 0.3261655015114328], "fill_fraction": 0.494123, "run_me": true, "band_nos": [4], "gap": [1.4473186637430913], "mid_gaps": [0.3238221324314269], "max_gap": 1.4473186637430913, "mid_gap_of_max": 0.3238221324314269}