{"strict_calculated": true, "gap_range_of_max": [0.363092926968262, 0.40543478700503943], "gap": [11.018954623735906], "gap_ranges": [[0.363092926968262, 0.40543478700503943]], "max_gap": 11.018954623735906, "fill_fraction": 0.273237, "mid_gap_of_max": 0.3842638569866507, "band_nos": [5], "mid_gaps": [0.3842638569866507]}