{"mid_gaps": [0.5780077076338325], "gap_ranges": [[0.541795538089166, 0.6142198771784989]], "band_nos": [8], "gap": [12.529995384631304], "mid_gap_of_max": 0.5780077076338325, "fill_fraction": 0.394613, "max_gap": 12.529995384631304, "gap_range_of_max": [0.541795538089166, 0.6142198771784989]}