{"gap_ranges": [[0.4317357639636067, 0.4792233240109586]], "max_gap": 10.425838146680354, "mid_gaps": [0.45547954398728263], "mid_gap_of_max": 0.45547954398728263, "fill_fraction": 0.198262, "gap_range_of_max": [0.4317357639636067, 0.4792233240109586], "gap": [10.425838146680354], "run_me": true, "band_nos": [4]}