{"band_nos": [4, 12], "fill_fraction": 0.327888, "max_gap": 15.65750977766765, "gap": [15.65750977766765, 0.840573967914372], "gap_ranges": [[0.277576510448048, 0.3247295777756009], [0.420524953870924, 0.4240746962670022]], "gap_range_of_max": [0.277576510448048, 0.3247295777756009], "mid_gaps": [0.3011530441118244, 0.42229982506896313], "strict_calculated": true, "mid_gap_of_max": 0.3011530441118244}