{"gap": [9.129171030968951], "gap_ranges": [[0.4033587452780365, 0.4419432790422578]], "gap_range_of_max": [0.4033587452780365, 0.4419432790422578], "band_nos": [4], "mid_gaps": [0.4226510121601471], "max_gap": 9.129171030968951, "fill_fraction": 0.113507, "mid_gap_of_max": 0.4226510121601471}