{"gap": [2.392878762255591], "band_nos": [8], "gap_ranges": [[0.737040937946597, 0.7548909991820271]], "max_gap": 2.392878762255591, "gap_range_of_max": [0.737040937946597, 0.7548909991820271], "mid_gaps": [0.7459659685643121], "mid_gap_of_max": 0.7459659685643121, "fill_fraction": 0.193288}