{"gap_ranges": [[0.35124409475747, 0.3607109702087371], [0.566832121850189, 0.5708381846831038]], "mid_gap_of_max": 0.35597753248310354, "fill_fraction": 0.33767, "band_nos": [4, 16], "gap": [2.6594025148807696, 0.7042572544803197], "strict_calculated": true, "mid_gaps": [0.35597753248310354, 0.5688351532666465], "max_gap": 2.6594025148807696, "gap_range_of_max": [0.35124409475747, 0.3607109702087371]}