{
  "basis": [
    [
      -0.4615384615,
      -0.4615384615,
      -0.4615384615
    ],
    [
      0.0384615385,
      0.3704615385,
      -0.2935384615
    ],
    [
      0.0384615385,
      -0.2935384615,
      0.3704615385
    ],
    [
      -0.2935384615,
      0.0384615385,
      0.0384615385
    ],
    [
      0.3704615385,
      0.0384615385,
      0.0384615385
    ],
    [
      -0.2935384615,
      0.3704615385,
      0.0384615385
    ],
    [
      0.3704615385,
      -0.2935384615,
      0.0384615385
    ],
    [
      0.0384615385,
      0.0384615385,
      0.3704615385
    ],
    [
      0.0384615385,
      0.0384615385,
      -0.2935384615
    ],
    [
      0.0384615385,
      0.3704615385,
      0.0384615385
    ],
    [
      0.0384615385,
      -0.2935384615,
      0.0384615385
    ],
    [
      0.3704615385,
      0.0384615385,
      -0.2935384615
    ],
    [
      -0.2935384615,
      0.0384615385,
      0.3704615385
    ]
  ],
  "lattice_vectors": [
    [
      0.0,
      0.7071067812,
      0.7071067812
    ],
    [
      0.7071067812,
      0.0,
      0.7071067812
    ],
    [
      0.7071067812,
      0.7071067812,
      0.0
    ]
  ],
  "nbands": 20,
  "structure": "cF52-UB12"
}