{"gap_ranges": [[0.465987323449913, 0.5588575285529663]], "fill_fraction": 0.112589, "gap": [18.12375891268889], "band_nos": [2], "gap_range_of_max": [0.465987323449913, 0.5588575285529663], "mid_gaps": [0.5124224260014396], "max_gap": 18.12375891268889, "mid_gap_of_max": 0.5124224260014396}