{
  "lattice_vectors": [
    [
      1.0,
      0.0,
      0.0
    ],
    [
      0.0,
      1.6792656652,
      0.0
    ],
    [
      0.0,
      0.0,
      0.6076313993
    ]
  ],
  "basis": [
    [
      -0.1165,
      0.1251,
      -0.3965
    ],
    [
      0.1165,
      -0.1251,
      -0.3965
    ],
    [
      -0.3835,
      -0.3749,
      0.3965
    ],
    [
      0.3835,
      0.3749,
      0.3965
    ],
    [
      0.2107,
      0.069,
      0.4377
    ],
    [
      -0.2107,
      -0.069,
      0.4377
    ],
    [
      0.2893,
      -0.431,
      -0.4377
    ],
    [
      -0.2893,
      0.431,
      -0.4377
    ],
    [
      -0.206,
      0.007,
      -0.217
    ],
    [
      0.206,
      -0.007,
      -0.217
    ],
    [
      -0.294,
      -0.493,
      0.217
    ],
    [
      0.294,
      0.493,
      0.217
    ],
    [
      -0.001,
      0.117,
      0.182
    ],
    [
      0.001,
      -0.117,
      0.182
    ],
    [
      -0.499,
      -0.383,
      -0.182
    ],
    [
      0.499,
      0.383,
      -0.182
    ],
    [
      0.284,
      0.23,
      -0.447
    ],
    [
      -0.284,
      -0.23,
      -0.447
    ],
    [
      0.216,
      -0.27,
      0.447
    ],
    [
      -0.216,
      0.27,
      0.447
    ],
    [
      0.123,
      0.36,
      -0.25
    ],
    [
      -0.123,
      -0.36,
      -0.25
    ],
    [
      0.377,
      -0.14,
      0.25
    ],
    [
      -0.377,
      0.14,
      0.25
    ],
    [
      0.01,
      0.28,
      -0.074
    ],
    [
      -0.01,
      -0.28,
      -0.074
    ],
    [
      0.49,
      -0.22,
      0.074
    ],
    [
      -0.49,
      0.22,
      0.074
    ],
    [
      -0.015,
      0.418,
      -0.033
    ],
    [
      0.015,
      -0.418,
      -0.033
    ],
    [
      -0.485,
      -0.082,
      0.033
    ],
    [
      0.485,
      0.082,
      0.033
    ],
    [
      -0.191,
      0.0165,
      -0.3399
    ],
    [
      0.191,
      -0.0165,
      -0.3399
    ],
    [
      -0.309,
      -0.4835,
      0.3399
    ],
    [
      0.309,
      0.4835,
      0.3399
    ],
    [
      0.0285,
      0.1137,
      0.3812
    ],
    [
      -0.0285,
      -0.1137,
      0.3812
    ],
    [
      0.4715,
      -0.3863,
      -0.3812
    ],
    [
      -0.4715,
      0.3863,
      -0.3812
    ],
    [
      -0.2469,
      0.1841,
      0.4701
    ],
    [
      0.2469,
      -0.1841,
      0.4701
    ],
    [
      -0.2531,
      -0.3159,
      -0.4701
    ],
    [
      0.2531,
      0.3159,
      -0.4701
    ],
    [
      -0.0546,
      0.1623,
      -0.1413
    ],
    [
      0.0546,
      -0.1623,
      -0.1413
    ],
    [
      -0.4454,
      -0.3377,
      0.1413
    ],
    [
      0.4454,
      0.3377,
      0.1413
    ],
    [
      0.314,
      0.1444,
      -0.4243
    ],
    [
      -0.314,
      -0.1444,
      -0.4243
    ],
    [
      0.186,
      -0.3556,
      0.4243
    ],
    [
      -0.186,
      0.3556,
      0.4243
    ],
    [
      0.2761,
      0.0318,
      0.1835
    ],
    [
      -0.2761,
      -0.0318,
      0.1835
    ],
    [
      0.2239,
      -0.4682,
      -0.1835
    ],
    [
      -0.2239,
      0.4682,
      -0.1835
    ],
    [
      0.0389,
      0.3483,
      -0.0199
    ],
    [
      -0.0389,
      -0.3483,
      -0.0199
    ],
    [
      0.4611,
      -0.1517,
      0.0199
    ],
    [
      -0.4611,
      0.1517,
      0.0199
    ]
  ],
  "structure": "oP60-P2H6N2O5",
  "nbands": 20
}