{"mid_gap_of_max": 0.4669374008684485, "fill_fraction": 0.104615, "mid_gaps": [0.4669374008684485], "gap_ranges": [[0.427650609881254, 0.506224191855643]], "max_gap": 16.82743379053607, "gap_range_of_max": [0.427650609881254, 0.506224191855643], "gap": [16.82743379053607], "strict_calculated": true, "band_nos": [2]}