{"gap_ranges": [[0.669777581881895, 0.6924007387017845]], "band_nos": [16], "fill_fraction": 0.292894, "gap": [3.3216145754243427], "gap_range_of_max": [0.669777581881895, 0.6924007387017845], "max_gap": 3.3216145754243427, "mid_gap_of_max": 0.6810891602918397, "mid_gaps": [0.6810891602918397]}