{"mid_gaps": [0.7728230861260562], "gap_ranges": [[0.74094487846413, 0.8047012937879824]], "band_nos": [8], "gap": [8.249807293341163], "mid_gap_of_max": 0.7728230861260562, "fill_fraction": 0.20562, "max_gap": 8.249807293341163, "gap_range_of_max": [0.74094487846413, 0.8047012937879824]}