{"gap_ranges": [[0.68342486025546, 0.6904062362208155]], "gap": [1.0163368675021194], "mid_gaps": [0.6869155482381377], "mid_gap_of_max": 0.6869155482381377, "gap_range_of_max": [0.68342486025546, 0.6904062362208155], "_status": {"cF88-O7Pr2Zr/8070565b/store_data/0000/de2c003eee314c16640819080a6a8348": 1, "cF88-O7Pr2Zr/8070565b/mpb-cF88-O7P/0000/838cc5c4d062bb57d24db966f336a256": 7, "cF88-O7Pr2Zr/8070565b/store_strict/0000/9012352a22fdddbc315fb3f9c9e6b6a4": 1, "cF88-O7Pr2Zr/8070565b/strict-mpb-c/0000/550eacc5c62b2a6e9e5d9b8b7d3e4070": 1, "cF88-O7Pr2Zr/8070565b/check_runnin/0000/3870df34327850f3549977b2ed786c21": 1, "cF88-O7Pr2Zr/8070565b/store_fill/0000/ab0c12c46b1267a6ee1adf86880d7956": 1}, "band_nos": [14], "run_me": true, "fill_fraction": 0.269428, "max_gap": 1.0163368675021194}