{"max_gap": 5.968150874251733, "gap": [5.968150874251733], "mid_gaps": [0.46474207095928183], "fill_fraction": 0.1619, "mid_gap_of_max": 0.46474207095928183, "gap_range_of_max": [0.4508738169737958, 0.47861032494476785], "band_nos": [16], "gap_ranges": [[0.4508738169737958, 0.47861032494476785]], "strict_calculated": true}