{"mid_gaps": [0.4653893860532643], "fill_fraction": 0.348491, "strict_calculated": true, "gap_range_of_max": [0.4434730150047756, 0.48730575710175306], "gap_ranges": [[0.4434730150047756, 0.48730575710175306]], "mid_gap_of_max": 0.4653893860532643, "max_gap": 9.41850919048693, "gap": [9.41850919048693], "band_nos": [12]}