{"mid_gap_of_max": 0.6666817054185092, "mid_gaps": [0.6666817054185092], "gap": [0.2472789185116449], "gap_range_of_max": [0.665857423762972, 0.6675059870740464], "fill_fraction": 0.20904, "gap_ranges": [[0.665857423762972, 0.6675059870740464]], "band_nos": [12], "_status": {"mC24-Ag2S3Te/7c5a4e54/store_strict/0000/081dbb48b769ca50e1aa3624976c12e4": 1, "mC24-Ag2S3Te/7c5a4e54/strict-mpb-m/0000/28d23ef27eddba2135538c26f313d0c3": 1, "mC24-Ag2S3Te/7c5a4e54/store_fill/0000/0da967c9e29ed413358b0b67c0cae739": 1, "mC24-Ag2S3Te/7c5a4e54/check_runnin/0000/761dfbac30d62c060b7fd9c46f82b2e3": 1, "mC24-Ag2S3Te/7c5a4e54/mpb-mC24-Ag2/0000/64ca062b0727c673000c52b7a2b982c8": 6, "mC24-Ag2S3Te/7c5a4e54/store_data/0000/3b02f9f1f553a9ee536f5b819d52c037": 1}, "run_me": true, "max_gap": 0.2472789185116449}