{"gap": [33.358546727505235], "strict_calculated": true, "mid_gap_of_max": 0.38119626724573186, "max_gap": 33.358546727505235, "gap_range_of_max": [0.317615499779395, 0.44477703471206864], "mid_gaps": [0.38119626724573186], "gap_ranges": [[0.317615499779395, 0.44477703471206864]], "fill_fraction": 0.190555, "band_nos": [2]}