{"mid_gap_of_max": 0.6449809694481584, "_status": {"cF56-Ag2MoO4/6ce9abd1/check_runnin/0000/7c25f59f2406073590990f70c7c688a6": 1, "cF56-Ag2MoO4/6ce9abd1/store_strict/0000/80103577fa05371e7457ef411aeee703": 1, "cF56-Ag2MoO4/6ce9abd1/store_data/0000/ecf5bf0f67cb5af8bddb3529645328af": 1, "cF56-Ag2MoO4/6ce9abd1/strict-mpb-c/0000/c16288e025c192bf7f6610ee5af41e41": 1, "cF56-Ag2MoO4/6ce9abd1/mpb-cF56-Ag2/0000/4af6b4a9ae4895220277aba685bab995": 7, "cF56-Ag2MoO4/6ce9abd1/store_fill/0000/e272dceff718eca068294a924eb1de86": 1}, "run_me": true, "mid_gaps": [0.6449809694481584], "band_nos": [18], "fill_fraction": 0.544714, "gap_ranges": [[0.643450025923496, 0.6465119129728208]], "gap": [0.4747251770767289], "gap_range_of_max": [0.643450025923496, 0.6465119129728208], "max_gap": 0.4747251770767289}