{"fill_fraction": 0.206293, "mid_gap_of_max": 0.6404026565278071, "mid_gaps": [0.6404026565278071], "band_nos": [16], "_status": {"cP33-RbNO3-1/7009c3ff/mpb-cP33-RbN/0000/dded9ccd8a3a51924e89e847ef8a81b0": 1, "cP33-RbNO3-1/7009c3ff/strict-mpb-c/0000/c0dfc04f21ccaadafdbf205a62835e66": 1, "cP33-RbNO3-1/7009c3ff/check_runnin/0000/db5a56d29f9dc6da6fc6222a8a113d99": 1, "cP33-RbNO3-1/7009c3ff/store_fill/0000/7816a31bac7aa3ac4beba99a3ae1ceab": 1, "cP33-RbNO3-1/7009c3ff/store_data/0000/df75805aad3abd23bff044e7751d8e06": 1, "cP33-RbNO3-1/7009c3ff/store_strict/0000/667cd2ee619c0727939a5b0d3b5e0d36": 1}, "gap": [0.6265099264817384], "max_gap": 0.6265099264817384, "gap_range_of_max": [0.638396563421507, 0.6424087496341072], "gap_ranges": [[0.638396563421507, 0.6424087496341072]]}