{"strict_calculated": true, "gap_ranges": [[0.5546707505177, 0.5757931420926524]], "gap": [3.7369422788334687], "gap_range_of_max": [0.5546707505177, 0.5757931420926524], "band_nos": [10], "max_gap": 3.7369422788334687, "fill_fraction": 0.269104, "mid_gaps": [0.5652319463051763], "mid_gap_of_max": 0.5652319463051763}