{"mid_gap_of_max": 0.2939743896393986, "gap_ranges": [[0.290727404839261, 0.2972213744395361]], "gap_range_of_max": [0.290727404839261, 0.2972213744395361], "band_nos": [2], "max_gap": 2.209025625749266, "gap": [2.209025625749266], "fill_fraction": 0.632274, "mid_gaps": [0.2939743896393986]}