{"gap_ranges": [[0.427741816747344, 0.4857837231315864]], "max_gap": 12.707232332428001, "mid_gaps": [0.4567627699394652], "band_nos": [4], "mid_gap_of_max": 0.4567627699394652, "fill_fraction": 0.170899, "gap_range_of_max": [0.427741816747344, 0.4857837231315864], "gap": [12.707232332428001]}