{"mid_gaps": [0.3875483774977695], "fill_fraction": 0.300322, "max_gap": 18.191748247903952, "gap_range_of_max": [0.3522974649111541, 0.4227992900843848], "mid_gap_of_max": 0.3875483774977695, "band_nos": [2], "gap_ranges": [[0.3522974649111541, 0.4227992900843848]], "gap": [18.191748247903952]}