{"gap": [2.9709965023183647], "fill_fraction": 0.469786, "mid_gap_of_max": 0.43210189315590475, "max_gap": 2.9709965023183647, "mid_gaps": [0.43210189315590475], "strict_calculated": true, "gap_ranges": [[0.425683027089848, 0.43852075922196143]], "gap_range_of_max": [0.425683027089848, 0.43852075922196143], "band_nos": [8]}