{"mid_gap_of_max": 0.2847598164386028, "fill_fraction": 0.37128, "mid_gaps": [0.2847598164386028], "gap_ranges": [[0.276697306328805, 0.29282232654840057]], "max_gap": 5.662674046242052, "gap_range_of_max": [0.276697306328805, 0.29282232654840057], "gap": [5.662674046242052], "strict_calculated": true, "band_nos": [2]}