{"max_gap": 7.952965135066535, "band_nos": [4], "gap_ranges": [[0.368242291586499, 0.3987412587619535]], "mid_gaps": [0.3834917751742263], "gap": [7.952965135066535], "mid_gap_of_max": 0.3834917751742263, "gap_range_of_max": [0.368242291586499, 0.3987412587619535], "fill_fraction": 0.36338}