{"mid_gaps": [0.6094498841463858], "mid_gap_of_max": 0.6094498841463858, "band_nos": [7], "gap": [4.278930678086243], "gap_ranges": [[0.596410915116235, 0.6224888531765367]], "gap_range_of_max": [0.596410915116235, 0.6224888531765367], "fill_fraction": 0.170964, "max_gap": 4.278930678086243}