{"mid_gap_of_max": 1.0475281794701998, "band_nos": [14], "gap_range_of_max": [1.040821588476264, 1.0542347704641355], "gap_ranges": [[1.040821588476264, 1.0542347704641355]], "gap": [1.2804602540291132], "mid_gaps": [1.0475281794701998], "max_gap": 1.2804602540291132, "_status": {"cF52-Na3CoC2/6ce9abd1/store_fill/0000/d77ba30c18a140e08cffcef574d31b17": 1, "cF52-Na3CoC2/6ce9abd1/strict-mpb-c/0000/88a184ba7f12a73b580eb8b370325aeb": 1, "cF52-Na3CoC2/6ce9abd1/store_data/0000/1e939135beb51d66b79f42a213b1db95": 1, "cF52-Na3CoC2/6ce9abd1/check_runnin/0000/b6f70bd87642aa0bc481174a883d2eb6": 1, "cF52-Na3CoC2/6ce9abd1/mpb-cF52-Na3/0000/27763773cb2641aab386f01e290c3f33": 1, "cF52-Na3CoC2/6ce9abd1/store_strict/0000/0d3a653bf6b5b3aa37c002f946aef7b9": 1}, "fill_fraction": 0.062984}