{"mid_gap_of_max": 0.29375102234975575, "gap_range_of_max": [0.288855405598728, 0.2986466391007835], "gap": [3.3331742724614557], "max_gap": 3.3331742724614557, "gap_ranges": [[0.288855405598728, 0.2986466391007835]], "mid_gaps": [0.29375102234975575], "fill_fraction": 0.557697, "band_nos": [2]}