{"fill_fraction": 0.172076, "band_nos": [2], "mid_gaps": [0.4596571482711542], "gap_range_of_max": [0.407476119090439, 0.5118381774518694], "gap_ranges": [[0.407476119090439, 0.5118381774518694]], "mid_gap_of_max": 0.4596571482711542, "gap": [22.70432620355253], "max_gap": 22.70432620355253}