{
  "basis": [
    [
      -0.2857142857,
      -0.2857142857,
      -0.2857142857
    ],
    [
      0.0042857143,
      0.0042857143,
      -0.2857142857
    ],
    [
      0.4242857143,
      0.4242857143,
      -0.2857142857
    ],
    [
      0.0042857143,
      -0.2857142857,
      0.0042857143
    ],
    [
      0.4242857143,
      -0.2857142857,
      0.4242857143
    ],
    [
      -0.2857142857,
      0.4242857143,
      0.4242857143
    ],
    [
      -0.2857142857,
      0.0042857143,
      0.0042857143
    ]
  ],
  "structure": "cI14-MoF6_r",
  "nbands": 20,
  "lattice_vectors": [
    [
      -0.5773502692,
      0.5773502692,
      0.5773502692
    ],
    [
      0.5773502692,
      -0.5773502692,
      0.5773502692
    ],
    [
      0.5773502692,
      0.5773502692,
      -0.5773502692
    ]
  ]
}