{"fill_fraction": 0.160993, "mid_gaps": [0.4236381047166684], "max_gap": 6.946590170112769, "band_nos": [4], "gap_range_of_max": [0.408923903247118, 0.43835230618621884], "gap": [6.946590170112769], "mid_gap_of_max": 0.4236381047166684, "gap_ranges": [[0.408923903247118, 0.43835230618621884]]}