{"gap_range_of_max": [0.3653426387500946, 0.429422652459282], "mid_gap_of_max": 0.3973826456046883, "fill_fraction": 0.186692, "mid_gaps": [0.3973826456046883], "gap": [16.125518921863897], "band_nos": [2], "max_gap": 16.125518921863897, "gap_ranges": [[0.3653426387500946, 0.429422652459282]]}