{
  "basis": [
    [
      -0.2012,
      -0.0512,
      0.35
    ],
    [
      -0.2512,
      0.3988,
      0.25
    ],
    [
      0.1988,
      -0.0512,
      -0.25
    ],
    [
      -0.2512,
      -0.0012,
      -0.15
    ],
    [
      -0.3902,
      -0.4402,
      -0.45
    ],
    [
      0.3598,
      -0.1902,
      0.05
    ],
    [
      -0.0212,
      0.2088,
      0.27
    ],
    [
      0.0088,
      -0.2612,
      0.33
    ],
    [
      0.5388,
      0.2088,
      -0.17
    ],
    [
      0.0088,
      0.1788,
      -0.23
    ]
  ],
  "lattice_vectors": [
    [
      -0.4891335496,
      0.4891335496,
      0.7221473128
    ],
    [
      0.4891335496,
      -0.4891335496,
      0.7221473128
    ],
    [
      0.4891335496,
      0.4891335496,
      -0.7221473128
    ]
  ],
  "nbands": 20,
  "structure": "tI20-Ga2TeSe2_r"
}