{"mid_gap_of_max": 0.5594078285711619, "_status": {"hP4-AlAgS2-1/5cca192b/check_runnin/0000/49e7a5d5e1ea4c5eebb89bab721deb7f": 1, "hP4-AlAgS2-1/5cca192b/mpb-hP4-AlAg/0000/65912c43e941ca143db25305a8b03af5": 1, "hP4-AlAgS2-1/5cca192b/store_fill/0000/f089a30b646c305e2c1ec9edd1d3d4df": 1, "hP4-AlAgS2-1/5cca192b/store_data/0000/1a0abc46e9a719b0e3a84a9d1c588725": 1, "hP4-AlAgS2-1/5cca192b/store_strict/0000/dd8b713e349f59afdb9f797fac3e1c24": 1, "hP4-AlAgS2-1/5cca192b/strict-mpb-h/0000/8ed487c3fa3bf40c366e6739c3007d8b": 1}, "gap": [2.4967976691232523], "fill_fraction": 0.217332, "band_nos": [18], "gap_ranges": [[0.552424187758833, 0.5663914693834908]], "mid_gaps": [0.5594078285711619], "max_gap": 2.4967976691232523, "gap_range_of_max": [0.552424187758833, 0.5663914693834908]}