{"gap": [3.7556549649677105], "gap_ranges": [[0.389938368988531, 0.40486337456014904]], "max_gap": 3.7556549649677105, "mid_gap_of_max": 0.39740087177434, "fill_fraction": 0.569497, "band_nos": [8], "gap_range_of_max": [0.389938368988531, 0.40486337456014904], "mid_gaps": [0.39740087177434]}