{"gap_range_of_max": [0.2878168413773108, 0.31470004244867655], "max_gap": 8.923634106535625, "band_nos": [4], "gap": [8.923634106535625], "mid_gap_of_max": 0.30125844191299367, "fill_fraction": 0.427042, "gap_ranges": [[0.2878168413773108, 0.31470004244867655]], "mid_gaps": [0.30125844191299367]}