{"mid_gap_of_max": 0.3753653881062792, "max_gap": 3.267428060488236, "band_nos": [4], "gap": [3.267428060488236], "gap_ranges": [[0.3692329910961066, 0.38149778511645177]], "fill_fraction": 0.270163, "gap_range_of_max": [0.3692329910961066, 0.38149778511645177], "mid_gaps": [0.3753653881062792]}