{"gap_ranges": [[0.986141580007227, 0.9999881300083161]], "mid_gap_of_max": 0.9930648550077715, "run_me": true, "gap_range_of_max": [0.986141580007227, 0.9999881300083161], "max_gap": 1.3943248450757249, "fill_fraction": 0.139894, "mid_gaps": [0.9930648550077715], "gap": [1.3943248450757249], "_status": {"hP9-S_r-14/1d563d38/store_data/0000/87a37a6dc4ba2b534dd26edadbbc5e4b": 1, "hP9-S_r-14/1d563d38/store_strict/0000/932ac09062656d5388e9431c67f0082e": 1, "hP9-S_r-14/1d563d38/check_runnin/0000/caaaa3045f6bff607ae717454bfb9e76": 1, "hP9-S_r-14/1d563d38/mpb-hP9-S_r-/0000/e737dd12e3d60fb71259dc6d481978a3": 7, "hP9-S_r-14/1d563d38/store_fill/0000/26a96d3f48672a96f4cdd5082b5f5bca": 1, "hP9-S_r-14/1d563d38/strict-mpb-h/0000/e6414078f6cea3b03d827eac2528abfa": 1}, "band_nos": [18]}