{"gap_range_of_max": [0.657349184904877, 0.6580556983962433], "mid_gaps": [0.6577024416505601], "band_nos": [], "fill_fraction": 0.190979, "gap_ranges": [[0.657349184904877, 0.6580556983962433]], "mid_gap_of_max": 0.6577024416505601, "gap": [0.1074214487622195], "max_gap": 0.1074214487622195}