{"max_gap": 0.09250264152030707, "status": {"5f35922251b2096967913afc61cf7454-strict-mpb-oP4-Ca": 1, "5f35922251b2096967913afc61cf7454-mpb-oP4-Ca": 1}, "fill_fraction": 0.400706, "gap_ranges": [[0.535488988346409, 0.5359845590136589]], "strict_gap_ranges": [[0.535488988346409, 0.5359845590136589]], "mid_gap_of_max": 0.535736773680034, "gap": [0.09250264152030707], "strict_mid_gap_of_max": 0.535736773680034, "mid_gaps": [0.535736773680034], "gap_range_of_max": [0.535488988346409, 0.5359845590136589], "band_nos": [8], "strict_mid_gaps": [0.535736773680034], "strict_gap": [0.09250264152030707], "strict_max_gap": 0.09250264152030707, "recalc_mid_gaps": true, "strict_gap_range_of_max": [0.535488988346409, 0.5359845590136589]}