{"gap": [1.3373246727552268], "strict_calculated": true, "band_nos": [8], "gap_ranges": [[0.3981213613481915, 0.40348137694654]], "mid_gap_of_max": 0.40080136914736575, "fill_fraction": 0.539822, "max_gap": 1.3373246727552268, "mid_gaps": [0.40080136914736575], "gap_range_of_max": [0.3981213613481915, 0.40348137694654]}