{"gap": [24.512973219783312, 0.4229611222044269], "fill_fraction": 0.280474, "mid_gaps": [0.3657944600982428, 0.5562266422484934], "mid_gap_of_max": 0.3657944600982428, "gap_range_of_max": [0.320960911076576, 0.41062800911990954], "gap_ranges": [[0.320960911076576, 0.41062800911990954], [0.555050331024466, 0.5574029534725207]], "max_gap": 24.512973219783312, "band_nos": [2, 8]}