{"gap_ranges": [[0.3019785713801101, 0.30595226378543006]], "band_nos": [2], "max_gap": 1.3072843736369704, "gap": [1.3072843736369704], "mid_gap_of_max": 0.30396541758277007, "fill_fraction": 0.540807, "gap_range_of_max": [0.3019785713801101, 0.30595226378543006], "mid_gaps": [0.30396541758277007]}