{"run_me": true, "mid_gap_of_max": 0.5578440402687203, "strict_mid_gap_of_max": 0.5578440402687203, "strict_gap_range_of_max": [0.557734942437605, 0.5579531380998355], "gap_range_of_max": [0.557734942437605, 0.5579531380998355], "fill_fraction": 0.110008, "strict_mid_gaps": [0.5578440402687203, 0.642259925046913], "band_nos": [5, 6], "gap": [0.0391140975755768, 0.0003104029904253941], "gap_ranges": [[0.557734942437605, 0.5579531380998355], [0.642258928249906, 0.64226092184392]], "recalc_mid_gaps": true, "_status": {"cF12-Li2O/05ff7be2/store_gap/0000/b671bda58c3e174fe20f69aca1e28224": 1, "cF12-Li2O/05ff7be2/store_ff/0000/f131d335399cbea51cd244f529c94ca5": 1, "cF12-Li2O/05ff7be2/store_strict/0000/104f98d8ca2386b2a0b688b9deaea8b6": 1, "cF12-Li2O/05ff7be2/strict-mpb-c/0000/cb58643cef70cd1c5d9024dad525fbbe": 1, "cF12-Li2O/05ff7be2/calculate/0000/91e3bab37637a08f76c0373857daf2b7": 1, "cF12-Li2O/05ff7be2/store_mid_ga/0000/9e81253b395f2837f53ab85bee43ccb1": 1, "cF12-Li2O/05ff7be2/store_strict/0000/a164eea0da6bef3db6888aeebfdb3aab": 1, "cF12-Li2O/05ff7be2/mpb-cF12-Li2/0000/369db03ff3551a4d837068db0eb18271": 1, "cF12-Li2O/05ff7be2/strict_calcu/0000/25057d0ac61c8802f2837ac0d03af54a": 1}, "mid_gaps": [0.5578440402687203, 0.642259925046913], "strict_max_gap": 0.0391140975755768, "strict_gap_ranges": [[0.557734942437605, 0.5579531380998355], [0.642258928249906, 0.64226092184392]], "max_gap": 0.0391140975755768, "strict_gap": [0.0391140975755768, 0.0003104029904253941]}