{"gap_range_of_max": [0.3423284638169925, 0.3494847630247543], "mid_gaps": [0.34590661342087337], "band_nos": [4], "max_gap": 2.068852959181349, "gap": [2.068852959181349], "mid_gap_of_max": 0.34590661342087337, "fill_fraction": 0.290282, "gap_ranges": [[0.3423284638169925, 0.3494847630247543]]}