{"gap_range_of_max": [0.319551682746234, 0.33057284736662673], "strict_calculated": true, "max_gap": 3.390478011490709, "mid_gap_of_max": 0.3250622650564304, "fill_fraction": 0.380897, "band_nos": [2], "gap": [3.390478011490709], "mid_gaps": [0.3250622650564304], "gap_ranges": [[0.319551682746234, 0.33057284736662673]]}