{"mid_gap_of_max": 0.42259906004370706, "fill_fraction": 0.275366, "band_nos": [6], "mid_gaps": [0.42259906004370706], "gap_range_of_max": [0.418858801489228, 0.4263393185981861], "strict_calculated": true, "max_gap": 1.770121568226913, "gap": [1.770121568226913], "gap_ranges": [[0.418858801489228, 0.4263393185981861]]}