{"max_gap": 2.8056671052345363, "fill_fraction": 0.61027, "gap_range_of_max": [0.844235018242396, 0.8682584512183714], "band_nos": [12], "mid_gaps": [0.8562467347303837], "gap_ranges": [[0.844235018242396, 0.8682584512183714]], "gap": [2.8056671052345363], "mid_gap_of_max": 0.8562467347303837}