{"gap": [7.278044025931722, 2.565249395548178], "strict_calculated": true, "mid_gaps": [0.38349212054955295, 0.49157701488839023], "band_nos": [4, 10], "gap_range_of_max": [0.3695367578647651, 0.39744748323434076], "fill_fraction": 0.19088, "gap_ranges": [[0.3695367578647651, 0.39744748323434076], [0.485271926686851, 0.4978821030899294]], "max_gap": 7.278044025931722, "mid_gap_of_max": 0.38349212054955295}