{
  "lattice_vectors": [
    [
      1.0,
      0.0,
      0.0
    ],
    [
      0.0,
      1.0,
      0.0
    ],
    [
      0.0,
      0.0,
      0.52946768
    ]
  ],
  "basis": [
    [
      0.0766666667,
      -0.2433333333,
      -0.1613333333
    ],
    [
      -0.2233333333,
      -0.4233333333,
      0.3386666667
    ],
    [
      -0.0433333333,
      0.2766666667,
      -0.1613333333
    ],
    [
      0.2566666667,
      0.4566666667,
      0.3386666667
    ],
    [
      0.4566666667,
      0.2566666667,
      0.3386666667
    ],
    [
      0.2766666667,
      -0.0433333333,
      -0.1613333333
    ],
    [
      -0.4233333333,
      -0.2233333333,
      0.3386666667
    ],
    [
      -0.2433333333,
      0.0766666667,
      -0.1613333333
    ],
    [
      -0.1633333333,
      -0.1633333333,
      -0.4113333333
    ],
    [
      -0.3033333333,
      0.3366666667,
      0.0886666667
    ],
    [
      0.1966666667,
      0.1966666667,
      -0.4113333333
    ],
    [
      0.3366666667,
      -0.3033333333,
      0.0886666667
    ],
    [
      -0.3733333333,
      -0.3733333333,
      -0.1813333333
    ],
    [
      -0.0933333333,
      0.1266666667,
      0.3186666667
    ],
    [
      0.4066666667,
      0.4066666667,
      -0.1813333333
    ],
    [
      0.1266666667,
      -0.0933333333,
      0.3186666667
    ],
    [
      -0.4833333333,
      -0.4833333333,
      0.2486666667
    ],
    [
      0.0166666667,
      0.0166666667,
      -0.2513333333
    ],
    [
      0.1966666667,
      0.1966666667,
      0.0886666667
    ],
    [
      0.3366666667,
      -0.3033333333,
      -0.4113333333
    ],
    [
      -0.1633333333,
      -0.1633333333,
      0.0886666667
    ],
    [
      -0.3033333333,
      0.3366666667,
      -0.4113333333
    ],
    [
      -0.1033333333,
      -0.4433333333,
      -0.2113333333
    ],
    [
      -0.0233333333,
      0.3966666667,
      0.2886666667
    ],
    [
      0.1366666667,
      0.4766666667,
      -0.2113333333
    ],
    [
      0.0566666667,
      -0.3633333333,
      0.2886666667
    ],
    [
      -0.3633333333,
      0.0566666667,
      0.2886666667
    ],
    [
      0.4766666667,
      0.1366666667,
      -0.2113333333
    ],
    [
      0.3966666667,
      -0.0233333333,
      0.2886666667
    ],
    [
      -0.4433333333,
      -0.1033333333,
      -0.2113333333
    ]
  ],
  "nbands": 20,
  "structure": "tP30-U"
}