{"mid_gap_of_max": 0.499642850321952, "gap_ranges": [[0.344539864941468, 0.3495814678453443], [0.4930090539603738, 0.5062766466835302]], "band_nos": [4, 16], "fill_fraction": 0.346353, "gap_range_of_max": [0.4930090539603738, 0.5062766466835302], "mid_gaps": [0.34706066639340616, 0.499642850321952], "max_gap": 2.655415306074569, "gap": [1.452657529954958, 2.655415306074569]}