{
  "basis": [
    [
      -0.4375,
      -0.4375,
      -0.0836625
    ],
    [
      0.0625,
      0.0625,
      0.4163375
    ],
    [
      -0.4375,
      -0.4375,
      -0.4317625
    ],
    [
      0.0625,
      0.0625,
      0.0682375
    ],
    [
      -0.1465,
      -0.1465,
      -0.4037625
    ],
    [
      0.2715,
      0.2715,
      -0.4037625
    ],
    [
      -0.2285,
      0.3535,
      0.0962375
    ],
    [
      0.3535,
      -0.2285,
      0.0962375
    ],
    [
      -0.1375,
      -0.1375,
      -0.0807625
    ],
    [
      0.2625,
      0.2625,
      -0.0807625
    ],
    [
      -0.2375,
      0.3625,
      0.4192375
    ],
    [
      0.3625,
      -0.2375,
      0.4192375
    ],
    [
      -0.1305,
      -0.1305,
      0.2422375
    ],
    [
      0.2555,
      0.2555,
      0.2422375
    ],
    [
      -0.2445,
      0.3695,
      -0.2577625
    ],
    [
      0.3695,
      -0.2445,
      -0.2577625
    ]
  ],
  "structure": "tP16-TiTeO6",
  "lattice_vectors": [
    [
      1.0,
      0.0,
      0.0
    ],
    [
      0.0,
      1.0,
      0.0
    ],
    [
      0.0,
      0.0,
      1.89298137
    ]
  ],
  "nbands": 20
}