{"gap": [6.165727547053886], "strict_calculated": true, "mid_gaps": [0.3260115931964007], "band_nos": [4], "gap_range_of_max": [0.3159610998922508, 0.3360620865005506], "fill_fraction": 0.290964, "gap_ranges": [[0.3159610998922508, 0.3360620865005506]], "max_gap": 6.165727547053886, "mid_gap_of_max": 0.3260115931964007}