{"max_gap": 4.368808150194146, "band_nos": [4], "gap_ranges": [[0.513236424042884, 0.5361594707322539]], "mid_gaps": [0.524697947387569], "gap": [4.368808150194146], "mid_gap_of_max": 0.524697947387569, "gap_range_of_max": [0.513236424042884, 0.5361594707322539], "fill_fraction": 0.130192}