{"max_gap": 1.7039350173501024, "gap": [1.7039350173501024], "mid_gaps": [0.5172982689461015], "fill_fraction": 0.133275, "mid_gap_of_max": 0.5172982689461015, "band_nos": [16], "gap_range_of_max": [0.512891055771742, 0.5217054821204611], "gap_ranges": [[0.512891055771742, 0.5217054821204611]]}