{"gap_ranges": [[0.859575956058998, 0.883634849345901]], "max_gap": 2.7602964842011026, "gap": [2.7602964842011026], "gap_range_of_max": [0.859575956058998, 0.883634849345901], "band_nos": [12], "fill_fraction": 0.226671, "mid_gaps": [0.8716054027024495], "mid_gap_of_max": 0.8716054027024495}