{"mid_gap_of_max": 0.433888879418465, "max_gap": 4.601232460550152, "gap_range_of_max": [0.423906761437205, 0.443870997399725], "mid_gaps": [0.433888879418465], "band_nos": [4], "gap": [4.601232460550152], "fill_fraction": 0.345522, "gap_ranges": [[0.423906761437205, 0.443870997399725]]}