{"gap_range_of_max": [0.2972906316658756, 0.30552444944376883], "_status": {"hP21-NaAlSiO/33546324/store_fill/0000/e7d72d96e21a9ec9d107c9432a5d3b51": 1, "hP21-NaAlSiO/33546324/strict-mpb-h/0000/64adcfd503c8c31c56e573d2f1ae71e5": 1, "hP21-NaAlSiO/33546324/store_strict/0000/65e104f78122288a491ea99818127ec4": 1, "hP21-NaAlSiO/33546324/store_data/0000/072cb9d13ee8f3f7e29e21cbb38e888f": 1, "hP21-NaAlSiO/33546324/mpb-hP21-NaA/0000/0ef867a04fc19f00ddda0aad0014ee7a": 1, "hP21-NaAlSiO/33546324/check_runnin/0000/c01aa3f397cba9dc61cb157850af771c": 1}, "fill_fraction": 0.444345, "mid_gaps": [0.3014075405548222], "mid_gap_of_max": 0.3014075405548222, "max_gap": 2.7317889136869633, "gap_ranges": [[0.2972906316658756, 0.30552444944376883]], "band_nos": [6], "gap": [2.7317889136869633]}