{"run_me": true, "fill_fraction": 0.216206, "_status": {"cF60-Cu6O8Pb/3a4d6035/mpb-cF60-Cu6/0000/0bae19e9279413b73156cd66ffe26294": 1, "cF60-Cu6O8Pb/3a4d6035/store_fill/0000/2e48d9e095a40f2d3f787767eb87f5be": 1, "cF60-Cu6O8Pb/3a4d6035/store_strict/0000/68ff831d542be11e35a8161547c67a22": 1, "cF60-Cu6O8Pb/3a4d6035/strict-mpb-c/0000/4858541d335604d5c5b5e4d24fdddfc0": 1, "cF60-Cu6O8Pb/3a4d6035/store_data/0000/d25e988325ce57f8085ffdbc2099167b": 1, "cF60-Cu6O8Pb/3a4d6035/check_runnin/0000/3017291644e9222eac367c5557c4a7a1": 1}, "gap_range_of_max": [0.479269156663084, 0.4794029224835166], "max_gap": 0.02790648092123343, "gap_ranges": [[0.479269156663084, 0.4794029224835166]], "band_nos": [5], "mid_gaps": [0.4793360395733003], "mid_gap_of_max": 0.4793360395733003, "gap": [0.02790648092123343]}