{
  "basis": [
    [
      0.3313,
      0.0,
      0.0
    ],
    [
      0.0,
      0.3313,
      0.0
    ],
    [
      0.6687,
      0.6687,
      0.0
    ],
    [
      0.3313,
      0.0,
      0.5
    ],
    [
      0.0,
      0.3313,
      0.5
    ],
    [
      0.6687,
      0.6687,
      0.5
    ],
    [
      0.3946,
      0.3318,
      0.25
    ],
    [
      0.6682,
      0.0628,
      0.25
    ],
    [
      0.9372,
      0.6054,
      0.25
    ],
    [
      0.3318,
      0.3946,
      0.75
    ],
    [
      0.0628,
      0.6682,
      0.75
    ],
    [
      0.6054,
      0.9372,
      0.75
    ],
    [
      0.3333333333333333,
      0.6666666666666666,
      0.25
    ],
    [
      0.6666666666666666,
      0.3333333333333333,
      0.75
    ],
    [
      0.0,
      0.0,
      0.25
    ],
    [
      0.0,
      0.0,
      0.75
    ]
  ],
  "lattice_vectors": [
    [
      1.0,
      0.0,
      0.0
    ],
    [
      -0.5,
      0.8660254038,
      0.0
    ],
    [
      0.0,
      0.0,
      1.2263497192
    ]
  ],
  "nbands": 20,
  "structure": "hP16-Sm3Ge7_r"
}