{"gap_range_of_max": [0.271646285914495, 0.3129713115864769], "gap_ranges": [[0.271646285914495, 0.3129713115864769]], "fill_fraction": 0.422492, "strict_calculated": true, "max_gap": 14.13745526943811, "mid_gap_of_max": 0.292308798750486, "mid_gaps": [0.292308798750486], "gap": [14.13745526943811], "band_nos": [2]}