{"fill_fraction": 0.21626, "strict_calculated": true, "mid_gaps": [0.3161708933480264], "mid_gap_of_max": 0.3161708933480264, "band_nos": [4], "gap_range_of_max": [0.3009856956064481, 0.33135609108960473], "gap": [9.605689872826536], "max_gap": 9.605689872826536, "gap_ranges": [[0.3009856956064481, 0.33135609108960473]]}