{"gap_range_of_max": [0.28397086083263, 0.3399036517615309], "gap_ranges": [[0.28397086083263, 0.3399036517615309]], "fill_fraction": 0.365178, "strict_calculated": true, "max_gap": 17.930782489036098, "mid_gap_of_max": 0.31193725629708047, "mid_gaps": [0.31193725629708047], "gap": [17.930782489036098], "band_nos": [2]}