{"mid_gap_of_max": 0.30741482359936456, "band_nos": [8], "gap_ranges": [[0.3072068524757163, 0.3076227947230128]], "max_gap": 0.13530324999504134, "gap": [0.13530324999504134], "fill_fraction": 0.425358, "strict_calculated": true, "mid_gaps": [0.30741482359936456], "gap_range_of_max": [0.3072068524757163, 0.3076227947230128]}