{"mid_gaps": [0.5917400985798279], "gap_ranges": [[0.591442168283916, 0.5920380288757398]], "fill_fraction": 0.176925, "gap_range_of_max": [0.591442168283916, 0.5920380288757398], "band_nos": [15], "max_gap": 0.10069633497091215, "mid_gap_of_max": 0.5917400985798279, "_status": {"hP3-Ti2O/26db56c3/strict-mpb-h/0000/45ef62a5d813a8fc800b4f6e9e83b03b": 1, "hP3-Ti2O/26db56c3/store_strict/0000/482fbc152f3597cc699ad1856389d3e8": 1, "hP3-Ti2O/26db56c3/store_data/0000/f90e3c1e8ac63b0fbf4c30f6d8880405": 1, "hP3-Ti2O/26db56c3/store_fill/0000/fee1296cd9be544c95b6b5b128763a73": 1, "hP3-Ti2O/26db56c3/mpb-hP3-Ti2O/0000/74a58a99bfc84d28a6d7e1ee92cb91fd": 1, "hP3-Ti2O/26db56c3/check_runnin/0000/803f1ed6f960c3e67a7e0f7a0b90f224": 1}, "gap": [0.10069633497091215], "strict_calculated": true}