{"gap": [0.2815196053256427], "gap_range_of_max": [0.763667137512427, 0.7658200406461567], "mid_gap_of_max": 0.7647435890792919, "band_nos": [15], "max_gap": 0.2815196053256427, "run_me": true, "gap_ranges": [[0.763667137512427, 0.7658200406461567]], "mid_gaps": [0.7647435890792919], "fill_fraction": 0.155425}