{
  "basis": [
    [
      -0.43032,
      0.31968,
      -0.25
    ],
    [
      -0.06968,
      0.18032,
      0.25
    ],
    [
      0.43032,
      -0.31968,
      0.25
    ],
    [
      0.06968,
      -0.18032,
      -0.25
    ],
    [
      -0.36573,
      -0.25,
      -0.11573
    ],
    [
      -0.13427,
      0.25,
      -0.38427
    ],
    [
      0.36573,
      0.25,
      0.11573
    ],
    [
      0.13427,
      -0.25,
      0.38427
    ],
    [
      -0.1234,
      -0.3734,
      -0.25
    ],
    [
      -0.3766,
      -0.1266,
      0.25
    ],
    [
      0.1234,
      0.3734,
      0.25
    ],
    [
      0.3766,
      0.1266,
      -0.25
    ],
    [
      -0.061,
      -0.311,
      -0.25
    ],
    [
      -0.439,
      -0.189,
      0.25
    ],
    [
      0.061,
      0.311,
      0.25
    ],
    [
      0.439,
      0.189,
      -0.25
    ],
    [
      -0.29087,
      -0.26837,
      -0.2527
    ],
    [
      -0.48433,
      -0.23163,
      -0.0225
    ],
    [
      -0.20913,
      0.03817,
      -0.4775
    ],
    [
      -0.01567,
      0.46183,
      -0.2473
    ],
    [
      0.29087,
      0.26837,
      0.2527
    ],
    [
      0.48433,
      0.23163,
      0.0225
    ],
    [
      0.20913,
      -0.03817,
      0.4775
    ],
    [
      0.01567,
      -0.46183,
      0.2473
    ]
  ],
  "structure": "oI48-KAgCO3_r",
  "nbands": 20,
  "lattice_vectors": [
    [
      -0.2623934668,
      0.2700721738,
      0.9263966157
    ],
    [
      0.2623934668,
      -0.2700721738,
      0.9263966157
    ],
    [
      0.2623934668,
      0.2700721738,
      -0.9263966157
    ]
  ]
}