{"max_gap": 2.7272047540475897, "gap_ranges": [[0.2754701321172981, 0.28308662533899925]], "gap": [2.7272047540475897], "mid_gap_of_max": 0.27927837872814865, "gap_range_of_max": [0.2754701321172981, 0.28308662533899925], "mid_gaps": [0.27927837872814865], "fill_fraction": 0.633032, "band_nos": [2]}