{"mid_gaps": [0.6557502024165025], "max_gap": 2.564942393385531, "band_nos": [18], "fill_fraction": 0.148805, "gap_range_of_max": [0.647340394948256, 0.6641600098847489], "mid_gap_of_max": 0.6557502024165025, "gap_ranges": [[0.647340394948256, 0.6641600098847489]], "gap": [2.564942393385531]}