{"mid_gap_of_max": 0.5451042278392966, "fill_fraction": 0.234505, "gap": [0.5835404502891618], "gap_ranges": [[0.543513776006457, 0.5466946796721363]], "max_gap": 0.5835404502891618, "_status": {"oP6-NaO2_r-1/fdf07bb0/store_fill/0000/8f4872a78d9649277414abd98ecd3494": 1, "oP6-NaO2_r-1/fdf07bb0/strict-mpb-o/0000/75ced1a4ea551435642b1bac692c6103": 1, "oP6-NaO2_r-1/fdf07bb0/store_strict/0000/1e5911c3063279eb2e914f72124fe782": 1, "oP6-NaO2_r-1/fdf07bb0/check_runnin/0000/2c67b8207ea504cca993a0b94fe14d6a": 1, "oP6-NaO2_r-1/fdf07bb0/mpb-oP6-NaO2/0000/e1d8e5bff18998d293605af6278432cc": 6, "oP6-NaO2_r-1/fdf07bb0/store_data/0000/496db84c66d727286089863d2be3ba78": 1}, "gap_range_of_max": [0.543513776006457, 0.5466946796721363], "band_nos": [8], "mid_gaps": [0.5451042278392966], "run_me": true}