{"band_nos": [8], "gap_range_of_max": [0.763354516707623, 0.7669421442269322], "max_gap": 0.46888000358281956, "mid_gap_of_max": 0.7651483304672776, "fill_fraction": 0.267404, "gap": [0.46888000358281956], "gap_ranges": [[0.763354516707623, 0.7669421442269322]], "mid_gaps": [0.7651483304672776]}