{"mid_gap_of_max": 0.2915280606597769, "mid_gaps": [0.2915280606597769], "gap_ranges": [[0.2903930245910016, 0.29266309672855223]], "band_nos": [2], "gap_range_of_max": [0.2903930245910016, 0.29266309672855223], "max_gap": 0.7786804921670455, "gap": [0.7786804921670455], "strict_calculated": true, "fill_fraction": 0.500163}