{"fill_fraction": 0.135496, "gap": [0.014389400913272232], "band_nos": [6], "strict_calculated": true, "mid_gap_of_max": 0.46967845903614447, "mid_gaps": [0.46967845903614447], "gap_range_of_max": [0.469644667077907, 0.4697122509943819], "max_gap": 0.014389400913272232, "gap_ranges": [[0.469644667077907, 0.4697122509943819]]}