{"gap": [4.357370319318955], "fill_fraction": 0.540353, "mid_gap_of_max": 0.2672826727594232, "max_gap": 4.357370319318955, "mid_gaps": [0.2672826727594232], "band_nos": [2], "gap_range_of_max": [0.2614594248336724, 0.273105920685174], "gap_ranges": [[0.2614594248336724, 0.273105920685174]]}