{"fill_fraction": 0.269495, "max_gap": 11.356559762506395, "gap": [11.356559762506395], "gap_range_of_max": [0.758659208438686, 0.8500035841473027], "gap_ranges": [[0.758659208438686, 0.8500035841473027]], "mid_gap_of_max": 0.8043313962929943, "band_nos": [8], "mid_gaps": [0.8043313962929943], "_status": {"tI16-CoCu2Si/1c99769d/store_data/0000/0c7ee10444a08e95ef69ae60710f5c8e": 1, "tI16-CoCu2Si/1c99769d/check_runnin/0000/841f99c6f97ddc96d408dac10dbba176": 1, "tI16-CoCu2Si/1c99769d/store_strict/0000/ad7b623d23df358f5bc72bc9f2fd7adc": 1, "tI16-CoCu2Si/1c99769d/store_fill/0000/560aa8a5e584e4d45d549884ffb122d7": 1, "tI16-CoCu2Si/1c99769d/strict-mpb-t/0000/6573aa406d972345520a3ff59f6d86a3": 1, "tI16-CoCu2Si/1c99769d/mpb-tI16-CoC/0000/6136a383e3d6e516a5639c57d4dbd479": 1}}