{"gap_range_of_max": [0.524284128777733, 0.5718120160284633], "max_gap": 8.672211370496791, "gap": [8.672211370496791], "fill_fraction": 0.102215, "gap_ranges": [[0.524284128777733, 0.5718120160284633]], "band_nos": [2], "mid_gap_of_max": 0.5480480724030982, "mid_gaps": [0.5480480724030982]}