{
  "nbands": 20,
  "structure": "hP8-Na7P3_r",
  "basis": [
    [
      0.0,
      0.0,
      0.25
    ],
    [
      0.0,
      0.0,
      0.75
    ],
    [
      0.3333333333333333,
      0.6666666666666666,
      0.5806166666666667
    ],
    [
      0.6666666666666666,
      0.3333333333333333,
      0.41938333333333333
    ],
    [
      0.6666666666666666,
      0.3333333333333333,
      0.08061666666666667
    ],
    [
      0.3333333333333333,
      0.6666666666666666,
      0.9193833333333333
    ],
    [
      0.3333333333333333,
      0.6666666666666666,
      0.25
    ],
    [
      0.6666666666666666,
      0.3333333333333333,
      0.75
    ]
  ],
  "lattice_vectors": [
    [
      1.0,
      0.0,
      0.0
    ],
    [
      -0.5,
      0.8660254038,
      0.0
    ],
    [
      0.0,
      0.0,
      1.7748021148
    ]
  ]
}