{"gap_ranges": [[0.369690715587622, 0.374609697868859]], "gap_range_of_max": [0.369690715587622, 0.374609697868859], "fill_fraction": 0.33767, "band_nos": [4], "gap": [1.3217733571832044], "mid_gaps": [0.3721502067282405], "max_gap": 1.3217733571832044, "mid_gap_of_max": 0.3721502067282405}