{"gap_ranges": [[0.405362089798743, 0.44653267711407074]], "gap": [9.665650949946789], "mid_gaps": [0.42594738345640687], "mid_gap_of_max": 0.42594738345640687, "strict_calculated": true, "fill_fraction": 0.185285, "gap_range_of_max": [0.405362089798743, 0.44653267711407074], "band_nos": [4], "max_gap": 9.665650949946789}