{"gap_range_of_max": [0.500929806853561, 0.5584984303583267], "gap_ranges": [[0.500929806853561, 0.5584984303583267]], "mid_gaps": [0.5297141186059439], "gap": [10.867866549653177], "mid_gap_of_max": 0.5297141186059439, "max_gap": 10.867866549653177, "fill_fraction": 0.090503, "band_nos": [2]}