{"fill_fraction": 0.221714, "strict_calculated": true, "gap": [0.014708419123954581], "gap_range_of_max": [0.4026446898558, 0.40270391688008383], "gap_ranges": [[0.4026446898558, 0.40270391688008383]], "mid_gaps": [0.4026743033679419], "mid_gap_of_max": 0.4026743033679419, "max_gap": 0.014708419123954581, "band_nos": [6]}