{"mid_gaps": [0.6433451174133303], "strict_calculated": true, "gap_ranges": [[0.64180158625566, 0.6448886485710007]], "mid_gap_of_max": 0.6433451174133303, "fill_fraction": 0.19384, "gap": [0.47984545647081844], "gap_range_of_max": [0.64180158625566, 0.6448886485710007], "band_nos": [17], "max_gap": 0.47984545647081844}