{"gap": [25.711413996865602], "band_nos": [8], "gap_ranges": [[0.472672093760001, 0.6121312306562079]], "mid_gaps": [0.5424016622081045], "gap_range_of_max": [0.472672093760001, 0.6121312306562079], "strict_calculated": true, "mid_gap_of_max": 0.5424016622081045, "fill_fraction": 0.195776, "max_gap": 25.711413996865602}