{"mid_gaps": [0.5450444129941704], "gap_ranges": [[0.539597999480907, 0.5504908265074338]], "gap_range_of_max": [0.539597999480907, 0.5504908265074338], "max_gap": 1.998520995140099, "gap": [1.998520995140099], "fill_fraction": 0.172275, "band_nos": [12], "mid_gap_of_max": 0.5450444129941704}