{"mid_gap_of_max": 0.3694312929448723, "gap_range_of_max": [0.3550668152953236, 0.3837957705944211], "mid_gaps": [0.3694312929448723], "max_gap": 7.776535406648534, "gap_ranges": [[0.3550668152953236, 0.3837957705944211]], "gap": [7.776535406648534], "fill_fraction": 0.375342, "band_nos": [2]}