{"mid_gaps": [0.2730945228093685], "gap": [0.014810046480720096], "gap_ranges": [[0.273074300096486, 0.27311474552225107]], "mid_gap_of_max": 0.2730945228093685, "fill_fraction": 0.539823, "max_gap": 0.014810046480720096, "strict_calculated": true, "band_nos": [2], "gap_range_of_max": [0.273074300096486, 0.27311474552225107]}