{"_status": {"hR12-O3Xe-12/4ad92e3e/store_strict/0000/c24863113037f03820114cf598784c85": 1, "hR12-O3Xe-12/4ad92e3e/check_runnin/0000/f6f3628506e6494d80febb9b7070c07c": 1, "hR12-O3Xe-12/4ad92e3e/store_fill/0000/d1d8515a72e4e7e160a7338e3c2d36be": 1, "hR12-O3Xe-12/4ad92e3e/strict-mpb-h/0000/71c40362b9d5a72f2f9a34f1cd33cbe7": 1, "hR12-O3Xe-12/4ad92e3e/mpb-hR12-O3X/0000/7f55aac091d1a285ca870c11f051e8e3": 4, "hR12-O3Xe-12/4ad92e3e/store_data/0000/af1d24dbb3d20f35dfe700318b8cb67c": 1}, "fill_fraction": 0.161536, "gap": [0.5762115305127071], "run_me": true, "mid_gaps": [0.7310705255135609], "mid_gap_of_max": 0.7310705255135609, "gap_range_of_max": [0.728964269181466, 0.7331767818456558], "band_nos": [16], "gap_ranges": [[0.728964269181466, 0.7331767818456558]], "max_gap": 0.5762115305127071}