{"max_gap": 30.37451854782584, "fill_fraction": 0.216075, "band_nos": [2], "mid_gaps": [0.3812391612387974], "gap_ranges": [[0.3233393813677703, 0.43913894110982454]], "mid_gap_of_max": 0.3812391612387974, "gap": [30.37451854782584], "gap_range_of_max": [0.3233393813677703, 0.43913894110982454]}