{"gap": [1.4332696731787349], "gap_range_of_max": [0.632214819879883, 0.6413415686235086], "gap_ranges": [[0.632214819879883, 0.6413415686235086]], "max_gap": 1.4332696731787349, "mid_gap_of_max": 0.6367781942516958, "strict_calculated": true, "fill_fraction": 0.193991, "mid_gaps": [0.6367781942516958], "band_nos": [17]}