{"gap": [5.689796169268226], "gap_range_of_max": [0.349663466334428, 0.37014117478267655], "fill_fraction": 0.158725, "max_gap": 5.689796169268226, "gap_ranges": [[0.349663466334428, 0.37014117478267655]], "mid_gap_of_max": 0.3599023205585523, "band_nos": [4], "mid_gaps": [0.3599023205585523]}