{"gap_range_of_max": [0.65752234397346, 0.6664926401832735], "gap": [1.355014303787907], "fill_fraction": 0.208454, "gap_ranges": [[0.65752234397346, 0.6664926401832735]], "mid_gaps": [0.6620074920783667], "mid_gap_of_max": 0.6620074920783667, "max_gap": 1.355014303787907, "band_nos": [16]}