{"gap_ranges": [[0.590694707010855, 0.6009944069664189]], "max_gap": 1.7285884103092024, "gap": [1.7285884103092024], "_status": {"hP4-AlAgS2/9572ad78/check_runnin/0000/9224c44340580a8d7d421ba9d1d8d7fa": 1, "hP4-AlAgS2/9572ad78/strict-mpb-h/0000/f83d098793f7cbb3fe3e44f69c9bce57": 1, "hP4-AlAgS2/9572ad78/store_strict/0000/706072158d8651077ef5c679e500f2d2": 1, "hP4-AlAgS2/9572ad78/store_data/0000/c3d086380a35f5299ce69e9c9d369816": 1, "hP4-AlAgS2/9572ad78/mpb-hP4-AlAg/0000/4c1d401d364826451df21c6b0164d00c": 1, "hP4-AlAgS2/9572ad78/store_fill/0000/2daa4f9a2244363df803c1951c06f8be": 1}, "gap_range_of_max": [0.590694707010855, 0.6009944069664189], "mid_gap_of_max": 0.595844556988637, "fill_fraction": 0.154691, "mid_gaps": [0.595844556988637], "strict_calculated": true, "band_nos": [18]}