{"max_gap": 19.1903219506506, "mid_gap_of_max": 0.4518353676124872, "strict_calculated": true, "fill_fraction": 0.14019, "mid_gaps": [0.4518353676124872], "gap": [19.1903219506506], "gap_ranges": [[0.4084810367466162, 0.4951896984783582]], "gap_range_of_max": [0.4084810367466162, 0.4951896984783582], "band_nos": [4]}