{"fill_fraction": 0.428601, "band_nos": [8], "gap_ranges": [[0.612145188019025, 0.6516201191739877]], "mid_gap_of_max": 0.6318826535965063, "max_gap": 6.247193356279276, "gap": [6.247193356279276], "mid_gaps": [0.6318826535965063], "gap_range_of_max": [0.612145188019025, 0.6516201191739877]}