{"gap_range_of_max": [0.4137435980827635, 0.5202147317412786], "gap_ranges": [[0.4137435980827635, 0.5202147317412786]], "fill_fraction": 0.122848, "strict_calculated": true, "max_gap": 22.799975172034546, "mid_gap_of_max": 0.46697916491202107, "mid_gaps": [0.46697916491202107], "gap": [22.799975172034546], "band_nos": [2]}