{"gap_range_of_max": [0.648360537932371, 0.648884200021733], "max_gap": 0.08073450969429827, "band_nos": [8], "mid_gaps": [0.648622368977052], "gap": [0.08073450969429827], "gap_ranges": [[0.648360537932371, 0.648884200021733]], "_status": {"cP33-RbNO3/347e1dba/mpb-cP33-RbN/0000/6cd6f0829cabe441ec4f17d944f3eaab": 1, "cP33-RbNO3/347e1dba/strict-mpb-c/0000/f09620fa6c90a422e6178415122ca7d3": 1, "cP33-RbNO3/347e1dba/store_fill/0000/7fad0c82d97e1fc50ab323ef2518b00f": 1, "cP33-RbNO3/347e1dba/store_strict/0000/db644c1f8ddfc22e8487bbf1d1f1dcb6": 1, "cP33-RbNO3/347e1dba/check_runnin/0000/f46435da0911be6d9b5d178bb9a466e8": 1, "cP33-RbNO3/347e1dba/store_data/0000/e2d93b88fe01006263aaca115769b386": 1}, "mid_gap_of_max": 0.648622368977052, "fill_fraction": 0.128953, "strict_calculated": true}