{"mid_gaps": [0.7666659922315251], "gap_range_of_max": [0.723581038580527, 0.8097509458825232], "fill_fraction": 0.126265, "gap": [11.2395630137685], "mid_gap_of_max": 0.7666659922315251, "band_nos": [10], "gap_ranges": [[0.723581038580527, 0.8097509458825232]], "max_gap": 11.2395630137685}