{"mid_gap_of_max": 0.51734060410755, "gap": [7.203251847026932], "gap_range_of_max": [0.4987079307971513, 0.5359732774179488], "max_gap": 7.203251847026932, "band_nos": [4], "mid_gaps": [0.51734060410755], "fill_fraction": 0.156313, "strict_calculated": true, "gap_ranges": [[0.4987079307971513, 0.5359732774179488]]}