{"max_gap": 7.07735600252076, "band_nos": [2], "mid_gap_of_max": 0.3545453236901241, "fill_fraction": 0.438907, "gap_range_of_max": [0.341999106316204, 0.3670915410640442], "gap_ranges": [[0.341999106316204, 0.3670915410640442]], "mid_gaps": [0.3545453236901241], "gap": [7.07735600252076]}