{"max_gap": 0.9601274641766538, "gap": [0.9601274641766538], "gap_ranges": [[0.458016430968681, 0.4624351853500481]], "mid_gaps": [0.46022580815936454], "_status": {"hR1-Hg-12/a7ca5737/store_strict/0000/303770cd4845d7bf339ca1ff14b65692": 1, "hR1-Hg-12/a7ca5737/check_runnin/0000/2531cd97386a0d5c478842c203c2a5ab": 1, "hR1-Hg-12/a7ca5737/mpb-hR1-Hg-1/0000/1758077f555ce5b96478f5b923744cb3": 1, "hR1-Hg-12/a7ca5737/store_fill/0000/51c0ebeb3016d6bc9927b01da9bfe7b7": 1, "hR1-Hg-12/a7ca5737/strict-mpb-h/0000/8364c4944655af737f299f33a3b14751": 1, "hR1-Hg-12/a7ca5737/store_data/0000/3e2b8feb0659f4f03cdc2be591b6f7e9": 1}, "gap_range_of_max": [0.458016430968681, 0.4624351853500481], "run_me": true, "mid_gap_of_max": 0.46022580815936454, "band_nos": [5], "fill_fraction": 0.267057}