{"mid_gap_of_max": 0.4191378046863474, "mid_gaps": [0.4191378046863474], "gap_range_of_max": [0.391655110871023, 0.4466204985016718], "gap_ranges": [[0.391655110871023, 0.4466204985016718]], "band_nos": [4], "max_gap": 13.113917908641074, "fill_fraction": 0.225131, "gap": [13.113917908641074]}