{"gap": [6.535215796121255], "gap_range_of_max": [0.694759929606625, 0.7416977336639516], "gap_ranges": [[0.694759929606625, 0.7416977336639516]], "mid_gaps": [0.7182288316352883], "mid_gap_of_max": 0.7182288316352883, "band_nos": [10], "fill_fraction": 0.237025, "max_gap": 6.535215796121255}