{"mid_gaps": [0.44496613530863577], "gap": [12.192714545459912], "gap_range_of_max": [0.4178394099575623, 0.47209286065970923], "gap_ranges": [[0.4178394099575623, 0.47209286065970923]], "max_gap": 12.192714545459912, "mid_gap_of_max": 0.44496613530863577, "band_nos": [2], "fill_fraction": 0.253182}