{"gap_range_of_max": [0.654247995710881, 0.7016463311659253], "max_gap": 6.991449778276113, "gap": [6.991449778276113], "mid_gap_of_max": 0.6779471634384031, "mid_gaps": [0.6779471634384031], "gap_ranges": [[0.654247995710881, 0.7016463311659253]], "band_nos": [12], "fill_fraction": 0.320091}