{"gap": [2.7620358038980326], "gap_range_of_max": [0.528405348431639, 0.543204471889316], "max_gap": 2.7620358038980326, "fill_fraction": 0.264381, "mid_gaps": [0.5358049101604775], "band_nos": [8], "mid_gap_of_max": 0.5358049101604775, "gap_ranges": [[0.528405348431639, 0.543204471889316]]}