{"fill_fraction": 0.389245, "max_gap": 14.628509088616322, "gap_ranges": [[0.2894284314747271, 0.3351086643898955]], "gap": [14.628509088616322], "mid_gaps": [0.3122685479323113], "mid_gap_of_max": 0.3122685479323113, "band_nos": [2], "gap_range_of_max": [0.2894284314747271, 0.3351086643898955]}