{"gap": [0.0741399529945593], "gap_ranges": [[0.94474315972364, 0.9454438516045]], "fill_fraction": 0.057481, "band_nos": [17], "mid_gaps": [0.9450935056640699], "max_gap": 0.0741399529945593, "_status": {"hR5-Ni3S2-14/7009c3ff/strict-mpb-h/0000/aa51365947aaf44834b3b3aa4962c33f": 1, "hR5-Ni3S2-14/7009c3ff/check_runnin/0000/79fa1fce78a91f4316280088966932bf": 1, "hR5-Ni3S2-14/7009c3ff/store_fill/0000/5c03f1badfbc25d353e25177ad0f65c1": 1, "hR5-Ni3S2-14/7009c3ff/store_data/0000/da6bed358d23f9d7d12608c9ab965124": 1, "hR5-Ni3S2-14/7009c3ff/mpb-hR5-Ni3S/0000/2e03f42008e66276d16c0a4fce9a9d2e": 6, "hR5-Ni3S2-14/7009c3ff/store_strict/0000/1938d683e20d89583a2f18bc9c6fe7fb": 1}, "gap_range_of_max": [0.94474315972364, 0.9454438516045], "mid_gap_of_max": 0.9450935056640699, "run_me": true}