{"gap": [4.307304274088347], "fill_fraction": 0.545169, "gap_range_of_max": [0.249202946910079, 0.2601731358009777], "gap_ranges": [[0.249202946910079, 0.2601731358009777]], "mid_gaps": [0.25468804135552836], "band_nos": [4], "max_gap": 4.307304274088347, "mid_gap_of_max": 0.25468804135552836}