{"mid_gap_of_max": 0.41170048754014443, "gap_range_of_max": [0.389292899434749, 0.43410807564553994], "fill_fraction": 0.33318, "mid_gaps": [0.41170048754014443], "gap": [10.88538332285074], "gap_ranges": [[0.389292899434749, 0.43410807564553994]], "band_nos": [4], "max_gap": 10.88538332285074}