{"band_nos": [12], "strict_calculated": true, "fill_fraction": 0.278072, "gap_range_of_max": [0.556568325042832, 0.5903405763452556], "gap_ranges": [[0.556568325042832, 0.5903405763452556]], "gap": [5.889264833771739], "max_gap": 5.889264833771739, "mid_gaps": [0.5734544506940438], "mid_gap_of_max": 0.5734544506940438}