{"gap_ranges": [[0.4559089597107112, 0.4750806442037255]], "max_gap": 4.118560381857109, "band_nos": [8], "mid_gap_of_max": 0.4654948019572184, "mid_gaps": [0.4654948019572184], "fill_fraction": 0.56978, "gap": [4.118560381857109], "gap_range_of_max": [0.4559089597107112, 0.4750806442037255]}