{
  "nbands": 20,
  "structure": "oP10-Cu(ClO)2",
  "basis": [
    [
      -0.35,
      -0.2,
      -0.35
    ],
    [
      0.15,
      -0.2,
      0.15
    ],
    [
      -0.35,
      0.178,
      -0.111
    ],
    [
      -0.35,
      0.422,
      0.411
    ],
    [
      0.15,
      0.178,
      -0.089
    ],
    [
      0.15,
      0.422,
      0.389
    ],
    [
      -0.1,
      -0.2,
      -0.35
    ],
    [
      -0.1,
      -0.2,
      0.15
    ],
    [
      0.4,
      -0.2,
      -0.35
    ],
    [
      0.4,
      -0.2,
      0.15
    ]
  ],
  "lattice_vectors": [
    [
      1.0,
      0.0,
      0.0
    ],
    [
      0.0,
      0.464019855,
      0.0
    ],
    [
      0.0,
      0.0,
      0.9181141432
    ]
  ]
}