{"mid_gap_of_max": 0.532374898261947, "gap_ranges": [[0.513947281973207, 0.5508025145506867]], "mid_gaps": [0.532374898261947], "max_gap": 6.9227968294149695, "fill_fraction": 0.141567, "gap": [6.9227968294149695], "gap_range_of_max": [0.513947281973207, 0.5508025145506867], "band_nos": [2]}