{"gap_range_of_max": [0.59922863368303, 0.6045764212704516], "max_gap": 0.8884806664346869, "band_nos": [16], "mid_gaps": [0.6019025274767409], "gap": [0.8884806664346869], "gap_ranges": [[0.59922863368303, 0.6045764212704516]], "_status": {"cP33-RbNO3/729f59b3/strict-mpb-c/0000/f67e72ecafacccccfbcb1027f1ae226e": 1, "cP33-RbNO3/729f59b3/store_data/0000/2f911f9635e5531b8d82ce6bc640d9c2": 1, "cP33-RbNO3/729f59b3/mpb-cP33-RbN/0000/e0190c88497535630637ac0ee57ebcd4": 1, "cP33-RbNO3/729f59b3/store_strict/0000/8cc1b2a0ae0f9434a616b216ce70b68f": 1, "cP33-RbNO3/729f59b3/check_runnin/0000/1493e5cea8165d3a59e2db8d69b8f409": 1, "cP33-RbNO3/729f59b3/store_fill/0000/a3296b62730d060df2fffa3e8f121970": 1}, "mid_gap_of_max": 0.6019025274767409, "fill_fraction": 0.206293, "strict_calculated": true}