{"max_gap": 3.88002617420235, "mid_gap_of_max": 0.3778002422398997, "mid_gaps": [0.3778002422398997], "fill_fraction": 0.362617, "band_nos": [5], "gap": [3.88002617420235], "strict_calculated": true, "gap_range_of_max": [0.3704708680973457, 0.38512961638245374], "gap_ranges": [[0.3704708680973457, 0.38512961638245374]]}