{"fill_fraction": 0.293951, "strict_calculated": true, "mid_gap_of_max": 0.5122920685412122, "gap": [1.5389168316927118], "band_nos": [12], "gap_range_of_max": [0.508350194106108, 0.5162339429763164], "gap_ranges": [[0.508350194106108, 0.5162339429763164]], "max_gap": 1.5389168316927118, "mid_gaps": [0.5122920685412122]}