{"gap": [0.6117193912736796], "strict_calculated": true, "mid_gaps": [0.27995748983742863], "band_nos": [4], "mid_gap_of_max": 0.27995748983742863, "fill_fraction": 0.41834, "gap_ranges": [[0.279101212711099, 0.2808137669637582]], "max_gap": 0.6117193912736796, "gap_range_of_max": [0.279101212711099, 0.2808137669637582]}