{"mid_gap_of_max": 0.35730016697119427, "run_me": true, "gap_ranges": [[0.354952811771964, 0.35964752217042445]], "mid_gaps": [0.35730016697119427], "gap_range_of_max": [0.354952811771964, 0.35964752217042445], "gap": [1.3139401636044734], "_status": {"cF88-O7Pr2Zr/ee2c9616/mpb-cF88-O7P/0000/12314c114ceee82a0968929cfc5ce60a": 7, "cF88-O7Pr2Zr/ee2c9616/strict-mpb-c/0000/ae437fa42c4b6cddcc0808b29e7a5d7b": 1, "cF88-O7Pr2Zr/ee2c9616/store_fill/0000/debdad9701a556870c2bd4a2b9a9c58c": 1, "cF88-O7Pr2Zr/ee2c9616/store_data/0000/c08b620344a2bad468dfb9c6f97aacdb": 1, "cF88-O7Pr2Zr/ee2c9616/store_strict/0000/5f7000d3236a3b08561f254105852824": 1, "cF88-O7Pr2Zr/ee2c9616/check_runnin/0000/ad70f1924a6b7da29f529018eef333e4": 1}, "max_gap": 1.3139401636044734, "fill_fraction": 0.434081, "band_nos": [2]}