{"gap": [2.286177616770161], "gap_range_of_max": [0.4458955548973987, 0.45620739273186073], "strict_calculated": true, "max_gap": 2.286177616770161, "band_nos": [4], "mid_gaps": [0.45105147381462973], "gap_ranges": [[0.4458955548973987, 0.45620739273186073]], "fill_fraction": 0.134174, "mid_gap_of_max": 0.45105147381462973}