{"mid_gap_of_max": 0.9096747808518046, "gap_range_of_max": [0.909342761196083, 0.9100068005075264], "max_gap": 0.07299744099982058, "mid_gaps": [0.9096747808518046], "gap_ranges": [[0.909342761196083, 0.9100068005075264]], "band_nos": [], "fill_fraction": 0.097425, "gap": [0.07299744099982058]}