{"gap_range_of_max": [0.50766771927974, 0.552402643816197], "gap_ranges": [[0.50766771927974, 0.552402643816197]], "max_gap": 8.43999155033568, "gap": [8.43999155033568], "mid_gaps": [0.5300351815479685], "mid_gap_of_max": 0.5300351815479685, "band_nos": [5], "fill_fraction": 0.088374, "strict_calculated": true}