{"mid_gap_of_max": 0.38977139265949184, "max_gap": 0.3620198698066389, "gap": [0.3620198698066389], "gap_ranges": [[0.3890658677153671, 0.3904769176036166]], "fill_fraction": 0.296069, "gap_range_of_max": [0.3890658677153671, 0.3904769176036166], "mid_gaps": [0.38977139265949184], "run_me": true, "band_nos": [4]}