{"gap": [0.3111487742957306], "gap_range_of_max": [0.571554722041115, 0.5733358785765403], "mid_gaps": [0.5724453003088277], "max_gap": 0.3111487742957306, "mid_gap_of_max": 0.5724453003088277, "_status": {"hP3-Se-14/843a064a/store_strict/0000/38680bb1533f3f5ed073912eb063f46b": 1, "hP3-Se-14/843a064a/check_runnin/0000/2573be742d068d9416331273d3964fbe": 1, "hP3-Se-14/843a064a/mpb-hP3-Se-1/0000/e3bc2559f997f2de941214fbe45a1c90": 6, "hP3-Se-14/843a064a/store_fill/0000/b17a0ad2265cace115052a63fe157455": 1, "hP3-Se-14/843a064a/strict-mpb-h/0000/8df35ef1061b0a166a8126a5ecb68056": 1, "hP3-Se-14/843a064a/store_data/0000/df2b2a28f77ae602f2ff1cf9e0a17b15": 1}, "fill_fraction": 0.31, "gap_ranges": [[0.571554722041115, 0.5733358785765403]], "run_me": true, "band_nos": [15]}