{"mid_gaps": [0.4307746428635484], "gap_range_of_max": [0.4292253468907819, 0.4323239388363148], "mid_gap_of_max": 0.4307746428635484, "fill_fraction": 0.340283, "gap_ranges": [[0.4292253468907819, 0.4323239388363148]], "band_nos": [12], "gap": [0.7193069501341016], "max_gap": 0.7193069501341016}