{"band_nos": [4], "fill_fraction": 0.192515, "max_gap": 19.229894545698734, "gap": [19.229894545698734], "gap_ranges": [[0.339087583484838, 0.41123024729290625]], "gap_range_of_max": [0.339087583484838, 0.41123024729290625], "mid_gaps": [0.37515891538887214], "strict_calculated": true, "mid_gap_of_max": 0.37515891538887214}