{"_status": {"cF120-Al2O3_/8070565b/check_runnin/0000/84a47cfb75a72698922994bd792b67de": 1, "cF120-Al2O3_/8070565b/strict-mpb-c/0000/04f8826f1cb245797118be2c7256fc9a": 1, "cF120-Al2O3_/8070565b/mpb-cF120-Al/0000/e18dabc488c4be8003f5ae95ac74fab5": 1, "cF120-Al2O3_/8070565b/store_data/0000/1307a43616828e177f1939cd19c7fd9a": 1, "cF120-Al2O3_/8070565b/store_strict/0000/1060597b70f7c14a8199cfba57c07629": 1, "cF120-Al2O3_/8070565b/store_fill/0000/f0228abadf7c16f1962858ab6a38f319": 1}, "fill_fraction": 0.049949, "mid_gaps": [1.0345553317424292], "band_nos": [14], "gap": [2.066553815820323], "mid_gap_of_max": 1.0345553317424292, "run_me": true, "gap_ranges": [[1.023865510399981, 1.0452451530848774]], "max_gap": 2.066553815820323, "gap_range_of_max": [1.023865510399981, 1.0452451530848774]}