{"faces": [[[-0.5622823134345772, 0.4935038953643502], [-0.3774103073513311, 0.526724215507494], [0.5622823134345772, 0.5043550278742533], [0.3774103073513311, 0.4711347077311094]], [[-0.5622823134345772, -0.5043550278742533], [-0.5622823134345772, 0.4935038953643502], [-0.3774103073513311, 0.526724215507494], [-0.3774103073513311, -0.4711347077311094]], [[0.3774103073513311, -0.526724215507494], [0.3774103073513311, 0.4711347077311094], [0.5622823134345772, 0.5043550278742533], [0.5622823134345772, -0.4935038953643502]], [[-0.5622823134345772, -0.5043550278742533], [-0.3774103073513311, -0.4711347077311094], [0.5622823134345772, -0.4935038953643502], [0.3774103073513311, -0.526724215507494]], [[-0.5622823134345772, -0.5043550278742533], [-0.5622823134345772, 0.4935038953643502], [0.3774103073513311, 0.4711347077311094], [0.3774103073513311, -0.526724215507494]], [[-0.3774103073513311, -0.4711347077311094], [-0.3774103073513311, 0.526724215507494], [0.5622823134345772, 0.5043550278742533], [0.5622823134345772, -0.4935038953643502]]], "labels": {"GAMMA": [0.0, 0.0], "X": [-1.1043592643970545e-18, 0.4989294616193017], "M": [0.4698463103929542, 0.48774486780268134], "Z": [-0.09243600304162307, -0.01661016007157197], "R": [-0.09243600304162307, 0.48231930154772973], "A": [0.3774103073513311, 0.4711347077311094]}, "label_positions": {"GAMMA": [0.05, 0.05], "X": [0.05, 0.5489294616193017], "M": [0.5198463103929543, 0.5377448678026814], "Z": [-0.042436003041623066, -0.06661016007157197], "R": [-0.042436003041623066, 0.5323193015477298], "A": [0.3774103073513311, 0.4211347077311094]}, "zorder": [1, 0, 1, 0, 1, 0]}
