{"gap": [3.9594989539001513], "gap_ranges": [[0.63053683765374, 0.6560071862374637]], "fill_fraction": 0.360573, "gap_range_of_max": [0.63053683765374, 0.6560071862374637], "mid_gaps": [0.6432720119456019], "band_nos": [8], "mid_gap_of_max": 0.6432720119456019, "max_gap": 3.9594989539001513}