{"gap": [7.600299273039672], "_status": {"hP21-NaAlSiO/9e273333/store_fill/0000/1f516b5449fb5e577c5825a790bcf18a": 1, "hP21-NaAlSiO/9e273333/check_runnin/0000/faf8dd18d374beff25f17f17ed552428": 1, "hP21-NaAlSiO/9e273333/strict-mpb-h/0000/74bf242a8cf516080288935854be3c0e": 1, "hP21-NaAlSiO/9e273333/mpb-hP21-NaA/0000/bb99b5f993e335e4d31312216e2e0680": 1, "hP21-NaAlSiO/9e273333/store_strict/0000/1ed73321af4ba40615c8138e9032f4e6": 1, "hP21-NaAlSiO/9e273333/store_data/0000/0f1df1a6cc2ab0175a9c2a80f6c65583": 1}, "band_nos": [6], "gap_ranges": [[0.403300946925332, 0.4351638644054666]], "mid_gap_of_max": 0.4192324056653993, "mid_gaps": [0.4192324056653993], "gap_range_of_max": [0.403300946925332, 0.4351638644054666], "fill_fraction": 0.238453, "max_gap": 7.600299273039672, "strict_calculated": true}