{"fill_fraction": 0.163523, "gap": [0.009214689311487416], "mid_gap_of_max": 0.7276331405666405, "gap_range_of_max": [0.727599616000025, 0.727666665133256], "_status": {"cP38-Ta8Cu4*/81c73404/store_data/0000/6af779c52471053f15b3eb1d59bb6781": 1, "cP38-Ta8Cu4*/81c73404/strict-mpb-c/0000/eb2d13afb8aaed60423339ec3ce703a2": 1, "cP38-Ta8Cu4*/81c73404/mpb-cP38-Ta8/0000/bfb1fe56c557510006209133c6c22ed3": 1, "cP38-Ta8Cu4*/81c73404/store_strict/0000/286bfc794194d635905501a2aecbedd1": 1, "cP38-Ta8Cu4*/81c73404/check_runnin/0000/3d5353b838f58e0bba8b16fecefb592c": 1, "cP38-Ta8Cu4*/81c73404/store_fill/0000/b908a2e07daaea0760cb2824dcfafabe": 1}, "gap_ranges": [[0.727599616000025, 0.727666665133256]], "max_gap": 0.009214689311487416, "mid_gaps": [0.7276331405666405], "band_nos": [16]}