{"run_me": true, "mid_gaps": [0.5722590965814767], "fill_fraction": 0.351268, "gap": [0.32425346972079316], "max_gap": 0.32425346972079316, "gap_range_of_max": [0.571331311593247, 0.5731868815697062], "_status": {"cP16-Ag3O4P_/06a8209a/store_data/0000/1a06ac186570e3755c5f89bb51328d87": 1, "cP16-Ag3O4P_/06a8209a/strict-mpb-c/0000/b6f18d234cae28e625baee5cab2e673a": 1, "cP16-Ag3O4P_/06a8209a/store_strict/0000/e4e0fa076b1ad948b1d7e8e9d9fdd7c7": 1, "cP16-Ag3O4P_/06a8209a/store_fill/0000/92aa1dc718e468116dbf77cfded8cea6": 1, "cP16-Ag3O4P_/06a8209a/check_runnin/0000/7ed7e0ec55bba4a0bbb68820532c13d0": 1, "cP16-Ag3O4P_/06a8209a/mpb-cP16-Ag3/0000/e0a988aff016136f01ae7e179d086ddd": 3}, "mid_gap_of_max": 0.5722590965814767, "band_nos": [16], "gap_ranges": [[0.571331311593247, 0.5731868815697062]]}