{
  "structure": "tP32-SeO3",
  "nbands": 20,
  "basis": [
    [
      0.51302,
      0.2746,
      0.06295
    ],
    [
      0.48698,
      0.7254,
      0.06295
    ],
    [
      0.2746,
      0.48698,
      0.93705
    ],
    [
      0.7254,
      0.51302,
      0.93705
    ],
    [
      0.98698,
      0.7746,
      0.43705
    ],
    [
      0.01302,
      0.2254,
      0.43705
    ],
    [
      0.2254,
      0.98698,
      0.56295
    ],
    [
      0.7746,
      0.01302,
      0.56295
    ],
    [
      0.6029,
      0.3827,
      0.8388
    ],
    [
      0.3971,
      0.6173,
      0.8388
    ],
    [
      0.3827,
      0.3971,
      0.1612
    ],
    [
      0.6173,
      0.6029,
      0.1612
    ],
    [
      0.8971,
      0.8827,
      0.6612
    ],
    [
      0.1029,
      0.1173,
      0.6612
    ],
    [
      0.1173,
      0.8971,
      0.3388
    ],
    [
      0.8827,
      0.1029,
      0.3388
    ],
    [
      0.603,
      0.2585,
      0.3164
    ],
    [
      0.397,
      0.7415,
      0.3164
    ],
    [
      0.2585,
      0.397,
      0.6836
    ],
    [
      0.7415,
      0.603,
      0.6836
    ],
    [
      0.897,
      0.7585,
      0.1836
    ],
    [
      0.103,
      0.2415,
      0.1836
    ],
    [
      0.2415,
      0.897,
      0.8164
    ],
    [
      0.7585,
      0.103,
      0.8164
    ],
    [
      0.4461,
      0.1566,
      0.8917
    ],
    [
      0.5539,
      0.8434,
      0.8917
    ],
    [
      0.1566,
      0.5539,
      0.1083
    ],
    [
      0.8434,
      0.4461,
      0.1083
    ],
    [
      0.0539,
      0.6566,
      0.6083
    ],
    [
      0.9461,
      0.3434,
      0.6083
    ],
    [
      0.3434,
      0.0539,
      0.3917
    ],
    [
      0.6566,
      0.9461,
      0.3917
    ]
  ],
  "lattice_vectors": [
    [
      1.0,
      0.0,
      0.0
    ],
    [
      0.0,
      1.0,
      0.0
    ],
    [
      0.0,
      0.0,
      0.542773147
    ]
  ]
}