{"gap_ranges": [[0.298694140710475, 0.325178935665404]], "fill_fraction": 0.424773, "max_gap": 8.490443315419233, "band_nos": [2], "mid_gaps": [0.31193653818793954], "mid_gap_of_max": 0.31193653818793954, "gap": [8.490443315419233], "gap_range_of_max": [0.298694140710475, 0.325178935665404]}