{"max_gap": 14.81104484461554, "gap": [14.81104484461554], "fill_fraction": 0.382172, "gap_ranges": [[0.3934248889504538, 0.45635557148866285]], "gap_range_of_max": [0.3934248889504538, 0.45635557148866285], "mid_gap_of_max": 0.4248902302195583, "mid_gaps": [0.4248902302195583], "band_nos": [8]}