{"mid_gap_of_max": 0.434860541358284, "fill_fraction": 0.256368, "band_nos": [6], "mid_gaps": [0.434860541358284], "gap_range_of_max": [0.4299253352147898, 0.43979574750177824], "strict_calculated": true, "max_gap": 2.2697879775797096, "gap": [2.2697879775797096], "gap_ranges": [[0.4299253352147898, 0.43979574750177824]]}