{"gap": [3.3729925270463643], "gap_ranges": [[0.4849754220954, 0.5016142195378588]], "max_gap": 3.3729925270463643, "mid_gap_of_max": 0.4932948208166294, "fill_fraction": 0.429397, "band_nos": [8], "gap_range_of_max": [0.4849754220954, 0.5016142195378588], "mid_gaps": [0.4932948208166294]}