{"max_gap": 4.516389510895269, "fill_fraction": 0.24512, "band_nos": [12], "mid_gap_of_max": 0.5569044286, "gap_ranges": [[0.544328442000499, 0.569480415199501]], "mid_gaps": [0.5569044286], "gap_range_of_max": [0.544328442000499, 0.569480415199501], "gap": [4.516389510895269]}