{"gap_ranges": [[0.4231145032688144, 0.5041327742155552]], "max_gap": 17.475008644197718, "fill_fraction": 0.124568, "mid_gap_of_max": 0.4636236387421848, "mid_gaps": [0.4636236387421848], "gap": [17.475008644197718], "band_nos": [2], "gap_range_of_max": [0.4231145032688144, 0.5041327742155552]}