{"gap_range_of_max": [0.572754941151519, 0.5803834330119074], "gap": [1.3230835138795896], "fill_fraction": 0.101347, "gap_ranges": [[0.572754941151519, 0.5803834330119074]], "mid_gaps": [0.5765691870817132], "mid_gap_of_max": 0.5765691870817132, "max_gap": 1.3230835138795896, "band_nos": [2]}