{"strict_calculated": true, "gap_range_of_max": [0.34146411128197, 0.39204914885175085], "max_gap": 13.792535273475016, "mid_gaps": [0.36675663006686043], "band_nos": [2], "mid_gap_of_max": 0.36675663006686043, "gap": [13.792535273475016], "gap_ranges": [[0.34146411128197, 0.39204914885175085]], "fill_fraction": 0.370249}