{"mid_gap_of_max": 0.5232021124072064, "gap": [1.3894194131825142], "band_nos": [2], "mid_gaps": [0.5232021124072064], "gap_ranges": [[0.519567376547223, 0.5268368482671898]], "fill_fraction": 0.21092, "gap_range_of_max": [0.519567376547223, 0.5268368482671898], "max_gap": 1.3894194131825142}