{"band_nos": [2], "gap": [2.7612218100288786], "mid_gaps": [0.27192919396121146], "gap_ranges": [[0.268174909855465, 0.2756834780669579]], "mid_gap_of_max": 0.27192919396121146, "gap_range_of_max": [0.268174909855465, 0.2756834780669579], "fill_fraction": 0.655124, "max_gap": 2.7612218100288786}