{"max_gap": 1.5765389757307262, "fill_fraction": 0.367907, "band_nos": [8], "mid_gaps": [0.4945826747959791], "gap_ranges": [[0.490684030478294, 0.4984813191136642]], "gap": [1.5765389757307262], "mid_gap_of_max": 0.4945826747959791, "gap_range_of_max": [0.490684030478294, 0.4984813191136642]}