{"gap_ranges": [[0.271720394918778, 0.27395152126580147]], "mid_gaps": [0.2728359580922897], "gap": [0.8177537750606328], "gap_range_of_max": [0.271720394918778, 0.27395152126580147], "band_nos": [4], "mid_gap_of_max": 0.2728359580922897, "max_gap": 0.8177537750606328, "strict_calculated": true, "fill_fraction": 0.429864}