{"mid_gaps": [0.537415806287288], "mid_gap_of_max": 0.537415806287288, "fill_fraction": 0.510527, "band_nos": [8], "gap_range_of_max": [0.530709981177823, 0.5441216313967531], "_status": {"tI16-VAg3O4-/c0c684c3/store_data/0000/13b712f49359b5e4ceb4bcfe2befb2aa": 1, "tI16-VAg3O4-/c0c684c3/store_strict/0000/b6871b165ee6dc658a4d44a1e220464c": 1, "tI16-VAg3O4-/c0c684c3/store_fill/0000/4fee837440fee395c2d246732ad01103": 1, "tI16-VAg3O4-/c0c684c3/strict-mpb-t/0000/8d776d15cb0e29c28bce061b96470c14": 1, "tI16-VAg3O4-/c0c684c3/check_runnin/0000/7eb60dfc48f6d7eda8c43ddeaa3629b8": 1, "tI16-VAg3O4-/c0c684c3/mpb-tI16-VAg/0000/6072c7cf56f6ea0f8106e99ddf7ee422": 1}, "gap_ranges": [[0.530709981177823, 0.5441216313967531]], "gap": [2.495581644980586], "max_gap": 2.495581644980586}