{"fill_fraction": 0.233676, "mid_gap_of_max": 0.6148459302081152, "mid_gaps": [0.6148459302081152], "band_nos": [16], "_status": {"cP33-RbNO3-1/0a387fa5/store_fill/0000/e95eefa760092930dff83433c0f2fda5": 1, "cP33-RbNO3-1/0a387fa5/mpb-cP33-RbN/0000/ba534a77653cd07bce1990a491cac314": 1, "cP33-RbNO3-1/0a387fa5/store_data/0000/91809208073512710a805c91809b0c0e": 1, "cP33-RbNO3-1/0a387fa5/store_strict/0000/4da6253e0d1ae64621c267b8644fb051": 1, "cP33-RbNO3-1/0a387fa5/strict-mpb-c/0000/64f8b6c852a0a672071b080a1fee227f": 1, "cP33-RbNO3-1/0a387fa5/check_runnin/0000/d138a4103d0088ef3ba8b312bb5c8f14": 1}, "gap": [1.0840596361923909], "max_gap": 1.0840596361923909, "gap_range_of_max": [0.611513281931036, 0.6181785784851943], "gap_ranges": [[0.611513281931036, 0.6181785784851943]]}