{"gap": [0.8550381068033076], "gap_ranges": [[0.303425208103263, 0.30603074843957545]], "band_nos": [4], "max_gap": 0.8550381068033076, "mid_gaps": [0.30472797827141923], "gap_range_of_max": [0.303425208103263, 0.30603074843957545], "mid_gap_of_max": 0.30472797827141923, "fill_fraction": 0.384045}