{"mid_gap_of_max": 0.5113928472981323, "max_gap": 3.318770206276519, "gap_range_of_max": [0.502906870571552, 0.5198788240247125], "mid_gaps": [0.5113928472981323], "band_nos": [4], "gap": [3.318770206276519], "fill_fraction": 0.192515, "gap_ranges": [[0.502906870571552, 0.5198788240247125]]}