{"mid_gaps": [0.536100712364655], "strict_calculated": true, "gap": [4.119177304076214], "max_gap": 4.119177304076214, "gap_ranges": [[0.525059242929297, 0.547142181800013]], "fill_fraction": 0.327388, "gap_range_of_max": [0.525059242929297, 0.547142181800013], "band_nos": [12], "mid_gap_of_max": 0.536100712364655}