{"mid_gap_of_max": 0.6009067221343583, "gap": [0.23585751745832348], "_status": {"cP14-O4Pt3_r/064ca20f/store_strict/0000/ccfeded03faae14bf5f9bf552064919d": 1, "cP14-O4Pt3_r/064ca20f/store_data/0000/45850bdf9c960f7a935d24c476933ffa": 1, "cP14-O4Pt3_r/064ca20f/strict-mpb-c/0000/b1d5b286a4754953fcba52037c0ffb0a": 1, "cP14-O4Pt3_r/064ca20f/check_runnin/0000/4e2cf2c5364ae01f77e91171ddea729d": 1, "cP14-O4Pt3_r/064ca20f/mpb-cP14-O4P/0000/6aa84b24d1e70883209ca3456af9714a": 4, "cP14-O4Pt3_r/064ca20f/store_fill/0000/f283a81a597cc79ec4d91f5c0c66fddf": 1}, "run_me": true, "mid_gaps": [0.6009067221343583], "gap_ranges": [[0.600198080295825, 0.6016153639728914]], "fill_fraction": 0.239449, "gap_range_of_max": [0.600198080295825, 0.6016153639728914], "max_gap": 0.23585751745832348, "band_nos": [16]}