{"mid_gaps": [0.6503105045265641], "mid_gap_of_max": 0.6503105045265641, "band_nos": [7], "gap": [0.5694387886948283], "gap_ranges": [[0.648458944396698, 0.6521620646564302]], "gap_range_of_max": [0.648458944396698, 0.6521620646564302], "fill_fraction": 0.138948, "max_gap": 0.5694387886948283}