{"mid_gaps": [0.34651409561246027], "max_gap": 7.477587343902563, "mid_gap_of_max": 0.34651409561246027, "gap_ranges": [[0.333558648533282, 0.3594695426916386]], "gap": [7.477587343902563], "band_nos": [2], "fill_fraction": 0.458459, "gap_range_of_max": [0.333558648533282, 0.3594695426916386]}