{"gap_range_of_max": [0.4316943791127389, 0.533139933662973], "gap_ranges": [[0.4316943791127389, 0.533139933662973]], "fill_fraction": 0.109544, "strict_calculated": true, "max_gap": 21.02859593755272, "mid_gap_of_max": 0.4824171563878559, "mid_gaps": [0.4824171563878559], "gap": [21.02859593755272], "band_nos": [2]}