{"band_nos": [4], "fill_fraction": 0.509182, "max_gap": 6.8176225438861575, "gap": [6.8176225438861575], "gap_ranges": [[0.2388384560247073, 0.2556962094449014]], "gap_range_of_max": [0.2388384560247073, 0.2556962094449014], "mid_gaps": [0.24726733273480433], "strict_calculated": true, "mid_gap_of_max": 0.24726733273480433}