{"mid_gap_of_max": 0.5153685034785495, "strict_calculated": true, "gap": [0.42537939583220774], "mid_gaps": [0.5153685034785495], "max_gap": 0.42537939583220774, "gap_range_of_max": [0.514272367765346, 0.5164646391917529], "band_nos": [16], "fill_fraction": 0.35999, "gap_ranges": [[0.514272367765346, 0.5164646391917529]]}