{"gap_range_of_max": [0.3855890772660195, 0.40285797966303644], "max_gap": 4.380484966049087, "gap_ranges": [[0.3855890772660195, 0.40285797966303644]], "gap": [4.380484966049087], "mid_gaps": [0.39422352846452796], "band_nos": [5], "mid_gap_of_max": 0.39422352846452796, "fill_fraction": 0.306644}