{"band_nos": [2], "mid_gaps": [0.4182866597454974], "fill_fraction": 0.226877, "gap": [18.93037264509142], "max_gap": 18.93037264509142, "gap_ranges": [[0.378695048038233, 0.45787827145276183]], "mid_gap_of_max": 0.4182866597454974, "gap_range_of_max": [0.378695048038233, 0.45787827145276183]}