{"mid_gaps": [0.416301906559607], "mid_gap_of_max": 0.416301906559607, "band_nos": [7], "gap": [0.3071346331246148], "gap_ranges": [[0.4156626028929057, 0.41694121022630837]], "gap_range_of_max": [0.4156626028929057, 0.41694121022630837], "fill_fraction": 0.463366, "max_gap": 0.3071346331246148}