{"gap": [4.907394042128087], "gap_ranges": [[0.3237514430233066, 0.34003884556039743]], "fill_fraction": 0.449041, "max_gap": 4.907394042128087, "gap_range_of_max": [0.3237514430233066, 0.34003884556039743], "mid_gaps": [0.331895144291852], "mid_gap_of_max": 0.331895144291852, "band_nos": [4]}