{"fill_fraction": 0.266052, "gap": [1.2489114798847092], "mid_gap_of_max": 0.6311501491385307, "mid_gaps": [0.6311501491385307], "_status": {"hR12-O3Xe-12/395de069/strict-mpb-h/0000/cf4d8f1b05a51fa9e7e1a66fd4e5b3c2": 1, "hR12-O3Xe-12/395de069/store_data/0000/136739561f7abac50e77aab8f72d68d8": 1, "hR12-O3Xe-12/395de069/mpb-hR12-O3X/0000/2d0610ddf2f59cca81bdb84fa635abc2": 4, "hR12-O3Xe-12/395de069/store_strict/0000/753021cfe2eecef75bcf4d1739bba995": 1, "hR12-O3Xe-12/395de069/store_fill/0000/fe6ea5b35fa6659027a3b90177a02e00": 1, "hR12-O3Xe-12/395de069/check_runnin/0000/1ad54cd5b0a2012f8780e612cbe6bf90": 1}, "gap_range_of_max": [0.62720889580458, 0.6350914024724814], "band_nos": [16], "gap_ranges": [[0.62720889580458, 0.6350914024724814]], "run_me": true, "max_gap": 1.2489114798847092}