{"mid_gaps": [0.55610649443033], "gap": [0.5288852556355405], "band_nos": [16], "run_me": true, "gap_ranges": [[0.554635911802993, 0.5575770770576671]], "gap_range_of_max": [0.554635911802993, 0.5575770770576671], "mid_gap_of_max": 0.55610649443033, "max_gap": 0.5288852556355405, "_status": {"oP16-CdCu2Ge/32b46235/store_data/0000/cd9387c3c681f120941e830d9352a123": 1, "oP16-CdCu2Ge/32b46235/store_fill/0000/1015bebb5a464b485ed63565b55b61b2": 1, "oP16-CdCu2Ge/32b46235/check_runnin/0000/f7a61399a5d893378f3f960c866d283a": 1, "oP16-CdCu2Ge/32b46235/strict-mpb-o/0000/38a0faf296817d7dbc503373a8f7638c": 1, "oP16-CdCu2Ge/32b46235/store_strict/0000/cec80ae89d44e5afa9a038837b081504": 1, "oP16-CdCu2Ge/32b46235/mpb-oP16-CdC/0000/158b4cbd0b3a0ddbfbaadf0f566db37e": 6}, "fill_fraction": 0.520964}