{"max_gap": 0.6483815113830877, "gap": [0.6483815113830877], "mid_gaps": [0.5236410993818195], "fill_fraction": 0.147549, "mid_gap_of_max": 0.5236410993818195, "gap_range_of_max": [0.52194350334462, 0.5253386954190189], "band_nos": [16], "gap_ranges": [[0.52194350334462, 0.5253386954190189]]}