{"fill_fraction": 0.349249, "mid_gaps": [0.3150707911923772], "gap": [3.054424276824343], "max_gap": 3.054424276824343, "band_nos": [4], "gap_range_of_max": [0.3102589918246959, 0.31988259056005847], "gap_ranges": [[0.3102589918246959, 0.31988259056005847]], "mid_gap_of_max": 0.3150707911923772}