{"fill_fraction": 0.142718, "max_gap": 21.650569443122293, "mid_gap_of_max": 0.7712067952739418, "band_nos": [8], "gap_range_of_max": [0.68772146389351, 0.8546921266543736], "gap_ranges": [[0.68772146389351, 0.8546921266543736]], "mid_gaps": [0.7712067952739418], "gap": [21.650569443122293]}