{"gap": [16.59865750185507], "fill_fraction": 0.428412, "mid_gaps": [0.30578655284265377], "mid_gap_of_max": 0.30578655284265377, "gap_range_of_max": [0.280408321546113, 0.3311647841391946], "gap_ranges": [[0.280408321546113, 0.3311647841391946]], "max_gap": 16.59865750185507, "band_nos": [2]}