{"gap": [20.88208364127398], "band_nos": [4], "max_gap": 20.88208364127398, "gap_ranges": [[0.4546193234278612, 0.5606209890317332]], "mid_gaps": [0.5076201562297972], "mid_gap_of_max": 0.5076201562297972, "gap_range_of_max": [0.4546193234278612, 0.5606209890317332], "fill_fraction": 0.163976}