{"mid_gaps": [0.48897799810697895], "strict_calculated": true, "fill_fraction": 0.415065, "gap_ranges": [[0.48714479526439, 0.4908112009495679]], "max_gap": 0.7498099504212891, "gap_range_of_max": [0.48714479526439, 0.4908112009495679], "mid_gap_of_max": 0.48897799810697895, "gap": [0.7498099504212891], "band_nos": [10]}