{"gap": [2.5562833316721445], "mid_gaps": [0.5697099653723122], "gap_ranges": [[0.562428264930468, 0.5769916658141564]], "fill_fraction": 0.25225, "max_gap": 2.5562833316721445, "band_nos": [8], "gap_range_of_max": [0.562428264930468, 0.5769916658141564], "mid_gap_of_max": 0.5697099653723122}