{"gap_range_of_max": [0.395990410679452, 0.402552568006081], "max_gap": 1.643532659301631, "band_nos": [4], "gap": [1.643532659301631], "mid_gap_of_max": 0.3992714893427665, "fill_fraction": 0.427042, "gap_ranges": [[0.395990410679452, 0.402552568006081]], "mid_gaps": [0.3992714893427665]}