{"_status": {"cF4-Cu-14/cfc5180c/strict-mpb-c/0000/2570885f3420a66cbd3e7af610064f35": 1, "cF4-Cu-14/cfc5180c/mpb-cF4-Cu-1/0000/cd5d63502d29e29555cd9e56cc2db115": 4, "cF4-Cu-14/cfc5180c/store_data/0000/070abf3520a6ba09213a6eab6b261006": 1, "cF4-Cu-14/cfc5180c/check_runnin/0000/5463b28085fec9d88b05dc05b195d219": 1, "cF4-Cu-14/cfc5180c/store_fill/0000/8991c41db4b3a996a289bc5d00f1c709": 1, "cF4-Cu-14/cfc5180c/store_strict/0000/f9c3ebd00479edd52f7b9265fead6e38": 1}, "band_nos": [2, 5], "fill_fraction": 0.116599, "run_me": true, "gap_range_of_max": [0.583238806066879, 0.5835456635995345], "max_gap": 0.0525988373401379, "gap_ranges": [[0.47440251529435, 0.4744866930476704], [0.583238806066879, 0.5835456635995345]], "gap": [0.01774237762940858, 0.0525988373401379], "mid_gaps": [0.4744446041710102, 0.5833922348332068], "mid_gap_of_max": 0.5833922348332068}