{"gap": [25.926600548241968], "band_nos": [8], "gap_ranges": [[0.456784994154141, 0.5928526772942935]], "mid_gaps": [0.5248188357242172], "gap_range_of_max": [0.456784994154141, 0.5928526772942935], "strict_calculated": true, "mid_gap_of_max": 0.5248188357242172, "fill_fraction": 0.21355, "max_gap": 25.926600548241968}