{"max_gap": 1.3330386002305306, "gap": [1.3330386002305306], "gap_ranges": [[0.512056437393721, 0.5189281486408555]], "mid_gaps": [0.5154922930172883], "_status": {"hR1-Hg-12/855a0ef5/check_runnin/0000/3c109665ca00d654d5282e70ed9f8b9e": 1, "hR1-Hg-12/855a0ef5/mpb-hR1-Hg-1/0000/5c34ab5aa03a8d4239d82baf4586da85": 1, "hR1-Hg-12/855a0ef5/store_strict/0000/1e35b383962286269ca69c18de2a3779": 1, "hR1-Hg-12/855a0ef5/store_fill/0000/37127af09e2cc44f5f8f2b239ea7f312": 1, "hR1-Hg-12/855a0ef5/strict-mpb-h/0000/1f8dd20ab748ec95f5f65423bb994a8c": 1, "hR1-Hg-12/855a0ef5/store_data/0000/5e2e7920c197896a7d09a7e9e7ec40bc": 1}, "gap_range_of_max": [0.512056437393721, 0.5189281486408555], "run_me": true, "mid_gap_of_max": 0.5154922930172883, "band_nos": [5], "fill_fraction": 0.1749}