{"mid_gap_of_max": 0.7300939451951889, "_status": {"hP36-H2O-8/825269c2/mpb-hP36-H2O/0000/f85c5fc7f16caa71e0d40e5890ea0ef5": 6, "hP36-H2O-8/825269c2/strict-mpb-h/0000/bcbad973960f93de6068a2059e896665": 1, "hP36-H2O-8/825269c2/store_strict/0000/414136d53410e61f71ad085d7927e91a": 1, "hP36-H2O-8/825269c2/store_data/0000/2c298bac13d4a40879d5a493ec381899": 1, "hP36-H2O-8/825269c2/store_fill/0000/971da5f1f5bb3736c8b2e749a3b2ac21": 1, "hP36-H2O-8/825269c2/check_runnin/0000/1138d9fb7545d25e626068bd62c23ced": 1}, "max_gap": 2.5540157823313856, "band_nos": [12], "gap_ranges": [[0.720770587902123, 0.7394173024882547]], "fill_fraction": 0.320091, "gap": [2.5540157823313856], "mid_gaps": [0.7300939451951889], "gap_range_of_max": [0.720770587902123, 0.7394173024882547], "run_me": true}