{"gap_ranges": [[0.25250223923195, 0.26792671915569233]], "max_gap": 5.9276024806633805, "mid_gaps": [0.2602144791938211], "band_nos": [4], "mid_gap_of_max": 0.2602144791938211, "fill_fraction": 0.507185, "gap_range_of_max": [0.25250223923195, 0.26792671915569233], "strict_calculated": true, "gap": [5.9276024806633805]}