{"fill_fraction": 0.141369, "band_nos": [2], "strict_calculated": true, "gap_range_of_max": [0.362365244147235, 0.5038543415017194], "mid_gaps": [0.43310979282447715], "mid_gap_of_max": 0.43310979282447715, "max_gap": 32.66818245594933, "gap": [32.66818245594933], "gap_ranges": [[0.362365244147235, 0.5038543415017194]]}