{"mid_gaps": [0.5179528840179344], "gap_ranges": [[0.510394073101283, 0.5255116949345857]], "gap_range_of_max": [0.510394073101283, 0.5255116949345857], "max_gap": 2.918725293318162, "gap": [2.918725293318162], "fill_fraction": 0.19184, "band_nos": [12], "mid_gap_of_max": 0.5179528840179344}