{"fill_fraction": 0.16921, "band_nos": [16], "mid_gaps": [0.944946726391388], "mid_gap_of_max": 0.944946726391388, "gap_ranges": [[0.935140162299484, 0.9547532904832919]], "max_gap": 2.0755803090304332, "gap_range_of_max": [0.935140162299484, 0.9547532904832919], "gap": [2.0755803090304332]}