{"strict_calculated": true, "mid_gap_of_max": 0.3122026723068734, "band_nos": [2], "gap": [20.04983373252645], "max_gap": 20.04983373252645, "gap_ranges": [[0.280904613953857, 0.34350073065988973]], "gap_range_of_max": [0.280904613953857, 0.34350073065988973], "fill_fraction": 0.384685, "mid_gaps": [0.3122026723068734]}