{"mid_gap_of_max": 0.31685742150791096, "band_nos": [2], "fill_fraction": 0.527075, "max_gap": 4.8611472949220875, "gap_ranges": [[0.309155968520715, 0.324558874495107]], "mid_gaps": [0.31685742150791096], "gap": [4.8611472949220875], "gap_range_of_max": [0.309155968520715, 0.324558874495107]}