{
  "basis": [
    [
      0.432,
      0.432,
      0.432
    ],
    [
      -0.479,
      0.225,
      -0.178
    ],
    [
      0.225,
      -0.178,
      -0.479
    ],
    [
      -0.178,
      -0.479,
      0.225
    ]
  ],
  "lattice_vectors": [
    [
      0.6440301522,
      0.3718309817,
      0.6685558197
    ],
    [
      -0.6440301522,
      0.3718309817,
      0.6685558197
    ],
    [
      0.0,
      -0.7436619635,
      0.6685558197
    ]
  ],
  "nbands": 20,
  "structure": "hR4-XeO3_r"
}