{"gap": [24.319643393681048], "band_nos": [8], "gap_ranges": [[0.406347108490474, 0.5188493479376172]], "mid_gaps": [0.4625982282140456], "gap_range_of_max": [0.406347108490474, 0.5188493479376172], "strict_calculated": true, "mid_gap_of_max": 0.4625982282140456, "fill_fraction": 0.295678, "max_gap": 24.319643393681048}