{"gap": [7.417262231214967], "fill_fraction": 0.461547, "max_gap": 7.417262231214967, "gap_ranges": [[0.271267649026406, 0.29216322160975783]], "gap_range_of_max": [0.271267649026406, 0.29216322160975783], "mid_gaps": [0.2817154353180819], "mid_gap_of_max": 0.2817154353180819, "band_nos": [2]}