{"gap_ranges": [[0.4292505251472777, 0.48478194940640407]], "gap_range_of_max": [0.4292505251472777, 0.48478194940640407], "mid_gaps": [0.4570162372768409], "mid_gap_of_max": 0.4570162372768409, "band_nos": [2], "max_gap": 12.150864614792178, "fill_fraction": 0.293836, "gap": [12.150864614792178]}