{"mid_gap_of_max": 0.5130637986696305, "max_gap": 22.68753155529675, "strict_calculated": true, "mid_gaps": [0.5130637986696305], "gap_ranges": [[0.45486304305864, 0.5712645542806211]], "band_nos": [2], "fill_fraction": 0.070571, "gap": [22.68753155529675], "gap_range_of_max": [0.45486304305864, 0.5712645542806211]}