{"gap": [2.77141779336085, 3.672696736846632], "_status": {"mC20-Ga2Se3_/c8765c82/mpb-mC20-Ga2/0000/976604251d3a963e3bb44904bba2f2d3": 7, "mC20-Ga2Se3_/c8765c82/store_strict/0000/44ff60181fd59f34d3782e387312f4ce": 1, "mC20-Ga2Se3_/c8765c82/store_fill/0000/3ee74d674a22bde6c29a9d2322baa51c": 1, "mC20-Ga2Se3_/c8765c82/check_runnin/0000/a3cc7c96ae2118218692e191a41af183": 1, "mC20-Ga2Se3_/c8765c82/strict-mpb-m/0000/dfe9ed991749321f699d12b8ccc318d9": 1, "mC20-Ga2Se3_/c8765c82/store_data/0000/48a6dc5096277b70dc20a85a361b9f12": 1}, "band_nos": [12, 18], "max_gap": 3.672696736846632, "mid_gap_of_max": 0.7557604032835217, "gap_ranges": [[0.608541293220729, 0.6256435017257801], [0.741882009448635, 0.7696387971184083]], "fill_fraction": 0.302683, "gap_range_of_max": [0.741882009448635, 0.7696387971184083], "run_me": true, "mid_gaps": [0.6170923974732545, 0.7557604032835217]}