{"mid_gaps": [1.102860279429831], "max_gap": 0.3488386794478543, "gap_range_of_max": [1.100936677812372, 1.1047838810472903], "fill_fraction": 0.048536, "gap_ranges": [[1.100936677812372, 1.1047838810472903]], "band_nos": [14], "mid_gap_of_max": 1.102860279429831, "gap": [0.3488386794478543]}