{"max_gap": 3.1450980039359844, "gap_ranges": [[0.488641222648255, 0.5042550023246448]], "fill_fraction": 0.216145, "mid_gap_of_max": 0.49644811248644993, "band_nos": [6], "mid_gaps": [0.49644811248644993], "gap_range_of_max": [0.488641222648255, 0.5042550023246448], "gap": [3.1450980039359844]}