{"gap_range_of_max": [0.280307428426676, 0.29873392005731897], "gap": [6.364482149292316], "mid_gap_of_max": 0.28952067424199746, "mid_gaps": [0.28952067424199746], "strict_calculated": true, "gap_ranges": [[0.280307428426676, 0.29873392005731897]], "fill_fraction": 0.511997, "max_gap": 6.364482149292316, "band_nos": [2]}