{"mid_gaps": [0.292373361212907], "strict_calculated": true, "mid_gap_of_max": 0.292373361212907, "max_gap": 23.861830121689444, "gap_range_of_max": [0.257490543826058, 0.3272561785997561], "gap": [23.861830121689444], "gap_ranges": [[0.257490543826058, 0.3272561785997561]], "fill_fraction": 0.357119, "band_nos": [2]}