{"band_nos": [4], "max_gap": 2.588081276709113, "_status": {"hP14-RbLiCrO/23dc6bba/store_strict/0000/6f8e8a71f2303c55dc60905070cfe178": 1, "hP14-RbLiCrO/23dc6bba/check_runnin/0000/fc743243fcda84c9cbaeff1a5ada987e": 1, "hP14-RbLiCrO/23dc6bba/strict-mpb-h/0000/69aea190fc6e803fc35cc94a93992821": 1, "hP14-RbLiCrO/23dc6bba/store_data/0000/bf4f25045d2b2c51e8a61e07c1d26d3d": 1, "hP14-RbLiCrO/23dc6bba/store_fill/0000/24ee3daf192722edec6223984b55af6d": 1, "hP14-RbLiCrO/23dc6bba/mpb-hP14-RbL/0000/24107d70c25434fd58bb42de072ce5be": 1}, "gap": [2.588081276709113], "gap_ranges": [[0.378432356308515, 0.3883548949495162]], "mid_gaps": [0.3833936256290156], "fill_fraction": 0.303287, "gap_range_of_max": [0.378432356308515, 0.3883548949495162], "mid_gap_of_max": 0.3833936256290156}