{"max_gap": 13.092183653481323, "gap_ranges": [[0.37188700537965, 0.4239855539363044]], "gap": [13.092183653481323], "gap_range_of_max": [0.37188700537965, 0.4239855539363044], "mid_gaps": [0.3979362796579772], "fill_fraction": 0.310996, "band_nos": [2], "mid_gap_of_max": 0.3979362796579772}