{"fill_fraction": 0.375598, "max_gap": 15.466802761038586, "mid_gap_of_max": 0.5435059377206298, "band_nos": [8], "gap_range_of_max": [0.501474442029738, 0.5855374334115216], "gap_ranges": [[0.501474442029738, 0.5855374334115216]], "mid_gaps": [0.5435059377206298], "gap": [15.466802761038586]}