{"band_nos": [12], "_status": {"cI80-Er2O3_r/81c73404/store_fill/0000/a3d02fa4b96b085969143ce763562170": 1, "cI80-Er2O3_r/81c73404/mpb-cI80-Er2/0000/e0b5c2a23bcaef649d1d88c9a104c47e": 1, "cI80-Er2O3_r/81c73404/strict-mpb-c/0000/f4934747f6966d3c94f23070dff466d6": 1, "cI80-Er2O3_r/81c73404/store_strict/0000/069b8c4aa247fbce2c1bca2038dce053": 1, "cI80-Er2O3_r/81c73404/store_data/0000/600d16c39cc2d2595b53ff6ba36203d6": 1, "cI80-Er2O3_r/81c73404/check_runnin/0000/507691f2bc32b57625f0d2a916afe874": 1}, "fill_fraction": 0.090858, "mid_gaps": [0.8842526154055022], "gap_range_of_max": [0.860293870117801, 0.9082113606932033], "strict_calculated": true, "mid_gap_of_max": 0.8842526154055022, "gap_ranges": [[0.860293870117801, 0.9082113606932033]], "max_gap": 5.41898205790751, "gap": [5.41898205790751]}