{"band_nos": [2], "fill_fraction": 0.498107, "gap": [5.770863248025989], "gap_ranges": [[0.2445939646015093, 0.25912853283995335]], "mid_gap_of_max": 0.25186124872073135, "mid_gaps": [0.25186124872073135], "gap_range_of_max": [0.2445939646015093, 0.25912853283995335], "max_gap": 5.770863248025989, "strict_calculated": true}