{"gap_range_of_max": [0.566141944706994, 0.5818914873328165], "gap": [2.743742853871121], "fill_fraction": 0.079589, "max_gap": 2.743742853871121, "mid_gaps": [0.5740167160199052], "band_nos": [2], "mid_gap_of_max": 0.5740167160199052, "gap_ranges": [[0.566141944706994, 0.5818914873328165]]}