{"gap_range_of_max": [0.69240703829178, 0.7089881496210777], "gap_ranges": [[0.69240703829178, 0.7089881496210777]], "mid_gaps": [0.7006975939564288], "max_gap": 2.366371951653688, "strict_calculated": true, "band_nos": [16], "mid_gap_of_max": 0.7006975939564288, "gap": [2.366371951653688], "fill_fraction": 0.28886}