{"number": 77, "equivalent_atoms": [0, 0, 0, 0, 4, 4, 4, 4, 8, 8, 8, 8, 12, 12, 12, 12, 16, 16, 16, 16, 20, 20, 20, 20, 24, 24, 24, 24, 28, 28, 28, 28, 32, 32, 32, 32, 36, 36, 36, 36, 40, 40, 40, 40, 44, 44, 44, 44], "global_point_groups": ["4", "1", "2"], "std_positions": [[0.11, 0.14, 0.0833333333], [0.89, 0.86, 0.0833333333], [0.86, 0.11, 0.5833333333], [0.14, 0.89, 0.5833333333], [0.61, 0.14, 0.0833333333], [0.39, 0.86, 0.0833333333], [0.86, 0.61, 0.5833333333], [0.14, 0.39, 0.5833333333], [0.11, 0.64, 0.0833333333], [0.89, 0.36, 0.0833333333], [0.36, 0.11, 0.5833333333], [0.64, 0.89, 0.5833333333], [0.61, 0.64, 0.0833333333], [0.39, 0.36, 0.0833333333], [0.36, 0.61, 0.5833333333], [0.64, 0.39, 0.5833333333], [0.193, 0.141, 0.2463333333], [0.807, 0.859, 0.2463333333], [0.859, 0.193, 0.7463333333], [0.141, 0.807, 0.7463333333], [0.091, 0.059, 0.9203333333], [0.909, 0.941, 0.9203333333], [0.941, 0.091, 0.4203333333], [0.059, 0.909, 0.4203333333], [0.693, 0.141, 0.2463333333], [0.307, 0.859, 0.2463333333], [0.859, 0.693, 0.7463333333], [0.141, 0.307, 0.7463333333], [0.591, 0.059, 0.9203333333], [0.409, 0.941, 0.9203333333], [0.941, 0.591, 0.4203333333], [0.059, 0.409, 0.4203333333], [0.193, 0.641, 0.2463333333], [0.807, 0.359, 0.2463333333], [0.359, 0.193, 0.7463333333], [0.641, 0.807, 0.7463333333], [0.091, 0.559, 0.9203333333], [0.909, 0.441, 0.9203333333], [0.441, 0.091, 0.4203333333], [0.559, 0.909, 0.4203333333], [0.693, 0.641, 0.9203333333], [0.307, 0.359, 0.9203333333], [0.359, 0.693, 0.4203333333], [0.641, 0.307, 0.4203333333], [0.591, 0.559, 0.2463333333], [0.409, 0.441, 0.2463333333], [0.441, 0.591, 0.7463333333], [0.559, 0.409, 0.7463333333]], "site_point_groups": {"d": {"site_symmetry": ["1"], "name": "4d"}}, "std_lattice": [[1.0, 0.0, 0.0], [0.0, 1.0, 0.0], [0.0, 0.0, 0.3044543245]], "international": "P4_2", "wyckoffs": ["d", "d", "d", "d", "d", "d", "d", "d", "d", "d", "d", "d", "d", "d", "d", "d", "d", "d", "d", "d", "d", "d", "d", "d", "d", "d", "d", "d", "d", "d", "d", "d", "d", "d", "d", "d", "d", "d", "d", "d", "d", "d", "d", "d", "d", "d", "d", "d"]}