{"gap": [18.688891302171072], "gap_range_of_max": [0.2629900788317479, 0.3172062052691767], "band_nos": [2], "max_gap": 18.688891302171072, "gap_ranges": [[0.2629900788317479, 0.3172062052691767]], "mid_gap_of_max": 0.2900981420504623, "fill_fraction": 0.442412, "mid_gaps": [0.2900981420504623]}