{"fill_fraction": 0.307313, "mid_gaps": [0.5568626637263293], "max_gap": 0.029794791340819776, "gap_ranges": [[0.556779705691973, 0.5569456217606856]], "mid_gap_of_max": 0.5568626637263293, "run_me": true, "gap": [0.029794791340819776], "_status": {"cI144-Ga4Se8/8070565b/mpb-cI144-Ga/0000/a9fcdfadf99a83b8b67b923ce3d27882": 3, "cI144-Ga4Se8/8070565b/store_fill/0000/838dcdb8413ffcb508f22062f2d95479": 1, "cI144-Ga4Se8/8070565b/strict-mpb-c/0000/e5b24065b3be60321b8da4bbb311ff80": 1, "cI144-Ga4Se8/8070565b/store_data/0000/c0e10d4b43f744b5c00adb07b51975ee": 1, "cI144-Ga4Se8/8070565b/check_runnin/0000/5c3a504296e961aa12a36ce638071163": 1, "cI144-Ga4Se8/8070565b/store_strict/0000/d673588af7b1d9afbb006352be09eb07": 1}, "gap_range_of_max": [0.556779705691973, 0.5569456217606856], "band_nos": [14]}