{"max_gap": 1.9401849437397585, "fill_fraction": 0.402054, "mid_gap_of_max": 0.6677542820429145, "mid_gaps": [0.6677542820429145], "gap_ranges": [[0.661276448022227, 0.674232116063602]], "band_nos": [12], "gap_range_of_max": [0.661276448022227, 0.674232116063602], "gap": [1.9401849437397585]}