{"fill_fraction": 0.087998, "max_gap": 23.515152099312935, "gap_ranges": [[0.443697625004256, 0.561935731699402]], "gap": [23.515152099312935], "mid_gaps": [0.5028166783518291], "gap_range_of_max": [0.443697625004256, 0.561935731699402], "band_nos": [2], "mid_gap_of_max": 0.5028166783518291}