{"fill_fraction": 0.414594, "max_gap": 10.044143777234098, "gap": [10.044143777234098], "gap_ranges": [[0.2736416180193909, 0.3025798756701423]], "gap_range_of_max": [0.2736416180193909, 0.3025798756701423], "mid_gap_of_max": 0.28811074684476656, "mid_gaps": [0.28811074684476656], "strict_calculated": true, "band_nos": [4]}