{"fill_fraction": 0.25118, "max_gap": 21.51367900527218, "mid_gap_of_max": 0.6382252025332074, "band_nos": [8], "gap_range_of_max": [0.569572341831336, 0.7068780632350788], "gap_ranges": [[0.569572341831336, 0.7068780632350788]], "mid_gaps": [0.6382252025332074], "gap": [21.51367900527218]}