{"mid_gaps": [0.5391733970312427], "gap_ranges": [[0.525989706350135, 0.5523570877123505]], "gap": [4.890334261185151], "band_nos": [14], "mid_gap_of_max": 0.5391733970312427, "fill_fraction": 0.292659, "gap_range_of_max": [0.525989706350135, 0.5523570877123505], "strict_calculated": true, "max_gap": 4.890334261185151}