{"gap": [8.29407973171133, 8.294079731711415], "max_gap": 8.294079731711415, "fill_fraction": 0.547696, "mid_gaps": [0.272039159126246, 0.2720391591262463], "band_nos": [2], "gap_range_of_max": [0.260757586746542, 0.28332073150595066], "mid_gap_of_max": 0.2720391591262463, "gap_ranges": [[0.260757586746542, 0.28332073150595], [0.260757586746542, 0.28332073150595066]]}