{"max_gap": 16.949162383700806, "mid_gaps": [0.6635043182429001], "band_nos": [8], "mid_gap_of_max": 0.6635043182429001, "gap": [16.949162383700806], "gap_range_of_max": [0.607275106081972, 0.7197335304038284], "gap_ranges": [[0.607275106081972, 0.7197335304038284]], "fill_fraction": 0.285371}