{"gap_range_of_max": [1.069628909510283, 1.0938245875922805], "gap_ranges": [[1.069628909510283, 1.0938245875922805]], "max_gap": 2.2367643320645576, "mid_gaps": [1.0817267485512818], "gap": [2.2367643320645576], "fill_fraction": 0.041446, "mid_gap_of_max": 1.0817267485512818, "band_nos": [14], "_status": {"cF264-Ca24Mg/4ad92e3e/store_fill/0000/f237faeb33c6fc28a7347b46087104ef": 1, "cF264-Ca24Mg/4ad92e3e/store_strict/0000/7a6234b91ace0bec98a2c60253e3c4fb": 1, "cF264-Ca24Mg/4ad92e3e/store_data/0000/38ac048f1610560b0872ea250f7df99b": 1, "cF264-Ca24Mg/4ad92e3e/check_runnin/0000/4434989b0e0059eafe9aa445f0264ba2": 1, "cF264-Ca24Mg/4ad92e3e/mpb-cF264-Ca/0000/c45fa0551bdd241889a9fd429e7299db": 1, "cF264-Ca24Mg/4ad92e3e/strict-mpb-c/0000/29440ec203f934061993dcc96dbd8d28": 1}}