{"gap_ranges": [[0.310202963782811, 0.39378245138878026], [0.536886711194763, 0.5372196404987237]], "fill_fraction": 0.307179, "gap": [23.744664535584686, 0.06199186950815932], "mid_gap_of_max": 0.3519927075857956, "max_gap": 23.744664535584686, "gap_range_of_max": [0.310202963782811, 0.39378245138878026], "mid_gaps": [0.3519927075857956, 0.5370531758467434], "band_nos": [2, 8]}