{"mid_gaps": [0.622367452194424], "run_me": true, "band_nos": [18], "max_gap": 0.2113266032961057, "fill_fraction": 0.579125, "gap_range_of_max": [0.62170983819605, 0.623025066192798], "mid_gap_of_max": 0.622367452194424, "gap_ranges": [[0.62170983819605, 0.623025066192798]], "gap": [0.2113266032961057]}