{"gap": [0.1406730827990567, 1.8920787960851349], "gap_ranges": [[0.659419059571578, 0.6603473376099094], [0.667185850152274, 0.679930097756809]], "fill_fraction": 0.193991, "band_nos": [16, 17], "mid_gaps": [0.6598831985907436, 0.6735579739545415], "max_gap": 1.8920787960851349, "_status": {"hR5-Ni3S2-14/9033dd5e/store_fill/0000/02698155521492571ecd917f687deb06": 1, "hR5-Ni3S2-14/9033dd5e/mpb-hR5-Ni3S/0000/b64cdc3c0760ca121203b9118d9264fd": 6, "hR5-Ni3S2-14/9033dd5e/check_runnin/0000/53dfcf1efc551b2d9cc17df1a315f05f": 1, "hR5-Ni3S2-14/9033dd5e/strict-mpb-h/0000/9be9a1a5a807cf8d6079c9d7ab839054": 1, "hR5-Ni3S2-14/9033dd5e/store_strict/0000/e598a2249b001176798929cc94eae63c": 1, "hR5-Ni3S2-14/9033dd5e/store_data/0000/f963a1644fbf6fba04c271a777dbd234": 1}, "gap_range_of_max": [0.667185850152274, 0.679930097756809], "mid_gap_of_max": 0.6735579739545415, "run_me": true}