{"gap": [0.6523067594870335], "max_gap": 0.6523067594870335, "mid_gaps": [0.3312204778707861], "fill_fraction": 0.297957, "mid_gap_of_max": 0.3312204778707861, "gap_ranges": [[0.3301401910878079, 0.33230076465376435]], "gap_range_of_max": [0.3301401910878079, 0.33230076465376435], "strict_calculated": true, "band_nos": [6]}