{"mid_gap_of_max": 0.6149010628881733, "max_gap": 1.3827747467029372, "mid_gaps": [0.6149010628881733], "band_nos": [4], "gap": [1.3827747467029372], "gap_ranges": [[0.61064971458076, 0.6191524111955864]], "gap_range_of_max": [0.61064971458076, 0.6191524111955864], "fill_fraction": 0.164484}