{"max_gap": 5.507029674308965, "band_nos": [2], "gap_ranges": [[0.551018939464743, 0.5822229222684113]], "fill_fraction": 0.081153, "mid_gap_of_max": 0.5666209308665772, "gap_range_of_max": [0.551018939464743, 0.5822229222684113], "gap": [5.507029674308965], "mid_gaps": [0.5666209308665772]}