{"strict_calculated": true, "band_nos": [8], "gap": [24.248363464671005], "gap_range_of_max": [0.514860194581254, 0.656930190375438], "mid_gaps": [0.585895192478346], "gap_ranges": [[0.514860194581254, 0.656930190375438]], "mid_gap_of_max": 0.585895192478346, "fill_fraction": 0.193288, "max_gap": 24.248363464671005}