{"fill_fraction": 0.26989, "gap_ranges": [[0.51745990313544, 0.5311116625135911]], "mid_gaps": [0.5242857828245155], "band_nos": [2], "max_gap": 2.6038774701461738, "gap": [2.6038774701461738], "gap_range_of_max": [0.51745990313544, 0.5311116625135911], "mid_gap_of_max": 0.5242857828245155}