{"global_point_groups": ["mm2", "1", "m", "2"], "std_positions": [[0.1574, 0.1305, 0.2823], [0.8426, 0.8695, 0.7823], [0.6574, 0.3695, 0.2823], [0.3426, 0.6305, 0.7823], [0.9736, 0.4683, 0.3026], [0.0264, 0.5317, 0.8026], [0.4736, 0.0317, 0.3026], [0.5264, 0.9683, 0.8026], [0.0182, 0.8384, 0.1181], [0.9818, 0.1616, 0.6181], [0.5182, 0.6616, 0.1181], [0.4818, 0.3384, 0.6181], [0.2067, 0.4848, 0.0682], [0.7933, 0.5152, 0.5682], [0.7067, 0.0152, 0.0682], [0.2933, 0.9848, 0.5682], [0.2911, 0.9548, 0.0193], [0.7089, 0.0452, 0.5193], [0.7911, 0.5452, 0.0193], [0.2089, 0.4548, 0.5193], [0.0109, 0.1976, 0.979], [0.9891, 0.8024, 0.479], [0.5109, 0.3024, 0.979], [0.4891, 0.6976, 0.479], [0.2541, 0.7611, 0.3015], [0.7459, 0.2389, 0.8015], [0.7541, 0.7389, 0.3015], [0.2459, 0.2611, 0.8015], [0.3855, 0.8805, 0.4183], [0.6145, 0.1195, 0.9183], [0.8855, 0.6195, 0.4183], [0.1145, 0.3805, 0.9183], [0.176, 0.9344, 0.1672], [0.824, 0.0656, 0.6672], [0.676, 0.5656, 0.1672], [0.324, 0.4344, 0.6672], [0.3774, 0.3583, 0.2603], [0.6226, 0.6417, 0.7603], [0.8774, 0.1417, 0.2603], [0.1226, 0.8583, 0.7603]], "equivalent_atoms": [0, 0, 0, 0, 4, 4, 4, 4, 8, 8, 8, 8, 12, 12, 12, 12, 16, 16, 16, 16, 20, 20, 20, 20, 24, 24, 24, 24, 28, 28, 28, 28, 32, 32, 32, 32, 36, 36, 36, 36], "international": "Pna2_1", "std_lattice": [[1.0, 0.0, 0.0], [0.0, 0.7564490515, 0.0], [0.0, 0.0, 0.9094745186]], "wyckoffs": ["a", "a", "a", "a", "a", "a", "a", "a", "a", "a", "a", "a", "a", "a", "a", "a", "a", "a", "a", "a", "a", "a", "a", "a", "a", "a", "a", "a", "a", "a", "a", "a", "a", "a", "a", "a", "a", "a", "a", "a"], "site_point_groups": {"a": {"name": "4a", "site_symmetry": ["1"]}}, "number": 33}