{"mid_gap_of_max": 0.39681268965000427, "max_gap": 5.5328829588819755, "band_nos": [4], "gap": [5.5328829588819755], "gap_ranges": [[0.3858350988078411, 0.4077902804921675]], "fill_fraction": 0.19732, "gap_range_of_max": [0.3858350988078411, 0.4077902804921675], "mid_gaps": [0.39681268965000427]}