{"run_me": true, "mid_gap_of_max": 0.5896834554617141, "gap_ranges": [[0.586889352577942, 0.5924775583454861]], "max_gap": 0.9476619558824707, "fill_fraction": 0.197939, "band_nos": [18], "_status": {"tP4-PdO-14/2f6faf16/store_fill/0000/418a31203cd1274e7b94db018f73f569": 1, "tP4-PdO-14/2f6faf16/store_strict/0000/f9b0218d94783280c08ad62fea93f715": 1, "tP4-PdO-14/2f6faf16/store_data/0000/4d3a0bfad3a677ed8d08683e142b025c": 1, "tP4-PdO-14/2f6faf16/mpb-tP4-PdO-/0000/2227bdf323cb7120c6bae6472c2f2864": 6, "tP4-PdO-14/2f6faf16/strict-mpb-t/0000/7743ec18a65dcf5b45d75763fdb9d067": 1, "tP4-PdO-14/2f6faf16/check_runnin/0000/fa99aef10603c55992b17ff54e8e13bf": 1}, "gap": [0.9476619558824707], "gap_range_of_max": [0.586889352577942, 0.5924775583454861], "mid_gaps": [0.5896834554617141]}