{"fill_fraction": 0.227246, "band_nos": [5, 8], "mid_gap_of_max": 0.4961704746184312, "gap_range_of_max": [0.478744434507594, 0.5135965147292685], "mid_gaps": [0.4115100674815463, 0.4961704746184312], "strict_calculated": true, "max_gap": 7.024214862538142, "gap_ranges": [[0.410983587655072, 0.41203654730802053], [0.478744434507594, 0.5135965147292685]], "gap": [0.2558770091317498, 7.024214862538142]}