{"gap": [0.24369144362446676, 1.4489623769631803], "fill_fraction": 0.246526, "max_gap": 1.4489623769631803, "mid_gap_of_max": 0.45086434279656873, "run_me": true, "gap_range_of_max": [0.447597915447436, 0.4541307701457014], "mid_gaps": [0.35082331653401383, 0.45086434279656873], "band_nos": [2, 5], "gap_ranges": [[0.350395853331697, 0.3512507797363307], [0.447597915447436, 0.4541307701457014]], "_status": {"hR1-Hg-14/32d62d58/store_data/0000/bb70d1d7c7f89cf9481f42614c8ac2a0": 1, "hR1-Hg-14/32d62d58/strict-mpb-h/0000/8aad43e03c4be42d178bb2ce8d5f5725": 1, "hR1-Hg-14/32d62d58/store_fill/0000/b8b5d1219c21dd10e985e1630fb8bc39": 1, "hR1-Hg-14/32d62d58/check_runnin/0000/61f049a82ce459662423c45622f80b7f": 1, "hR1-Hg-14/32d62d58/store_strict/0000/7bbdd94e8c19abd6e129aee794d43e74": 1, "hR1-Hg-14/32d62d58/mpb-hR1-Hg-1/0000/6534f871d49320331abe972bb449a912": 1}}