{"fill_fraction": 0.130879, "gap": [0.8260264621118178], "max_gap": 0.8260264621118178, "gap_ranges": [[0.734044689708808, 0.7401332396061854]], "mid_gap_of_max": 0.7370889646574967, "band_nos": [8], "gap_range_of_max": [0.734044689708808, 0.7401332396061854], "_status": {"oP6-CoTe2_r-/1b35af18/store_strict/0000/12ee0119d9d001b12c7648b23a4ae9a4": 1, "oP6-CoTe2_r-/1b35af18/strict-mpb-o/0000/9b464a6e4e4d7d5e6fa11b48ffc8efc9": 1, "oP6-CoTe2_r-/1b35af18/check_runnin/0000/ca3bc06e26da4dea9bf5a00ce40e4ca7": 1, "oP6-CoTe2_r-/1b35af18/mpb-oP6-CoTe/0000/abc1c09885aeb10cae1fe8cd2213d909": 7, "oP6-CoTe2_r-/1b35af18/store_data/0000/8479efb1dc290ddd4ade6b8f436fb787": 1, "oP6-CoTe2_r-/1b35af18/store_fill/0000/385da53012f86c143afaf0a60dfff8f5": 1}, "run_me": true, "mid_gaps": [0.7370889646574967]}