{"max_gap": 5.871123897524545, "fill_fraction": 0.577713, "gap": [5.871123897524545], "gap_ranges": [[0.2797583409099359, 0.2966800468799547]], "mid_gap_of_max": 0.2882191938949453, "mid_gaps": [0.2882191938949453], "gap_range_of_max": [0.2797583409099359, 0.2966800468799547], "band_nos": [2]}