{"gap_ranges": [[0.441356636836955, 0.5031329267586832]], "gap": [13.081412924574307], "mid_gaps": [0.47224478179781904], "mid_gap_of_max": 0.47224478179781904, "gap_range_of_max": [0.441356636836955, 0.5031329267586832], "max_gap": 13.081412924574307, "band_nos": [2], "fill_fraction": 0.128872}