{"gap_range_of_max": [0.27183218025198, 0.3548293208300075], "mid_gaps": [0.3133307505409938, 0.4723809249718671], "fill_fraction": 0.308347, "gap_ranges": [[0.27183218025198, 0.3548293208300075], [0.4722427801985454, 0.4725190697451888]], "mid_gap_of_max": 0.3133307505409938, "gap": [26.488667465521658, 0.05848871790490628], "band_nos": [2, 8], "strict_calculated": true, "max_gap": 26.488667465521658}