{"max_gap": 1.531492161323212, "fill_fraction": 0.164644, "band_nos": [4], "gap_ranges": [[0.502884464669188, 0.5106455308864861]], "gap": [1.531492161323212], "mid_gap_of_max": 0.506764997777837, "mid_gaps": [0.506764997777837], "gap_range_of_max": [0.502884464669188, 0.5106455308864861]}