{"gap_ranges": [[0.503553905160698, 0.5424939836168348]], "gap": [7.445180832331381], "mid_gaps": [0.5230239443887663], "band_nos": [4], "max_gap": 7.445180832331381, "mid_gap_of_max": 0.5230239443887663, "gap_range_of_max": [0.503553905160698, 0.5424939836168348], "fill_fraction": 0.3837}