{"band_nos": [12], "max_gap": 0.7880511662897507, "gap_range_of_max": [0.899199767380691, 0.9063139533475519], "gap": [0.7880511662897507], "run_me": true, "gap_ranges": [[0.899199767380691, 0.9063139533475519]], "_status": {"cI80-N3U2_r-/59ab4663/store_fill/0000/79bb80d431dbb54ccc9f8ca33e30537f": 1, "cI80-N3U2_r-/59ab4663/mpb-cI80-N3U/0000/7eaa5d05de815c0f43f95b1d65d56439": 7, "cI80-N3U2_r-/59ab4663/check_runnin/0000/1e95fbb79213155461c8fd2230fa11b7": 1, "cI80-N3U2_r-/59ab4663/store_data/0000/96c922e04a0d7063bfd938b3cf218d01": 1, "cI80-N3U2_r-/59ab4663/strict-mpb-c/0000/a5c102f1d074c15d20bd3c2e096340a3": 1, "cI80-N3U2_r-/59ab4663/store_strict/0000/62c2ace53484823ddddaef4f946d3683": 1}, "mid_gaps": [0.9027568603641214], "fill_fraction": 0.117277, "mid_gap_of_max": 0.9027568603641214}