{"_status": {"hR15-Ni3S2-1/41aa0ef2/check_runnin/0000/f2f160becf5fc63af7c38712918b15a9": 1, "hR15-Ni3S2-1/41aa0ef2/store_strict/0000/ed5fb8df31278e292f742d2e4bacd609": 1, "hR15-Ni3S2-1/41aa0ef2/strict-mpb-h/0000/e863b9546800301afda20697a6c302c6": 1, "hR15-Ni3S2-1/41aa0ef2/store_fill/0000/c9a5dba698ffb68e5da95e0329ec9770": 1, "hR15-Ni3S2-1/41aa0ef2/mpb-hR15-Ni3/0000/7949bb03e4a57561fa73e37712ba117e": 1, "hR15-Ni3S2-1/41aa0ef2/store_data/0000/328ec072b5796128192c4b2451035bef": 1}, "max_gap": 1.7065235447679896, "gap_ranges": [[0.68691451097484, 0.6871437972132057], [0.694309988124225, 0.7062605208727811]], "mid_gap_of_max": 0.700285254498503, "mid_gaps": [0.6870291540940229, 0.700285254498503], "band_nos": [16, 17], "gap_range_of_max": [0.694309988124225, 0.7062605208727811], "gap": [0.03337358203671478, 1.7065235447679896], "fill_fraction": 0.167586, "run_me": true}