{"fill_fraction": 0.305682, "max_gap": 0.7471056058072889, "mid_gaps": [0.6193782917634542], "gap": [0.7471056058072889], "band_nos": [16], "_status": {"cP44-O8W2Zr-/31f21e83/store_data/0000/10dda000dff4e8288670a6d856e3a9a0": 1, "cP44-O8W2Zr-/31f21e83/strict-mpb-c/0000/2ca4a309e89fee849451ef7ded5e9fa1": 1, "cP44-O8W2Zr-/31f21e83/check_runnin/0000/3d14867112253dadf64f19a6a5d00a28": 1, "cP44-O8W2Zr-/31f21e83/store_fill/0000/214f89696cf3a7ac18e1328ea02be29b": 1, "cP44-O8W2Zr-/31f21e83/mpb-cP44-O8W/0000/dd559b51139c7ae832f26a421a39836e": 1, "cP44-O8W2Zr-/31f21e83/store_strict/0000/167f50f89ceedd9d2578add6765daf2c": 1}, "gap_range_of_max": [0.617064586793995, 0.6216919967329133], "mid_gap_of_max": 0.6193782917634542, "gap_ranges": [[0.617064586793995, 0.6216919967329133]], "run_me": true}