{"mid_gaps": [0.6964827046029332], "strict_calculated": true, "gap": [5.885262971534405], "max_gap": 5.885262971534405, "gap_ranges": [[0.675987785244364, 0.7169776239615023]], "fill_fraction": 0.167662, "gap_range_of_max": [0.675987785244364, 0.7169776239615023], "band_nos": [12], "mid_gap_of_max": 0.6964827046029332}