{"mid_gap_of_max": 0.31438373547198584, "fill_fraction": 0.419529, "gap": [1.3057386268848337], "gap_ranges": [[0.312331220536635, 0.31643625040733675]], "band_nos": [4], "gap_range_of_max": [0.312331220536635, 0.31643625040733675], "max_gap": 1.3057386268848337, "_status": {"mP12-SiO2_r-/5e5c66c7/check_runnin/0000/980924c51633326a88ac19a8309c0a1b": 1, "mP12-SiO2_r-/5e5c66c7/mpb-mP12-SiO/0000/c82b6657d3b672fe53b85df8c8476726": 6, "mP12-SiO2_r-/5e5c66c7/store_data/0000/db7f0e1f5ee144836600d063834aa7ab": 1, "mP12-SiO2_r-/5e5c66c7/store_fill/0000/5f2ba751841179f09e0d82a694aaefa2": 1, "mP12-SiO2_r-/5e5c66c7/store_strict/0000/8334306daf6333286fb95d958f06d067": 1, "mP12-SiO2_r-/5e5c66c7/strict-mpb-m/0000/bae55a07daa9f50c4b2c592abda1b660": 1}, "mid_gaps": [0.31438373547198584], "run_me": true}