{"band_nos": [4], "max_gap": 3.3279460701839407, "strict_calculated": true, "gap_ranges": [[0.333208113456375, 0.3444847397952275]], "mid_gaps": [0.3388464266258012], "gap_range_of_max": [0.333208113456375, 0.3444847397952275], "gap": [3.3279460701839407], "mid_gap_of_max": 0.3388464266258012, "fill_fraction": 0.264674}