{"max_gap": 0.2530004484786327, "fill_fraction": 0.313298, "mid_gap_of_max": 0.4966245442845959, "gap_range_of_max": [0.4959963131224484, 0.49725277544674346], "band_nos": [8], "gap": [0.2530004484786327], "gap_ranges": [[0.4959963131224484, 0.49725277544674346]], "mid_gaps": [0.4966245442845959]}