{"band_nos": [2], "gap": [1.3318004163896795], "gap_range_of_max": [0.464963294631523, 0.47119718924268006], "max_gap": 1.3318004163896795, "mid_gap_of_max": 0.4680802419371015, "gap_ranges": [[0.464963294631523, 0.47119718924268006]], "fill_fraction": 0.428412, "mid_gaps": [0.4680802419371015]}