{"gap": [18.27508376698939], "gap_range_of_max": [0.648735333603136, 0.7792148826926135], "mid_gaps": [0.7139751081478747], "band_nos": [10], "mid_gap_of_max": 0.7139751081478747, "fill_fraction": 0.145837, "max_gap": 18.27508376698939, "strict_calculated": true, "gap_ranges": [[0.648735333603136, 0.7792148826926135]]}