{"equivalent_atoms": [0, 1, 2, 3, 3, 2, 0, 1, 8, 9, 10, 11, 11, 10, 8, 9, 16, 17, 18, 19, 19, 18, 16, 17, 24, 25, 26, 27, 27, 26, 24, 25, 32, 33, 34, 35, 35, 34, 32, 33, 40, 41, 42, 43, 43, 42, 40, 41, 48, 49, 50, 51, 51, 50, 48, 49, 56, 56, 58, 59, 60, 60, 62, 63, 64, 65, 66, 67, 67, 66, 64, 65, 72, 73, 74, 75, 75, 74, 72, 73, 80, 81, 82, 83, 83, 82, 80, 81, 88, 89, 90, 91, 91, 90, 88, 89, 96, 97, 98, 99, 99, 98, 96, 97, 104, 105, 106, 107, 107, 106, 104, 105, 112, 113, 114, 115, 115, 114, 112, 113, 120, 121, 122, 123, 123, 122, 120, 121, 128, 129, 130, 131, 131, 130, 128, 129, 136, 137, 138, 139, 139, 138, 136, 137, 144, 145, 146, 147, 147, 146, 144, 145, 152, 153, 154, 155, 155, 154, 152, 153, 160, 161, 162, 163, 163, 162, 160, 161, 168, 169, 170, 171, 171, 170, 168, 169, 176, 177, 178, 179, 179, 178, 176, 177, 184, 185, 186, 187, 187, 186, 184, 185], "std_lattice": [[1.4142135624, 0.0, 0.0], [0.0, 1.4142135624, 0.0], [0.0, 0.0, 2.8163761435]], "international": "C2", "wyckoffs": ["c", "c", "c", "c", "c", "c", "c", "c", "c", "c", "c", "c", "c", "c", "c", "c", "c", "c", "c", "c", "c", "c", "c", "c", "c", "c", "c", "c", "c", "c", "c", "c", "c", "c", "c", "c", "c", "c", "c", "c", "c", "c", "c", "c", "c", "c", "c", "c", "c", "c", "c", "c", "c", "c", "c", "c", "c", "c", "b", "a", "c", "c", "b", "a", "c", "c", "c", "c", "c", "c", "c", "c", "c", "c", "c", "c", "c", "c", "c", "c", "c", "c", "c", "c", "c", "c", "c", "c", "c", "c", "c", "c", "c", "c", "c", "c", "c", "c", "c", "c", "c", "c", "c", "c", "c", "c", "c", "c", "c", "c", "c", "c", "c", "c", "c", "c", "c", "c", "c", "c", "c", "c", "c", "c", "c", "c", "c", "c", "c", "c", "c", "c", "c", "c", "c", "c", "c", "c", "c", "c", "c", "c", "c", "c", "c", "c", "c", "c", "c", "c", "c", "c", "c", "c", "c", "c", "c", "c", "c", "c", "c", "c", "c", "c", "c", "c", "c", "c", "c", "c", "c", "c", "c", "c", "c", "c", "c", "c", "c", "c", "c", "c", "c", "c", "c", "c", "c", "c", "c", "c", "c", "c"], "number": 5, "std_positions": [[0.6955, 0.7255052083, 0.307], [0.3045, 0.2745052083, 0.807], [0.2745, 0.1955052083, 0.557], [0.7255, 0.8045052083, 0.057], [0.2745, 0.8045052083, 0.943], [0.7255, 0.1955052083, 0.443], [0.3045, 0.7255052083, 0.693], [0.6955, 0.2745052083, 0.193], [0.5585, 0.7745052083, 0.308], [0.4415, 0.2255052083, 0.808], [0.2255, 0.0585052083, 0.558], [0.7745, 0.9415052083, 0.058], [0.2255, 0.9415052083, 0.942], [0.7745, 0.0585052083, 0.442], [0.4415, 0.7745052083, 0.692], [0.5585, 0.2255052083, 0.192], [0.6, 0.6820052083, 0.193], [0.4, 0.3180052083, 0.693], [0.318, 0.1000052083, 0.443], [0.682, 0.9000052083, 0.943], [0.318, 0.9000052083, 0.057], [0.682, 0.1000052083, 0.557], [0.4, 0.6820052083, 0.807], [0.6, 0.3180052083, 0.307], [0.648, 0.8190052083, 0.19], [0.352, 0.1810052083, 0.69], [0.181, 0.1480052083, 0.44], [0.819, 0.8520052083, 0.94], [0.181, 0.8520052083, 0.06], [0.819, 0.1480052083, 0.56], [0.352, 0.8190052083, 0.81], [0.648, 0.1810052083, 0.31], [0.373, 0.6360052083, 0.252], [0.627, 0.3640052083, 0.752], [0.364, 0.8730052083, 0.502], [0.636, 0.1270052083, 0.002], [0.364, 0.1270052083, 0.998], [0.636, 0.8730052083, 0.498], [0.627, 0.6360052083, 0.748], [0.373, 0.3640052083, 0.248], [0.0235, 0.0175052083, 0.331], [0.9765, 0.9825052083, 0.831], [0.4825, 0.0235052083, 0.581], [0.518, 0.9760052083, 0.081], [0.482, 0.9760052083, 0.919], [0.5175, 0.0235052083, 0.419], [0.9765, 0.0175052083, 0.669], [0.0235, 0.9825052083, 0.169], [0.7165, 0.9815052083, 0.325], [0.2835, 0.0185052083, 0.825], [0.5185, 0.7165052083, 0.575], [0.4815, 0.2835052083, 0.075], [0.5185, 0.2835052083, 0.925], [0.4815, 0.7165052083, 0.425], [0.2835, 0.9815052083, 0.675], [0.7165, 0.0185052083, 0.175], [0.511, 5.2083e-06, 0.25], [0.489, 5.2083e-06, 0.75], [0.5, 0.5110052083, 0.5], [0.5, 0.4890052083, 0.0], [0.241, 5.2083e-06, 0.25], [0.759, 5.2083e-06, 0.75], [0.5, 0.2410052083, 0.5], [0.5, 0.7590052083, 0.0], [0.392, 0.1550052083, 0.325], [0.608, 0.8450052083, 0.825], [0.845, 0.8920052083, 0.575], [0.155, 0.1080052083, 0.075], [0.845, 0.1080052083, 0.925], [0.155, 0.8920052083, 0.425], [0.608, 0.1550052083, 0.675], [0.392, 0.8450052083, 0.175], [0.357, 0.8510052083, 0.333], [0.643, 0.1490052083, 0.833], [0.149, 0.8570052083, 0.583], [0.851, 0.1430052083, 0.083], [0.149, 0.1430052083, 0.917], [0.851, 0.8570052083, 0.417], [0.643, 0.8510052083, 0.667], [0.357, 0.1490052083, 0.167], [0.264, 0.1900052083, 0.248], [0.736, 0.8100052083, 0.748], [0.31, 0.2640052083, 0.498], [0.69, 0.7360052083, 0.998], [0.31, 0.7360052083, 0.002], [0.69, 0.2640052083, 0.502], [0.736, 0.1900052083, 0.752], [0.264, 0.8100052083, 0.252], [0.221, 0.1090052083, 0.342], [0.779, 0.8910052083, 0.842], [0.391, 0.2210052083, 0.592], [0.609, 0.7790052083, 0.092], [0.391, 0.7790052083, 0.908], [0.609, 0.2210052083, 0.408], [0.779, 0.1090052083, 0.658], [0.221, 0.8910052083, 0.158], [0.7905, 0.8145052083, 0.332], [0.2095, 0.1855052083, 0.832], [0.6855, 0.7905052083, 0.582], [0.3145, 0.2095052083, 0.082], [0.6855, 0.2095052083, 0.918], [0.3145, 0.7905052083, 0.418], [0.2095, 0.8145052083, 0.668], [0.7905, 0.1855052083, 0.168], [0.483, 0.8090052083, 0.252], [0.517, 0.1910052083, 0.752], [0.191, 0.9830052083, 0.502], [0.809, 0.0170052083, 0.002], [0.191, 0.0170052083, 0.998], [0.809, 0.9830052083, 0.498], [0.517, 0.8090052083, 0.748], [0.483, 0.1910052083, 0.248], [0.465, 0.6880052083, 0.337], [0.535, 0.3120052083, 0.837], [0.312, 0.9650052083, 0.587], [0.688, 0.0350052083, 0.087], [0.312, 0.0350052083, 0.913], [0.688, 0.9650052083, 0.413], [0.535, 0.6880052083, 0.663], [0.465, 0.3120052083, 0.163], [0.537, 0.8890052083, 0.344], [0.463, 0.1110052083, 0.844], [0.111, 0.0370052083, 0.594], [0.889, 0.9630052083, 0.094], [0.111, 0.9630052083, 0.906], [0.889, 0.0370052083, 0.406], [0.463, 0.8890052083, 0.656], [0.537, 0.1110052083, 0.156], [0.565, 0.6090052083, 0.249], [0.435, 0.3910052083, 0.749], [0.391, 0.0650052083, 0.499], [0.609, 0.9350052083, 0.999], [0.391, 0.9350052083, 0.001], [0.609, 0.0650052083, 0.501], [0.435, 0.6090052083, 0.751], [0.565, 0.3910052083, 0.251], [0.1855, 0.0895052083, 0.163], [0.8145, 0.9105052083, 0.663], [0.4105, 0.1855052083, 0.413], [0.5895, 0.8145052083, 0.913], [0.4105, 0.8145052083, 0.087], [0.5895, 0.1855052083, 0.587], [0.8145, 0.0895052083, 0.837], [0.1855, 0.9105052083, 0.337], [0.4855, 0.6605052083, 0.156], [0.5145, 0.3395052083, 0.656], [0.3395, 0.9855052083, 0.406], [0.6605, 0.0145052083, 0.906], [0.3395, 0.0145052083, 0.094], [0.6605, 0.9855052083, 0.594], [0.5145, 0.6605052083, 0.844], [0.4855, 0.3395052083, 0.344], [0.6825, 0.8895052083, 0.249], [0.3175, 0.1105052083, 0.749], [0.6105, 0.6825052083, 0.499], [0.3895, 0.3175052083, 0.999], [0.6105, 0.3175052083, 0.001], [0.3895, 0.6825052083, 0.501], [0.3175, 0.8895052083, 0.751], [0.6825, 0.1105052083, 0.251], [0.763, 0.8470052083, 0.156], [0.237, 0.1530052083, 0.656], [0.653, 0.7630052083, 0.406], [0.347, 0.2370052083, 0.906], [0.653, 0.2370052083, 0.094], [0.347, 0.7630052083, 0.594], [0.237, 0.8470052083, 0.844], [0.763, 0.1530052083, 0.344], [0.558, 0.9140052083, 0.166], [0.442, 0.0860052083, 0.666], [0.086, 0.0580052083, 0.416], [0.914, 0.9420052083, 0.916], [0.086, 0.9420052083, 0.084], [0.914, 0.0580052083, 0.584], [0.442, 0.9140052083, 0.834], [0.558, 0.0860052083, 0.334], [0.875, 0.9970052083, 0.3], [0.125, 0.0030052083, 0.8], [0.503, 0.8750052083, 0.55], [0.497, 0.1250052083, 0.05], [0.503, 0.1250052083, 0.95], [0.497, 0.8750052083, 0.45], [0.125, 0.9970052083, 0.7], [0.875, 0.0030052083, 0.2], [0.376, 0.9970052083, 0.3], [0.624, 0.0030052083, 0.8], [0.503, 0.3760052083, 0.55], [0.497, 0.6240052083, 0.05], [0.503, 0.6240052083, 0.95], [0.497, 0.3760052083, 0.45], [0.624, 0.9970052083, 0.7], [0.376, 0.0030052083, 0.2], [0.1955, 0.2255052083, 0.307], [0.8045, 0.7745052083, 0.807], [0.7745, 0.6955052083, 0.557], [0.2255, 0.3045052083, 0.057], [0.7745, 0.3045052083, 0.943], [0.2255, 0.6955052083, 0.443], [0.8045, 0.2255052083, 0.693], [0.1955, 0.7745052083, 0.193], [0.0585, 