{"max_gap": 1.1858726871867729, "fill_fraction": 0.20914, "gap_ranges": [[0.602531681755766, 0.6097195599434634]], "band_nos": [16], "gap": [1.1858726871867729], "mid_gaps": [0.6061256208496146], "gap_range_of_max": [0.602531681755766, 0.6097195599434634], "mid_gap_of_max": 0.6061256208496146}