{"mid_gap_of_max": 0.7046299610583228, "strict_calculated": true, "gap": [0.08485452433025564], "mid_gaps": [0.7046299610583228], "max_gap": 0.08485452433025564, "gap_range_of_max": [0.70433100585745, 0.7049289162591955], "band_nos": [14], "fill_fraction": 0.101735, "gap_ranges": [[0.70433100585745, 0.7049289162591955]]}