{"gap_range_of_max": [0.728272170915396, 0.7292305744543754], "band_nos": [16], "mid_gap_of_max": 0.7287513726848858, "max_gap": 0.1315131023970864, "gap_ranges": [[0.728272170915396, 0.7292305744543754]], "gap": [0.1315131023970864], "fill_fraction": 0.275504, "mid_gaps": [0.7287513726848858], "_status": {"hR30-FeBiO3_/da9f2cc4/store_data/0000/3796a2fe42b048b458502646fd90fd4f": 1, "hR30-FeBiO3_/da9f2cc4/check_runnin/0000/ebb00ccd6a557521cb3c7c9c6ddbaf68": 1, "hR30-FeBiO3_/da9f2cc4/strict-mpb-h/0000/ebe05d60205a0640534b91c4b859280d": 1, "hR30-FeBiO3_/da9f2cc4/mpb-hR30-FeB/0000/912c66d8b5881c50d52a05c465882490": 1, "hR30-FeBiO3_/da9f2cc4/store_strict/0000/35320050d92815f927528a3d1ce14ffb": 1, "hR30-FeBiO3_/da9f2cc4/store_fill/0000/d4019a671e6785a2da284d4e6cb9a1e5": 1}}