{"band_nos": [2], "gap_range_of_max": [0.3205124135548413, 0.37532283246780074], "max_gap": 15.753849557421214, "mid_gaps": [0.347917623011321], "mid_gap_of_max": 0.347917623011321, "fill_fraction": 0.384685, "gap": [15.753849557421214], "gap_ranges": [[0.3205124135548413, 0.37532283246780074]]}