{"_status": {"hP14-RbLiCrO/689236f9/check_runnin/0000/263d642896ceba20b794fcb59d0ac401": 1, "hP14-RbLiCrO/689236f9/store_data/0000/220cafde247fe458f9aaa3968d63c8bf": 1, "hP14-RbLiCrO/689236f9/strict-mpb-h/0000/6ae7d182436476f41b470f5621c7dc18": 1, "hP14-RbLiCrO/689236f9/mpb-hP14-RbL/0000/9d7b06d18b85dafc10e5f757c7bea9a7": 1, "hP14-RbLiCrO/689236f9/store_strict/0000/44ae71e105b1934c33117da6b38c45d8": 1, "hP14-RbLiCrO/689236f9/store_fill/0000/257c7171d833719b473d7d9ea665adb7": 1}, "gap": [0.030047749606800466], "max_gap": 0.030047749606800466, "gap_range_of_max": [0.605968148260931, 0.6061502554123682], "mid_gaps": [0.6060592018366496], "fill_fraction": 0.169665, "mid_gap_of_max": 0.6060592018366496, "band_nos": [], "gap_ranges": [[0.605968148260931, 0.6061502554123682]]}