{"gap": [0.3031592446364466], "gap_range_of_max": [0.609796774554678, 0.6116482362889402], "band_nos": [16], "fill_fraction": 0.197604, "max_gap": 0.3031592446364466, "mid_gaps": [0.6107225054218091], "strict_calculated": true, "mid_gap_of_max": 0.6107225054218091, "_status": {"hP3-MgO2/26db56c3/mpb-hP3-MgO2/0000/34c2547e3c565d2a37bea6520516707a": 1, "hP3-MgO2/26db56c3/strict-mpb-h/0000/b37bd1e6f02789dfa7827248a0fdc282": 1, "hP3-MgO2/26db56c3/check_runnin/0000/6210aa2c72ba913906f6f41bd082ab5c": 1, "hP3-MgO2/26db56c3/store_data/0000/6036ec50363fe45c94ab65042dbf1cf5": 1, "hP3-MgO2/26db56c3/store_strict/0000/d0572877db84d7c50dc7b8a569a25e3a": 1, "hP3-MgO2/26db56c3/store_fill/0000/7f9915788c7cd7471d7007f3efa2f7e3": 1}, "gap_ranges": [[0.609796774554678, 0.6116482362889402]]}