{"fill_fraction": 0.090193, "gap": [0.2553720423871566], "gap_range_of_max": [0.58017511260149, 0.5816586118571404], "mid_gap_of_max": 0.5809168622293153, "band_nos": [4], "max_gap": 0.2553720423871566, "gap_ranges": [[0.58017511260149, 0.5816586118571404]], "mid_gaps": [0.5809168622293153]}