{"gap_range_of_max": [0.4469612486806231, 0.49687769350642846], "max_gap": 10.577322590682593, "gap_ranges": [[0.4469612486806231, 0.49687769350642846], [0.567926739739956, 0.571976456072489]], "gap": [10.577322590682593, 0.7105368854845427], "mid_gaps": [0.4719194710935258, 0.5699515979062225], "band_nos": [5, 10], "mid_gap_of_max": 0.4719194710935258, "fill_fraction": 0.178712}