{"max_gap": 6.291757597853352, "gap": [6.291757597853352], "mid_gaps": [0.4088975866831649], "fill_fraction": 0.262147, "mid_gap_of_max": 0.4088975866831649, "band_nos": [16], "gap_range_of_max": [0.396034164194376, 0.42176100917195375], "gap_ranges": [[0.396034164194376, 0.42176100917195375]]}