{"gap_ranges": [[0.49909652774077, 0.5737838697369266]], "fill_fraction": 0.076809, "gap": [13.922771293377616], "mid_gap_of_max": 0.5364401987388483, "max_gap": 13.922771293377616, "gap_range_of_max": [0.49909652774077, 0.5737838697369266], "mid_gaps": [0.5364401987388483], "band_nos": [2]}