{"std_lattice": [[1.0, 0.0, 0.0], [-0.5, 0.8660254038, 0.0], [0.0, 0.0, 0.6770644522]], "wyckoffs": ["a", "a", "a", "b", "b", "b", "b", "b", "b", "b", "b", "b", "b", "b", "b", "b", "b", "b", "b", "b", "b", "b", "b", "b", "b", "b", "b", "b", "b", "b", "b", "b", "b", "b", "b", "b", "b", "b", "b", "b", "b", "b", "b", "b", "b", "b", "b", "b", "b", "b", "b", "b", "b", "b", "b", "b", "b", "b", "b", "b", "b", "b", "b", "b", "b", "b"], "international": "R3", "std_positions": [[0.6666666667, 0.3333333333, 0.3338333333], [0.6152533333, 0.4621266667, 0.7519266667], [0.5378733333, 0.1531266667, 0.7519266667], [0.8468733333, 0.3847466667, 0.7519266667], [0.7661033333, 0.0785966667, 0.7468866667], [0.9214033333, 0.6875066667, 0.7468866667], [0.3124933333, 0.2338966667, 0.7468866667], [0.74109, 0.64012, 0.07858], [0.35988, 0.10097, 0.07858], [0.89903, 0.25891, 0.07858], [0.5523433333, 0.5897566667, 0.6663366667], [0.4102433333, 0.9625866667, 0.6663366667], [0.0374133333, 0.4476566667, 0.6663366667], [0.6190066667, 0.45234, 0.01067], [0.54766, 0.1666666667, 0.01067], [0.8333333333, 0.3809933333, 0.01067], [0.9276, 0.70332, 0.00509], [0.29668, 0.22428, 0.00509], [0.77572, 0.0724, 0.00509], [0.4888233333, 0.2827466667, 0.6429566667], [0.7172533333, 0.2060766667, 0.6429566667], [0.7939233333, 0.5111766667, 0.6429566667], [0.3333333333, 0.6666666667, 0.6671666667], [0.28192, 0.79546, 0.08526], [0.20454, 0.48646, 0.08526], [0.51354, 0.71808, 0.08526], [0.43277, 0.41193, 0.08022], [0.58807, 0.02084, 0.08022], [0.97916, 0.56723, 0.08022], [0.4077566667, 0.9734533333, 0.4119133333], [0.0265466667, 0.4343033333, 0.4119133333], [0.5656966667, 0.5922433333, 0.4119133333], [0.21901, 0.92309, 0.99967], [0.07691, 0.29592, 0.99967], [0.70408, 0.78099, 0.99967], [0.2856733333, 0.7856733333, 0.3440033333], [0.2143266667, 0.5, 0.3440033333], [0.5, 0.7143266667, 0.3440033333], [0.5942666667, 0.0366533333, 0.3384233333], [0.9633466667, 0.5576133333, 0.3384233333], [0.4423866667, 0.4057333333, 0.3384233333], [0.15549, 0.61608, 0.97629], [0.38392, 0.53941, 0.97629], [0.46059, 0.84451, 0.97629], [0.0, 0.0, 0.0005], [0.9485866667, 0.1287933333, 0.4185933333], [0.8712066667, 0.8197933333, 0.4185933333], [0.1802066667, 0.0514133333, 0.4185933333], [0.0994366667, 0.7452633333, 0.4135533333], [0.2547366667, 0.3541733333, 0.4135533333], [0.6458266667, 0.9005633333, 0.4135533333], [0.0744233333, 0.3067866667, 0.7452466667], [0.6932133333, 0.7676366667, 0.7452466667], [0.2323633333, 0.9255766667, 0.7452466667], [0.8856766667, 0.2564233333, 0.3330033333], [0.7435766667, 0.6292533333, 0.3330033333], [0.3707466667, 0.1143233333, 0.3330033333], [0.95234, 0.1190066667, 0.6773366667], [0.8809933333, 0.8333333333, 0.6773366667], [0.1666666667, 0.04766, 0.6773366667], [0.2609333333, 0.3699866667, 0.6717566667], [0.6300133333, 0.8909466667, 0.6717566667], [0.1090533333, 0.7390666667, 0.6717566667], [0.8221566667, 0.9494133333, 0.3096233333], [0.0505866667, 0.8727433333, 0.3096233333], [0.1272566667, 0.1778433333, 0.3096233333]], "equivalent_atoms": [0, 0, 0, 3, 3, 3, 3, 3, 3, 3, 3, 3, 12, 12, 12, 12, 12, 12, 12, 12, 12, 21, 21, 21, 21, 21, 21, 21, 21, 21, 30, 30, 30, 30, 30, 30, 30, 30, 30, 39, 39, 39, 39, 39, 39, 39, 39, 39, 48, 48, 48, 48, 48, 48, 48, 48, 48, 57, 57, 57, 57, 57, 57, 57, 57, 57], "global_point_groups": ["3", "1"], "number": 146, "site_point_groups": {"b": {"site_symmetry": ["1"], "name": "9b"}, "a": {"site_symmetry": ["1", "3"], "name": "3a"}}}