{"fill_fraction": 0.348516, "max_gap": 0.20671548459782754, "mid_gaps": [0.638492105825323], "gap_range_of_max": [0.637832174799985, 0.639152036850661], "gap": [0.20671548459782754], "gap_ranges": [[0.637832174799985, 0.639152036850661]], "mid_gap_of_max": 0.638492105825323, "band_nos": [16]}