{"gap_range_of_max": [0.427467156677136, 0.5121482945156366], "gap": [18.024637149379338], "fill_fraction": 0.212755, "max_gap": 18.024637149379338, "mid_gaps": [0.4698077255963863], "band_nos": [2], "mid_gap_of_max": 0.4698077255963863, "gap_ranges": [[0.427467156677136, 0.5121482945156366]]}