{
  "structure": "tI266-Cu7Mo28N2O96_r",
  "nbands": 20,
  "basis": [
    [
      0.102,
      0.378,
      -0.0087218045
    ],
    [
      -0.102,
      -0.378,
      0.0312781955
    ],
    [
      -0.378,
      0.102,
      0.2352781955
    ],
    [
      0.378,
      -0.102,
      -0.2127218045
    ],
    [
      -0.053,
      0.139,
      -0.2387218045
    ],
    [
      0.053,
      -0.139,
      0.2612781955
    ],
    [
      -0.111,
      -0.303,
      0.2612781955
    ],
    [
      0.111,
      0.303,
      -0.2387218045
    ],
    [
      -0.303,
      -0.053,
      0.3192781955
    ],
    [
      0.303,
      0.053,
      -0.2967218045
    ],
    [
      0.139,
      -0.111,
      -0.2967218045
    ],
    [
      -0.139,
      0.111,
      0.3192781955
    ],
    [
      -0.06,
      0.18,
      -0.0287218045
    ],
    [
      0.06,
      -0.18,
      0.0512781955
    ],
    [
      -0.28,
      0.48,
      0.0512781955
    ],
    [
      0.28,
      -0.48,
      -0.0287218045
    ],
    [
      0.48,
      -0.06,
      0.2712781955
    ],
    [
      -0.48,
      0.06,
      -0.2487218045
    ],
    [
      0.18,
      -0.28,
      -0.2487218045
    ],
    [
      -0.18,
      0.28,
      0.2712781955
    ],
    [
      0.175,
      0.218,
      0.0682781955
    ],
    [
      -0.175,
      -0.218,
      -0.0457218045
    ],
    [
      -0.339,
      -0.382,
      -0.0457218045
    ],
    [
      0.339,
      0.382,
      0.0682781955
    ],
    [
      -0.382,
      0.175,
      0.4682781955
    ],
    [
      0.382,
      -0.175,
      -0.4457218045
    ],
    [
      0.218,
      -0.339,
      -0.4457218045
    ],
    [
      -0.218,
      0.339,
      0.4682781955
    ],
    [
      0.0,
      0.0,
      -0.4887218045
    ],
    [
      -0.144,
      0.182,
      -0.4507218045
    ],
    [
      0.144,
      -0.182,
      0.4732781955
    ],
    [
      -0.182,
      -0.144,
      0.1852781955
    ],
    [
      0.182,
      0.144,
      -0.1627218045
    ],
    [
      -0.25,
      0.25,
      0.0112781955
    ],
    [
      0.25,
      -0.25,
      0.0112781955
    ],
    [
      -0.103,
      0.055,
      -0.0667218045
    ],
    [
      0.103,
      -0.055,
      0.0892781955
    ],
    [
      -0.367,
      0.475,
      0.0892781955
    ],
    [
      0.367,
      -0.475,
      -0.0667218045
    ],
    [
      0.475,
      -0.103,
      0.3532781955
    ],
    [
      -0.475,
      0.103,
      -0.3307218045
    ],
    [
      0.055,
      -0.367,
      -0.3307218045
    ],
    [
      -0.055,
      0.367,
      0.3532781955
    ],
    [
      0.27,
      0.273,
      0.2022781955
    ],
    [
      -0.27,
      -0.273,
      -0.1797218045
    ],
    [
      -0.418,
      -0.421,
      -0.1797218045
    ],
    [
      0.418,
      0.421,
      0.2022781955
    ],
    [
      -0.421,
      0.27,
      0.5082781955
    ],
    [
      0.421,
      -0.27,
      -0.4857218045
    ],
    [
      0.273,
      -0.418,
      -0.4857218045
    ],
    [
      -0.273,
      0.418,
      0.5082781955
    ],
    [
      0.14,
      0.09,
      0.0112781955
    ],
    [
      -0.14,
      -0.09,
      0.0112781955
    ],
    [
      -0.41,
      -0.36,
      0.0112781955
    ],
    [
      0.41,
      0.36,
      0.0112781955
    ],
    [
      -0.36,
      0.14,
      -0.4387218045
    ],
    [
      0.36,
      -0.14,
      0.4612781955
    ],
    [
      0.09,
      -0.41,
      0.4612781955
    ],
    [
      -0.09,
      0.41,
      -0.4387218045
    ],
    [
      -0.142,
      0.128,
      -0.3567218045
    ],
    [
      0.142,
      -0.128,
      0.3792781955
    ],
    [
      -0.004,
      -0.274,
      0.3792781955
    ],
    [
      0.004,
      0.274,
      -0.3567218045
    ],
    [
      -0.274,
      -0.142,
      0.2412781955
    ],
    [
      0.274,
      0.142,
      -0.2187218045
    ],
    [
      0.128,
      -0.004,
      -0.2187218045
    ],
    [
      -0.128,
      0.004,
      0.2412781955
    ],
    [
      0.256,
      0.237,
      0.0042781955
    ],
    [
      -0.256,
      -0.237,
      0.0182781955
    ],
    [
      -0.237,
      0.256,
      -0.4697218045
    ],
    [
      0.237,
      -0.256,
      0.4922781955
    ],
    [
      0.016,
      0.311,
      -0.1617218045
    ],
    [
      -0.016,
      -0.311,
      0.1842781955
    ],
    [
      -0.311,
      0.016,
      0.2162781955
    ],
    [
      0.311,
      -0.016,
      -0.1937218045
    ],
    [
      0.013,
      0.364,
      0.0282781955
    ],
    [
      -0.013,
      -0.364,
      -0.0057218045
    ],
    [
      -0.153,
      0.496,
      -0.0057218045
    ],
    [
      0.153,
      -0.496,
      0.0282781955
    ],
    [
      0.496,
      0.013,
      0.1602781955
    ],
    [
      -0.496,
      -0.013,
      -0.1377218045
    ],
    [
      0.364,
      -0.153,
      -0.1377218045
    ],
    [
      -0.364,
      0.153,
      0.1602781955
    ],
    [
      -0.125,
      0.228,
      0.0302781955
    ],
    [
      0.125,
      -0.228,
      -0.0077218045
    ],
    [
      -0.291,
      0.356,
      -0.0077218045
    ],
    [
      0.291,
      -0.356,
      0.0302781955
    ],
    [
      0.356,
      -0.125,
      0.1582781955
    ],
    [
      -0.356,
      0.125,
      -0.1357218045
    ],
    [
      0.228,
      -0.291,
      -0.1357218045
    ],
    [
      -0.228,
      0.291,
      0.1582781955
    ],
    [
      -0.076,
      0.016,
      -0.2727218045
    ],
    [
      0.076,
      -0.016,
      0.2952781955
    ],
    [
      -0.2,
      -0.292,
      0.2952781955
    ],
    [
      0.2,
      0.292,
      -0.2727218045
    ],
    [
      -0.292,
      -0.076,
      0.4192781955
    ],
    [
      0.292,
      0.076,
      -0.3967218045
    ],
    [
      0.016,
      -0.2,
      -0.3967218045
    ],
    [
      -0.016,
      0.2,
      0.4192781955
    ],
    [
      -0.131,
      0.164,
      -0.1677218045
    ],
    [
      0.131,
      -0.164,
      0.1902781955
    ],
    [
      -0.157,
      -0.452,
      0.1902781955
    ],
    [
      0.157,
      0.452,
      -0.1677218045
    ],
    [
      -0.452,
      -0.131,
      0.2162781955
    ],
    [
      0.452,
      0.131,
      -0.1937218045
    ],
    [
      0.164,
      -0.157,
      -0.1937218045
    ],
    [
      -0.164,
      0.157,
      0.2162781955
    ],
    [
      0.066,
      0.172,
      -0.2507218045
    ],
    [
      -0.066,
      -0.172,
      0.2732781955
    ],
    [
      -0.172,
      0.066,
      0.4052781955
    ],
    [
      0.172,
      -0.066,
      -0.3827218045
    ],
    [
      0.07,
      0.232,
      0.1032781955
    ],
    [
      -0.07,
      -0.232,
      -0.0807218045
    ],
    [
      -0.36,
      0.478,
      -0.0807218045
    ],
    [
      0.36,
      -0.478,
      0.1032781955
    ],
    [
      0.478,
      0.07,
      0.3492781955
    ],
    [
      -0.478,
      -0.07,
      -0.3267218045
    ],
    [
      0.232,
      -0.36,
      -0.3267218045
    ],
    [
      -0.232,
      0.36,
      0.3492781955
    ],
    [
      0.211,
      0.376,
      0.0982781955
    ],
    [
      -0.211,
      -0.376,
      -0.0757218045
    ],
    [
      -0.376,
      0.211,
      0.3462781955
    ],
    [
      0.376,
      -0.211,
      -0.3237218045
    ],
    [
      0.052,
      0.206,
      -0.0687218045
    ],
    [
      -0.052,
      -0.206,
      0.0912781955
    ],
    [
      -0.214,
      -0.368,
      0.0912781955
    ],
    [
      0.214,
      0.368,
      -0.0687218045
    ],
    [
      -0.368,
      0.052,
      0.3572781955
    ],
    [
      0.368,
      -0.052,
      -0.3347218045
    ],
    [
      0.206,
      -0.214,
      -0.3347218045
    ],
    [
      -0.206,
      0.214,
      0.3572781955
    ],
    [
      -0.095,
      -0.095,
      -0.4887218045
    ],
    [
      0.095,
      0.095,
      -0.4887218045
    ]
  ],