{"mid_gaps": [0.6114306097655002], "gap_ranges": [[0.611004422432115, 0.6118567970988854]], "fill_fraction": 0.157987, "gap_range_of_max": [0.611004422432115, 0.6118567970988854], "band_nos": [15], "max_gap": 0.13940660692417967, "mid_gap_of_max": 0.6114306097655002, "_status": {"hP3-Ti2O/babea54a/strict-mpb-h/0000/8ae138ae717696b2d0e75f2ffc7612d7": 1, "hP3-Ti2O/babea54a/store_fill/0000/52ce1113656b44e56dc69d06cc0008fa": 1, "hP3-Ti2O/babea54a/mpb-hP3-Ti2O/0000/8bb87d390010aee9f149a6cdfac0f8d4": 1, "hP3-Ti2O/babea54a/store_strict/0000/e4ede229e556f36cfb9d59557b5dadab": 1, "hP3-Ti2O/babea54a/store_data/0000/9630799373bf14390b41a4c4485621be": 1, "hP3-Ti2O/babea54a/check_runnin/0000/b60fdab04439af89ab4617288110e3ad": 1}, "gap": [0.13940660692417967], "strict_calculated": true}