{"max_gap": 20.045740413052208, "gap_range_of_max": [0.3338174016730765, 0.40818759990742187], "gap": [20.045740413052208], "mid_gap_of_max": 0.3710025007902492, "gap_ranges": [[0.3338174016730765, 0.40818759990742187]], "mid_gaps": [0.3710025007902492], "fill_fraction": 0.346523, "band_nos": [2]}