{"band_nos": [10], "mid_gaps": [0.6255667659606903], "gap_ranges": [[0.62235796716861, 0.6287755647527705]], "max_gap": 1.0258853144642575, "gap_range_of_max": [0.62235796716861, 0.6287755647527705], "gap": [1.0258853144642575], "mid_gap_of_max": 0.6255667659606903, "fill_fraction": 0.311826}