{"max_gap": 1.9516884951666298, "mid_gaps": [0.3730415550577565], "mid_gap_of_max": 0.3730415550577565, "gap_range_of_max": [0.36940125050163, 0.37668185961388295], "fill_fraction": 0.530923, "gap_ranges": [[0.36940125050163, 0.37668185961388295]], "band_nos": [8], "run_me": true, "_status": {"cP576-SiO2-1/4a4a9e1d/mpb-cP576-Si/0000/fecd8be2dc7cbb938e5e4366820c6e6a": 1, "cP576-SiO2-1/4a4a9e1d/store_data/0000/42d2f1ab0bf4932d76c0272be6abf986": 1, "cP576-SiO2-1/4a4a9e1d/strict-mpb-c/0000/f6597e17acdf1984a5730a6678fdf46d": 1, "cP576-SiO2-1/4a4a9e1d/check_runnin/0000/115058b38b2a8dbdb89e776384472683": 1, "cP576-SiO2-1/4a4a9e1d/store_fill/0000/f3fda507bacf0af1ed53b1df5aa542ba": 1, "cP576-SiO2-1/4a4a9e1d/store_strict/0000/bbc16e882e72f4336e5eaca30204382a": 1}, "gap": [1.9516884951666298]}