{"gap": [4.543056278628845], "gap_range_of_max": [0.769073333906051, 0.8048248745963493], "gap_ranges": [[0.769073333906051, 0.8048248745963493]], "mid_gaps": [0.7869491042512002], "mid_gap_of_max": 0.7869491042512002, "band_nos": [10], "fill_fraction": 0.166677, "max_gap": 4.543056278628845}