{"fill_fraction": 0.19282, "gap": [10.898467260828234], "gap_range_of_max": [0.4258982024534112, 0.47498968837263245], "_status": {"tP12-PNO-12/1e217528/store_fill/0000/e60cdded4753201448f8146632cd8e34": 1, "tP12-PNO-12/1e217528/strict-mpb-t/0000/f2873639350b6e0141cf666c538c9fd4": 1, "tP12-PNO-12/1e217528/check_runnin/0000/036d9f8b5cffd7ba69afe9bd39efe295": 1, "tP12-PNO-12/1e217528/store_data/0000/95b146fec2125f58db83007b6c606bad": 1, "tP12-PNO-12/1e217528/mpb-tP12-PNO/0000/27b70bd42587c292fc82efa7be2513fb": 1, "tP12-PNO-12/1e217528/store_strict/0000/f20586348032149bc2a6fe9a8806451d": 1}, "mid_gap_of_max": 0.4504439454130218, "mid_gaps": [0.4504439454130218], "gap_ranges": [[0.4258982024534112, 0.47498968837263245]], "band_nos": [4], "max_gap": 10.898467260828234}