{"mid_gaps": [0.41077484525611224, 0.5892060844956586], "max_gap": 0.9289826540876249, "gap_range_of_max": [0.40886683172621996, 0.4126828587860045], "fill_fraction": 0.3199, "gap_ranges": [[0.40886683172621996, 0.4126828587860045], [0.5888657611314718, 0.5895464078598452]], "band_nos": [2, 8], "mid_gap_of_max": 0.41077484525611224, "gap": [0.9289826540876249, 0.1155192972856069]}