{"max_gap": 14.543731314366346, "mid_gaps": [0.5471009102200174], "band_nos": [8], "mid_gap_of_max": 0.5471009102200174, "gap_ranges": [[0.507316467019591, 0.5868853534204438]], "fill_fraction": 0.288754, "gap_range_of_max": [0.507316467019591, 0.5868853534204438], "gap": [14.543731314366346]}