{"gap_range_of_max": [0.958503376470295, 0.967505548538824], "mid_gaps": [0.9630044625045595], "fill_fraction": 0.203818, "mid_gap_of_max": 0.9630044625045595, "gap_ranges": [[0.958503376470295, 0.967505548538824]], "band_nos": [16], "max_gap": 0.9348006597099209, "gap": [0.9348006597099209]}