{"strict_calculated": true, "mid_gaps": [0.3002807794046669], "gap": [25.713152680811003], "gap_range_of_max": [0.261674951764941, 0.33888660704439283], "mid_gap_of_max": 0.3002807794046669, "band_nos": [2], "max_gap": 25.713152680811003, "gap_ranges": [[0.261674951764941, 0.33888660704439283]], "fill_fraction": 0.356597}