{"faces": [[[-0.633321025292877, -0.7014951970202367], [-0.946551898876923, -0.11311911752490789], [-0.3063715954930313, 0.19230735034270943], [0.006859278091014664, -0.39606872915261926]], [[-0.0068592780910144684, -0.7410893134302047], [-0.633321025292877, -0.7014951970202367], [0.006859278091014664, -0.39606872915261926], [0.6333210252928773, -0.4356628455625873]], [[-0.946551898876923, -0.11311911752490789], [-0.6333210252928771, 0.4356628455625875], [0.006859278091014681, 0.7410893134302048], [-0.3063715954930313, 0.19230735034270943]], [[-0.633321025292877, -0.7014951970202367], [-0.946551898876923, -0.11311911752490789], [-0.6333210252928771, 0.4356628455625875], [-0.006859278091014734, 0.3960687291526194], [0.3063715954930313, -0.1923073503427091], [-0.0068592780910144684, -0.7410893134302047]], [[-0.006859278091014734, 0.3960687291526194], [-0.6333210252928771, 0.4356628455625875], [0.006859278091014681, 0.7410893134302048], [0.633321025292877, 0.7014951970202367]], [[0.006859278091014664, -0.39606872915261926], [-0.3063715954930313, 0.19230735034270943], [0.006859278091014681, 0.7410893134302048], [0.633321025292877, 0.7014951970202367], [0.946551898876923, 0.11311911752490796], [0.6333210252928773, -0.4356628455625873]], [[-0.0068592780910144684, -0.7410893134302047], [0.3063715954930313, -0.1923073503427091], [0.946551898876923, 0.11311911752490796], [0.6333210252928773, -0.4356628455625873]], [[0.3063715954930313, -0.1923073503427091], [-0.006859278091014734, 0.3960687291526194], [0.633321025292877, 0.7014951970202367], [0.946551898876923, 0.11311911752490796]]], "labels": {"GAMMA": [0.0, 0.0], "M": [0.46984631039295416, 0.2545939233387637], "K": [0.31323087359530266, 0.5487819630867838], "A": [-0.3200901516919459, -0.15271323393380867], "L": [0.1497561587010083, 0.10188068940495507], "H": [-0.006859278096643185, 0.3960687291529752]}, "label_positions": {"GAMMA": [0.05, 0.05], "M": [0.5198463103929541, 0.3045939233387637], "K": [0.36323087359530265, 0.5987819630867839], "A": [-0.3200901516919459, -0.10271323393380867], "L": [0.19975615870100832, 0.15188068940495508], "H": [0.04314072190335682, 0.4460687291529752]}, "zorder": [1, 1, 1, 1, 1, 1, 1, 1]}