{
  "basis": [
    [
      0.08333333333333333,
      -0.4166666666666667,
      -0.125
    ],
    [
      -0.4166666666666667,
      0.08333333333333333,
      -0.125
    ],
    [
      0.08333333333333333,
      0.08333333333333333,
      -0.125
    ],
    [
      0.08333333333333333,
      -0.4166666666666667,
      0.375
    ],
    [
      -0.4166666666666667,
      0.08333333333333333,
      0.375
    ],
    [
      0.08333333333333333,
      0.08333333333333333,
      0.375
    ],
    [
      -0.20466666666666666,
      0.007333333333333333,
      -0.125
    ],
    [
      0.37133333333333335,
      0.15933333333333333,
      -0.125
    ],
    [
      0.15933333333333333,
      0.37133333333333335,
      -0.125
    ],
    [
      0.007333333333333333,
      -0.20466666666666666,
      -0.125
    ],
    [
      -0.20466666666666666,
      0.37133333333333335,
      -0.125
    ],
    [
      0.37133333333333335,
      -0.20466666666666666,
      -0.125
    ]
  ],
  "lattice_vectors": [
    [
      1.0,
      0.0,
      0.0
    ],
    [
      -0.5,
      0.8660254038,
      0.0
    ],
    [
      0.0,
      0.0,
      0.5342559612
    ]
  ],
  "nbands": 20,
  "structure": "hP12-WO3"
}