{"mid_gaps": [0.7539244749515664], "run_me": true, "band_nos": [18], "max_gap": 0.45038097951953265, "fill_fraction": 0.477327, "gap_range_of_max": [0.752226708734004, 0.7556222411691289], "mid_gap_of_max": 0.7539244749515664, "gap_ranges": [[0.752226708734004, 0.7556222411691289]], "gap": [0.45038097951953265]}