{"gap_range_of_max": [0.309656852326066, 0.4176383135644339], "band_nos": [2], "gap_ranges": [[0.309656852326066, 0.4176383135644339]], "mid_gap_of_max": 0.36364758294524996, "fill_fraction": 0.267934, "mid_gaps": [0.36364758294524996], "max_gap": 29.693985689057868, "gap": [29.693985689057868]}