{"max_gap": 16.8592454139374, "band_nos": [2], "gap_ranges": [[0.365826645368511, 0.4331798809404105]], "fill_fraction": 0.327214, "gap_range_of_max": [0.365826645368511, 0.4331798809404105], "mid_gap_of_max": 0.3995032631544607, "gap": [16.8592454139374], "mid_gaps": [0.3995032631544607]}