{"_status": {"mC20-Ga2Se3_/c85396a9/check_runnin/0000/5b21296cf26ffe3c16b50c32e7379470": 1, "mC20-Ga2Se3_/c85396a9/strict-mpb-m/0000/20bba3f746a2cd4633ddc8a281c4a95f": 1, "mC20-Ga2Se3_/c85396a9/store_strict/0000/c76cfef7373e109e6ee79c5325a50275": 1, "mC20-Ga2Se3_/c85396a9/store_data/0000/ddba452c713b05fdf6d17c4f8d5e59c2": 1, "mC20-Ga2Se3_/c85396a9/store_fill/0000/aa76aabe7a1567997d156454a98b9ae5": 1, "mC20-Ga2Se3_/c85396a9/mpb-mC20-Ga2/0000/6bc9bae36a5af9d450654a9bfe9a9835": 1}, "mid_gap_of_max": 0.7554744904698861, "fill_fraction": 0.222495, "gap": [2.669983562575647, 1.071544084504676], "max_gap": 2.669983562575647, "mid_gaps": [0.7554744904698861, 0.9123103164396207], "run_me": true, "gap_range_of_max": [0.745388968112387, 0.7655600128273853], "gap_ranges": [[0.745388968112387, 0.7655600128273853], [0.907422412825553, 0.9171982200536882]], "band_nos": [12, 18]}