{"gap_range_of_max": [0.4191569172085649, 0.44622082800886903], "mid_gaps": [0.43268887260871697], "fill_fraction": 0.248621, "max_gap": 6.254820152210875, "mid_gap_of_max": 0.43268887260871697, "gap_ranges": [[0.4191569172085649, 0.44622082800886903]], "band_nos": [5], "gap": [6.254820152210875]}