{"fill_fraction": 0.238398, "gap_ranges": [[0.369070387249009, 0.3758911475627686]], "gap": [1.8311711397239676], "mid_gaps": [0.37248076740588876], "mid_gap_of_max": 0.37248076740588876, "band_nos": [2], "_status": {"tI20-Ga2TeSe/0a903972/strict-mpb-t/0000/f542768b969e56ff4745a099671133b7": 1, "tI20-Ga2TeSe/0a903972/store_fill/0000/acc72e6cbba16917bfd79942f0af73b2": 1, "tI20-Ga2TeSe/0a903972/store_data/0000/7afbb28bbcd211df53adf4753d2fc60c": 1, "tI20-Ga2TeSe/0a903972/store_strict/0000/e0f0eb73c13815c4c5127cd0c1c712d1": 1, "tI20-Ga2TeSe/0a903972/mpb-tI20-Ga2/0000/1957b1e0c2effb4e8ca42bd579f074e5": 1, "tI20-Ga2TeSe/0a903972/check_runnin/0000/76d81d9fafb1a1c164cb3591b73a6143": 1}, "gap_range_of_max": [0.369070387249009, 0.3758911475627686], "max_gap": 1.8311711397239676}