{"gap_range_of_max": [0.506231976557852, 0.5126511235145398], "fill_fraction": 0.373161, "band_nos": [8], "strict_calculated": true, "mid_gap_of_max": 0.509441550036196, "max_gap": 1.2600360053535566, "mid_gaps": [0.509441550036196], "gap_ranges": [[0.506231976557852, 0.5126511235145398]], "gap": [1.2600360053535566]}