{"fill_fraction": 0.500432, "gap_range_of_max": [0.344799508300055, 0.3492072251666844], "mid_gap_of_max": 0.34700336673336973, "gap": [1.2702230840359912], "max_gap": 1.2702230840359912, "mid_gaps": [0.34700336673336973], "band_nos": [2], "gap_ranges": [[0.344799508300055, 0.3492072251666844]]}