{"mid_gaps": [0.5897963182468169], "max_gap": 11.042962384960006, "_status": {"tI16-VAg3O4_/3bb5d00b/strict-mpb-t/0000/e929a03a9cbbcb6501e1836d1c8853c4": 1, "tI16-VAg3O4_/3bb5d00b/check_runnin/0000/33e125ec891e2d4c1808ee5eed2a0837": 1, "tI16-VAg3O4_/3bb5d00b/store_strict/0000/8c4b1bf48586715907a55de4fab332da": 1, "tI16-VAg3O4_/3bb5d00b/store_data/0000/cfe81dedbb473598a2a31cb27888cd1d": 1, "tI16-VAg3O4_/3bb5d00b/store_fill/0000/0f1f4a007b684d6f50a3ea78f407f821": 1, "tI16-VAg3O4_/3bb5d00b/mpb-tI16-VAg/0000/d3855f19a2823c8a217437fd993b3539": 1}, "gap": [11.042962384960006], "gap_range_of_max": [0.557230825460879, 0.6223618110327547], "gap_ranges": [[0.557230825460879, 0.6223618110327547]], "fill_fraction": 0.377917, "band_nos": [8], "mid_gap_of_max": 0.5897963182468169}