{"fill_fraction": 0.38973, "band_nos": [12], "gap_range_of_max": [1.050009204600607, 1.1639843369064613], "mid_gap_of_max": 1.1069967707535342, "gap": [10.295886611148012], "max_gap": 10.295886611148012, "gap_ranges": [[1.050009204600607, 1.1639843369064613]], "mid_gaps": [1.1069967707535342]}