{
  "structure": "cP68-La3Ru3O11_r",
  "lattice_vectors": [
    [
      1.0,
      0.0,
      0.0
    ],
    [
      0.0,
      1.0,
      0.0
    ],
    [
      0.0,
      0.0,
      1.0
    ]
  ],
  "nbands": 20,
  "basis": [
    [
      0.3088235294,
      0.3088235294,
      0.3088235294
    ],
    [
      0.3088235294,
      -0.1911764706,
      -0.1911764706
    ],
    [
      -0.1911764706,
      0.3088235294,
      -0.1911764706
    ],
    [
      -0.1911764706,
      -0.1911764706,
      0.3088235294
    ],
    [
      -0.3041064706,
      -0.3041064706,
      -0.3041064706
    ],
    [
      -0.3041064706,
      0.4217535294,
      0.4217535294
    ],
    [
      0.4217535294,
      -0.3041064706,
      0.4217535294
    ],
    [
      0.4217535294,
      0.4217535294,
      -0.3041064706
    ],
    [
      -0.0782464706,
      -0.0782464706,
      -0.0782464706
    ],
    [
      -0.0782464706,
      0.1958935294,
      0.1958935294
    ],
    [
      0.1958935294,
      -0.0782464706,
      0.1958935294
    ],
    [
      0.1958935294,
      0.1958935294,
      -0.0782464706
    ],
    [
      -0.2828664706,
      0.0588235294,
      -0.4411764706
    ],
    [
      0.4005135294,
      0.0588235294,
      -0.4411764706
    ],
    [
      0.0588235294,
      -0.4411764706,
      -0.2828664706
    ],
    [
      0.0588235294,
      -0.4411764706,
      0.4005135294
    ],
    [
      -0.4411764706,
      -0.2828664706,
      0.0588235294
    ],
    [
      -0.4411764706,
      0.4005135294,
      0.0588235294
    ],
    [
      -0.0994864706,
      -0.4411764706,
      0.0588235294
    ],
    [
      0.2171335294,
      -0.4411764706,
      0.0588235294
    ],
    [
      -0.4411764706,
      0.0588235294,
      -0.0994864706
    ],
    [
      -0.4411764706,
      0.0588235294,
      0.2171335294
    ],
    [
      0.0588235294,
      -0.0994864706,
      -0.4411764706
    ],
    [
      0.0588235294,
      0.2171335294,
      -0.4411764706
    ],
    [
      -0.0718464706,
      -0.4411764706,
      -0.4411764706
    ],
    [
      0.1894935294,
      -0.4411764706,
      -0.4411764706
    ],
    [
      -0.4411764706,
      -0.4411764706,
      -0.0718464706
    ],
    [
      -0.4411764706,
      -0.4411764706,
      0.1894935294
    ],
    [
      -0.4411764706,
      -0.0718464706,
      -0.4411764706
    ],
    [
      -0.4411764706,
      0.1894935294,
      -0.4411764706
    ],
    [
      -0.3105064706,
      0.0588235294,
      0.0588235294
    ],
    [
      0.4281535294,
      0.0588235294,
      0.0588235294
    ],
    [
      0.0588235294,
      0.0588235294,
      -0.3105064706
    ],
    [
      0.0588235294,
      0.0588235294,
      0.4281535294
    ],
    [
      0.0588235294,
      -0.3105064706,
      0.0588235294
    ],
    [
      0.0588235294,
      0.4281535294,
      0.0588235294
    ],
    [
      0.4531235294,
      0.4531235294,
      0.4531235294
    ],
    [
      0.4531235294,
      -0.3354764706,
      -0.3354764706
    ],
    [
      -0.3354764706,
      0.4531235294,
      -0.3354764706
    ],
    [
      -0.3354764706,
      -0.3354764706,
      0.4531235294
    ],
    [
      0.1645235294,
      0.1645235294,
      0.1645235294
    ],
    [
      0.1645235294,
      -0.0468764706,
      -0.0468764706
    ],
    [
      -0.0468764706,
      0.1645235294,
      -0.0468764706
    ],
    [
      -0.0468764706,
      -0.0468764706,
      0.1645235294
    ],
    [
      -0.1065164706,
      -0.4373464706,
      -0.1513264706
    ],
    [
      -0.1065164706,
      0.5549935294,
      0.2689735294
    ],
    [
      0.2241635294,
      -0.4373464706,
      0.2689735294
    ],
    [
      0.2241635294,
      0.5549935294,
      -0.1513264706
    ],
    [
      -0.4373464706,
      -0.1513264706,
      -0.1065164706
    ],
    [
      0.5549935294,
      0.2689735294,
      -0.1065164706
    ],
    [
      -0.4373464706,
      0.2689735294,
      0.2241635294
    ],
    [
      0.5549935294,
      -0.1513264706,
      0.2241635294
    ],
    [
      -0.1513264706,
      -0.1065164706,
      -0.4373464706
    ],
    [
      0.2689735294,
      -0.1065164706,
      0.5549935294
    ],
    [
      0.2689735294,
      0.2241635294,
      -0.4373464706
    ],
    [
      -0.1513264706,
      0.2241635294,
      0.5549935294
    ],
    [
      -0.2758364706,
      0.0549935294,
      -0.2310264706
    ],
    [
      -0.2758364706,
      0.0626535294,
      0.3486735294
    ],
    [
      0.3934835294,
      0.0549935294,
      0.3486735294
    ],
    [
      0.3934835294,
      0.0626535294,
      -0.2310264706
    ],
    [
      0.0549935294,
      -0.2310264706,
      -0.2758364706
    ],
    [
      0.0626535294,
      0.3486735294,
      -0.2758364706
    ],
    [
      0.0549935294,
      0.3486735294,
      0.3934835294
    ],
    [
      0.0626535294,
      -0.2310264706,
      0.3934835294
    ],
    [
      -0.2310264706,
      -0.2758364706,
      0.0549935294
    ],
    [
      0.3486735294,
      -0.2758364706,
      0.0626535294
    ],
    [
      0.3486735294,
      0.3934835294,
      0.0549935294
    ],
    [
      -0.2310264706,
      0.3934835294,
      0.0626535294
    ]
  ]
}