{"gap_range_of_max": [0.2353018100186137, 0.24902200637758604], "max_gap": 5.665712027569789, "band_nos": [4], "gap": [5.665712027569789], "mid_gap_of_max": 0.24216190819809985, "fill_fraction": 0.519855, "gap_ranges": [[0.2353018100186137, 0.24902200637758604]], "mid_gaps": [0.24216190819809985], "strict_calculated": true}