{"max_gap": 0.9584841283275752, "fill_fraction": 0.186027, "band_nos": [5], "gap_ranges": [[0.4742512039889827, 0.4788187159462043]], "gap": [0.9584841283275752], "gap_range_of_max": [0.4742512039889827, 0.4788187159462043], "mid_gaps": [0.4765349599675935], "mid_gap_of_max": 0.4765349599675935}