{"mid_gaps": [0.27532091135472037], "band_nos": [4], "max_gap": 0.737571515402169, "mid_gap_of_max": 0.27532091135472037, "gap_range_of_max": [0.274305567045671, 0.2763362556637697], "gap": [0.737571515402169], "fill_fraction": 0.580471, "gap_ranges": [[0.274305567045671, 0.2763362556637697]]}