{"gap_range_of_max": [0.706964762869751, 0.7495140536215494], "mid_gap_of_max": 0.7282394082456503, "max_gap": 5.842761359797892, "gap": [3.50712499486831, 5.842761359797892], "fill_fraction": 0.275866, "band_nos": [12, 18], "mid_gaps": [0.5902577409911185, 0.7282394082456503], "gap_ranges": [[0.579907202606896, 0.6006082793753409], [0.706964762869751, 0.7495140536215494]]}