{"gap_ranges": [[0.4647826056317785, 0.5143174645809881]], "fill_fraction": 0.102041, "mid_gaps": [0.4895500351063833], "mid_gap_of_max": 0.4895500351063833, "band_nos": [4], "gap": [10.1184466136225], "gap_range_of_max": [0.4647826056317785, 0.5143174645809881], "max_gap": 10.1184466136225, "_status": {"tP12-PNO_r-1/61282c75/strict-mpb-t/0000/4e1111305cd76bdf332108146033ded4": 1, "tP12-PNO_r-1/61282c75/store_strict/0000/144c01e2eee96c32100b6dc04578de54": 1, "tP12-PNO_r-1/61282c75/mpb-tP12-PNO/0000/8e89790db775ac5277f518ba2c65307f": 1, "tP12-PNO_r-1/61282c75/store_fill/0000/01a329fcf155b96ef94ace3dca5ace99": 1, "tP12-PNO_r-1/61282c75/store_data/0000/c89a534f22b1b4854315b31d3033788f": 1, "tP12-PNO_r-1/61282c75/check_runnin/0000/ff45802dc0f101d27c8fd19daf530fcf": 1}}