{"max_gap": 1.2436104086027784, "mid_gap_of_max": 1.1284145642155825, "fill_fraction": 0.022647, "_status": {"cF208-Na3CoC/e2de5f61/check_runnin/0000/29dd3a84fdd465d68d46901d6ce8878c": 1, "cF208-Na3CoC/e2de5f61/store_data/0000/149c2d1afdf1346b81284b65dd91a912": 1, "cF208-Na3CoC/e2de5f61/store_strict/0000/6de943c5f37adca763ab807cb78b3537": 1, "cF208-Na3CoC/e2de5f61/strict-mpb-c/0000/0b2216dea3d52a31a8320fcc569d4797": 1, "cF208-Na3CoC/e2de5f61/store_fill/0000/80494ea7cffeeb93fff404504828584c": 1, "cF208-Na3CoC/e2de5f61/mpb-cF208-Na/0000/e90c43d735ba6f3a1e2c4852a78d5999": 1}, "strict_calculated": true, "mid_gaps": [1.1284145642155825], "gap_ranges": [[1.121398023729195, 1.13543110470197]], "band_nos": [14], "gap_range_of_max": [1.121398023729195, 1.13543110470197], "gap": [1.2436104086027784]}