{"mid_gap_of_max": 0.3125640712548496, "gap": [1.5337044047580106], "fill_fraction": 0.50325, "gap_range_of_max": [0.310167166790586, 0.3149609757191132], "mid_gaps": [0.3125640712548496], "gap_ranges": [[0.310167166790586, 0.3149609757191132]], "max_gap": 1.5337044047580106, "band_nos": [2]}