{"gap_range_of_max": [0.438252156130108, 0.4484083696524123], "gap": [2.290891096869354], "mid_gaps": [0.44333026289126015], "fill_fraction": 0.310096, "gap_ranges": [[0.438252156130108, 0.4484083696524123]], "band_nos": [4], "max_gap": 2.290891096869354, "_status": {"tP12-PNO_r-6/b55e4332/mpb-tP12-PNO/0000/c43761ac81fa8ebeb1f85f7cf9d6ce99": 1, "tP12-PNO_r-6/b55e4332/store_strict/0000/aa1a7213b3a3c2eb8b663b0a583405fc": 1, "tP12-PNO_r-6/b55e4332/store_data/0000/c1e64fae11ec40f33bf086af706e25f4": 1, "tP12-PNO_r-6/b55e4332/check_runnin/0000/5bdd8ad12b3f3cce4c187d2a10cfb8ca": 1, "tP12-PNO_r-6/b55e4332/store_fill/0000/5e6c97f4763bd0645a78ddf2c1ddb6be": 1, "tP12-PNO_r-6/b55e4332/strict-mpb-t/0000/71aa83a616c5d05d907dd5a38cfb7618": 1}, "mid_gap_of_max": 0.44333026289126015}