{"max_gap": 9.805379372375684, "gap": [9.805379372375684], "gap_range_of_max": [0.2564754077104926, 0.2829203057206191], "fill_fraction": 0.545543, "mid_gap_of_max": 0.26969785671555585, "band_nos": [4], "gap_ranges": [[0.2564754077104926, 0.2829203057206191]], "mid_gaps": [0.26969785671555585]}