{"gap_ranges": [[0.3422142702755665, 0.3736371656724825], [0.5279036362898225, 0.5312174929040655]], "max_gap": 8.77916668709356, "band_nos": [2, 8], "gap": [8.77916668709356, 0.6257748094904342], "mid_gap_of_max": 0.3579257179740245, "fill_fraction": 0.352792, "mid_gaps": [0.3579257179740245, 0.529560564596944], "gap_range_of_max": [0.3422142702755665, 0.3736371656724825]}