{"gap_ranges": [[0.477118626812896, 0.5657254092085099]], "band_nos": [2], "fill_fraction": 0.079485, "gap_range_of_max": [0.477118626812896, 0.5657254092085099], "max_gap": 16.993295130432145, "mid_gaps": [0.521422018010703], "mid_gap_of_max": 0.521422018010703, "gap": [16.993295130432145], "strict_calculated": true}