{"band_nos": [7], "mid_gaps": [0.5315950985119431], "gap_ranges": [[0.529373681133942, 0.5338165158899443]], "gap": [0.8357554026435415], "mid_gap_of_max": 0.5315950985119431, "_status": {"hP13-BaCo2O8/ad409682/strict-mpb-h/0000/aa2242dc471b5657858a895e3b5ce20e": 1, "hP13-BaCo2O8/ad409682/store_fill/0000/4625ac59004bf36fd853ebd613ec2328": 1, "hP13-BaCo2O8/ad409682/check_runnin/0000/5185e942473ad6ec08fa8d6c3726d5a0": 1, "hP13-BaCo2O8/ad409682/mpb-hP13-BaC/0000/b18e7855e08c6c5669bdc6ac3dab8acf": 4, "hP13-BaCo2O8/ad409682/store_data/0000/c65595c63398c1e68d573a66d24accf1": 1, "hP13-BaCo2O8/ad409682/store_strict/0000/25ba480457ac164a2c7b3b1ccaacafbe": 1}, "fill_fraction": 0.131701, "max_gap": 0.8357554026435415, "run_me": true, "gap_range_of_max": [0.529373681133942, 0.5338165158899443]}