{
  "basis": [
    [
      0.2857142857142857,
      0.2857142857142857,
      0.2857142857142857
    ],
    [
      0.14285714285714285,
      -0.2857142857142857,
      -0.2857142857142857
    ],
    [
      0.42857142857142855,
      -0.2857142857142857,
      -0.2857142857142857
    ],
    [
      -0.2857142857142857,
      0.14285714285714285,
      -0.2857142857142857
    ],
    [
      -0.2857142857142857,
      0.42857142857142855,
      -0.2857142857142857
    ],
    [
      -0.2857142857142857,
      -0.2857142857142857,
      0.14285714285714285
    ],
    [
      -0.2857142857142857,
      -0.2857142857142857,
      0.42857142857142855
    ]
  ],
  "lattice_vectors": [
    [
      1.0,
      0.0,
      0.0
    ],
    [
      0.0,
      1.0,
      0.0
    ],
    [
      0.0,
      0.0,
      1.0
    ]
  ],
  "nbands": 20,
  "structure": "hR7-ThB6_r"
}