{"max_gap": 7.8891461765735205, "band_nos": [12], "gap_ranges": [[0.653068559848516, 0.7067058554976704]], "fill_fraction": 0.275995, "mid_gap_of_max": 0.6798872076730932, "mid_gaps": [0.6798872076730932], "gap_range_of_max": [0.653068559848516, 0.7067058554976704], "gap": [7.8891461765735205]}