{"mid_gaps": [0.5055373673795724], "gap_range_of_max": [0.4981773170919599, 0.512897417667185], "mid_gap_of_max": 0.5055373673795724, "fill_fraction": 0.232167, "gap_ranges": [[0.4981773170919599, 0.512897417667185]], "band_nos": [12], "gap": [2.911773001375932], "max_gap": 2.911773001375932}