{
  "basis": [
    [
      -0.125,
      -0.125,
      -0.125
    ],
    [
      0.125,
      0.125,
      0.125
    ]
  ],
  "lattice_vectors": [
    [
      0.0,
      0.7071067812,
      0.7071067812
    ],
    [
      0.7071067812,
      0.0,
      0.7071067812
    ],
    [
      0.7071067812,
      0.7071067812,
      0.0
    ]
  ],
  "nbands": 20,
  "structure": "cF8-C_r"
}