{"international": "Fd-3m", "wyckoffs": ["b", "b"], "number": 227, "global_point_groups": ["m-3m", "1", "2", "m", "-4", "mm2", "222", "4", "-1", "2/m", "-42/m", "4mm", "422", "4/m", "mmm", "3", "3m", "23", "32", "-3", "4/mmm", "-43m", "432", "m-3", "-3m"], "std_lattice": [[1.4142135624, 0.0, 0.0], [0.0, 1.4142135624, 0.0], [0.0, 0.0, 1.4142135624]], "site_point_groups": {"b": {"site_symmetry": ["-43m", "1", "m", "2", "23", "3m", "222", "-4", "-42/m", "mm2", "3"], "name": "8b"}}, "equivalent_atoms": [0, 0], "std_positions": [[0.75, 0.75, 0.75], [0.5, 0.0, 0.0], [0.75, 0.25, 0.25], [0.5, 0.5, 0.5], [0.25, 0.75, 0.25], [0.0, 0.0, 0.5], [0.25, 0.25, 0.75], [0.0, 0.5, 0.0]]}