{"gap": [0.19161883634837057], "fill_fraction": 0.220109, "mid_gaps": [0.40267027641370634], "max_gap": 0.19161883634837057, "gap_range_of_max": [0.40228448036471, 0.4030560724627027], "mid_gap_of_max": 0.40267027641370634, "strict_calculated": true, "band_nos": [9], "gap_ranges": [[0.40228448036471, 0.4030560724627027]]}