{"gap_ranges": [[0.568294409562705, 0.5918565100644169]], "fill_fraction": 0.055116, "gap": [4.0619026547485175], "band_nos": [2], "gap_range_of_max": [0.568294409562705, 0.5918565100644169], "mid_gaps": [0.5800754598135609], "max_gap": 4.0619026547485175, "mid_gap_of_max": 0.5800754598135609}