{"mid_gaps": [0.6666768823946259], "mid_gap_of_max": 0.6666768823946259, "strict_calculated": true, "gap": [21.800796918995832], "gap_range_of_max": [0.594006445776253, 0.7393473190129989], "band_nos": [16], "max_gap": 21.800796918995832, "fill_fraction": 0.10907, "gap_ranges": [[0.594006445776253, 0.7393473190129989]]}