{"band_nos": [8], "_status": {"oP6-NaO2_r-1/7a021acc/store_data/0000/69baea8d7844693179243c7355d25ca1": 1, "oP6-NaO2_r-1/7a021acc/strict-mpb-o/0000/27b1d64bbbd18070f5aed4bb5fd093cf": 1, "oP6-NaO2_r-1/7a021acc/check_runnin/0000/77caa537e6ef40a27e30cbdbc8c7e91a": 1, "oP6-NaO2_r-1/7a021acc/mpb-oP6-NaO2/0000/e9042697ce6c629905e2815cc9c258cd": 6, "oP6-NaO2_r-1/7a021acc/store_strict/0000/96e9eea854e827e7e82081b3eb9f7f08": 1, "oP6-NaO2_r-1/7a021acc/store_fill/0000/1588ccf2985868eb65b564c6531a455f": 1}, "gap": [0.9015938314742931], "gap_range_of_max": [0.592078166056789, 0.5974404794227293], "mid_gaps": [0.5947593227397592], "max_gap": 0.9015938314742931, "mid_gap_of_max": 0.5947593227397592, "gap_ranges": [[0.592078166056789, 0.5974404794227293]], "fill_fraction": 0.162203, "run_me": true}