{"gap": [6.737266941745782], "band_nos": [8], "gap_range_of_max": [0.482549084710404, 0.5161930464276299], "mid_gap_of_max": 0.4993710655690169, "fill_fraction": 0.454495, "mid_gaps": [0.4993710655690169], "gap_ranges": [[0.482549084710404, 0.5161930464276299]], "max_gap": 6.737266941745782}