{"band_nos": [2], "gap_ranges": [[0.4438111774913164, 0.5246616161379642]], "mid_gap_of_max": 0.4842363968146403, "fill_fraction": 0.181161, "mid_gaps": [0.4842363968146403], "gap_range_of_max": [0.4438111774913164, 0.5246616161379642], "max_gap": 16.696481135761537, "gap": [16.696481135761537]}