{"gap_range_of_max": [0.2170604841000127, 0.2251292945474161], "gap": [3.649478498613986], "mid_gap_of_max": 0.2210948893237144, "mid_gaps": [0.2210948893237144], "gap_ranges": [[0.2170604841000127, 0.2251292945474161]], "max_gap": 3.649478498613986, "fill_fraction": 0.643403, "strict_calculated": true, "band_nos": [2]}