{"gap": [1.0156465962730643], "fill_fraction": 0.576545, "max_gap": 1.0156465962730643, "gap_ranges": [[0.252861341055139, 0.2554426270304301]], "gap_range_of_max": [0.252861341055139, 0.2554426270304301], "mid_gaps": [0.25415198404278455], "mid_gap_of_max": 0.25415198404278455, "band_nos": [2]}