{"gap_range_of_max": [0.31526010876144, 0.35651946389238337], "fill_fraction": 0.390787, "band_nos": [2], "gap": [12.2835992073859], "mid_gap_of_max": 0.3358897863269117, "mid_gaps": [0.3358897863269117], "gap_ranges": [[0.31526010876144, 0.35651946389238337]], "max_gap": 12.2835992073859}