{"mid_gaps": [0.4870893656709377], "gap_ranges": [[0.476666631606437, 0.49751209973543836]], "band_nos": [8], "gap": [4.279598282809507], "mid_gap_of_max": 0.4870893656709377, "fill_fraction": 0.569784, "max_gap": 4.279598282809507, "gap_range_of_max": [0.476666631606437, 0.49751209973543836]}