{"max_gap": 6.444434839497529, "gap": [6.444434839497529], "mid_gaps": [0.4437955574126666], "fill_fraction": 0.209775, "mid_gap_of_max": 0.4437955574126666, "band_nos": [16], "gap_range_of_max": [0.4294954996536445, 0.4580956151716887], "gap_ranges": [[0.4294954996536445, 0.4580956151716887]]}