{"mid_gap_of_max": 0.4030829317187947, "max_gap": 3.3272126468050893, "band_nos": [4], "gap": [3.3272126468050893], "mid_gaps": [0.4030829317187947], "gap_range_of_max": [0.3963772185781645, 0.409788644859425], "strict_calculated": true, "fill_fraction": 0.138031, "gap_ranges": [[0.3963772185781645, 0.409788644859425]]}