{"fill_fraction": 0.261798, "run_me": true, "gap_range_of_max": [0.673696860731281, 0.6770231991497304], "gap_ranges": [[0.673696860731281, 0.6770231991497304]], "gap": [0.492528173268117], "mid_gaps": [0.6753600299405057], "band_nos": [16], "max_gap": 0.492528173268117, "_status": {"cP4-X-10/8ff40b17/strict-mpb-c/0000/f9238c698c0ddf97fafe2a5fc2fb68ef": 1, "cP4-X-10/8ff40b17/store_fill/0000/1bd4cfebb643384270fcbf01c895f240": 1, "cP4-X-10/8ff40b17/mpb-cP4-X-10/0000/3b869df7ccd39b03fdf622635ea167ce": 4, "cP4-X-10/8ff40b17/store_data/0000/707bc18079b6f99b5f296f308eb448fb": 1, "cP4-X-10/8ff40b17/check_runnin/0000/dc03d56bbf541bc9e10048144522b6d3": 1, "cP4-X-10/8ff40b17/store_strict/0000/4bdfc02c4e233af18d72c3929a0b8503": 1}, "mid_gap_of_max": 0.6753600299405057}