{"gap_ranges": [[0.712617698810596, 0.7134617988946832]], "gap": [0.11838050900313334], "band_nos": [17], "_status": {"tI40-AgBiCr4/29278ac7/store_data/0000/8c4d2eec6e1ec31f2ba86c82c03e15ba": 1, "tI40-AgBiCr4/29278ac7/mpb-tI40-AgB/0000/92ab2d5950d3145540b29de13c8851bd": 4, "tI40-AgBiCr4/29278ac7/store_fill/0000/d910560da8114cf54fcc7f08c5af3e66": 1, "tI40-AgBiCr4/29278ac7/strict-mpb-t/0000/c9e0ff21f198ccc6c99c12c0713dc7f8": 1, "tI40-AgBiCr4/29278ac7/check_runnin/0000/345bb3aed0ea21b46a363a6e43858643": 1, "tI40-AgBiCr4/29278ac7/store_strict/0000/c916c98dd2155594e9a7d97423e163df": 1}, "mid_gaps": [0.7130397488526397], "mid_gap_of_max": 0.7130397488526397, "gap_range_of_max": [0.712617698810596, 0.7134617988946832], "fill_fraction": 0.291105, "max_gap": 0.11838050900313334, "run_me": true}