{"_status": {"cF264-Ca24Mg/37f881c6/check_runnin/0000/6d92b120777dbb0cf01f475eeea5d561": 1, "cF264-Ca24Mg/37f881c6/store_data/0000/18e4aed00c1721c74c2dd9457d7d8e7c": 1, "cF264-Ca24Mg/37f881c6/mpb-cF264-Ca/0000/8fc6baa8ccab2605042a9581b03d47d7": 1, "cF264-Ca24Mg/37f881c6/store_strict/0000/bc11bfd04cc4ea3ab721acfef2e495c4": 1, "cF264-Ca24Mg/37f881c6/store_fill/0000/042e0f372f82e20fd64bc17961a1fd73": 1, "cF264-Ca24Mg/37f881c6/strict-mpb-c/0000/d8be29e03f9fe33812d0faceeea6e023": 1}, "mid_gaps": [0.814666873126205, 0.9795488534536352], "gap_ranges": [[0.810377275781508, 0.8189564704709019], [0.963689733949277, 0.9954079729579933]], "max_gap": 3.2380456469206096, "mid_gap_of_max": 0.9795488534536352, "band_nos": [8, 14], "gap": [1.0530923709308595, 3.2380456469206096], "gap_range_of_max": [0.963689733949277, 0.9954079729579933], "fill_fraction": 0.053753, "strict_calculated": true}