{"gap_range_of_max": [0.347000892663388, 0.39814321050073176], "fill_fraction": 0.397327, "band_nos": [2], "mid_gaps": [0.37257205158205986], "mid_gap_of_max": 0.37257205158205986, "gap_ranges": [[0.347000892663388, 0.39814321050073176]], "gap": [13.72682615890711], "max_gap": 13.72682615890711}