{"mid_gap_of_max": 0.84238082246289, "run_me": true, "_status": {"hR15-Ni3S2-1/f91ddc3f/check_runnin/0000/eaa49174527339d3ce9c82e9ea952704": 1, "hR15-Ni3S2-1/f91ddc3f/mpb-hR15-Ni3/0000/68987211441f3c3e43428f35470d252c": 7, "hR15-Ni3S2-1/f91ddc3f/store_fill/0000/ba70e4e2181ac129538f2a126dd22dcd": 1, "hR15-Ni3S2-1/f91ddc3f/store_strict/0000/4100d92c8d1cea2e097004ab75eee2cf": 1, "hR15-Ni3S2-1/f91ddc3f/strict-mpb-h/0000/3af2a5ddc32f53427b895ebc1ab95b69": 1, "hR15-Ni3S2-1/f91ddc3f/store_data/0000/968a0887311c5d14da8f524deccc56fe": 1}, "band_nos": [17], "gap": [1.0251893950152315], "gap_range_of_max": [0.838062823034124, 0.846698821891656], "mid_gaps": [0.84238082246289], "fill_fraction": 0.085785, "gap_ranges": [[0.838062823034124, 0.846698821891656]], "max_gap": 1.0251893950152315}