{"max_gap": 14.602658794762224, "gap": [14.602658794762224], "band_nos": [2], "gap_ranges": [[0.475248693567498, 0.550113785695655]], "fill_fraction": 0.090503, "mid_gaps": [0.5126812396315765], "gap_range_of_max": [0.475248693567498, 0.550113785695655], "mid_gap_of_max": 0.5126812396315765}