{"fill_fraction": 0.410367, "mid_gaps": [0.6209105958091099], "gap_ranges": [[0.612774230899438, 0.6290469607187817]], "mid_gap_of_max": 0.6209105958091099, "gap": [2.620784687711439], "strict_calculated": true, "max_gap": 2.620784687711439, "gap_range_of_max": [0.612774230899438, 0.6290469607187817], "band_nos": [10]}