{"max_gap": 4.822500417481241, "gap_range_of_max": [0.4370315351647915, 0.4586281307282429], "mid_gaps": [0.4478298329465172], "fill_fraction": 0.249417, "gap": [4.822500417481241], "gap_ranges": [[0.4370315351647915, 0.4586281307282429]], "band_nos": [5], "mid_gap_of_max": 0.4478298329465172}