{"gap_ranges": [[0.680013798939324, 0.686597204912339]], "band_nos": [10], "max_gap": 0.9634645051824557, "mid_gaps": [0.6833055019258315], "fill_fraction": 0.374857, "gap": [0.9634645051824557], "_status": {"hP14-N4Si3-1/f6bf39b5/check_runnin/0000/f29c235d4995677ceda3f6f87e90a268": 1, "hP14-N4Si3-1/f6bf39b5/store_fill/0000/8e3b238b6ceb20c237fa66f2c767df5c": 1, "hP14-N4Si3-1/f6bf39b5/store_data/0000/721745d8b159f3199808326d118dd742": 1, "hP14-N4Si3-1/f6bf39b5/store_strict/0000/37a2bfbb7bb20f2eefd1b2ce12152ee5": 1, "hP14-N4Si3-1/f6bf39b5/strict-mpb-h/0000/3864c763144ca57dc8cf35644c9b030c": 1, "hP14-N4Si3-1/f6bf39b5/mpb-hP14-N4S/0000/bbb22d5e5309310097f8dbd6c5c7860c": 7}, "gap_range_of_max": [0.680013798939324, 0.686597204912339], "mid_gap_of_max": 0.6833055019258315, "run_me": true}