{"gap_ranges": [[0.275475489542518, 0.31409053282916854]], "max_gap": 13.09948057430806, "mid_gaps": [0.29478301118584327], "gap_range_of_max": [0.275475489542518, 0.31409053282916854], "band_nos": [2], "mid_gap_of_max": 0.29478301118584327, "gap": [13.09948057430806], "strict_calculated": true, "fill_fraction": 0.438907}