{"gap": [2.0617720518873224], "max_gap": 2.0617720518873224, "mid_gap_of_max": 0.6190603177233243, "band_nos": [18], "fill_fraction": 0.511787, "gap_range_of_max": [0.612678511415752, 0.6254421240308965], "gap_ranges": [[0.612678511415752, 0.6254421240308965]], "_status": {"tI28-Fe2S4Sn/59ab4663/check_runnin/0000/c7a61c1d6ee3bba63f1c8014aa74e59b": 1, "tI28-Fe2S4Sn/59ab4663/store_data/0000/971d08a07dae2e95199335439301d291": 1, "tI28-Fe2S4Sn/59ab4663/strict-mpb-t/0000/bb3c484007929096675fd7cea0425dcf": 1, "tI28-Fe2S4Sn/59ab4663/store_strict/0000/e3aad27cece50fe5e178f91318a6466b": 1, "tI28-Fe2S4Sn/59ab4663/store_fill/0000/d8b3dc02b25367a5c61872ce5ff0c08d": 1, "tI28-Fe2S4Sn/59ab4663/mpb-tI28-Fe2/0000/5134e14aa63e2cfc03292ec51c90b4d4": 1}, "run_me": true, "mid_gaps": [0.6190603177233243]}