{"gap_ranges": [[0.2798145015813669, 0.31410335312285015]], "max_gap": 11.546664667476545, "band_nos": [2], "gap": [11.546664667476545], "mid_gap_of_max": 0.2969589273521085, "fill_fraction": 0.485116, "mid_gaps": [0.2969589273521085], "gap_range_of_max": [0.2798145015813669, 0.31410335312285015]}