{"gap_ranges": [[0.279814501581366, 0.31410335312285015]], "max_gap": 11.546664667476545, "band_nos": [2], "gap": [11.546664667476545], "mid_gap_of_max": 0.29695892735210805, "fill_fraction": 0.485116, "mid_gaps": [0.29695892735210805], "gap_range_of_max": [0.279814501581366, 0.31410335312285015]}