{"run_me": true, "gap_ranges": [[0.301524578817525, 0.3015422017359578]], "mid_gap_of_max": 0.3015333902767414, "gap": [0.005844433485693582], "gap_range_of_max": [0.301524578817525, 0.3015422017359578], "fill_fraction": 0.338723, "_status": {"cP14-C2N4Si-/631f3427/check_runnin/0000/d17d45d31da934caea416784a2ab86e9": 1, "cP14-C2N4Si-/631f3427/store_fill/0000/a1e8ab8038aa869ed031ccd36fddcde2": 1, "cP14-C2N4Si-/631f3427/strict-mpb-c/0000/f636b2436a51e0074c6b4ea79d92e9a0": 1, "cP14-C2N4Si-/631f3427/store_data/0000/aa76c9359cc7cad6aac8267aed153ad8": 1, "cP14-C2N4Si-/631f3427/mpb-cP14-C2N/0000/d0d565ef5e8d0dbaf1c9d23241e5f487": 1, "cP14-C2N4Si-/631f3427/store_strict/0000/4e90af6ee5cf4f9cb2480daed8c2b640": 1}, "mid_gaps": [0.3015333902767414], "max_gap": 0.005844433485693582, "band_nos": [2]}