{"gap_ranges": [[0.30222193641294, 0.328094116300168]], "max_gap": 8.209272086870882, "mid_gaps": [0.315158026356554], "band_nos": [4], "mid_gap_of_max": 0.315158026356554, "fill_fraction": 0.441777, "gap_range_of_max": [0.30222193641294, 0.328094116300168], "gap": [8.209272086870882]}