{"strict_calculated": true, "gap": [5.868069008598074], "gap_ranges": [[0.487924206229755, 0.517421392998566]], "max_gap": 5.868069008598074, "mid_gap_of_max": 0.5026727996141606, "fill_fraction": 0.341615, "band_nos": [8], "gap_range_of_max": [0.487924206229755, 0.517421392998566], "mid_gaps": [0.5026727996141606]}