{"fill_fraction": 0.293836, "band_nos": [2], "mid_gaps": [0.38396195230409746], "gap_range_of_max": [0.3422334740751747, 0.4256904305330203], "max_gap": 21.735736042863884, "mid_gap_of_max": 0.38396195230409746, "gap": [21.735736042863884], "gap_ranges": [[0.3422334740751747, 0.4256904305330203]]}