{"max_gap": 5.722594575411292, "mid_gap_of_max": 0.40413137361383084, "gap": [5.722594575411292], "fill_fraction": 0.19088, "mid_gaps": [0.40413137361383084], "gap_range_of_max": [0.3925679735818507, 0.415694773645811], "gap_ranges": [[0.3925679735818507, 0.415694773645811]], "band_nos": [4]}