{"band_nos": [16], "gap_ranges": [[0.825866660529033, 0.8423958390907977]], "gap": [1.9816040419935517], "max_gap": 1.9816040419935517, "gap_range_of_max": [0.825866660529033, 0.8423958390907977], "mid_gaps": [0.8341312498099154], "fill_fraction": 0.110242, "mid_gap_of_max": 0.8341312498099154}