{
  "lattice_vectors": [
    [
      1.0,
      0.0,
      0.0
    ],
    [
      0.0,
      1.0,
      0.0
    ],
    [
      0.0,
      0.0,
      1.40824797
    ]
  ],
  "nbands": 20,
  "structure": "tP28-Mg2TiO4_r",
  "basis": [
    [
      -0.2115857143,
      -0.2115857143,
      -0.0892857143
    ],
    [
      0.2830142857,
      -0.2115857143,
      0.1607142857
    ],
    [
      0.2830142857,
      0.2830142857,
      0.4107142857
    ],
    [
      -0.2115857143,
      0.2830142857,
      -0.3392857143
    ],
    [
      -0.4642857143,
      -0.2198857143,
      -0.4642857143
    ],
    [
      -0.2198857143,
      -0.4642857143,
      0.2857142857
    ],
    [
      0.2913142857,
      -0.4642857143,
      -0.2142857143
    ],
    [
      -0.4642857143,
      0.2913142857,
      0.0357142857
    ],
    [
      0.0357142857,
      -0.2240857143,
      -0.4642857143
    ],
    [
      -0.2240857143,
      0.0357142857,
      0.2857142857
    ],
    [
      0.2955142857,
      0.0357142857,
      -0.2142857143
    ],
    [
      0.0357142857,
      0.2955142857,
      0.0357142857
    ],
    [
      0.5096142857,
      0.2734142857,
      -0.2120857143
    ],
    [
      0.2734142857,
      0.5096142857,
      0.0335142857
    ],
    [
      -0.2019857143,
      0.5096142857,
      0.0379142857
    ],
    [
      -0.4381857143,
      0.2734142857,
      0.2835142857
    ],
    [
      -0.4381857143,
      -0.2019857143,
      0.2879142857
    ],
    [
      -0.2019857143,
      -0.4381857143,
      0.5335142857
    ],
    [
      0.2734142857,
      -0.4381857143,
      -0.4620857143
    ],
    [
      0.5096142857,
      -0.2019857143,
      -0.2164857143
    ],
    [
      0.0539142857,
      -0.2037857143,
      -0.2312857143
    ],
    [
      -0.2037857143,
      0.0539142857,
      0.0527142857
    ],
    [
      0.2752142857,
      0.0539142857,
      0.0187142857
    ],
    [
      0.0175142857,
      -0.2037857143,
      0.3027142857
    ],
    [
      0.0175142857,
      0.2752142857,
      0.2687142857
    ],
    [
      0.2752142857,
      0.0175142857,
      -0.4472857143
    ],
    [
      -0.2037857143,
      0.0175142857,
      0.5187142857
    ],
    [
      0.0539142857,
      0.2752142857,
      -0.1972857143
    ]
  ]
}