{"gap_range_of_max": [0.36515251920351, 0.37544554767992905], "fill_fraction": 0.390587, "mid_gap_of_max": 0.37029903344171955, "mid_gaps": [0.37029903344171955], "gap_ranges": [[0.36515251920351, 0.37544554767992905]], "max_gap": 2.7796530767969063, "gap": [2.7796530767969063], "strict_calculated": true, "band_nos": [5]}