{"gap_range_of_max": [0.378307804741503, 0.49945375977632445], "gap_ranges": [[0.378307804741503, 0.49945375977632445]], "band_nos": [2], "fill_fraction": 0.186515, "gap": [27.6033856874033], "mid_gap_of_max": 0.4388807822589137, "max_gap": 27.6033856874033, "mid_gaps": [0.4388807822589137]}