{"gap_ranges": [[0.4472954216395083, 0.5595653376564386]], "gap": [22.300981536997348], "mid_gaps": [0.5034303796479734], "band_nos": [2], "fill_fraction": 0.101347, "mid_gap_of_max": 0.5034303796479734, "max_gap": 22.300981536997348, "gap_range_of_max": [0.4472954216395083, 0.5595653376564386]}