{"mid_gap_of_max": 0.3080371668069455, "band_nos": [4], "max_gap": 0.8273878699732561, "strict_calculated": true, "mid_gaps": [0.3080371668069455], "fill_fraction": 0.239939, "gap_range_of_max": [0.30676283573036, 0.30931149788353096], "gap": [0.8273878699732561], "gap_ranges": [[0.30676283573036, 0.30931149788353096]]}