{"number": 194, "site_point_groups": {"d": {"name": "2d", "site_symmetry": ["1", "m", "2", "3m", "-6", "-6m2", "mm2", "3", "32"]}}, "wyckoffs": ["d", "d"], "std_lattice": [[1.0, 0.0, 0.0], [-0.5, 0.8660254038, 0.0], [0.0, 0.0, 1.5680724789]], "global_point_groups": ["6/mmm", "1", "-1", "3", "2", "m", "-3", "32", "3m", "2/m", "6", "-6", "222", "mm2", "-3m", "6/m", "622", "-6m2", "6mm", "mmm"], "equivalent_atoms": [0, 0], "international": "P6_3/mmc", "std_positions": [[0.3333333333, 0.6666666667, 0.75], [0.6666666667, 0.3333333333, 0.25]]}