{"mid_gap_of_max": 0.37907071854912167, "gap_ranges": [[0.3683224008291172, 0.3898190362691261]], "mid_gaps": [0.37907071854912167], "max_gap": 5.670877329245155, "fill_fraction": 0.435898, "gap": [5.670877329245155], "gap_range_of_max": [0.3683224008291172, 0.3898190362691261], "band_nos": [2]}