{"gap_ranges": [[0.256409881841723, 0.2739747291988817]], "fill_fraction": 0.5829, "gap": [6.6234377813853715], "mid_gap_of_max": 0.2651923055203024, "max_gap": 6.6234377813853715, "gap_range_of_max": [0.256409881841723, 0.2739747291988817], "mid_gaps": [0.2651923055203024], "band_nos": [2]}