{"band_nos": [2], "gap": [0.11732075950419663], "mid_gaps": [0.31262099869880056], "gap_ranges": [[0.312437614033779, 0.3128043833638221]], "mid_gap_of_max": 0.31262099869880056, "gap_range_of_max": [0.312437614033779, 0.3128043833638221], "fill_fraction": 0.555281, "max_gap": 0.11732075950419663}