{"gap": [4.659321152909731], "mid_gaps": [0.8708206289546789], "gap_ranges": [[0.850533464070285, 0.8911077938390728]], "mid_gap_of_max": 0.8708206289546789, "max_gap": 4.659321152909731, "band_nos": [12], "strict_calculated": true, "fill_fraction": 0.257136, "gap_range_of_max": [0.850533464070285, 0.8911077938390728]}