{"gap": [1.0776055175503358], "gap_ranges": [[0.4973439501263161, 0.5027323890315565]], "max_gap": 1.0776055175503358, "mid_gap_of_max": 0.5000381695789363, "fill_fraction": 0.47477, "band_nos": [8], "gap_range_of_max": [0.4973439501263161, 0.5027323890315565], "mid_gaps": [0.5000381695789363]}