{"band_nos": [2], "mid_gaps": [0.4683786212592602], "max_gap": 2.335208588929402, "gap": [2.335208588929402], "mid_gap_of_max": 0.4683786212592602, "strict_calculated": true, "gap_range_of_max": [0.4629098123630825, 0.4738474301554379], "fill_fraction": 0.182639, "gap_ranges": [[0.4629098123630825, 0.4738474301554379]]}