{"gap_ranges": [[0.710771450631231, 0.7457714083556212]], "mid_gap_of_max": 0.728271429493426, "band_nos": [12], "max_gap": 4.80589465781121, "mid_gaps": [0.728271429493426], "fill_fraction": 0.148417, "gap_range_of_max": [0.710771450631231, 0.7457714083556212], "gap": [4.80589465781121], "strict_calculated": true}