{"band_nos": [4], "max_gap": 0.18541065268786303, "strict_calculated": true, "gap_ranges": [[0.250273330822043, 0.25073779482109]], "mid_gaps": [0.2505055628215665], "gap_range_of_max": [0.250273330822043, 0.25073779482109], "gap": [0.18541065268786303], "mid_gap_of_max": 0.2505055628215665, "fill_fraction": 0.51906}