{
  "nbands": 20,
  "lattice_vectors": [
    [
      1.0,
      0.0,
      0.0
    ],
    [
      -0.5,
      0.8660254038,
      0.0
    ],
    [
      0.0,
      0.0,
      0.8843982614
    ]
  ],
  "structure": "hP18-Mg2Ga_r",
  "basis": [
    [
      0.2311111111,
      -0.3698888889,
      -0.1666666667
    ],
    [
      0.0101111111,
      -0.0088888889,
      -0.1666666667
    ],
    [
      0.5921111111,
      0.2121111111,
      -0.1666666667
    ],
    [
      -0.3698888889,
      0.2311111111,
      0.3333333333
    ],
    [
      0.2121111111,
      0.5921111111,
      0.3333333333
    ],
    [
      -0.0088888889,
      0.0101111111,
      0.3333333333
    ],
    [
      -0.0998888889,
      -0.3888888889,
      -0.4166666667
    ],
    [
      0.3221111111,
      0.3221111111,
      0.0833333333
    ],
    [
      -0.3888888889,
      -0.0998888889,
      -0.4166666667
    ],
    [
      -0.0998888889,
      -0.3888888889,
      0.0833333333
    ],
    [
      0.3221111111,
      0.3221111111,
      -0.4166666667
    ],
    [
      -0.3888888889,
      -0.0998888889,
      0.0833333333
    ],
    [
      -0.3888888889,
      -0.3888888889,
      -0.1666666667
    ],
    [
      -0.3888888889,
      -0.3888888889,
      0.3333333333
    ],
    [
      -0.0555555556,
      0.2777777778,
      -0.3786666667
    ],
    [
      -0.0555555556,
      0.2777777778,
      0.0453333333
    ],
    [
      0.2777777778,
      -0.0555555556,
      0.1213333333
    ],
    [
      0.2777777778,
      -0.0555555556,
      0.5453333333
    ]
  ]
}