{"gap_ranges": [[0.3781963298145571, 0.4287079677218287]], "band_nos": [2], "max_gap": 12.519858442071023, "gap": [12.519858442071023], "mid_gap_of_max": 0.4034521487681929, "fill_fraction": 0.268665, "gap_range_of_max": [0.3781963298145571, 0.4287079677218287], "mid_gaps": [0.4034521487681929]}