{"gap_range_of_max": [0.69719787932511, 0.7044122260543557], "mid_gap_of_max": 0.7008050526897329, "band_nos": [8], "max_gap": 1.0294370312469296, "_status": {"mP24-SiO2_r-/27ba716a/store_data/0000/d306de87cbc959948a15a93b10b51df5": 1, "mP24-SiO2_r-/27ba716a/mpb-mP24-SiO/0000/bff53e034e823a2ddf8388df614d7ae3": 4, "mP24-SiO2_r-/27ba716a/store_fill/0000/0f97f3ef7fb4071c9c3ba308698b0c5b": 1, "mP24-SiO2_r-/27ba716a/store_strict/0000/52bc17ae5b4c98820fde07f32c46db88": 1, "mP24-SiO2_r-/27ba716a/check_runnin/0000/8ac326b40f5974914bee6ac305ed81b2": 1, "mP24-SiO2_r-/27ba716a/strict-mpb-m/0000/cba7a4096503f3871718b3ce68efec1d": 1}, "fill_fraction": 0.21221, "gap": [1.0294370312469296], "gap_ranges": [[0.69719787932511, 0.7044122260543557]], "mid_gaps": [0.7008050526897329], "run_me": true}