{"gap_range_of_max": [0.4120053499495895, 0.41975360609030093], "mid_gaps": [0.4158794780199452], "gap": [1.8631013431107066], "band_nos": [12], "fill_fraction": 0.491008, "gap_ranges": [[0.4120053499495895, 0.41975360609030093]], "strict_calculated": true, "max_gap": 1.8631013431107066, "mid_gap_of_max": 0.4158794780199452}