{"gap_ranges": [[0.453956069282353, 0.554212447965867]], "band_nos": [2], "max_gap": 19.888813619604296, "mid_gap_of_max": 0.50408425862411, "gap": [19.888813619604296], "mid_gaps": [0.50408425862411], "gap_range_of_max": [0.453956069282353, 0.554212447965867], "strict_calculated": true, "fill_fraction": 0.091068}