{
  "basis": [
    [
      0.353,
      -0.353,
      -0.375
    ],
    [
      -0.353,
      0.353,
      -0.375
    ],
    [
      0.25,
      0.25,
      0.363
    ],
    [
      -0.25,
      -0.25,
      -0.113
    ],
    [
      -0.41,
      -0.072,
      0.4
    ],
    [
      0.41,
      0.072,
      -0.15
    ],
    [
      0.072,
      0.41,
      -0.15
    ],
    [
      -0.072,
      -0.41,
      0.4
    ]
  ],
  "structure": "mC16-TcCl3",
  "nbands": 20,
  "lattice_vectors": [
    [
      0.5241853562,
      -0.8516041993,
      0.0
    ],
    [
      0.5241853562,
      0.8516041993,
      0.0
    ],
    [
      -0.3475674965,
      0.0,
      1.0276118397
    ]
  ]
}