{"mid_gaps": [0.7612675090255109, 0.9445830841360761], "max_gap": 1.0769508107707897, "gap_ranges": [[0.76038694875272, 0.7621480692983018], [0.93949673654457, 0.9496694317275822]], "gap_range_of_max": [0.93949673654457, 0.9496694317275822], "band_nos": [8, 14], "fill_fraction": 0.163794, "mid_gap_of_max": 0.9445830841360761, "gap": [0.2313405635603743, 1.0769508107707897]}