{"strict_calculated": true, "band_nos": [18], "gap": [2.4972525245384896], "gap_range_of_max": [1.170647686578176, 1.2002513546589528], "gap_ranges": [[1.170647686578176, 1.2002513546589528]], "mid_gap_of_max": 1.1854495206185645, "max_gap": 2.4972525245384896, "mid_gaps": [1.1854495206185645], "fill_fraction": 0.143987}