{"fill_fraction": 0.199882, "strict_calculated": true, "mid_gaps": [0.32424744860218224], "mid_gap_of_max": 0.32424744860218224, "band_nos": [4], "gap_range_of_max": [0.308070848600762, 0.34042404860360254], "gap": [9.977935105523159], "max_gap": 9.977935105523159, "gap_ranges": [[0.308070848600762, 0.34042404860360254]]}