{"gap_range_of_max": [0.300307602012071, 0.31972375632554184], "mid_gap_of_max": 0.31001567916880646, "fill_fraction": 0.346881, "mid_gaps": [0.31001567916880646], "gap": [6.26295881728545], "band_nos": [2], "max_gap": 6.26295881728545, "gap_ranges": [[0.300307602012071, 0.31972375632554184]]}