{"mid_gap_of_max": 0.7333157313539702, "_status": {"hP4-DBaAlGe_/87903ba6/mpb-hP4-DBaA/0000/980f610f9400b576c06e632f253a7e5d": 1, "hP4-DBaAlGe_/87903ba6/store_strict/0000/0fa3726a10d8f3733b854f10af47e262": 1, "hP4-DBaAlGe_/87903ba6/store_data/0000/4c5d5a20fca8f033843ed3e675076ed3": 1, "hP4-DBaAlGe_/87903ba6/check_runnin/0000/b9ba3a1bef3427b564dd76671834ea2d": 1, "hP4-DBaAlGe_/87903ba6/strict-mpb-h/0000/8faa2e1e524e21c97631a2e94dd7e2c7": 1, "hP4-DBaAlGe_/87903ba6/store_fill/0000/018acc3960d834a76ff4d7b837aac292": 1}, "max_gap": 2.6246848695186378, "gap_ranges": [[0.723692117830646, 0.7429393448772944]], "band_nos": [], "gap_range_of_max": [0.723692117830646, 0.7429393448772944], "mid_gaps": [0.7333157313539702], "gap": [2.6246848695186378], "fill_fraction": 0.096073}