{"fill_fraction": 0.537667, "band_nos": [2], "mid_gaps": [0.2987287165315655], "gap_range_of_max": [0.286196379153464, 0.3112610539096671], "max_gap": 8.390447040786716, "mid_gap_of_max": 0.2987287165315655, "gap": [8.390447040786716], "gap_ranges": [[0.286196379153464, 0.3112610539096671]]}