{"max_gap": 12.45910597852191, "gap_ranges": [[0.3656567212419325, 0.41424085395050686]], "gap": [12.45910597852191], "gap_range_of_max": [0.3656567212419325, 0.41424085395050686], "mid_gaps": [0.38994878759621965], "fill_fraction": 0.328758, "band_nos": [2], "mid_gap_of_max": 0.38994878759621965}