{"max_gap": 0.07270508840062008, "band_nos": [16], "gap": [0.07270508840062008], "fill_fraction": 0.187729, "gap_ranges": [[0.7854882934264139, 0.786059591065753]], "mid_gaps": [0.7857739422460834], "gap_range_of_max": [0.7854882934264139, 0.786059591065753], "mid_gap_of_max": 0.7857739422460834}