{"gap": [3.6723024270984586], "mid_gap_of_max": 0.3749875718382485, "band_nos": [8], "gap_range_of_max": [0.3681022329872817, 0.3818729106892153], "gap_ranges": [[0.3681022329872817, 0.3818729106892153]], "fill_fraction": 0.567046, "strict_calculated": true, "max_gap": 3.6723024270984586, "mid_gaps": [0.3749875718382485]}