{"max_gap": 5.999894669965126, "gap_ranges": [[0.511129055745792, 0.5427447138096511]], "fill_fraction": 0.146801, "gap_range_of_max": [0.511129055745792, 0.5427447138096511], "mid_gap_of_max": 0.5269368847777216, "mid_gaps": [0.5269368847777216], "gap": [5.999894669965126], "band_nos": [5]}