{"mid_gaps": [0.9919108660536504], "gap_ranges": [[0.990511589709318, 0.993310142397983]], "mid_gap_of_max": 0.9919108660536504, "fill_fraction": 0.061433, "strict_calculated": true, "gap": [0.2821375170330061], "band_nos": [13], "gap_range_of_max": [0.990511589709318, 0.993310142397983], "max_gap": 0.2821375170330061}