{"mid_gap_of_max": 0.5595456542286995, "band_nos": [6], "max_gap": 2.893297824640309, "gap_ranges": [[0.551450993107865, 0.567640315349534]], "fill_fraction": 0.235832, "gap_range_of_max": [0.551450993107865, 0.567640315349534], "mid_gaps": [0.5595456542286995], "gap": [2.893297824640309]}