{"gap": [0.7452021473685448], "_status": {"hP21-NaAlSiO/3ad57f9f/strict-mpb-h/0000/ca275907d853a811609b365ccd8b738b": 1, "hP21-NaAlSiO/3ad57f9f/check_runnin/0000/9a47a6f6539f2c7cbb18ba24c1b0b304": 1, "hP21-NaAlSiO/3ad57f9f/store_strict/0000/67d30549d8cd9b1c224c312f8efc66d3": 1, "hP21-NaAlSiO/3ad57f9f/store_data/0000/62608989f7c5922c8e3c26efa49f594b": 1, "hP21-NaAlSiO/3ad57f9f/mpb-hP21-NaA/0000/d709591335996422c17d9cd22d9f0f9b": 1, "hP21-NaAlSiO/3ad57f9f/store_fill/0000/45b0b2e9899765258c97570521ecb01b": 1}, "band_nos": [6], "gap_ranges": [[0.4583062488771515, 0.4617343299522007]], "mid_gap_of_max": 0.4600202894146761, "mid_gaps": [0.4600202894146761], "gap_range_of_max": [0.4583062488771515, 0.4617343299522007], "fill_fraction": 0.202944, "max_gap": 0.7452021473685448, "strict_calculated": true}