{"band_nos": [8], "max_gap": 1.5475927668118372, "mid_gaps": [0.3866598937079593], "gap_range_of_max": [0.3836679334343659, 0.38965185398155266], "fill_fraction": 0.143672, "gap": [1.5475927668118372], "mid_gap_of_max": 0.3866598937079593, "gap_ranges": [[0.3836679334343659, 0.38965185398155266]]}