{"gap_range_of_max": [0.522435439198717, 0.5617737347577502], "max_gap": 7.256587843742502, "fill_fraction": 0.142927, "gap_ranges": [[0.522435439198717, 0.5617737347577502]], "mid_gaps": [0.5421045869782336], "mid_gap_of_max": 0.5421045869782336, "gap": [7.256587843742502], "band_nos": [2]}