{"gap": [0.7333625405455129], "max_gap": 0.7333625405455129, "mid_gaps": [0.5803152618353438], "gap_ranges": [[0.578187354461659, 0.5824431692090286]], "gap_range_of_max": [0.578187354461659, 0.5824431692090286], "band_nos": [8], "fill_fraction": 0.248621, "mid_gap_of_max": 0.5803152618353438}