{"fill_fraction": 0.448321, "mid_gaps": [0.4618707838033454], "gap": [1.094488917421708], "gap_range_of_max": [0.4593432215325772, 0.4643983460741136], "mid_gap_of_max": 0.4618707838033454, "max_gap": 1.094488917421708, "gap_ranges": [[0.4593432215325772, 0.4643983460741136]], "band_nos": [2]}