{"max_gap": 8.919212621110029, "band_nos": [2], "fill_fraction": 0.524911, "mid_gaps": [0.30208019891665594], "gap_range_of_max": [0.2886086113028316, 0.3155517865304803], "gap_ranges": [[0.2886086113028316, 0.3155517865304803]], "gap": [8.919212621110029], "mid_gap_of_max": 0.30208019891665594}