{"gap_range_of_max": [0.4061941877644723, 0.4524036690846504], "max_gap": 10.76394052269297, "fill_fraction": 0.357119, "gap_ranges": [[0.4061941877644723, 0.4524036690846504]], "mid_gaps": [0.42929892842456135], "mid_gap_of_max": 0.42929892842456135, "gap": [10.76394052269297], "band_nos": [2]}