{"gap": [0.6493302416069942, 0.02018017618855492], "fill_fraction": 0.443506, "max_gap": 0.6493302416069942, "mid_gap_of_max": 0.3686591874598379, "run_me": true, "gap_range_of_max": [0.367462279663518, 0.36985609525615776], "mid_gaps": [0.3686591874598379, 0.4894823537333316], "band_nos": [5, 13], "gap_ranges": [[0.367462279663518, 0.36985609525615776], [0.4894329645326339, 0.48953174293402923]], "_status": {"hR1-Hg-14/66b9de18/check_runnin/0000/474abe1b0cbdfec07ad42bb2f1b81102": 1, "hR1-Hg-14/66b9de18/store_data/0000/7a9618b15631d22becfc786ebe699606": 1, "hR1-Hg-14/66b9de18/store_fill/0000/b98be40c5b6f3d9b70ee82532fd61d83": 1, "hR1-Hg-14/66b9de18/store_strict/0000/ebff1ebeb0d946563f92b37cb27cf721": 1, "hR1-Hg-14/66b9de18/mpb-hR1-Hg-1/0000/a5bfd9f1fae8891e57fc6bd66e820f2b": 1, "hR1-Hg-14/66b9de18/strict-mpb-h/0000/e0b11caba6e0742da0715e93217d34a2": 1}}