{"band_nos": [2], "fill_fraction": 0.159856, "mid_gaps": [0.527108379085598], "gap_ranges": [[0.523547938544929, 0.5306688196262671]], "mid_gap_of_max": 0.527108379085598, "max_gap": 1.3509330080638515, "gap_range_of_max": [0.523547938544929, 0.5306688196262671], "gap": [1.3509330080638515]}