{"max_gap": 0.9414938038008146, "fill_fraction": 0.367907, "gap_ranges": [[0.460682837186176, 0.4650406518308883]], "gap_range_of_max": [0.460682837186176, 0.4650406518308883], "band_nos": [8], "gap": [0.9414938038008146], "mid_gap_of_max": 0.4628617445085321, "mid_gaps": [0.4628617445085321]}