{"gap": [14.561514889387634], "band_nos": [4], "max_gap": 14.561514889387634, "gap_ranges": [[0.3680702945124551, 0.4258755669259719]], "mid_gaps": [0.39697293071921347], "mid_gap_of_max": 0.39697293071921347, "gap_range_of_max": [0.3680702945124551, 0.4258755669259719], "fill_fraction": 0.330196}