{"gap": [19.697504414640136], "mid_gap_of_max": 0.4170951736644206, "band_nos": [2], "max_gap": 19.697504414640136, "mid_gaps": [0.4170951736644206], "gap_ranges": [[0.37601650354152, 0.4581738437873213]], "fill_fraction": 0.251023, "gap_range_of_max": [0.37601650354152, 0.4581738437873213]}