{
  "structure": "cI272-Sr4LiB3O9_r",
  "nbands": 20,
  "basis": [
    [
      -0.4779411765,
      0.0220588235,
      -0.4779411765
    ],
    [
      0.0220588235,
      0.0220588235,
      0.0220588235
    ],
    [
      0.0220588235,
      -0.4779411765,
      -0.4779411765
    ],
    [
      -0.4779411765,
      -0.4779411765,
      0.0220588235
    ],
    [
      -0.4779411765,
      -0.4779411765,
      -0.4779411765
    ],
    [
      0.0220588235,
      0.0220588235,
      -0.4779411765
    ],
    [
      0.0220588235,
      -0.4779411765,
      0.0220588235
    ],
    [
      -0.4779411765,
      0.0220588235,
      0.0220588235
    ],
    [
      -0.2279411765,
      0.0200588235,
      -0.2299411765
    ],
    [
      0.2720588235,
      0.0240588235,
      0.2740588235
    ],
    [
      0.2720588235,
      -0.4759411765,
      -0.2259411765
    ],
    [
      -0.2279411765,
      0.5200588235,
      0.2700588235
    ],
    [
      -0.4759411765,
      -0.2259411765,
      0.2720588235
    ],
    [
      0.5200588235,
      0.2700588235,
      -0.2279411765
    ],
    [
      0.0200588235,
      -0.2299411765,
      -0.2279411765
    ],
    [
      0.0240588235,
      0.2740588235,
      0.2720588235
    ],
    [
      -0.2259411765,
      0.2720588235,
      -0.4759411765
    ],
    [
      0.2700588235,
      -0.2279411765,
      0.5200588235
    ],
    [
      -0.2299411765,
      -0.2279411765,
      0.0200588235
    ],
    [
      0.2740588235,
      0.2720588235,
      0.0240588235
    ],
    [
      -0.2279411765,
      -0.2259411765,
      -0.4759411765
    ],
    [
      0.2720588235,
      0.2700588235,
      0.5200588235
    ],
    [
      0.2720588235,
      -0.2299411765,
      0.0200588235
    ],
    [
      -0.2279411765,
      0.2740588235,
      0.0240588235
    ],
    [
      -0.4759411765,
      -0.2279411765,
      -0.2259411765
    ],
    [
      0.5200588235,
      0.2720588235,
      0.2700588235
    ],
    [
      0.0200588235,
      0.2720588235,
      -0.2299411765
    ],
    [
      0.0240588235,
      -0.2279411765,
      0.2740588235
    ],
    [
      -0.2259411765,
      -0.4759411765,
      -0.2279411765
    ],
    [
      0.2700588235,
      0.5200588235,
      0.2720588235
    ],
    [
      -0.2299411765,
      0.0200588235,
      0.2720588235
    ],
    [
      0.2740588235,
      0.0240588235,
      -0.2279411765
    ],
    [
      -0.0739411765,
      0.0260588235,
      -0.3359411765
    ],
    [
      0.1180588235,
      0.0180588235,
      0.3800588235
    ],
    [
      -0.3819411765,
      -0.2399411765,
      -0.3779411765
    ],
    [
      0.4260588235,
      0.2840588235,
      0.4220588235
    ],
    [
      0.1600588235,
      0.5180588235,
      -0.0779411765
    ],
    [
      -0.1159411765,
      -0.4739411765,
      0.1220588235
    ],
    [
      0.3840588235,
      -0.2159411765,
      -0.1199411765
    ],
    [
      -0.3399411765,
      0.2600588235,
      0.1640588235
    ],
    [
      -0.2159411765,
      -0.1199411765,
      0.3840588235
    ],
    [
      0.2600588235,
      0.1640588235,
      -0.3399411765
    ],
    [
      0.5180588235,
      -0.0779411765,
      0.1600588235
    ],
    [
      -0.4739411765,
      0.1220588235,
      -0.1159411765
    ],
    [
      -0.2399411765,
      -0.3779411765,
      -0.3819411765
    ],
    [
      0.2840588235,
      0.4220588235,
      0.4260588235
    ],
    [
      0.0260588235,
      -0.3359411765,
      -0.0739411765
    ],
    [
      0.0180588235,
      0.3800588235,
      0.1180588235
    ],
    [
      -0.0779411765,
      0.1600588235,
      0.5180588235
    ],
    [
      0.1220588235,
      -0.1159411765,
      -0.4739411765
    ],
    [
      -0.1199411765,
      0.3840588235,
      -0.2159411765
    ],
    [
      0.1640588235,
      -0.3399411765,
      0.2600588235
    ],
    [
      -0.3359411765,
      -0.0739411765,
      0.0260588235
    ],
    [
      0.3800588235,
      0.1180588235,
      0.0180588235
    ],
    [
      -0.3779411765,
      -0.3819411765,
      -0.2399411765
    ],
    [
      0.4220588235,
      0.4260588235,
      0.2840588235
    ],
    [
      -0.0739411765,
      -0.0779411765,
      -0.2159411765
    ],
    [
      0.1180588235,
      0.1220588235,
      0.2600588235
    ],
    [
      -0.3819411765,
      -0.1199411765,
      0.5180588235
    ],
    [
      0.4260588235,
      0.1640588235,
      -0.4739411765
    ],
    [
      0.1600588235,
      -0.3359411765,
      -0.2399411765
    ],
    [
      -0.1159411765,
      0.3800588235,
      0.2840588235
    ],
    [
      0.3840588235,
      -0.3779411765,
      0.0260588235
    ],
    [
      -0.3399411765,
      0.4220588235,
      0.0180588235
    ],
    [
      -0.2159411765,
      -0.0739411765,
      -0.0779411765
    ],
    [
      0.2600588235,
      0.1180588235,
      0.1220588235
    ],
    [
      0.5180588235,
      -0.3819411765,
      -0.1199411765
    ],
    [
      -0.4739411765,
      0.4260588235,
      0.1640588235
    ],
    [
      -0.2399411765,
      0.1600588235,
      -0.3359411765
    ],
    [
      0.2840588235,
      -0.1159411765,
      0.3800588235
    ],
    [
      0.0260588235,
      0.3840588235,
      -0.3779411765
    ],
    [
      0.0180588235,
      -0.3399411765,
      0.4220588235
    ],
    [
      -0.0779411765,
      -0.2159411765,
      -0.0739411765
    ],
    [
      0.1220588235,
      0.2600588235,
      0.1180588235
    ],
    [
      -0.1199411765,
      0.5180588235,
      -0.3819411765
    ],
    [
      0.1640588235,
      -0.4739411765,
      0.4260588235
    ],
    [
      -0.3359411765,
      -0.2399411765,
      0.1600588235
    ],
    [
      0.3800588235,
      0.2840588235,
      -0.1159411765
    ],
    [
      -0.3779411765,
      0.0260588235,
      0.3840588235
    ],
    [
      0.4220588235,
      0.0180588235,
      -0.3399411765
    ],
    [
      0.1260588235,
      0.0740588235,
      -0.1759411765
    ],
    [
      -0.0819411765,
      -0.0299411765,
      0.2200588235
    ],
    [
      0.4180588235,
      -0.2799411765,
      0.4700588235
    ],
    [
      -0.3739411765,
      0.3240588235,
      -0.4259411765
    ],
    [
      0.2720588235,
      0.4700588235,
      0.0740588235
    ],
    [
      -0.2279411765,
      -0.4259411765,
      -0.0299411765
    ],
    [
      0.2720588235,
      -0.1759411765,
      -0.2799411765
    ],
    [
      -0.2279411765,
      0.2200588235,
      0.3240588235
    ],
    [
      -0.1759411765,
      -0.2799411765,
      0.2720588235
    ],
    [
      0.2200588235,
      0.3240588235,
      -0.2279411765
    ],
    [
      0.4700588235,
      0.0740588235,
      0.2720588235
    ],
    [
      -0.4259411765,
      -0.0299411765,
      -0.2279411765
    ],
    [
      -0.2799411765,
      0.4700588235,
      0.4180588235
    ],
    [
      0.3240588235,
      -0.4259411765,
      -0.3739411765
    ],
    [
      0.0740588235,
      -0.1759411765,
      0.1260588235
    ],
    [
      -0.0299411765,
      0.2200588235,
      -0.0819411765
    ],
    [
      0.0740588235,
      0.2720588235,
      0.4700588235
    ],
    [
      -0.0299411765,
      -0.2279411765,
      -0.4259411765
    ],
    [
      -0.2799411765,
      0.2720588235,
      -0.1759411765
    ],
    [
      0.3240588235,
      -0.2279411765,
      0.2200588235
    ],
    [
      -0.1759411765,
      0.1260588235,
      0.0740588235
    ],
    [
      0.2200588235,
      -0.0819411765,
      -0.0299411765
    ],
    [
      0.4700588235,
      0.4180588235,
      -0.2799411765
    ],
    [
      -0.4259411765,
      -0.3739411765,
      0.3240588235
    ],
    [
      -0.0099411765,
      0.0060588235,
      -0.2439411765
    ],
    [
      0.0540588235,
      0.0380588235,
      0.2880588235
    ],
    [
      -0.4459411765,
      -0.2119411765,
      -0.4619411765
    ],
    [
      0.4900588235,
      0.2560588235,
      0.5060588235
    ],
    [
