{"mid_gap_of_max": 1.266204722417835, "band_nos": [12], "mid_gaps": [1.266204722417835], "fill_fraction": 0.214633, "gap_ranges": [[1.15212968441101, 1.3802797604246602]], "gap": [18.018419294629382], "max_gap": 18.018419294629382, "gap_range_of_max": [1.15212968441101, 1.3802797604246602]}