{"mid_gap_of_max": 0.28870351143899836, "gap_range_of_max": [0.285504260312396, 0.2919027625656007], "mid_gaps": [0.28870351143899836], "max_gap": 2.2162883372328412, "gap_ranges": [[0.285504260312396, 0.2919027625656007]], "gap": [2.2162883372328412], "fill_fraction": 0.577508, "band_nos": [2]}