{"mid_gaps": [0.5245583290542442], "fill_fraction": 0.110353, "max_gap": 10.813426192184325, "gap_range_of_max": [0.4961969651806261, 0.5529196929278622], "mid_gap_of_max": 0.5245583290542442, "band_nos": [2], "gap_ranges": [[0.4961969651806261, 0.5529196929278622]], "gap": [10.813426192184325]}