{"mid_gaps": [0.3629492774923811], "strict_calculated": true, "mid_gap_of_max": 0.3629492774923811, "max_gap": 32.42959406055073, "gap_range_of_max": [0.30409778882414, 0.4218007661606222], "gap": [32.42959406055073], "gap_ranges": [[0.30409778882414, 0.4218007661606222]], "fill_fraction": 0.216075, "band_nos": [2]}