{"fill_fraction": 0.210012, "mid_gaps": [0.38500910863430216], "max_gap": 7.602455910732632, "band_nos": [4], "gap_range_of_max": [0.370374034766188, 0.39964418250241623], "gap": [7.602455910732632], "mid_gap_of_max": 0.38500910863430216, "gap_ranges": [[0.370374034766188, 0.39964418250241623]]}