{"mid_gaps": [1.0860251813957325], "max_gap": 1.0172463334208104, "gap_ranges": [[1.080501405726845, 1.0915489570646202]], "gap_range_of_max": [1.080501405726845, 1.0915489570646202], "band_nos": [14], "fill_fraction": 0.069101, "mid_gap_of_max": 1.0860251813957325, "gap": [1.0172463334208104]}