{"fill_fraction": 0.441526, "strict_calculated": true, "max_gap": 0.1173703885005577, "gap_range_of_max": [0.267692085896982, 0.2680064616301949], "gap": [0.1173703885005577], "gap_ranges": [[0.267692085896982, 0.2680064616301949]], "mid_gaps": [0.26784927376358847], "mid_gap_of_max": 0.26784927376358847, "band_nos": [4]}