{"mid_gap_of_max": 0.31153505350323674, "mid_gaps": [0.31153505350323674], "strict_calculated": true, "max_gap": 0.3762018787412899, "gap": [0.3762018787412899], "gap_range_of_max": [0.3109490531411283, 0.3121210538653452], "fill_fraction": 0.650068, "gap_ranges": [[0.3109490531411283, 0.3121210538653452]], "band_nos": [8]}