{"gap_ranges": [[0.30597583176452, 0.38578200989553185], [0.528141849719684, 0.5282567018930194]], "fill_fraction": 0.320572, "gap": [23.073443718251536, 0.021744098978481587], "mid_gap_of_max": 0.3458789208300259, "max_gap": 23.073443718251536, "gap_range_of_max": [0.30597583176452, 0.38578200989553185], "mid_gaps": [0.3458789208300259, 0.5281992758063517], "band_nos": [2, 8]}