{"gap_ranges": [[0.3025828627439643, 0.35574223203320093]], "gap": [16.14988391327551], "mid_gaps": [0.32916254738858264], "fill_fraction": 0.365178, "gap_range_of_max": [0.3025828627439643, 0.35574223203320093], "band_nos": [2], "max_gap": 16.14988391327551, "mid_gap_of_max": 0.32916254738858264}