{"max_gap": 0.0787202133455475, "gap": [0.0787202133455475], "band_nos": [4], "mid_gap_of_max": 0.3588053462910151, "gap_ranges": [[0.3586641201239673, 0.3589465724580629]], "gap_range_of_max": [0.3586641201239673, 0.3589465724580629], "fill_fraction": 0.370946, "mid_gaps": [0.3588053462910151]}