{"mid_gap_of_max": 0.6669727474522325, "gap_range_of_max": [0.6652630794774741, 0.6686824154269907], "gap": [0.5126650170607588], "fill_fraction": 0.217366, "band_nos": [17], "mid_gaps": [0.6669727474522325], "_status": {"cP20-CsCd(NO/f91ddc3f/store_strict/0000/320c98044b20ef1913c9bab73adf90f7": 1, "cP20-CsCd(NO/f91ddc3f/check_runnin/0000/db9967cfa9e9cac745c6a8f2903bd6c9": 1, "cP20-CsCd(NO/f91ddc3f/store_fill/0000/d10b171ccfde2139a23c134c5d2bf2e9": 1, "cP20-CsCd(NO/f91ddc3f/mpb-cP20-CsC/0000/b0aa668289b02528325a8f5aeef647b9": 1, "cP20-CsCd(NO/f91ddc3f/strict-mpb-c/0000/2f92d0675798566ba7e4c9dc50221024": 1, "cP20-CsCd(NO/f91ddc3f/store_data/0000/648344ab9c78a486b84a48e7ad0e82df": 1}, "max_gap": 0.5126650170607588, "gap_ranges": [[0.6652630794774741, 0.6686824154269907]]}