{"strict_calculated": true, "mid_gaps": [0.22506227541770749], "gap": [5.510897651906901], "gap_range_of_max": [0.2188607995920461, 0.23126375124336887], "mid_gap_of_max": 0.22506227541770749, "band_nos": [2], "max_gap": 5.510897651906901, "gap_ranges": [[0.2188607995920461, 0.23126375124336887]], "fill_fraction": 0.623992}