{"gap_range_of_max": [0.372565191531381, 0.4498414116776788], "max_gap": 18.79270420367813, "band_nos": [4], "gap": [18.79270420367813], "mid_gap_of_max": 0.4112033016045299, "fill_fraction": 0.172553, "gap_ranges": [[0.372565191531381, 0.4498414116776788]], "mid_gaps": [0.4112033016045299]}