{"gap": [0.15475292158074846], "mid_gaps": [0.5195789529670297], "fill_fraction": 0.316849, "strict_calculated": true, "max_gap": 0.15475292158074846, "mid_gap_of_max": 0.5195789529670297, "band_nos": [16], "gap_ranges": [[0.519176921162212, 0.5199809847718474]], "gap_range_of_max": [0.519176921162212, 0.5199809847718474]}