{"max_gap": 1.4192268250730196, "band_nos": [2], "mid_gap_of_max": 0.3082930236581801, "fill_fraction": 0.583218, "gap_range_of_max": [0.3061053350123873, 0.31048071230397295], "gap_ranges": [[0.3061053350123873, 0.31048071230397295]], "mid_gaps": [0.3082930236581801], "gap": [1.4192268250730196]}