{"wyckoffs": ["a", "a", "a", "a", "a", "a", "a", "a", "a", "a", "a", "a", "a", "a", "a", "a", "a", "a", "a", "a", "a", "a", "a", "a", "a", "a", "a", "a", "a", "a", "a", "a", "a", "a", "a", "a", "a", "a", "a", "a", "a", "a", "a", "a", "a", "a", "a", "a", "a", "a", "a", "a", "a", "a", "a", "a", "a", "a", "a", "a", "a", "a", "a", "a", "a", "a", "a", "a", "a", "a", "a", "a", "a", "a", "a", "a", "a", "a", "a", "a", "a", "a", "a", "a", "a", "a", "a", "a", "a", "a", "a", "a", "a", "a", "a", "a", "a", "a", "a", "a", "a", "a", "a", "a", "a", "a", "a", "a", "a", "a", "a", "a", "a", "a", "a", "a", "a", "a", "a", "a", "a", "a", "a", "a", "a", "a", "a", "a", "a", "a", "a", "a", "a", "a", "a", "a", "a", "a", "a", "a", "a", "a", "a", "a", "a", "a", "a", "a", "a", "a", "a", "a", "a", "a", "a", "a", "a", "a", "a", "a", "a", "a", "a", "a", "a", "a", "a", "a", "a", "a", "a", "a", "a", "a", "a", "a", "a", "a", "a", "a", "a", "a", "a", "a", "a", "a", "a", "a", "a", "a", "a", "a", "a", "a", "a", "a", "a", "a", "a", "a", "a", "a", "a", "a", "a", "a", "a", "a", "a", "a", "a", "a", "a", "a", "a", "a", "a", "a", "a", "a", "a", "a", "a", "a"], "number": 9, "std_lattice": [[1.0, 0.0, 0.0], [0.0, 0.5662029101, 0.0], [-0.3537600558, 0.0, 0.9264059372]], "global_point_groups": ["m", "1"], "equivalent_atoms": [0, 0, 0, 0, 4, 4, 4, 4, 8, 8, 8, 8, 12, 12, 12, 12, 16, 16, 16, 16, 20, 20, 20, 20, 24, 24, 24, 24, 28, 28, 28, 28, 32, 32, 32, 32, 36, 36, 36, 36, 40, 40, 40, 40, 44, 44, 44, 44, 48, 48, 48, 48, 52, 52, 52, 52, 56, 56, 56, 56, 60, 60, 60, 60, 64, 64, 64, 64, 68, 68, 68, 68, 72, 72, 72, 72, 76, 76, 76, 76, 80, 80, 80, 80, 84, 84, 84, 84, 88, 88, 88, 88, 92, 92, 92, 92, 96, 96, 96, 96, 100, 100, 100, 100, 104, 104, 104, 104, 108, 108, 108, 108, 112, 112, 112, 112, 116, 116, 116, 116, 120, 120, 120, 120, 124, 124, 124, 124, 128, 128, 128, 128, 132, 132, 132, 132, 136, 136, 136, 136, 140, 140, 140, 140, 144, 144, 144, 144, 148, 148, 148, 148, 152, 152, 152, 152, 156, 156, 156, 156, 160, 160, 160, 160, 164, 164, 164, 164, 168, 168, 168, 168, 172, 172, 172, 172, 176, 176, 176, 176, 180, 180, 180, 180, 184, 184, 184, 184, 188, 188, 188, 188, 192, 192, 192, 192, 196, 196, 196, 196, 200, 200, 200, 200, 204, 204, 204, 204, 208, 208, 208, 208, 212, 212, 212, 212, 216, 216, 216, 216, 220, 220, 220, 220], "site_point_groups": {"a": {"name": "4a", "site_symmetry": ["1"]}}, "international": "Cc", "std_positions": [[0.051, 0.7137, 0.5361], [0.551, 0.7863, 0.0361], [0.5833, 0.3172, 0.0364], [0.0833, 0.1828, 0.5364], [0.3692, 0.2859, 0.786], [0.8692, 0.2141, 0.286], [0.8326, 0.4297, 0.5367], [0.8326, 0.5703, 0.0367], [0.8013, 0.9639, 0.5355], [0.8013, 0.0361, 0.0355], [0.338, 0.8106, 0.7854], [0.838, 0.6894, 0.2854], [0.0902, 0.0624, 0.7852], [0.0902, 0.9376, 0.2852], [0.116, 0.5341, 0.7849], [0.116, 0.4659, 0.2849], [0.257, 0.2253, 0.7125], [0.757, 0.2747, 0.2125], [0.9452, 0.7497, 0.5496], [0.9452, 0.2503, 0.0496], [0.9403, 0.6879, 0.7373], [0.9403, 0.3121, 0.2373], [0.2227, 0.1544, 0.9906], [0.2227, 0.8456, 0.4906], [0.3268, 0.6591, 0.7065], [0.8268, 0.8409, 0.2065], [0.3839, 0.2229, 0.8986], [0.8839, 0.2771, 0.3986], [0.9802, 0.1471, 0.7387], [0.9802, 0.8529, 0.2387], [0.8849, 0.9634, 0.6474], [0.8849, 0.0366, 0.1474], [0.6964, 0.0013, 0.0518], [0.1964, 0.4987, 0.5518], [0.9131, 0.7165, 0.051], [0.9131, 0.2835, 0.551], [0.2285, 0.8965, 0.739], [0.7285, 0.6035, 0.239], [0.1654, 0.2188, 0.8007], [0.6654, 0.2812, 0.3007], [0.1366, 0.4658, 0.899], [0.1366, 0.5342, 0.399], [0.9146, 0.9731, 0.8001], [0.9146, 0.0269, 0.3001], [0.8539, 0.5623, 0.4604], [0.3539, 0.9377, 0.9604], [0.1903, 0.4389, 0.7372], [0.6903, 0.0611, 0.2372], [0.0426, 0.4675, 0.9844], [0.0426, 0.5325, 0.4844], [0.6644, 0.4647, 0.0495], [0.1644, 0.0353, 0.5495], [0.3213, 0.3992, 0.961], [0.8213, 0.1008, 0.461], [0.1301, 0.971, 0.8952], [0.1301, 0.029, 0.3952], [0.0051, 0.4711, 0.7132], [0.0051, 0.5289, 0.2132], [0.7906, 0.7807, 0.4846], [0.2906, 0.7193, 0.9846], [0.1046, 0.6866, 0.9596], [0.1046, 0.3134, 0.4596], [0.881, 0.7727, 0.3964], [0.381, 0.7273, 0.8964], [0.0748, 0.9096, 0.7055], [0.0748, 0.0904, 0.2055], [0.1577, 0.7208, 0.799], [0.6577, 0.7792, 0.299], [0.1024, 0.2484, 0.6476], [0.6024, 0.2516, 0.1476], [0.4745, 0.4047, 0.9905], [0.9745, 0.0953, 0.4905], [0.8497, 0.5013, 0.6467], [0.8497, 0.4987, 0.1467], [0.1326, 0.7152, 0.6478], [0.6326, 0.7848, 0.1478], [0.9129, 0.4715, 0.8], [0.9129, 0.5285, 0.3], [0.0689, 0.1502, 0.9616], [0.0689, 0.8498, 0.4616], [0.2127, 0.3063, 0.9097], [0.7127, 0.1937, 0.4097], [0.1766, 0.7812, 0.912], [0.1766, 0.2188, 0.412], [0.9654, 0.8219, 0.6607], [0.9654, 0.1781, 0.1607], [0.4553, 0.5636, 0.911], [0.9553, 0.9364, 0.411], [0.2441, 0.0392, 0.6601], [0.7441, 0.4608, 0.1601], [0.2152, 0.5668, 0.6605], [0.7152, 0.9332, 0.1605], [0.997, 0.2902, 0.662], [0.997, 0.7098, 0.162], [0.4306, 0.036, 0.9138], [0.9306, 0.464, 0.4138], [0.8668, 0.7174, 0.4731], [0.3668, 0.7826, 0.9731], [0.901, 0.0612, 0.7223], [0.901, 0.9388, 0.2223], [0.1467, 0.063, 0.9748], [0.1467, 0.937, 0.4748], [0.1493, 0.8119, 0.7225], [0.6493, 0.6881, 0.2225], [0.1189, 0.5314, 0.9732], [0.1189, 0.4686, 0.4732], [0.1797, 0.2841, 0.7244], [0.6797, 0.2159, 0.2244], [0.9277, 0.532, 0.7241], [0.9277, 0.468, 0.2241], [0.3982, 0.3114, 0.9753], [0.8982, 0.1886, 0.4753], [0.551, 0.2137, 0.5361], [0.051, 0.2863, 0.0361], [0.0833, 0.8172, 0.0364], [0.5833, 0.6828, 0.5364], [0.8692, 0.7859, 0.786], [0.3692, 0.7141, 0.286], [0.3326, 0.9297, 0.5367], [0.3326, 0.0703, 0.0367], [0.3013, 0.4639, 0.5355], [0.3013, 0.5361, 0.0355], [0.838, 0.3106, 0.7854], [0.338, 0.1894, 0.2854], [0.5902, 0.5624, 0.7852], [0.5902, 0.4376, 0.2852], [0.616, 0.0341, 0.7849], [0.616, 0.9659, 0.2849], [0.757, 0.7253, 0.7125], [0.257, 0.7747, 0.2125], [0.4452, 0.2497, 0.5496], [0.4452, 0.7503, 0.0496], [0.4403, 0.1879, 0.7373], [0.4403, 0.8121, 0.2373], [0.7227, 0.6544, 0.9906], [0.7227, 0.3456, 0.4906], [0.8268, 0.1591, 0.7065], [0.3268, 0.3409, 0.2065], [0.8839, 0.7229, 0.8986], [0.3839, 0.7771, 0.3986], [0.4802, 0.6471, 0.7387], [0.4802, 0.3529, 0.2387], [0.3849, 0.4634, 0.6474], [0.3849, 0.5366, 0.1474], [0.1964, 0.5013, 0.0518], [0.6964, 0.9987, 0.5518], [0.4131, 0.2165, 0.051], [0.4131, 0.7835, 0.551], [0.7285, 0.3965, 0.739], [0.2285, 0.1035, 0.239], [0.6654, 0.7188, 0.8007], [0.1654, 0.7812, 0.3007], [0.6366, 0.9658, 0.899], [0.6366, 0.0342, 0.399], [0.4146, 0.4731, 0.8001], [0.4146, 0.5269, 0.3001], [0.3539, 0.0623, 0.4604], [0.8539, 0.4377, 0.9604], [0.6903, 0.9389, 0.7372], [0.1903, 0.5611, 0.2372], [0.5426, 0.9675, 0.9844], [0.5426, 0.0325, 0.4844], [0.1644, 0.9647, 0.0495], [0.6644, 0.5353, 0.5495], [0.8213, 0.8992, 0.961], [0.3213, 0.6008, 0.461], [0.6301, 0.471, 0.8952], [0.6301, 0.529, 0.3952], [0.5051, 0.9711, 0.7132], [0.5051, 0.0289, 0.2132], [0.2906, 0.2807, 0.4846], [0.7906, 0.2193, 0.9846], [0.6046, 0.1866, 0.9596], [0.6046, 0.8134, 0.4596], [0.381, 0.2727, 0.3964], [0.881, 0.2273, 0.8964], [0.5748, 0.4096, 0.7055], [0.5748, 0.5904, 0.2055], [0.6577, 0.2208, 0.799], [0.1577, 0.2792, 0.299], [0.6024, 0.7484, 0.6476], [0.1024, 0.7516, 0.1476], [0.9745, 0.9047, 0.9905], [0.4745, 0.5953, 0.4905], [0.3497, 0.0013, 0.6467], [0.3497, 0.9987, 0.1467], [0.6326, 0.2152, 0.6478], [0.1326, 0.2848, 0.1478], [0.4129, 0.9715, 0.8], [0.4129, 0.0285, 0.3], [0.5689, 0.6502, 0.9616], [0.5689, 0.3498, 0.4616], [0.7127, 0.8063, 0.9097], [0.2127, 0.6937, 0.4097], [0.6766, 0.2812, 0.912], [0.6766, 0.7188, 0.412], [0.4654, 0.3219, 0.6607], [0.4654, 0.6781, 0.1607], [0.9553, 0.0636, 0.911], [0.4553, 0.4364, 0.411], [0.7441, 0.5392, 0.6601], [0.2441, 0.9608, 0.1601], [0.7152, 0.0668, 0.6605], [0.2152, 0.4332, 0.1605], [0.497, 0.7902, 0.662], [0.497, 0.2098, 0.162], [0.9306, 0.536, 0.9138], [0.4306, 0.964, 0.4138], [0.3668, 0.2174, 0.4731], [0.8668, 0.2826, 0.9731], [0.401, 0.5612, 0.7223], [0.401, 0.4388, 0.2223], [0.6467, 0.563, 0.9748], [0.6467, 0.437, 0.4748], [0.6493, 0.3119, 0.7225], [0.1493, 0.1881, 0.2225], [0.6189, 0.0314, 0.9732], [0.6189, 0.9686, 0.4732], 