{"mid_gaps": [0.4092834470755491], "mid_gap_of_max": 0.4092834470755491, "fill_fraction": 0.315833, "max_gap": 5.635294052108213, "gap": [5.635294052108213], "_status": {"hP21-NaAlSiO/459e95f8/mpb-hP21-NaA/0000/af2c6ad8cd3b6ad7792c1b4ab90cdf99": 1, "hP21-NaAlSiO/459e95f8/store_fill/0000/92bdc924b646e65b2ad0d21469012bcc": 1, "hP21-NaAlSiO/459e95f8/store_strict/0000/92b8adc5ede861d821bd1d93a1a7961f": 1, "hP21-NaAlSiO/459e95f8/store_data/0000/f5a8663a96025329843b4e34d704ed6f": 1, "hP21-NaAlSiO/459e95f8/strict-mpb-h/0000/31aeaee61af2e7ef8bc7d04f224027d8": 1, "hP21-NaAlSiO/459e95f8/check_runnin/0000/47bed899cdae29eb614f14d5613c3fe2": 1}, "band_nos": [6], "gap_range_of_max": [0.397751284200893, 0.42081560995020517], "gap_ranges": [[0.397751284200893, 0.42081560995020517]]}