{"gap_ranges": [[0.3946235651279572, 0.40026497517026927]], "fill_fraction": 0.362617, "gap_range_of_max": [0.3946235651279572, 0.40026497517026927], "mid_gap_of_max": 0.3974442701491132, "band_nos": [5], "mid_gaps": [0.3974442701491132], "max_gap": 1.4194216563231505, "gap": [1.4194216563231505]}