{"gap_range_of_max": [0.872828168389317, 0.8844051847530761], "gap_ranges": [[0.761978587595961, 0.7620887031466357], [0.872828168389317, 0.8844051847530761]], "band_nos": [8, 11], "fill_fraction": 0.202046, "mid_gaps": [0.7620336453712984, 0.8786166765711965], "mid_gap_of_max": 0.8786166765711965, "gap": [0.014450221633001675, 1.3176413187304796], "max_gap": 1.3176413187304796}