{"mid_gap_of_max": 0.5838213751358279, "fill_fraction": 0.190767, "max_gap": 0.581242144922441, "strict_calculated": true, "gap": [0.581242144922441], "band_nos": [14], "gap_range_of_max": [0.58212466719415, 0.5855180830775057], "gap_ranges": [[0.58212466719415, 0.5855180830775057]], "mid_gaps": [0.5838213751358279]}