{"gap_ranges": [[0.275381574502098, 0.29535550319784576]], "gap": [6.999345049121863], "mid_gaps": [0.2853685388499719], "fill_fraction": 0.504386, "gap_range_of_max": [0.275381574502098, 0.29535550319784576], "band_nos": [2], "max_gap": 6.999345049121863, "mid_gap_of_max": 0.2853685388499719}