{"mid_gaps": [0.41962476598228604, 0.4474310835175256, 0.5409654555721335], "gap": [0.01004413494501239, 0.040701824506571165, 0.2641746075657495], "gap_ranges": [[0.4196036921434071, 0.41964583982116505], [0.447340027210325, 0.44752213982472616], [0.5402509088874715, 0.5416800022567955]], "mid_gap_of_max": 0.5409654555721335, "fill_fraction": 0.144491, "max_gap": 0.2641746075657495, "band_nos": [2, 3, 5], "gap_range_of_max": [0.5402509088874715, 0.5416800022567955]}