{"gap_range_of_max": [0.64123156857425, 0.6613723060513658], "gap_ranges": [[0.64123156857425, 0.6613723060513658]], "mid_gaps": [0.6513019373128079], "gap": [3.0923810176593167], "fill_fraction": 0.206607, "max_gap": 3.0923810176593167, "band_nos": [12], "mid_gap_of_max": 0.6513019373128079, "strict_calculated": true}