{"gap": [9.777390882082427], "band_nos": [12], "gap_ranges": [[0.721542550741916, 0.7957167363381755]], "fill_fraction": 0.2028, "mid_gap_of_max": 0.7586296435400457, "mid_gaps": [0.7586296435400457], "gap_range_of_max": [0.721542550741916, 0.7957167363381755], "max_gap": 9.777390882082427}