{"gap_range_of_max": [0.2934535712703606, 0.3060291207801097], "mid_gaps": [0.29974134602523517], "gap_ranges": [[0.2934535712703606, 0.3060291207801097]], "max_gap": 4.1954670840406205, "fill_fraction": 0.572958, "gap": [4.1954670840406205], "mid_gap_of_max": 0.29974134602523517, "band_nos": [4]}