{"mid_gap_of_max": 0.5583418976849137, "run_me": true, "band_nos": [8], "max_gap": 1.2741293100879287, "gap_ranges": [[0.554784898800461, 0.5618988965693664]], "gap_range_of_max": [0.554784898800461, 0.5618988965693664], "gap": [1.2741293100879287], "fill_fraction": 0.345719, "mid_gaps": [0.5583418976849137], "_status": {"mP24-SiO2_r-/27ba716a/check_runnin/0000/99c269b0d688d807982c41dc7cd3ab23": 1, "mP24-SiO2_r-/27ba716a/store_fill/0000/3f2852c642c4f011292092214e7e50d5": 1, "mP24-SiO2_r-/27ba716a/store_strict/0000/e0fa4d4f7d4dc07a29fff8cfe861afac": 1, "mP24-SiO2_r-/27ba716a/strict-mpb-m/0000/f7a6df17a425b6255064c64329d57728": 1, "mP24-SiO2_r-/27ba716a/store_data/0000/380b0f88877fb964eb9cba16f0a900aa": 1, "mP24-SiO2_r-/27ba716a/mpb-mP24-SiO/0000/61b1f13248fa48b5e5d3987b85744861": 1}}