{"mid_gap_of_max": 0.6897741074083283, "gap_ranges": [[0.689205467642545, 0.6903427471741117]], "strict_calculated": true, "mid_gaps": [0.6897741074083283], "fill_fraction": 0.126016, "band_nos": [16], "gap_range_of_max": [0.689205467642545, 0.6903427471741117], "max_gap": 0.16487709807474657, "gap": [0.16487709807474657]}