{"fill_fraction": 0.442529, "gap_ranges": [[0.351224805071989, 0.35416257158114484], [0.4064527730420287, 0.4071470926906055]], "max_gap": 0.8329512566823118, "band_nos": [8, 11], "mid_gaps": [0.3526936883265669, 0.4067999328663171], "gap_range_of_max": [0.351224805071989, 0.35416257158114484], "gap": [0.8329512566823118, 0.17067840785630475], "strict_calculated": true, "mid_gap_of_max": 0.3526936883265669}