{
  "structure": "oC32-Sn0.6Bi0.4_r",
  "nbands": 20,
  "basis": [
    [
      -0.375,
      -0.208,
      -0.0413
    ],
    [
      -0.375,
      0.458,
      0.2913
    ],
    [
      -0.375,
      -0.042,
      0.4587
    ],
    [
      -0.375,
      0.292,
      -0.2087
    ],
    [
      0.125,
      0.292,
      -0.0413
    ],
    [
      0.125,
      -0.042,
      0.2913
    ],
    [
      0.125,
      0.458,
      0.4587
    ],
    [
      0.125,
      -0.208,
      -0.2087
    ],
    [
      -0.1626,
      -0.375,
      -0.375
    ],
    [
      0.4126,
      -0.375,
      -0.375
    ],
    [
      0.4126,
      0.125,
      0.125
    ],
    [
      -0.1626,
      0.125,
      0.125
    ],
    [
      0.3374,
      0.125,
      -0.375
    ],
    [
      -0.0874,
      0.125,
      -0.375
    ],
    [
      -0.0874,
      -0.375,
      0.125
    ],
    [
      0.3374,
      -0.375,
      0.125
    ]
  ],
  "lattice_vectors": [
    [
      1.0,
      0.0,
      0.0
    ],
    [
      0.0,
      0.5894079836042666,
      0.0
    ],
    [
      0.0,
      0.0,
      0.5879640411756486
    ]
  ]
}