{"mid_gaps": [0.474196063743247], "fill_fraction": 0.181448, "mid_gap_of_max": 0.474196063743247, "max_gap": 8.757399392087407, "strict_calculated": true, "gap_range_of_max": [0.45343244214147, 0.49495968534502405], "gap_ranges": [[0.45343244214147, 0.49495968534502405]], "band_nos": [6], "gap": [8.757399392087407]}