{"mid_gaps": [0.4362631738933208], "band_nos": [4], "max_gap": 14.362384633044588, "mid_gap_of_max": 0.4362631738933208, "gap_range_of_max": [0.404934276369877, 0.4675920714167647], "gap": [14.362384633044588], "fill_fraction": 0.198086, "gap_ranges": [[0.404934276369877, 0.4675920714167647]]}