{"mid_gaps": [0.5059297678253198], "run_me": true, "fill_fraction": 0.376263, "max_gap": 0.33600029974051193, "gap": [0.33600029974051193], "gap_ranges": [[0.505079805057135, 0.5067797305935047]], "gap_range_of_max": [0.505079805057135, 0.5067797305935047], "_status": {"tP36-H2O-14/0a387fa5/store_fill/0000/61469e73d280ca47c09dbc692e050b8d": 1, "tP36-H2O-14/0a387fa5/strict-mpb-t/0000/25809f1918a22b1ef58006d1aad17fd3": 1, "tP36-H2O-14/0a387fa5/store_strict/0000/0a9c75ecda270252aabd16a1c335ddcf": 1, "tP36-H2O-14/0a387fa5/store_data/0000/8a7891ae8215c46457112e6a5b8d9177": 1, "tP36-H2O-14/0a387fa5/mpb-tP36-H2O/0000/301a18e905ab27c9ec3217c05a83f317": 7, "tP36-H2O-14/0a387fa5/check_runnin/0000/22fc13fd375b222f6bee8e40ce7db0bf": 1}, "mid_gap_of_max": 0.5059297678253198, "band_nos": [12]}