{"max_gap": 8.310064701510623, "gap_range_of_max": [0.42519451755724, 0.4620602397572823], "gap": [8.310064701510623], "mid_gaps": [0.44362737865726115], "mid_gap_of_max": 0.44362737865726115, "band_nos": [2], "fill_fraction": 0.336758, "gap_ranges": [[0.42519451755724, 0.4620602397572823]]}