{"gap": [17.049890740052028], "fill_fraction": 0.120652, "max_gap": 17.049890740052028, "gap_ranges": [[0.4392411147126004, 0.5211105713057922]], "gap_range_of_max": [0.4392411147126004, 0.5211105713057922], "mid_gaps": [0.4801758430091963], "mid_gap_of_max": 0.4801758430091963, "band_nos": [2]}