{"strict_calculated": true, "mid_gap_of_max": 0.3781766800332186, "band_nos": [6], "gap_ranges": [[0.37576308577754, 0.38059027428889713]], "gap": [1.276437381313697], "mid_gaps": [0.3781766800332186], "gap_range_of_max": [0.37576308577754, 0.38059027428889713], "max_gap": 1.276437381313697, "fill_fraction": 0.191508}