{"gap": [12.201666193592796], "max_gap": 12.201666193592796, "mid_gap_of_max": 0.2925039632264375, "gap_range_of_max": [0.2746587846284778, 0.3103491418243972], "fill_fraction": 0.406847, "gap_ranges": [[0.2746587846284778, 0.3103491418243972]], "mid_gaps": [0.2925039632264375], "band_nos": [2]}