{"strict_calculated": true, "max_gap": 22.491820274575865, "fill_fraction": 0.246137, "gap": [22.491820274575865], "gap_range_of_max": [0.3431772087841513, 0.43014424449195093], "gap_ranges": [[0.3431772087841513, 0.43014424449195093]], "band_nos": [2], "mid_gaps": [0.3866607266380511], "mid_gap_of_max": 0.3866607266380511}