{"gap_range_of_max": [0.2358704548587234, 0.23696852553226821], "mid_gaps": [0.2364194901954958], "gap_ranges": [[0.2358704548587234, 0.23696852553226821]], "max_gap": 0.46445860814469436, "fill_fraction": 0.684671, "gap": [0.46445860814469436], "mid_gap_of_max": 0.2364194901954958, "band_nos": [4]}