{"max_gap": 3.45758289849726, "mid_gap_of_max": 0.4757695287704189, "mid_gaps": [0.4757695287704189], "gap": [3.45758289849726], "gap_ranges": [[0.467544465838905, 0.4839945917019328]], "fill_fraction": 0.513508, "gap_range_of_max": [0.467544465838905, 0.4839945917019328], "band_nos": [12]}