{"strict_calculated": true, "mid_gap_of_max": 0.4707391003133651, "gap_ranges": [[0.458317906699705, 0.4831602939270252]], "max_gap": 5.277315440927415, "band_nos": [12], "fill_fraction": 0.415949, "gap": [5.277315440927415], "gap_range_of_max": [0.458317906699705, 0.4831602939270252], "mid_gaps": [0.4707391003133651]}