{"band_nos": [16], "strict_calculated": true, "max_gap": 6.270835524424681, "mid_gaps": [0.7019860656563065], "gap": [6.270835524424681], "gap_ranges": [[0.67997586986546, 0.723996261447153]], "gap_range_of_max": [0.67997586986546, 0.723996261447153], "mid_gap_of_max": 0.7019860656563065, "fill_fraction": 0.236577}