{"max_gap": 18.337711361402448, "gap": [18.337711361402448], "fill_fraction": 0.288754, "gap_ranges": [[0.435999812438447, 0.5240229103971854]], "gap_range_of_max": [0.435999812438447, 0.5240229103971854], "mid_gap_of_max": 0.4800113614178162, "mid_gaps": [0.4800113614178162], "band_nos": [8]}