{"mid_gaps": [0.45684585327133176], "band_nos": [4], "gap_ranges": [[0.4537125499126203, 0.4599791566300433]], "gap": [1.3717114148130558], "_status": {"mP12-SiO2_r-/64b0fd5d/mpb-mP12-SiO/0000/468dcd057a96bfbfb5d897c8cee41991": 4, "mP12-SiO2_r-/64b0fd5d/strict-mpb-m/0000/e113c6f71173542613270b0d7d31d180": 1, "mP12-SiO2_r-/64b0fd5d/store_strict/0000/17e5d05eb3edf0b6bd78c0bab9578bf8": 1, "mP12-SiO2_r-/64b0fd5d/store_fill/0000/86ca2818534b23f2a212ce8e7c7da3df": 1, "mP12-SiO2_r-/64b0fd5d/check_runnin/0000/76cb3cd78a000530f221e1a24e81da3c": 1, "mP12-SiO2_r-/64b0fd5d/store_data/0000/54290007814e9ec01a71e080a1c32ad3": 1}, "max_gap": 1.3717114148130558, "gap_range_of_max": [0.4537125499126203, 0.4599791566300433], "fill_fraction": 0.236215, "run_me": true, "mid_gap_of_max": 0.45684585327133176}