{
  "lattice_vectors": [
    [
      1.0,
      0.0,
      0.0
    ],
    [
      -0.5,
      0.8660254038,
      0.0
    ],
    [
      0.0,
      0.0,
      1.7951156629
    ]
  ],
  "basis": [
    [
      -0.1021505376,
      0.2311827957,
      -0.2419354839
    ],
    [
      0.2311827957,
      -0.1021505376,
      0.2580645161
    ],
    [
      -0.435483871,
      -0.435483871,
      -0.4919354839
    ],
    [
      -0.435483871,
      -0.435483871,
      0.0080645161
    ],
    [
      -0.435483871,
      -0.435483871,
      -0.3169354839
    ],
    [
      -0.435483871,
      -0.435483871,
      0.1830645161
    ],
    [
      -0.435483871,
      -0.435483871,
      0.3330645161
    ],
    [
      -0.435483871,
      -0.435483871,
      -0.1669354839
    ],
    [
      -0.435483871,
      -0.435483871,
      -0.2419354839
    ],
    [
      -0.435483871,
      -0.435483871,
      0.2580645161
    ],
    [
      -0.2763238676,
      0.0698261257,
      0.0514975161
    ],
    [
      0.0592061324,
      0.2183661357,
      0.0514975161
    ],
    [
      0.0698261257,
      -0.2763238676,
      -0.4485024839
    ],
    [
      -0.0893338776,
      0.4053561257,
      0.0514975161
    ],
    [
      0.4053561257,
      -0.0893338776,
      -0.4485024839
    ],
    [
      0.2183661357,
      0.0592061324,
      -0.4485024839
    ],
    [
      0.4053561257,
      0.0592061324,
      -0.0353684839
    ],
    [
      0.0698261257,
      -0.0893338776,
      -0.0353684839
    ],
    [
      0.0592061324,
      0.4053561257,
      0.4646315161
    ],
    [
      0.2183661357,
      -0.2763238676,
      -0.0353684839
    ],
    [
      -0.2763238676,
      0.2183661357,
      0.4646315161
    ],
    [
      -0.0893338776,
      0.0698261257,
      0.4646315161
    ],
    [
      -0.1042538676,
      0.0608461257,
      0.1920375161
    ],
    [
      0.0681861324,
      0.3994161357,
      0.1920375161
    ],
    [
      0.0608461257,
      -0.1042538676,
      -0.3079624839
    ],
    [
      -0.2703838776,
      0.2332861257,
      0.1920375161
    ],
    [
      0.2332861257,
      -0.2703838776,
      -0.3079624839
    ],
    [
      0.3994161357,
      0.0681861324,
      -0.3079624839
    ],
    [
      0.2332861257,
      0.0681861324,
      -0.1759084839
    ],
    [
      0.0608461257,
      -0.2703838776,
      -0.1759084839
    ],
    [
      0.0681861324,
      0.2332861257,
      0.3240915161
    ],
    [
      0.3994161357,
      -0.1042538676,
      -0.1759084839
    ],
    [
      -0.1042538676,
      0.3994161357,
      0.3240915161
    ],
    [
      -0.2703838776,
      0.0608461257,
      0.3240915161
    ],
    [
      -0.3965538676,
      0.2580761257,
      0.0657745161
    ],
    [
      -0.1290438676,
      -0.0901138643,
      0.0657745161
    ],
    [
      0.2580761257,
      -0.3965538676,
      -0.4342254839
    ],
    [
      0.2191461224,
      0.5255861257,
      0.0657745161
    ],
    [
      0.5255861257,
      0.2191461224,
      -0.4342254839
    ],
    [
      -0.0901138643,
      -0.1290438676,
      -0.4342254839
    ],
    [
      0.5255861257,
      -0.1290438676,
      -0.0496454839
    ],
    [
      0.2580761257,
      0.2191461224,
      -0.0496454839
    ],
    [
      -0.1290438676,
      0.5255861257,
      0.4503545161
    ],
    [
      -0.0901138643,
      -0.3965538676,
      -0.0496454839
    ],
    [
      -0.3965538676,
      -0.0901138643,
      0.4503545161
    ],
    [
      0.2191461224,
      0.2580761257,
      0.4503545161
    ],
    [
      -0.4168938676,
      -0.0783738743,
      0.1889545161
    ],
    [
      0.2074061324,
      0.2259961357,
      0.1889545161
    ],
    [
      -0.0783738743,
      -0.4168938676,
      -0.3110454839
    ],
    [
      -0.0969638776,
      0.5459261257,
      0.1889545161
    ],
    [
      0.5459261257,
      -0.0969638776,
      -0.3110454839
    ],
    [
      0.2259961357,
      0.2074061324,
      -0.3110454839
    ],
    [
      0.5459261257,
      0.2074061324,
      -0.1728254839
    ],
    [
      -0.0783738743,
      -0.0969638776,
      -0.1728254839
    ],
    [
      0.2074061324,
      0.5459261257,
      0.3271745161
    ],
    [
      0.2259961357,
      -0.4168938676,
      -0.1728254839
    ],
    [
      -0.4168938676,
      0.2259961357,
      0.3271745161
    ],
    [
      -0.0969638776,
      -0.0783738743,
      0.3271745161
    ],
    [
      -0.1021505376,
      0.2311827957,
      -0.0597254839
    ],
    [
      0.2311827957,
      -0.1021505376,
      0.4402745161
    ],
    [
      0.2311827957,
      -0.1021505376,
      0.0758545161
    ],
    [
      -0.1021505376,
      0.2311827957,
      -0.4241454839
    ]
  ],
  "structure": "hP62-K4.242Mo24S28",
  "nbands": 20
}