{"gap": [2.278890341013897], "gap_range_of_max": [0.577472292412981, 0.5907839315359144], "band_nos": [6], "mid_gap_of_max": 0.5841281119744477, "max_gap": 2.278890341013897, "gap_ranges": [[0.577472292412981, 0.5907839315359144]], "fill_fraction": 0.104803, "mid_gaps": [0.5841281119744477]}