{"mid_gap_of_max": 0.37565385860665224, "mid_gaps": [0.37565385860665224], "band_nos": [2], "gap_range_of_max": [0.371101505453972, 0.3802062117593325], "max_gap": 2.423695670032731, "gap": [2.423695670032731], "strict_calculated": true, "gap_ranges": [[0.371101505453972, 0.3802062117593325]], "fill_fraction": 0.274718}