{"gap_range_of_max": [0.43823269381145, 0.5468149303156145], "gap_ranges": [[0.43823269381145, 0.5468149303156145]], "fill_fraction": 0.114714, "max_gap": 22.046088705687964, "gap": [22.046088705687964], "band_nos": [2], "mid_gaps": [0.49252381206353224], "mid_gap_of_max": 0.49252381206353224}