{"band_nos": [4], "gap_range_of_max": [0.259419477963381, 0.2595472262614801], "gap_ranges": [[0.259419477963381, 0.2595472262614801]], "mid_gaps": [0.25948335211243057], "mid_gap_of_max": 0.25948335211243057, "strict_calculated": true, "max_gap": 0.04923178965374307, "gap": [0.04923178965374307], "fill_fraction": 0.487179}