{"gap": [0.6697318799257062], "gap_ranges": [[0.474898814334126, 0.47809004945058037]], "max_gap": 0.6697318799257062, "mid_gap_of_max": 0.4764944318923532, "fill_fraction": 0.521361, "band_nos": [8], "gap_range_of_max": [0.474898814334126, 0.47809004945058037], "mid_gaps": [0.4764944318923532]}