{"mid_gap_of_max": 0.3844721234463251, "max_gap": 0.7213543235774224, "gap_range_of_max": [0.38308542030361, 0.3858588265890402], "mid_gaps": [0.3844721234463251], "band_nos": [4], "gap": [0.7213543235774224], "fill_fraction": 0.491014, "gap_ranges": [[0.38308542030361, 0.3858588265890402]]}