{"gap_ranges": [[0.307471792119944, 0.36543661362575935]], "gap": [17.22814606293396], "mid_gaps": [0.33645420287285166], "fill_fraction": 0.34679, "gap_range_of_max": [0.307471792119944, 0.36543661362575935], "band_nos": [2], "max_gap": 17.22814606293396, "mid_gap_of_max": 0.33645420287285166}