{"strict_calculated": true, "gap_ranges": [[0.87054355913273, 0.9087301875924598]], "mid_gaps": [0.8896368733625949], "max_gap": 4.292383735781351, "gap_range_of_max": [0.87054355913273, 0.9087301875924598], "band_nos": [16], "mid_gap_of_max": 0.8896368733625949, "gap": [4.292383735781351], "fill_fraction": 0.143702}