{"band_nos": [8], "mid_gap_of_max": 0.6552823739956013, "gap_ranges": [[0.652060133078036, 0.6585046149131667]], "gap": [0.9834663789039461], "gap_range_of_max": [0.652060133078036, 0.6585046149131667], "fill_fraction": 0.178603, "mid_gaps": [0.6552823739956013], "max_gap": 0.9834663789039461}