{"run_me": true, "gap_ranges": [[0.668686979297455, 0.6734314586285738]], "gap": [0.7070135089493552], "band_nos": [16], "max_gap": 0.7070135089493552, "gap_range_of_max": [0.668686979297455, 0.6734314586285738], "fill_fraction": 0.233744, "mid_gap_of_max": 0.6710592189630145, "mid_gaps": [0.6710592189630145], "_status": {"cP16-Ag3O4P_/a6b40a0e/store_data/0000/6fd64fbac252a4fb04b93a6ebb0bbecf": 1, "cP16-Ag3O4P_/a6b40a0e/mpb-cP16-Ag3/0000/dcbb8c1b37410789dc067bd079e3cc9c": 7, "cP16-Ag3O4P_/a6b40a0e/check_runnin/0000/03d379c00117e878e5018fc511091818": 1, "cP16-Ag3O4P_/a6b40a0e/strict-mpb-c/0000/b1624ebca86cc7c2a11310a9d9629c07": 1, "cP16-Ag3O4P_/a6b40a0e/store_fill/0000/e94fff54c306d06d7dcb6384f441f8a1": 1, "cP16-Ag3O4P_/a6b40a0e/store_strict/0000/c1ed5d71e0d4dd936b50f1173cfe34d3": 1}}