{"equivalent_atoms": [0, 0, 0, 0, 0, 0, 0, 0, 0, 0, 0, 0, 0, 0, 0, 0, 16, 16, 16, 16, 16, 16, 16, 16, 16, 16, 16, 16, 16, 16, 16, 16, 32, 32, 32, 32, 32, 32, 32, 32, 32, 32, 32, 32, 32, 32, 32, 32, 48, 48, 48, 48, 48, 48, 48, 48, 48, 48, 48, 48, 48, 48, 48, 48], "global_point_groups": ["mm2", "1", "m", "2"], "std_positions": [[0.176, 0.9325, 0.5], [0.324, 0.5675, 0.5], [0.426, 0.8175, 0.25], [0.074, 0.6825, 0.25], [0.2669, 0.9069, 0.7108], [0.2331, 0.5931, 0.7108], [0.0169, 0.8431, 0.9608], [0.4831, 0.6569, 0.9608], [0.1173, 0.997, 0.7436], [0.3827, 0.503, 0.7436], [0.3673, 0.753, 0.4936], [0.1327, 0.747, 0.4936], [0.2317, 0.8356, 0.9781], [0.2683, 0.6644, 0.9781], [0.4817, 0.9144, 0.7281], [0.0183, 0.5856, 0.7281], [0.176, 0.4325, 0.0], [0.324, 0.0675, 0.0], [0.426, 0.3175, 0.75], [0.074, 0.1825, 0.75], [0.2669, 0.4069, 0.2108], [0.2331, 0.0931, 0.2108], [0.0169, 0.3431, 0.4608], [0.4831, 0.1569, 0.4608], [0.1173, 0.497, 0.2436], [0.3827, 0.003, 0.2436], [0.3673, 0.253, 0.9936], [0.1327, 0.247, 0.9936], [0.2317, 0.3356, 0.4781], [0.2683, 0.1644, 0.4781], [0.4817, 0.4144, 0.2281], [0.0183, 0.0856, 0.2281], [0.676, 0.9325, 0.0], [0.824, 0.5675, 0.0], [0.926, 0.8175, 0.75], [0.574, 0.6825, 0.75], [0.7669, 0.9069, 0.2108], [0.7331, 0.5931, 0.2108], [0.5169, 0.8431, 0.4608], [0.9831, 0.6569, 0.4608], [0.6173, 0.997, 0.2436], [0.8827, 0.503, 0.2436], [0.8673, 0.753, 0.9936], [0.6327, 0.747, 0.9936], [0.7317, 0.8356, 0.4781], [0.7683, 0.6644, 0.4781], [0.9817, 0.9144, 0.2281], [0.5183, 0.5856, 0.2281], [0.676, 0.4325, 0.5], [0.824, 0.0675, 0.5], [0.926, 0.3175, 0.25], [0.574, 0.1825, 0.25], [0.7669, 0.4069, 0.7108], [0.7331, 0.0931, 0.7108], [0.5169, 0.3431, 0.9608], [0.9831, 0.1569, 0.9608], [0.6173, 0.497, 0.7436], [0.8827, 0.003, 0.7436], [0.8673, 0.253, 0.4936], [0.6327, 0.247, 0.4936], [0.7317, 0.3356, 0.9781], [0.7683, 0.1644, 0.9781], [0.9817, 0.4144, 0.7281], [0.5183, 0.0856, 0.7281]], "international": "Fdd2", "std_lattice": [[1.0, 0.0, 0.0], [0.0, 1.2369762671, 0.0], [0.0, 0.0, 0.2756193722]], "site_point_groups": {"b": {"name": "16b", "site_symmetry": ["1"]}}, "wyckoffs": ["b", "b", "b", "b", "b", "b", "b", "b", "b", "b", "b", "b", "b", "b", "b", "b", "b", "b", "b", "b", "b", "b", "b", "b", "b", "b", "b", "b", "b", "b", "b", "b", "b", "b", "b", "b", "b", "b", "b", "b", "b", "b", "b", "b", "b", "b", "b", "b", "b", "b", "b", "b", "b", "b", "b", "b", "b", "b", "b", "b", "b", "b", "b", "b"], "number": 43}