{"gap_ranges": [[0.386276947094387, 0.5042802764813891]], "band_nos": [2], "max_gap": 26.501009988598547, "mid_gap_of_max": 0.445278611787888, "gap": [26.501009988598547], "mid_gaps": [0.445278611787888], "gap_range_of_max": [0.386276947094387, 0.5042802764813891], "strict_calculated": true, "fill_fraction": 0.141567}