{"gap_ranges": [[0.64995204447417, 0.6503776676831013]], "mid_gaps": [0.6501648560786357], "gap_range_of_max": [0.64995204447417, 0.6503776676831013], "max_gap": 0.0654638904187223, "band_nos": [8], "mid_gap_of_max": 0.6501648560786357, "gap": [0.0654638904187223], "fill_fraction": 0.516853}