{"mid_gap_of_max": 0.6681380534882249, "max_gap": 9.014145524531648, "gap": [9.014145524531648], "gap_ranges": [[0.638024585265124, 0.6982515217113258]], "mid_gaps": [0.6681380534882249], "gap_range_of_max": [0.638024585265124, 0.6982515217113258], "band_nos": [12], "fill_fraction": 0.377504}