{"gap": [8.063370893311893], "mid_gaps": [0.6291341622529876], "band_nos": [4], "gap_range_of_max": [0.603769451793493, 0.6544988727124821], "mid_gap_of_max": 0.6291341622529876, "max_gap": 8.063370893311893, "fill_fraction": 0.067907, "gap_ranges": [[0.603769451793493, 0.6544988727124821]]}