{"mid_gap_of_max": 0.6674236256831211, "_status": {"hP36-H2O-8/bc373eba/store_data/0000/446559b5bc54f4e1b8872820cdd4f7c7": 1, "hP36-H2O-8/bc373eba/store_strict/0000/c80a0231cbd0774884a96c5a8d5c7822": 1, "hP36-H2O-8/bc373eba/mpb-hP36-H2O/0000/980af89294b1048e9bb1136188762355": 6, "hP36-H2O-8/bc373eba/check_runnin/0000/f304f3bcb02fc169b4a9ee4a8ecf66e2": 1, "hP36-H2O-8/bc373eba/strict-mpb-h/0000/81561d9716c722ef51241d7cf2c833c6": 1, "hP36-H2O-8/bc373eba/store_fill/0000/a00058c821931218d91409dd8bfa5f2d": 1}, "max_gap": 1.932530867985143, "band_nos": [12], "gap_ranges": [[0.660974541889845, 0.6738727094763972]], "fill_fraction": 0.40205, "gap": [1.932530867985143], "mid_gaps": [0.6674236256831211], "gap_range_of_max": [0.660974541889845, 0.6738727094763972], "run_me": true}