{"gap": [2.332669106788019], "gap_ranges": [[0.3297766415796492, 0.3375600196470016]], "band_nos": [4], "max_gap": 2.332669106788019, "mid_gaps": [0.3336683306133254], "gap_range_of_max": [0.3297766415796492, 0.3375600196470016], "mid_gap_of_max": 0.3336683306133254, "fill_fraction": 0.309948}