{"max_gap": 3.9255017693267136, "gap": [3.9255017693267136], "mid_gaps": [0.412527841222626], "fill_fraction": 0.300183, "mid_gap_of_max": 0.412527841222626, "gap_range_of_max": [0.4044309473695462, 0.42062473507570575], "band_nos": [16], "gap_ranges": [[0.4044309473695462, 0.42062473507570575]]}