{"mid_gap_of_max": 0.27236577866715805, "band_nos": [2], "gap_ranges": [[0.2516814321974296, 0.29305012513688655]], "mid_gaps": [0.27236577866715805], "max_gap": 15.188652973180996, "gap": [15.188652973180996], "strict_calculated": true, "fill_fraction": 0.446893, "gap_range_of_max": [0.2516814321974296, 0.29305012513688655]}