{"mid_gap_of_max": 0.9219133825752726, "band_nos": [12], "mid_gaps": [0.9219133825752726], "fill_fraction": 0.485926, "gap_ranges": [[0.886712506886478, 0.9571142582640673]], "gap": [7.636482201931841], "max_gap": 7.636482201931841, "gap_range_of_max": [0.886712506886478, 0.9571142582640673]}