{"strict_calculated": true, "gap_range_of_max": [0.292478315381575, 0.30651177221068], "max_gap": 4.68570586385308, "mid_gaps": [0.29949504379612746], "band_nos": [2], "mid_gap_of_max": 0.29949504379612746, "gap": [4.68570586385308], "gap_ranges": [[0.292478315381575, 0.30651177221068]], "fill_fraction": 0.556314}