{"mid_gap_of_max": 0.5407986726764553, "mid_gaps": [0.5407986726764553], "fill_fraction": 0.396006, "gap_ranges": [[0.528501542579008, 0.5530958027739027]], "band_nos": [10], "gap_range_of_max": [0.528501542579008, 0.5530958027739027], "max_gap": 4.547766375456368, "gap": [4.547766375456368]}