{"band_nos": [2], "mid_gaps": [0.5171783224802274], "fill_fraction": 0.109544, "gap": [12.3884138288837], "max_gap": 12.3884138288837, "mid_gap_of_max": 0.5171783224802274, "gap_ranges": [[0.4851432270691628, 0.5492134178912921]], "gap_range_of_max": [0.4851432270691628, 0.5492134178912921]}