{"fill_fraction": 0.360573, "mid_gaps": [0.6087636019614845], "mid_gap_of_max": 0.6087636019614845, "band_nos": [8], "gap": [7.306322172007357], "max_gap": 7.306322172007357, "gap_ranges": [[0.586524486948873, 0.6310027169740959]], "gap_range_of_max": [0.586524486948873, 0.6310027169740959]}