{"max_gap": 4.091917408016603, "gap": [4.091917408016603], "mid_gaps": [0.4221031965822978], "fill_fraction": 0.280793, "mid_gap_of_max": 0.4221031965822978, "gap_range_of_max": [0.413467139491925, 0.43073925367267063], "band_nos": [16], "gap_ranges": [[0.413467139491925, 0.43073925367267063]]}