{"gap_ranges": [[0.419863889013579, 0.4517227570805425]], "max_gap": 7.310545247505447, "fill_fraction": 0.575927, "mid_gaps": [0.43579332304706075], "gap_range_of_max": [0.419863889013579, 0.4517227570805425], "band_nos": [8], "_status": {"tI16-CoCu2Si/a81e6140/check_runnin/0000/c82395e2c1e060f57688bf888d032724": 1, "tI16-CoCu2Si/a81e6140/store_data/0000/7f2fc2e66bf3f7993ceab9b28700a551": 1, "tI16-CoCu2Si/a81e6140/store_strict/0000/c306f99761f86fa23d932ab3c78d761c": 1, "tI16-CoCu2Si/a81e6140/store_fill/0000/35d0403eb050bc94f911119449d136dd": 1, "tI16-CoCu2Si/a81e6140/strict-mpb-t/0000/d5cf0d0f2bcff679fd078bc530405bdf": 1, "tI16-CoCu2Si/a81e6140/mpb-tI16-CoC/0000/56e1bd4b2903476dfffcdb8d0a9a4032": 1}, "mid_gap_of_max": 0.43579332304706075, "gap": [7.310545247505447]}