{"max_gap": 0.4882970154970585, "fill_fraction": 0.162222, "mid_gap_of_max": 0.8019241495424825, "gap_range_of_max": [0.799966263698099, 0.8038820353868659], "band_nos": [8, 19], "gap": [0.0675577328254542, 0.4882970154970585], "gap_ranges": [[0.607234052060841, 0.6076444242384277], [0.799966263698099, 0.8038820353868659]], "mid_gaps": [0.6074392381496343, 0.8019241495424825]}