{"max_gap": 1.588091140714804, "fill_fraction": 0.260822, "gap_ranges": [[0.525248542570178, 0.5336567330051656]], "gap_range_of_max": [0.525248542570178, 0.5336567330051656], "band_nos": [8], "gap": [1.588091140714804], "mid_gap_of_max": 0.5294526377876718, "mid_gaps": [0.5294526377876718]}