{"gap_range_of_max": [0.2140793331127258, 0.21454799211667086], "mid_gaps": [0.21431366261469834], "fill_fraction": 0.684502, "gap_ranges": [[0.2140793331127258, 0.21454799211667086]], "mid_gap_of_max": 0.21431366261469834, "gap": [0.21867901384689933], "band_nos": [2], "strict_calculated": true, "max_gap": 0.21867901384689933}