{"gap_range_of_max": [0.262199062969489, 0.2651340091826937], "max_gap": 1.113128065806873, "band_nos": [4], "gap": [1.113128065806873], "mid_gap_of_max": 0.26366653607609136, "fill_fraction": 0.574226, "gap_ranges": [[0.262199062969489, 0.2651340091826937]], "mid_gaps": [0.26366653607609136]}