{"gap_range_of_max": [0.379173700214897, 0.38037784603251557], "max_gap": 0.31706757061251706, "gap_ranges": [[0.379173700214897, 0.38037784603251557]], "gap": [0.31706757061251706], "mid_gaps": [0.37977577312370625], "band_nos": [5], "mid_gap_of_max": 0.37977577312370625, "fill_fraction": 0.334841}