{"gap": [2.4468980624118775], "fill_fraction": 0.380897, "mid_gap_of_max": 0.34168759245445346, "max_gap": 2.4468980624118775, "mid_gaps": [0.34168759245445346], "band_nos": [2], "gap_range_of_max": [0.3375072189148185, 0.34586796599408837], "gap_ranges": [[0.3375072189148185, 0.34586796599408837]]}