{"max_gap": 0.3121774236799986, "gap": [0.3121774236799986], "band_nos": [4], "mid_gap_of_max": 0.4090361077547515, "gap_ranges": [[0.4083976485631966, 0.4096745669463064]], "gap_range_of_max": [0.4083976485631966, 0.4096745669463064], "fill_fraction": 0.263074, "mid_gaps": [0.4090361077547515]}