{"gap": [17.135154196078314], "max_gap": 17.135154196078314, "fill_fraction": 0.418676, "mid_gaps": [0.3077708478407942], "band_nos": [2], "gap_range_of_max": [0.281402343166745, 0.33413935251484345], "mid_gap_of_max": 0.3077708478407942, "gap_ranges": [[0.281402343166745, 0.33413935251484345]]}