{"band_nos": [12], "mid_gap_of_max": 0.6281968575292798, "mid_gaps": [0.6281968575292798], "fill_fraction": 0.29335, "gap_ranges": [[0.591916692280287, 0.6644770227782725]], "gap": [11.550572026636297], "gap_range_of_max": [0.591916692280287, 0.6644770227782725], "max_gap": 11.550572026636297}