{"fill_fraction": 0.425133, "band_nos": [8], "gap_range_of_max": [0.493521038324508, 0.5610673670400605], "mid_gaps": [0.5272942026822842], "max_gap": 12.809988877547264, "gap_ranges": [[0.493521038324508, 0.5610673670400605]], "mid_gap_of_max": 0.5272942026822842, "gap": [12.809988877547264]}