{"gap_ranges": [[0.3856034694653816, 0.503389767307307]], "fill_fraction": 0.161215, "gap": [26.498806283279464], "mid_gap_of_max": 0.4444966183863443, "max_gap": 26.498806283279464, "gap_range_of_max": [0.3856034694653816, 0.503389767307307], "mid_gaps": [0.4444966183863443], "band_nos": [2]}