{"mid_gap_of_max": 0.5839705815694365, "band_nos": [8], "gap_range_of_max": [0.5309923253659, 0.6369488377729728], "mid_gaps": [0.5839705815694365], "max_gap": 18.144152419854734, "gap_ranges": [[0.5309923253659, 0.6369488377729728]], "fill_fraction": 0.339935, "gap": [18.144152419854734]}