{"max_gap": 1.9788533198222014, "mid_gaps": [0.6119533764261074], "band_nos": [8], "fill_fraction": 0.209771, "gap_ranges": [[0.605898546573521, 0.6180082062786937]], "gap_range_of_max": [0.605898546573521, 0.6180082062786937], "gap": [1.9788533198222014], "mid_gap_of_max": 0.6119533764261074}