{"mid_gaps": [0.45987570693495133], "fill_fraction": 0.180555, "max_gap": 18.215831016892924, "mid_gap_of_max": 0.45987570693495133, "gap_range_of_max": [0.417990616103445, 0.5017607977664577], "band_nos": [2], "gap_ranges": [[0.417990616103445, 0.5017607977664577]], "gap": [18.215831016892924]}