{"mid_gap_of_max": 0.614486702046577, "band_nos": [16], "gap": [0.547784362740517], "mid_gaps": [0.614486702046577], "fill_fraction": 0.199657, "max_gap": 0.547784362740517, "gap_ranges": [[0.612803671014111, 0.6161697330790429]], "gap_range_of_max": [0.612803671014111, 0.6161697330790429], "strict_calculated": true}