{"fill_fraction": 0.068907, "gap_ranges": [[0.936791989126704, 1.0012896961266649]], "mid_gap_of_max": 0.9690408426266844, "max_gap": 6.6558295752666385, "_status": {"tI16-CoCu2Si/1350129f/store_strict/0000/f88d20f2e21dfac709ff29ed4b8bd35b": 1, "tI16-CoCu2Si/1350129f/store_data/0000/5e5753f5bbb72f34d413ee51648264b0": 1, "tI16-CoCu2Si/1350129f/check_runnin/0000/d315bafbe12c31a93cb87dfdd5a3526a": 1, "tI16-CoCu2Si/1350129f/store_fill/0000/70bbdfeada0804abab5da91f7c13035f": 1, "tI16-CoCu2Si/1350129f/strict-mpb-t/0000/fe5088eb91ecee687bfa563de6160211": 1, "tI16-CoCu2Si/1350129f/mpb-tI16-CoC/0000/12f7a2a4735df9d22bc640398db761a2": 1}, "gap": [6.6558295752666385], "mid_gaps": [0.9690408426266844], "gap_range_of_max": [0.936791989126704, 1.0012896961266649], "band_nos": [8]}