{"mid_gap_of_max": 0.6517080465270053, "gap_ranges": [[0.647790200461101, 0.6556258925929096]], "fill_fraction": 0.088439, "mid_gaps": [0.6517080465270053], "band_nos": [4], "gap": [1.2023316535011916], "gap_range_of_max": [0.647790200461101, 0.6556258925929096], "max_gap": 1.2023316535011916}