{"gap": [17.028148909471085], "gap_ranges": [[0.585434555609342, 0.6944006805105288]], "mid_gaps": [0.6399176180599354], "gap_range_of_max": [0.585434555609342, 0.6944006805105288], "mid_gap_of_max": 0.6399176180599354, "max_gap": 17.028148909471085, "fill_fraction": 0.299298, "band_nos": [8]}