{"gap": [11.46892887921374], "band_nos": [8], "gap_range_of_max": [0.57509197108976, 0.6450612220596409], "mid_gap_of_max": 0.6100765965747004, "fill_fraction": 0.266087, "max_gap": 11.46892887921374, "gap_ranges": [[0.57509197108976, 0.6450612220596409]], "mid_gaps": [0.6100765965747004]}