{"band_nos": [4], "fill_fraction": 0.14922, "max_gap": 4.818152130283554, "mid_gaps": [0.8159164915210608], "gap_range_of_max": [0.796260442612282, 0.8355725404298396], "gap_ranges": [[0.796260442612282, 0.8355725404298396]], "gap": [4.818152130283554], "mid_gap_of_max": 0.8159164915210608}