{"gap": [19.168994116532595], "max_gap": 19.168994116532595, "mid_gap_of_max": 0.33748814669518923, "gap_range_of_max": [0.305141605203191, 0.3698346881871875], "fill_fraction": 0.281217, "gap_ranges": [[0.305141605203191, 0.3698346881871875]], "mid_gaps": [0.33748814669518923], "band_nos": [2]}