{"max_gap": 7.397130840473527, "fill_fraction": 0.269806, "band_nos": [5], "gap_ranges": [[0.4413157020925388, 0.47521415858572946]], "gap": [7.397130840473527], "gap_range_of_max": [0.4413157020925388, 0.47521415858572946], "mid_gaps": [0.4582649303391341], "mid_gap_of_max": 0.4582649303391341}