{"band_nos": [8], "gap_ranges": [[0.38722164056144, 0.4054721280401224]], "gap": [4.604675399650253], "mid_gap_of_max": 0.3963468843007812, "strict_calculated": true, "fill_fraction": 0.5666, "mid_gaps": [0.3963468843007812], "max_gap": 4.604675399650253, "gap_range_of_max": [0.38722164056144, 0.4054721280401224]}