{"gap": [15.012029693065825], "mid_gap_of_max": 0.4665805158597045, "band_nos": [4], "gap_ranges": [[0.4315589130682452, 0.5016021186511638]], "mid_gaps": [0.4665805158597045], "max_gap": 15.012029693065825, "fill_fraction": 0.14019, "gap_range_of_max": [0.4315589130682452, 0.5016021186511638]}