{"mid_gaps": [0.41261111032197184], "fill_fraction": 0.496494, "band_nos": [8], "mid_gap_of_max": 0.41261111032197184, "max_gap": 0.756865751612483, "gap": [0.756865751612483], "gap_range_of_max": [0.4110496542312843, 0.41417256641265937], "strict_calculated": true, "gap_ranges": [[0.4110496542312843, 0.41417256641265937]]}