{"gap": [0.25537105996093024], "fill_fraction": 0.28335, "gap_ranges": [[0.522415159761876, 0.5237509625195879]], "gap_range_of_max": [0.522415159761876, 0.5237509625195879], "mid_gap_of_max": 0.523083061140732, "band_nos": [2], "mid_gaps": [0.523083061140732], "max_gap": 0.25537105996093024}