{"gap_ranges": [[0.4066814215150233, 0.49817335472472446]], "mid_gap_of_max": 0.4524273881198739, "gap_range_of_max": [0.4066814215150233, 0.49817335472472446], "max_gap": 20.22245682117274, "band_nos": [4], "mid_gaps": [0.4524273881198739], "fill_fraction": 0.142472, "gap": [20.22245682117274]}