{"gap": [5.2392948599109594], "fill_fraction": 0.527198, "gap_range_of_max": [0.25186932083063, 0.26542049006724283], "gap_ranges": [[0.25186932083063, 0.26542049006724283]], "mid_gaps": [0.2586449054489364], "band_nos": [4], "max_gap": 5.2392948599109594, "mid_gap_of_max": 0.2586449054489364}