{"max_gap": 2.8723747702477644, "gap": [2.8723747702477644], "mid_gaps": [0.47249684464025304], "gap_ranges": [[0.4657109045624213, 0.4792827847180848]], "fill_fraction": 0.204825, "_status": {"cI36-NO2_r-8/4070e05d/store_strict/0000/da562519c37232172ceec0a879459411": 1, "cI36-NO2_r-8/4070e05d/check_runnin/0000/110f2add78ccfaaf4857a2e6cc413269": 1, "cI36-NO2_r-8/4070e05d/mpb-cI36-NO2/0000/b564b2bcaaf36bb79b1eb82dab29f123": 1, "cI36-NO2_r-8/4070e05d/store_fill/0000/13c59201cef9de26815c8944e7abcdb5": 1, "cI36-NO2_r-8/4070e05d/store_data/0000/c061675b24d4228136e761cec0a18c66": 1, "cI36-NO2_r-8/4070e05d/strict-mpb-c/0000/d3cdc3e084617fc2e88c3c79e33b5d35": 1}, "gap_range_of_max": [0.4657109045624213, 0.4792827847180848], "band_nos": [2], "mid_gap_of_max": 0.47249684464025304}