{"fill_fraction": 0.190262, "mid_gaps": [0.4607328499948641], "max_gap": 11.2119835802456, "gap_ranges": [[0.4349042042497532, 0.486561495739975]], "mid_gap_of_max": 0.4607328499948641, "gap": [11.2119835802456], "gap_range_of_max": [0.4349042042497532, 0.486561495739975], "band_nos": [4]}