{"gap_range_of_max": [0.634739237384121, 0.6515038357834868], "mid_gaps": [0.6431215365838039], "band_nos": [8], "strict_calculated": true, "mid_gap_of_max": 0.6431215365838039, "max_gap": 2.6067543140317015, "fill_fraction": 0.217499, "gap_ranges": [[0.634739237384121, 0.6515038357834868]], "gap": [2.6067543140317015]}