{"gap": [0.18033959993295764], "mid_gap_of_max": 0.7999604960543774, "band_nos": [8], "mid_gaps": [0.7999604960543774], "max_gap": 0.18033959993295764, "gap_range_of_max": [0.799239173275274, 0.8006818188334808], "gap_ranges": [[0.799239173275274, 0.8006818188334808]], "fill_fraction": 0.057055}