{
  "basis": [
    [
      -0.0178571429,
      -0.0178571429,
      -0.0178571429
    ],
    [
      0.2321428571,
      0.2321428571,
      0.2321428571
    ],
    [
      0.3571428571,
      -0.1428571429,
      0.3571428571
    ],
    [
      -0.1428571429,
      0.3571428571,
      0.3571428571
    ],
    [
      0.3571428571,
      0.3571428571,
      0.3571428571
    ],
    [
      0.3571428571,
      0.3571428571,
      -0.1428571429
    ],
    [
      0.3571428571,
      -0.1428571429,
      -0.1428571429
    ],
    [
      -0.1428571429,
      0.3571428571,
      -0.1428571429
    ],
    [
      -0.1428571429,
      -0.1428571429,
      -0.1428571429
    ],
    [
      -0.1428571429,
      -0.1428571429,
      0.3571428571
    ],
    [
      -0.3928571429,
      -0.3928571429,
      0.1071428571
    ],
    [
      -0.3928571429,
      -0.3928571429,
      -0.3928571429
    ],
    [
      0.1071428571,
      -0.3928571429,
      -0.3928571429
    ],
    [
      -0.3928571429,
      0.1071428571,
      -0.3928571429
    ]
  ],
  "lattice_vectors": [
    [
      0.0,
      0.7071067812,
      0.7071067812
    ],
    [
      0.7071067812,
      0.0,
      0.7071067812
    ],
    [
      0.7071067812,
      0.7071067812,
      0.0
    ]
  ],
  "nbands": 20,
  "structure": "cF56-Ag2MoO4_r"
}