{"run_me": true, "mid_gap_of_max": 0.602065230560731, "strict_mid_gap_of_max": 0.602065230560731, "strict_gap_range_of_max": [0.601980250162158, 0.6021502109593041], "gap_range_of_max": [0.601980250162158, 0.6021502109593041], "fill_fraction": 0.078654, "strict_mid_gaps": [0.602065230560731], "band_nos": [5], "gap": [0.028229631694074383], "gap_ranges": [[0.601980250162158, 0.6021502109593041]], "recalc_mid_gaps": true, "_status": {"cF12-Li2O/6e45fe54/store_mid_ga/0000/b97abde22557acf6c0fcae8306b1d39e": 1, "cF12-Li2O/6e45fe54/store_strict/0000/6eafc229b26f716fbb910493c170ccf8": 1, "cF12-Li2O/6e45fe54/mpb-cF12-Li2/0000/037c649ace05e631e273aa6339a35d1d": 1, "cF12-Li2O/6e45fe54/strict-mpb-c/0000/206f3d5f5514416f91c5c1df4ae7b64f": 1, "cF12-Li2O/6e45fe54/strict_calcu/0000/efb8c197732242738d4e2e941c7259f6": 1, "cF12-Li2O/6e45fe54/calculate/0000/a9845222496bcc79f34c43b930b017ee": 1, "cF12-Li2O/6e45fe54/store_ff/0000/0546298235cedad138996aa93eb452d7": 1, "cF12-Li2O/6e45fe54/store_gap/0000/cdda4fa8748029863e5bbcbe60503f4d": 1, "cF12-Li2O/6e45fe54/store_strict/0000/b25b85edd9a30b1ff96be43235322962": 1}, "mid_gaps": [0.602065230560731], "strict_max_gap": 0.028229631694074383, "strict_gap_ranges": [[0.601980250162158, 0.6021502109593041]], "max_gap": 0.028229631694074383, "strict_gap": [0.028229631694074383]}