{"mid_gap_of_max": 0.80037320846044, "run_me": true, "_status": {"hR15-Ni3S2-1/043d5337/check_runnin/0000/33159f40b54d81dfc209b7d9dc953a63": 1, "hR15-Ni3S2-1/043d5337/store_strict/0000/fcba34a2bd5cd714264a9900ea8b1e91": 1, "hR15-Ni3S2-1/043d5337/mpb-hR15-Ni3/0000/21790e9e502a97e6d06d0aaf058d130a": 7, "hR15-Ni3S2-1/043d5337/strict-mpb-h/0000/5b4047581e448be354ce7eaa209823ff": 1, "hR15-Ni3S2-1/043d5337/store_data/0000/d910bce6c869c085149ea2de7932ab71": 1, "hR15-Ni3S2-1/043d5337/store_fill/0000/fd85ab060652a8271e7a2f2f02bd67de": 1}, "band_nos": [17], "gap": [1.430996820529077], "gap_range_of_max": [0.794646550877722, 0.806099866043158], "mid_gaps": [0.80037320846044], "fill_fraction": 0.1029, "gap_ranges": [[0.794646550877722, 0.806099866043158]], "max_gap": 1.430996820529077}