{"mid_gap_of_max": 0.43889918766244285, "band_nos": [4], "gap_ranges": [[0.402004587318586, 0.4757937880062997]], "fill_fraction": 0.190262, "gap_range_of_max": [0.402004587318586, 0.4757937880062997], "mid_gaps": [0.43889918766244285], "max_gap": 16.812334759768127, "gap": [16.812334759768127]}