{"gap_range_of_max": [0.713011053978266, 0.7181771835416888], "mid_gap_of_max": 0.7155941187599775, "_status": {"hP36-H2O_r-1/70fe666c/store_fill/0000/258fd1ebcb4eebb3e73a6b30043bb1ae": 1, "hP36-H2O_r-1/70fe666c/strict-mpb-h/0000/2b961533f63c0892625f23ccfb183951": 1, "hP36-H2O_r-1/70fe666c/store_data/0000/7bf50cd3bbe3d01b01d22b276f610d13": 1, "hP36-H2O_r-1/70fe666c/store_strict/0000/5cdf128042703d6950e5da729012c2d1": 1, "hP36-H2O_r-1/70fe666c/mpb-hP36-H2O/0000/2187d88eb2dc76e54487ef343d1a6858": 3, "hP36-H2O_r-1/70fe666c/check_runnin/0000/7ead8f3082c719cf4f27213980528013": 1}, "run_me": true, "band_nos": [12], "gap": [0.7219357213799016], "max_gap": 0.7219357213799016, "gap_ranges": [[0.713011053978266, 0.7181771835416888]], "fill_fraction": 0.254517, "mid_gaps": [0.7155941187599775]}