{"gap_ranges": [[0.256459785258096, 0.28200530775291294]], "max_gap": 9.488274291642687, "gap_range_of_max": [0.256459785258096, 0.28200530775291294], "fill_fraction": 0.538119, "gap": [9.488274291642687], "mid_gap_of_max": 0.26923254650550443, "mid_gaps": [0.26923254650550443], "_status": {"tP12-PNO-14/5cca192b/store_fill/0000/d435536d5baf200400674104fe9ef102": 1, "tP12-PNO-14/5cca192b/strict-mpb-t/0000/7ab3f1641fefb9525c3305c572532f12": 1, "tP12-PNO-14/5cca192b/mpb-tP12-PNO/0000/d9ad4af63d276fc360cec2bb95309fea": 1, "tP12-PNO-14/5cca192b/store_strict/0000/b448e0891f473aca2942914c82c4d8e9": 1, "tP12-PNO-14/5cca192b/check_runnin/0000/665f2ecb8430bf2ced058d79ebdc5ab4": 1, "tP12-PNO-14/5cca192b/store_data/0000/4fc871fa2429482a0e96aaa81ddb6695": 1}, "band_nos": [4]}