{"fill_fraction": 0.345683, "mid_gap_of_max": 0.45541241459525134, "strict_calculated": true, "gap_ranges": [[0.454180257194756, 0.45664457199574665]], "gap_range_of_max": [0.454180257194756, 0.45664457199574665], "gap": [0.5411171768736779], "mid_gaps": [0.45541241459525134], "band_nos": [8], "max_gap": 0.5411171768736779}