{"gap": [0.6886385078860342, 0.7667432549496105], "band_nos": [18, 19], "mid_gap_of_max": 0.7003328041918154, "gap_range_of_max": [0.697647926922645, 0.7030176814609859], "strict_calculated": true, "gap_ranges": [[0.682612819690045, 0.6873297958834357], [0.697647926922645, 0.7030176814609859]], "mid_gaps": [0.6849713077867403, 0.7003328041918154], "max_gap": 0.7667432549496105, "fill_fraction": 0.103537}