{"mid_gaps": [0.32911997457912495], "max_gap": 10.51060556222566, "fill_fraction": 0.352566, "gap_range_of_max": [0.31182372340187, 0.3464162257563799], "gap_ranges": [[0.31182372340187, 0.3464162257563799]], "mid_gap_of_max": 0.32911997457912495, "band_nos": [4], "gap": [10.51060556222566]}