{"gap_range_of_max": [0.3698925818964124, 0.3755454870413833], "mid_gaps": [0.37271903446889787], "band_nos": [4], "fill_fraction": 0.456112, "max_gap": 1.5166666100178927, "mid_gap_of_max": 0.37271903446889787, "gap_ranges": [[0.3698925818964124, 0.3755454870413833]], "gap": [1.5166666100178927]}