{"wyckoffs": ["c", "c", "c", "c", "c", "c", "c", "c", "c", "c", "c", "c", "c", "c", "c", "c", "c", "c", "c", "c", "c", "c", "c", "c", "c", "c", "c", "c", "c", "c", "c", "c", "c", "c", "c", "c", "c", "c", "c", "c", "c", "c", "c", "c", "c", "c", "c", "c", "c", "c", "c", "c", "c", "c", "c", "c", "c", "c", "c", "c", "c", "c", "c", "c"], "global_point_groups": ["4mm", "1", "m", "2", "mm2", "4"], "equivalent_atoms": [0, 0, 0, 0, 0, 0, 0, 0, 8, 8, 8, 8, 8, 8, 8, 8, 16, 16, 16, 16, 16, 16, 16, 16, 24, 24, 24, 24, 24, 24, 24, 24, 32, 32, 32, 32, 32, 32, 32, 32, 40, 40, 40, 40, 40, 40, 40, 40, 48, 48, 48, 48, 48, 48, 48, 48, 56, 56, 56, 56, 56, 56, 56, 56], "std_positions": [[0.5927, 0.6199, 0.87575], [0.9073, 0.1199, 0.87575], [0.6199, 0.4073, 0.37575], [0.1199, 0.0927, 0.37575], [0.4073, 0.3801, 0.87575], [0.0927, 0.8801, 0.87575], [0.3801, 0.5927, 0.37575], [0.8801, 0.9073, 0.37575], [0.6929, 0.9433, 0.90775], [0.8071, 0.4433, 0.90775], [0.9433, 0.3071, 0.40775], [0.4433, 0.1929, 0.40775], [0.3071, 0.0567, 0.90775], [0.1929, 0.5567, 0.90775], [0.0567, 0.6929, 0.40775], [0.5567, 0.8071, 0.40775], [0.985, 0.398, 0.74875], [0.515, 0.898, 0.74875], [0.398, 0.015, 0.24875], [0.898, 0.485, 0.24875], [0.015, 0.602, 0.74875], [0.485, 0.102, 0.74875], [0.602, 0.985, 0.24875], [0.102, 0.515, 0.24875], [0.855, 0.839, 0.84675], [0.645, 0.339, 0.84675], [0.839, 0.145, 0.34675], [0.339, 0.355, 0.34675], [0.145, 0.161, 0.84675], [0.355, 0.661, 0.84675], [0.161, 0.855, 0.34675], [0.661, 0.645, 0.34675], [0.681, 0.137, 0.65475], [0.819, 0.637, 0.65475], [0.137, 0.319, 0.15475], [0.637, 0.181, 0.15475], [0.319, 0.863, 0.65475], [0.181, 0.363, 0.65475], [0.863, 0.681, 0.15475], [0.363, 0.819, 0.15475], [0.9318, 0.3302, 0.78175], [0.5682, 0.8302, 0.78175], [0.3302, 0.0682, 0.28175], [0.8302, 0.4318, 0.28175], [0.0682, 0.6698, 0.78175], [0.4318, 0.1698, 0.78175], [0.6698, 0.9318, 0.28175], [0.1698, 0.5682, 0.28175], [0.868, 0.9029, 0.84375], [0.632, 0.4029, 0.84375], [0.9029, 0.132, 0.34375], [0.4029, 0.368, 0.34375], [0.132, 0.0971, 0.84375], [0.368, 0.5971, 0.84375], [0.0971, 0.868, 0.34375], [0.5971, 0.632, 0.34375], [0.6846, 0.12, 0.84075], [0.8154, 0.62, 0.84075], [0.12, 0.3154, 0.34075], [0.62, 0.1846, 0.34075], [0.3154, 0.88, 0.84075], [0.1846, 0.38, 0.84075], [0.88, 0.6846, 0.34075], [0.38, 0.8154, 0.34075]], "international": "P4_2bc", "number": 106, "site_point_groups": {"c": {"name": "8c", "site_symmetry": ["1"]}}, "std_lattice": [[1.0, 0.0, 0.0], [0.0, 1.0, 0.0], [0.0, 0.0, 0.48971307]]}