{"max_gap": 0.884341452645755, "fill_fraction": 0.067865, "mid_gaps": [0.9774540528895375], "_status": {"hP28-N4Si3_r/49cd285d/strict-mpb-h/0000/5f8ae31737e2cac2313ae0a320750d01": 1, "hP28-N4Si3_r/49cd285d/store_data/0000/d83317c60eb14b834403583067d543b2": 1, "hP28-N4Si3_r/49cd285d/mpb-hP28-N4S/0000/8c84575ec377f0d8e412dab4e4f77b69": 6, "hP28-N4Si3_r/49cd285d/check_runnin/0000/28c33df33feb282547b3217a40a0888b": 1, "hP28-N4Si3_r/49cd285d/store_strict/0000/0f7554b676a46e9722442b72f371d626": 1, "hP28-N4Si3_r/49cd285d/store_fill/0000/8581b609067c5a2c8478a19b8bb90e30": 1}, "gap_ranges": [[0.973132037204403, 0.981776068574672]], "band_nos": [12], "gap_range_of_max": [0.973132037204403, 0.981776068574672], "gap": [0.884341452645755], "run_me": true, "mid_gap_of_max": 0.9774540528895375}