{"mid_gap_of_max": 0.7310520434772364, "run_me": true, "_status": {"hR15-Ni3S2-1/8070565b/strict-mpb-h/0000/ca5679febe7ccbb5a1748a3600588337": 1, "hR15-Ni3S2-1/8070565b/store_fill/0000/b8d16378a4c3823baef83c05d8bb34ff": 1, "hR15-Ni3S2-1/8070565b/check_runnin/0000/1c52d615986b9626cfbf3c0626643217": 1, "hR15-Ni3S2-1/8070565b/mpb-hR15-Ni3/0000/cc2c6346427aec825a1509b5613c0c46": 7, "hR15-Ni3S2-1/8070565b/store_strict/0000/9a1502b4f4e3a8ec65875cb0ece0b268": 1, "hR15-Ni3S2-1/8070565b/store_data/0000/4166622676c3ed38b0366e060f099d69": 1}, "band_nos": [17, 19], "gap": [1.9529320611080119, 0.06338376253285856], "gap_range_of_max": [0.72391356860701, 0.7381905183474629], "mid_gaps": [0.7310520434772364, 0.7510533410070577], "fill_fraction": 0.143678, "gap_ranges": [[0.72391356860701, 0.7381905183474629], [0.750815318073978, 0.7512913639401372]], "max_gap": 1.9529320611080119}