{"gap_ranges": [[0.379708920163768, 0.45137706695592184]], "fill_fraction": 0.253182, "gap": [17.24686684720422], "band_nos": [2], "gap_range_of_max": [0.379708920163768, 0.45137706695592184], "mid_gaps": [0.4155429935598449], "max_gap": 17.24686684720422, "mid_gap_of_max": 0.4155429935598449}