{"max_gap": 1.763963716667555, "band_nos": [8], "mid_gaps": [0.6024161884706192], "gap": [1.763963716667555], "gap_ranges": [[0.597102986976642, 0.6077293899645962]], "gap_range_of_max": [0.597102986976642, 0.6077293899645962], "mid_gap_of_max": 0.6024161884706192, "fill_fraction": 0.260822}