{"mid_gaps": [0.5940833705533388], "fill_fraction": 0.293215, "gap_ranges": [[0.561004750104754, 0.6271619910019236]], "gap": [11.13601965251926], "mid_gap_of_max": 0.5940833705533388, "band_nos": [10], "gap_range_of_max": [0.561004750104754, 0.6271619910019236], "max_gap": 11.13601965251926}