{"fill_fraction": 0.444591, "mid_gap_of_max": 0.39161632046804035, "strict_calculated": true, "gap_ranges": [[0.3881927118521662, 0.3950399290839145]], "gap_range_of_max": [0.3881927118521662, 0.3950399290839145], "gap": [1.748450428103914], "mid_gaps": [0.39161632046804035], "band_nos": [8], "max_gap": 1.748450428103914}