{"fill_fraction": 0.251485, "mid_gaps": [0.6890098883774782], "gap": [4.750439747400856], "gap_ranges": [[0.672644388576975, 0.7053753881779815]], "_status": {"cI80-Er2O3_r/f91ddc3f/store_data/0000/a36d2eb35b877321fd829fd39752fded": 1, "cI80-Er2O3_r/f91ddc3f/check_runnin/0000/8a94708e2b3500b7fc408cd8ee1b8a52": 1, "cI80-Er2O3_r/f91ddc3f/store_strict/0000/ee5f0f1f055af69b74d0ad631358b9a7": 1, "cI80-Er2O3_r/f91ddc3f/store_fill/0000/1c0edc19f2376055aec64ef1102bddea": 1, "cI80-Er2O3_r/f91ddc3f/strict-mpb-c/0000/2d984616746ab4ca9373b3d8496ea1d3": 1, "cI80-Er2O3_r/f91ddc3f/mpb-cI80-Er2/0000/0001a987335bb36f1d26ceda16097111": 1}, "band_nos": [12], "gap_range_of_max": [0.672644388576975, 0.7053753881779815], "max_gap": 4.750439747400856, "mid_gap_of_max": 0.6890098883774782}