{"max_gap": 0.781113212886652, "run_me": true, "gap_range_of_max": [0.738880985920106, 0.744675112271888], "gap": [0.781113212886652], "gap_ranges": [[0.738880985920106, 0.744675112271888]], "mid_gap_of_max": 0.741778049095997, "_status": {"mC20-Ga2Se3_/1c99769d/check_runnin/0000/1cd1fd274836eb6d76844cff652df789": 1, "mC20-Ga2Se3_/1c99769d/store_data/0000/e98c01243c70782bd2c1720f319dd2f0": 1, "mC20-Ga2Se3_/1c99769d/strict-mpb-m/0000/73c49a3c3c80abd9125ce60183731621": 1, "mC20-Ga2Se3_/1c99769d/store_strict/0000/6c0cb9140f44a6cdfbb5d6adc5504f7d": 1, "mC20-Ga2Se3_/1c99769d/store_fill/0000/8cc857d7958a8f45f03a3136b638dbaa": 1, "mC20-Ga2Se3_/1c99769d/mpb-mC20-Ga2/0000/1dd08f9385bf499c32014d81fb977e95": 1}, "band_nos": [12], "fill_fraction": 0.329593, "mid_gaps": [0.741778049095997]}