{"max_gap": 0.6214717427939809, "run_me": true, "gap_range_of_max": [0.738631609369481, 0.7432363045447355], "gap_ranges": [[0.738631609369481, 0.7432363045447355]], "mid_gap_of_max": 0.7409339569571083, "band_nos": [8], "gap": [0.6214717427939809], "fill_fraction": 0.140521, "mid_gaps": [0.7409339569571083]}