{"mid_gaps": [0.4007675258050646], "band_nos": [5], "gap_range_of_max": [0.3931144755452249, 0.40842057606490434], "gap_ranges": [[0.3931144755452249, 0.40842057606490434]], "mid_gap_of_max": 0.4007675258050646, "fill_fraction": 0.219541, "strict_calculated": true, "max_gap": 3.8191967996739247, "gap": [3.8191967996739247]}