{"gap_range_of_max": [0.4636588237002587, 0.46380098131346637], "gap": [0.015809635463906097, 0.030655261271516496], "_status": {"cF4-Cu-14/e0b25b73/store_fill/0000/b0049daf6123117f7d9cd20ef60be78b": 1, "cF4-Cu-14/e0b25b73/store_data/0000/4703d9058a7e350f46b798ed2ba7b115": 1, "cF4-Cu-14/e0b25b73/strict-mpb-c/0000/f2b162188cb3d7f89ce286d314d8fdf6": 1, "cF4-Cu-14/e0b25b73/mpb-cF4-Cu-1/0000/ef0b38a2523af5fd44c9d782e4a5f24a": 3, "cF4-Cu-14/e0b25b73/check_runnin/0000/3371d03f197bee262d4f81446790ae40": 1, "cF4-Cu-14/e0b25b73/store_strict/0000/363cbfeacbb41840cb940c739eda31d4": 1}, "mid_gaps": [0.3619911967958498, 0.4637299025068625], "max_gap": 0.030655261271516496, "mid_gap_of_max": 0.4637299025068625, "gap_ranges": [[0.3619625820515373, 0.3620198115401622], [0.4636588237002587, 0.46380098131346637]], "run_me": true, "fill_fraction": 0.276385, "band_nos": [2, 5]}