{"gap": [3.19869403369641], "gap_ranges": [[0.4811254770005064, 0.4967653446851687]], "fill_fraction": 0.176866, "gap_range_of_max": [0.4811254770005064, 0.4967653446851687], "mid_gap_of_max": 0.48894541084283755, "strict_calculated": true, "mid_gaps": [0.48894541084283755], "band_nos": [12], "max_gap": 3.19869403369641}