{"gap_ranges": [[0.775193629308469, 0.7882094481141635]], "max_gap": 1.6650624517320922, "gap": [1.6650624517320922], "gap_range_of_max": [0.775193629308469, 0.7882094481141635], "band_nos": [12], "fill_fraction": 0.327078, "mid_gaps": [0.7817015387113162], "mid_gap_of_max": 0.7817015387113162}