{"mid_gaps": [0.45077216648949975], "fill_fraction": 0.33318, "max_gap": 5.390666609442643, "band_nos": [4], "gap_range_of_max": [0.438622354157694, 0.4629219788213055], "gap_ranges": [[0.438622354157694, 0.4629219788213055]], "gap": [5.390666609442643], "mid_gap_of_max": 0.45077216648949975}