{"band_nos": [2], "fill_fraction": 0.045982, "gap": [8.8384381045227], "gap_ranges": [[0.52325555376639, 0.5716414507945885]], "mid_gap_of_max": 0.5474485022804892, "mid_gaps": [0.5474485022804892], "gap_range_of_max": [0.52325555376639, 0.5716414507945885], "max_gap": 8.8384381045227, "strict_calculated": true}