{"max_gap": 7.5273823947000595, "gap_range_of_max": [0.44548383894617, 0.4803285586588058], "mid_gap_of_max": 0.4629061988024879, "gap_ranges": [[0.44548383894617, 0.4803285586588058]], "mid_gaps": [0.4629061988024879], "gap": [7.5273823947000595], "fill_fraction": 0.330761, "band_nos": [4]}