{"fill_fraction": 0.233799, "mid_gaps": [0.8204047975147881], "mid_gap_of_max": 0.8204047975147881, "strict_calculated": true, "gap_range_of_max": [0.815094649115353, 0.8257149459142231], "max_gap": 1.294519099722612, "band_nos": [16], "_status": {"hP21-CaH12(B/9e273333/store_strict/0000/2dfc4f3d23991088e223179155110449": 1, "hP21-CaH12(B/9e273333/store_fill/0000/10707c9a1a5a872a2a0d16f7cc72abb2": 1, "hP21-CaH12(B/9e273333/store_data/0000/7bf8e28a8be58fb13382bd265c1225a9": 1, "hP21-CaH12(B/9e273333/mpb-hP21-CaH/0000/f882eb83cfe3b2192a8e49f0269d3b35": 1, "hP21-CaH12(B/9e273333/check_runnin/0000/647238d1febd564e33e2913b2bb5f49d": 1, "hP21-CaH12(B/9e273333/strict-mpb-h/0000/913313d92e5d7de5f8ef1976bbb71d23": 1}, "gap_ranges": [[0.815094649115353, 0.8257149459142231]], "gap": [1.294519099722612]}