{
  "structure": "oP24-SnWO4",
  "lattice_vectors": [
    [
      1.0,
      0.0,
      0.0
    ],
    [
      0.0,
      2.07012618,
      0.0
    ],
    [
      0.0,
      0.0,
      0.88809312
    ]
  ],
  "nbands": 20,
  "basis": [
    [
      -0.25,
      -0.4583333333,
      0.2196
    ],
    [
      0.25,
      0.0416666667,
      -0.2804
    ],
    [
      -0.25,
      0.0416666667,
      0.2804
    ],
    [
      0.25,
      -0.4583333333,
      -0.2196
    ],
    [
      0.1677,
      -0.2083333333,
      0.25
    ],
    [
      -0.3323,
      -0.2083333333,
      -0.25
    ],
    [
      0.3323,
      0.2916666667,
      0.25
    ],
    [
      -0.1677,
      0.2916666667,
      -0.25
    ],
    [
      -0.1235,
      -0.1596333333,
      -0.0012
    ],
    [
      0.3765,
      -0.2570333333,
      0.4988
    ],
    [
      -0.3765,
      0.3403666667,
      -0.4988
    ],
    [
      0.1235,
      0.3403666667,
      0.4988
    ],
    [
      -0.1235,
      -0.2570333333,
      -0.4988
    ],
    [
      0.3765,
      -0.1596333333,
      0.0012
    ],
    [
      -0.3765,
      0.2429666667,
      -0.0012
    ],
    [
      0.1235,
      0.2429666667,
      0.0012
    ],
    [
      -0.3981,
      -0.0622333333,
      -0.3963
    ],
    [
      0.1019,
      -0.3544333333,
      0.1037
    ],
    [
      -0.1019,
      0.4377666667,
      -0.1037
    ],
    [
      0.3981,
      0.4377666667,
      0.1037
    ],
    [
      -0.3981,
      -0.3544333333,
      -0.1037
    ],
    [
      0.1019,
      -0.0622333333,
      0.3963
    ],
    [
      -0.1019,
      0.1455666667,
      -0.3963
    ],
    [
      0.3981,
      0.1455666667,
      0.3963
    ]
  ]
}