{"fill_fraction": 0.088562, "gap_range_of_max": [0.849430927512311, 0.8714024881928832], "gap": [2.553595307953478], "max_gap": 2.553595307953478, "mid_gaps": [0.860416707852597], "mid_gap_of_max": 0.860416707852597, "strict_calculated": true, "gap_ranges": [[0.849430927512311, 0.8714024881928832]], "band_nos": [16]}