{"mid_gap_of_max": 0.33733341008621726, "gap_ranges": [[0.3095349430389096, 0.3651318771335249]], "gap": [16.481300823539986], "mid_gaps": [0.33733341008621726], "gap_range_of_max": [0.3095349430389096, 0.3651318771335249], "fill_fraction": 0.4171, "band_nos": [2], "max_gap": 16.481300823539986}