{"band_nos": [4], "gap": [0.32911917443108313], "gap_range_of_max": [0.373720929733427, 0.3749529443702431], "max_gap": 0.32911917443108313, "fill_fraction": 0.273351, "mid_gap_of_max": 0.3743369370518351, "mid_gaps": [0.3743369370518351], "gap_ranges": [[0.373720929733427, 0.3749529443702431]]}