{"fill_fraction": 0.194737, "band_nos": [16], "strict_calculated": true, "gap": [0.4332716677166528], "mid_gap_of_max": 0.7780691317021183, "mid_gaps": [0.7780691317021183], "gap_range_of_max": [0.776383555150661, 0.7797547082535756], "gap_ranges": [[0.776383555150661, 0.7797547082535756]], "max_gap": 0.4332716677166528}