{"max_gap": 0.06160158429215013, "band_nos": [19], "gap_range_of_max": [0.78592951670166, 0.7864138109018238], "mid_gap_of_max": 0.786171663801742, "gap_ranges": [[0.78592951670166, 0.7864138109018238]], "mid_gaps": [0.786171663801742], "strict_calculated": true, "gap": [0.06160158429215013], "fill_fraction": 0.112423}