{"fill_fraction": 0.262814, "gap_ranges": [[0.548211131017811, 0.5542059360929507]], "max_gap": 1.0875747943290806, "mid_gap_of_max": 0.5512085335553809, "strict_calculated": true, "gap_range_of_max": [0.548211131017811, 0.5542059360929507], "gap": [1.0875747943290806], "band_nos": [8], "mid_gaps": [0.5512085335553809]}