{
  "basis": [
    [
      0.375,
      -0.375,
      0.25
    ],
    [
      -0.125,
      -0.375,
      -0.25
    ],
    [
      0.375,
      -0.375,
      -0.25
    ],
    [
      0.375,
      0.125,
      0.25
    ],
    [
      -0.125,
      0.125,
      0.25
    ],
    [
      0.375,
      0.125,
      -0.25
    ],
    [
      -0.125,
      0.125,
      -0.25
    ],
    [
      -0.125,
      -0.375,
      0.25
    ],
    [
      0.175,
      0.332,
      0.183
    ],
    [
      -0.351,
      0.492,
      -0.183
    ],
    [
      0.242,
      0.425,
      -0.157
    ],
    [
      0.082,
      -0.101,
      0.157
    ],
    [
      -0.425,
      -0.082,
      0.317
    ],
    [
      0.101,
      -0.242,
      -0.317
    ],
    [
      -0.492,
      -0.175,
      -0.343
    ],
    [
      -0.332,
      0.351,
      0.343
    ]
  ],
  "lattice_vectors": [
    [
      -0.5141946631,
      0.5141946631,
      0.6864456985
    ],
    [
      0.5141946631,
      -0.5141946631,
      0.6864456985
    ],
    [
      0.5141946631,
      0.5141946631,
      -0.6864456985
    ]
  ],
  "nbands": 20,
  "structure": "tI32-AgO_r"
}