{
  "structure": "tP23-Sr4.5La0.5Mn5O13",
  "nbands": 20,
  "lattice_vectors": [
    [
      1.0,
      0.0,
      0.0
    ],
    [
      0.0,
      1.0,
      0.0
    ],
    [
      0.0,
      0.0,
      0.44447644
    ]
  ],
  "basis": [
    [
      0.0434782609,
      0.0434782609,
      0.2826086957
    ],
    [
      -0.3466217391,
      0.2574782609,
      0.2826086957
    ],
    [
      -0.1705217391,
      -0.3466217391,
      0.2826086957
    ],
    [
      0.4335782609,
      -0.1705217391,
      0.2826086957
    ],
    [
      0.2574782609,
      0.4335782609,
      0.2826086957
    ],
    [
      -0.4565217391,
      -0.4565217391,
      -0.2173913043
    ],
    [
      -0.2560217391,
      -0.0472217391,
      -0.2173913043
    ],
    [
      0.1341782609,
      -0.2560217391,
      -0.2173913043
    ],
    [
      0.3429782609,
      0.1341782609,
      -0.2173913043
    ],
    [
      -0.0472217391,
      0.3429782609,
      -0.2173913043
    ],
    [
      -0.3716217391,
      -0.2504217391,
      -0.2173913043
    ],
    [
      0.3373782609,
      -0.3716217391,
      -0.2173913043
    ],
    [
      0.4585782609,
      0.3373782609,
      -0.2173913043
    ],
    [
      -0.2504217391,
      0.4585782609,
      -0.2173913043
    ],
    [
      -0.0591217391,
      -0.1609217391,
      -0.2173913043
    ],
    [
      0.2478782609,
      -0.0591217391,
      -0.2173913043
    ],
    [
      0.1460782609,
      0.2478782609,
      -0.2173913043
    ],
    [
      -0.1609217391,
      0.1460782609,
      -0.2173913043
    ],
    [
      -0.2714217391,
      -0.0498217391,
      0.2826086957
    ],
    [
      0.1367782609,
      -0.2714217391,
      0.2826086957
    ],
    [
      0.3583782609,
      0.1367782609,
      0.2826086957
    ],
    [
      -0.0498217391,
      0.3583782609,
      0.2826086957
    ],
    [
      -0.4565217391,
      -0.4565217391,
      0.2826086957
    ]
  ]
}