{"gap_ranges": [[0.4987244453431667, 0.5054612742720773]], "gap": [1.3417495981703105], "mid_gap_of_max": 0.502092859807622, "band_nos": [5], "gap_range_of_max": [0.4987244453431667, 0.5054612742720773], "_status": {"hR1-Hg-10/dc1abd7d/strict-mpb-h/0000/45d5533defc095cbed4fa842e0fdefda": 1, "hR1-Hg-10/dc1abd7d/store_strict/0000/5d55ea989e232d029d46e1087021ec4f": 1, "hR1-Hg-10/dc1abd7d/store_data/0000/0c609e3f6add133d3526b0b5ebd231b4": 1, "hR1-Hg-10/dc1abd7d/store_fill/0000/4119ade6acba0af5f64b7c7b9531693a": 1, "hR1-Hg-10/dc1abd7d/check_runnin/0000/5619503d568905ed6a2ca6077bf309ba": 1, "hR1-Hg-10/dc1abd7d/mpb-hR1-Hg-1/0000/65fd06bc81d825799fb1a5cfb9cd384f": 1}, "fill_fraction": 0.227078, "max_gap": 1.3417495981703105, "run_me": true, "mid_gaps": [0.502092859807622]}