{"gap": [0.010540734386792967], "gap_ranges": [[0.258074822038176, 0.2581020264534592]], "band_nos": [4], "max_gap": 0.010540734386792967, "mid_gaps": [0.25808842424581757], "gap_range_of_max": [0.258074822038176, 0.2581020264534592], "mid_gap_of_max": 0.25808842424581757, "fill_fraction": 0.554252}