{"gap_ranges": [[0.378558375851612, 0.392500133272945]], "mid_gaps": [0.3855292545622785], "band_nos": [4], "max_gap": 3.6162644614769515, "gap": [3.6162644614769515], "mid_gap_of_max": 0.3855292545622785, "fill_fraction": 0.213778, "gap_range_of_max": [0.378558375851612, 0.392500133272945]}