{"gap": [20.961431790736107], "_status": {"tP12-PNO/5f359222/store_strict/0000/d27a5783ce8ee14659bd53e650aeeb62": 1, "tP12-PNO/5f359222/mpb-tP12-PNO/0000/c05f149d0c1cb1d833abc4d184335d87": 1, "tP12-PNO/5f359222/strict-mpb-t/0000/2e6f0902f159e1def85fb78468d77932": 1, "tP12-PNO/5f359222/store_fill/0000/734015e881fbadf9c61113baf6167e09": 1, "tP12-PNO/5f359222/store_data/0000/9e0a45e7464b03df1bb49804562bde77": 1, "tP12-PNO/5f359222/check_runnin/0000/b6477a82bb3865f51dca2cfed109c26f": 1}, "band_nos": [4], "strict_calculated": true, "gap_ranges": [[0.2798442108319, 0.34537126900786763]], "mid_gap_of_max": 0.3126077399198838, "fill_fraction": 0.35611, "max_gap": 20.961431790736107, "mid_gaps": [0.3126077399198838], "gap_range_of_max": [0.2798442108319, 0.34537126900786763]}