{"fill_fraction": 0.218217, "gap_range_of_max": [0.705377181751695, 0.7222228958417569], "max_gap": 2.3600046475842884, "band_nos": [16], "gap_ranges": [[0.705377181751695, 0.7222228958417569]], "gap": [2.3600046475842884], "mid_gaps": [0.7138000387967259], "mid_gap_of_max": 0.7138000387967259, "strict_calculated": true}