{"gap_range_of_max": [0.4027685800775185, 0.5301298626777938], "band_nos": [2], "gap_ranges": [[0.4027685800775185, 0.5301298626777938]], "mid_gap_of_max": 0.46644922137765615, "fill_fraction": 0.137186, "mid_gaps": [0.46644922137765615], "max_gap": 27.304426026077216, "gap": [27.304426026077216]}