{"max_gap": 7.0811745270206625, "gap": [7.0811745270206625], "band_nos": [2], "gap_ranges": [[0.2559417100136824, 0.2747306271958974]], "fill_fraction": 0.52778, "mid_gaps": [0.2653361686047899], "gap_range_of_max": [0.2559417100136824, 0.2747306271958974], "mid_gap_of_max": 0.2653361686047899}