{"max_gap": 7.006035695689202, "gap_range_of_max": [0.497403892147723, 0.5335172435276334], "gap": [7.006035695689202], "mid_gaps": [0.5154605678376782], "mid_gap_of_max": 0.5154605678376782, "band_nos": [2], "gap_ranges": [[0.497403892147723, 0.5335172435276334]], "fill_fraction": 0.19371}