{"mid_gap_of_max": 0.35002137087101903, "fill_fraction": 0.324361, "gap": [2.365082913758642], "gap_ranges": [[0.3458822230525319, 0.3541605186895062]], "band_nos": [4], "gap_range_of_max": [0.3458822230525319, 0.3541605186895062], "max_gap": 2.365082913758642, "_status": {"mP12-SiO2_r-/855a0ef5/store_fill/0000/873c159c6c69f09c0e1e9627d3f080c8": 1, "mP12-SiO2_r-/855a0ef5/store_strict/0000/23532093c50240124a03d06b6fc41c87": 1, "mP12-SiO2_r-/855a0ef5/check_runnin/0000/8abec8121b7b4f78cdb293f3b9c65ced": 1, "mP12-SiO2_r-/855a0ef5/store_data/0000/38b031174b71a9c905cfb9e8b9d34dfe": 1, "mP12-SiO2_r-/855a0ef5/mpb-mP12-SiO/0000/c29d69e71d3459e6fd7d7496df4525d8": 6, "mP12-SiO2_r-/855a0ef5/strict-mpb-m/0000/368580c0c1a569aec18b340e0251a893": 1}, "mid_gaps": [0.35002137087101903], "run_me": true}