{"band_nos": [16], "gap_ranges": [[0.655542136864257, 0.6828907046266454]], "mid_gap_of_max": 0.6692164207454512, "mid_gaps": [0.6692164207454512], "fill_fraction": 0.20462, "gap": [4.086655215651148], "max_gap": 4.086655215651148, "gap_range_of_max": [0.655542136864257, 0.6828907046266454]}