{"fill_fraction": 0.258613, "mid_gaps": [0.39918579461382514], "gap_range_of_max": [0.373320942775979, 0.4250506464516713], "gap_ranges": [[0.373320942775979, 0.4250506464516713]], "band_nos": [4], "max_gap": 12.958803738428587, "mid_gap_of_max": 0.39918579461382514, "gap": [12.958803738428587]}