{"band_nos": [8], "fill_fraction": 0.173484, "mid_gap_of_max": 0.6440273093622582, "gap_ranges": [[0.633489946400272, 0.6545646723242444]], "gap_range_of_max": [0.633489946400272, 0.6545646723242444], "gap": [3.272334203473661], "mid_gaps": [0.6440273093622582], "strict_calculated": true, "max_gap": 3.272334203473661}