{"mid_gap_of_max": 0.31850474773430454, "fill_fraction": 0.337226, "gap_range_of_max": [0.281012233430788, 0.35599726203782106], "gap_ranges": [[0.281012233430788, 0.35599726203782106]], "max_gap": 23.54282915417772, "gap": [23.54282915417772], "band_nos": [2], "mid_gaps": [0.31850474773430454]}