{"max_gap": 2.135239228647447, "gap_range_of_max": [0.717403981450632, 0.732887578610729], "mid_gaps": [0.7251457800306804], "gap": [2.135239228647447], "fill_fraction": 0.161136, "band_nos": [16], "gap_ranges": [[0.717403981450632, 0.732887578610729]], "mid_gap_of_max": 0.7251457800306804}