{"gap": [16.64045591947653], "max_gap": 16.64045591947653, "gap_ranges": [[0.3419594017710903, 0.40402718646108104]], "mid_gaps": [0.37299329411608567], "band_nos": [4], "mid_gap_of_max": 0.37299329411608567, "gap_range_of_max": [0.3419594017710903, 0.40402718646108104], "fill_fraction": 0.330196}