{"mid_gaps": [0.3804904030550123], "mid_gap_of_max": 0.3804904030550123, "band_nos": [7], "gap": [0.35055144209959366], "gap_ranges": [[0.379823495757532, 0.3811573103524926]], "gap_range_of_max": [0.379823495757532, 0.3811573103524926], "fill_fraction": 0.4889, "max_gap": 0.35055144209959366}