{"fill_fraction": 0.291759, "mid_gaps": [0.3432807684000553], "gap": [0.5700610628344283], "gap_ranges": [[0.34230231340163, 0.34425922339848053]], "mid_gap_of_max": 0.3432807684000553, "band_nos": [2], "_status": {"tI20-Ga2TeSe/1d563d38/check_runnin/0000/63d793befe1e1459dc114431f4b79760": 1, "tI20-Ga2TeSe/1d563d38/strict-mpb-t/0000/3da7aa5ceedab0de3b6f3bde7351e48d": 1, "tI20-Ga2TeSe/1d563d38/mpb-tI20-Ga2/0000/fc15f81ffe98e743465e174cdf4fc59d": 1, "tI20-Ga2TeSe/1d563d38/store_strict/0000/009abd2d49862328a578f52d162f78bd": 1, "tI20-Ga2TeSe/1d563d38/store_fill/0000/c077a50b6463e4fcaf25075acddb96f0": 1, "tI20-Ga2TeSe/1d563d38/store_data/0000/ecb1c461de7bdcea5443619d99e946b9": 1}, "gap_range_of_max": [0.34230231340163, 0.34425922339848053], "max_gap": 0.5700610628344283}