{
  "basis": [
    [
      0.4288,
      0.38516666666666666,
      -0.3909
    ],
    [
      -0.4288,
      -0.30183333333333334,
      0.3909
    ],
    [
      0.0712,
      -0.30183333333333334,
      -0.3909
    ],
    [
      -0.0712,
      0.38516666666666666,
      0.3909
    ],
    [
      0.0712,
      -0.11483333333333333,
      -0.1091
    ],
    [
      -0.0712,
      0.19816666666666666,
      0.1091
    ],
    [
      0.4288,
      0.19816666666666666,
      -0.1091
    ],
    [
      -0.4288,
      -0.11483333333333333,
      0.1091
    ],
    [
      -0.25,
      -0.4583333333333333,
      0.264
    ],
    [
      0.25,
      -0.4583333333333333,
      -0.264
    ],
    [
      -0.25,
      0.041666666666666664,
      0.236
    ],
    [
      0.25,
      0.041666666666666664,
      -0.236
    ],
    [
      -0.2127,
      -0.20833333333333334,
      -0.25
    ],
    [
      0.2127,
      0.2916666666666667,
      0.25
    ],
    [
      -0.2873,
      0.2916666666666667,
      -0.25
    ],
    [
      0.2873,
      -0.20833333333333334,
      0.25
    ],
    [
      -0.4219,
      -0.043533333333333334,
      -0.3718
    ],
    [
      0.4219,
      0.12686666666666666,
      0.3718
    ],
    [
      -0.0781,
      0.12686666666666666,
      -0.3718
    ],
    [
      0.0781,
      -0.043533333333333334,
      0.3718
    ],
    [
      -0.0781,
      0.4564666666666667,
      -0.1282
    ],
    [
      0.0781,
      -0.3731333333333333,
      0.1282
    ],
    [
      -0.4219,
      -0.3731333333333333,
      -0.1282
    ],
    [
      0.4219,
      0.4564666666666667,
      0.1282
    ]
  ],
  "lattice_vectors": [
    [
      1.0,
      0.0,
      0.0
    ],
    [
      0.0,
      1.9986171534,
      0.0
    ],
    [
      0.0,
      0.0,
      2.3087713832
    ]
  ],
  "nbands": 20,
  "structure": "oP24-GeAsSe_r"
}