{"fill_fraction": 0.237532, "gap_ranges": [[0.3898578801950961, 0.4019026372673306]], "max_gap": 3.0425253107688706, "gap_range_of_max": [0.3898578801950961, 0.4019026372673306], "gap": [3.0425253107688706], "mid_gaps": [0.39588025873121335], "mid_gap_of_max": 0.39588025873121335, "band_nos": [4]}