{"max_gap": 0.09001285801357793, "gap_ranges": [[0.2766205095566, 0.27686961569693186]], "gap": [0.09001285801357793], "_status": {"cP14-C2N4Si-/fb162996/store_data/0000/9472cde994c4b60f07c45c8763485042": 1, "cP14-C2N4Si-/fb162996/mpb-cP14-C2N/0000/bd3743e9a70526effe3cd818bda6a661": 3, "cP14-C2N4Si-/fb162996/check_runnin/0000/7b040bae11d136f1e74ff77ae48c1712": 1, "cP14-C2N4Si-/fb162996/store_strict/0000/b6a3bf33072b82e123a60069c94c8e36": 1, "cP14-C2N4Si-/fb162996/store_fill/0000/0362fe9d7e773ef52e965de56b3fe60b": 1, "cP14-C2N4Si-/fb162996/strict-mpb-c/0000/f7f61c3f2e9712bfb1afd6bcbcde283b": 1}, "fill_fraction": 0.445522, "run_me": true, "gap_range_of_max": [0.2766205095566, 0.27686961569693186], "band_nos": [2], "mid_gap_of_max": 0.2767450626267659, "mid_gaps": [0.2767450626267659]}