{"mid_gaps": [0.5656851271978565], "band_nos": [8], "max_gap": 0.1453402891609998, "gap_ranges": [[0.565274042998051, 0.566096211397662]], "fill_fraction": 0.300502, "gap_range_of_max": [0.565274042998051, 0.566096211397662], "mid_gap_of_max": 0.5656851271978565, "gap": [0.1453402891609998], "strict_calculated": true}