{"band_nos": [4], "fill_fraction": 0.454457, "max_gap": 9.696058568071427, "gap": [9.696058568071427], "gap_ranges": [[0.247951250230302, 0.2732176722094759]], "gap_range_of_max": [0.247951250230302, 0.2732176722094759], "mid_gaps": [0.260584461219889], "strict_calculated": true, "mid_gap_of_max": 0.260584461219889}