{"mid_gaps": [1.0673476794570451], "strict_calculated": true, "gap_range_of_max": [1.067247304925564, 1.0674480539885265], "max_gap": 0.018808216556429128, "fill_fraction": 0.147856, "gap": [0.018808216556429128], "gap_ranges": [[1.067247304925564, 1.0674480539885265]], "mid_gap_of_max": 1.0673476794570451, "band_nos": [4, 6, 10]}