{"gap_range_of_max": [0.403572683080849, 0.41988317275587245], "gap": [3.961472751553724], "fill_fraction": 0.221306, "max_gap": 3.961472751553724, "mid_gaps": [0.4117279279183607], "gap_ranges": [[0.403572683080849, 0.41988317275587245]], "mid_gap_of_max": 0.4117279279183607, "band_nos": [4]}