{"mid_gap_of_max": 0.3193430677359132, "gap": [27.697029621939418], "gap_range_of_max": [0.2751187957027, 0.3635673397691264], "mid_gaps": [0.3193430677359132], "gap_ranges": [[0.2751187957027, 0.3635673397691264]], "max_gap": 27.697029621939418, "fill_fraction": 0.293836, "strict_calculated": true, "band_nos": [2]}