{"mid_gap_of_max": 0.47248127377084226, "mid_gaps": [0.47248127377084226], "max_gap": 3.3802633918346188, "fill_fraction": 0.314466, "gap": [3.3802633918346188], "band_nos": [2], "gap_range_of_max": [0.464495718005567, 0.4804668295361175], "gap_ranges": [[0.464495718005567, 0.4804668295361175]]}