{"mid_gap_of_max": 0.47608818878409087, "max_gap": 0.21147378012007945, "gap": [0.21147378012007945], "gap_ranges": [[0.4755847879393274, 0.4765915896288544]], "fill_fraction": 0.163777, "gap_range_of_max": [0.4755847879393274, 0.4765915896288544], "mid_gaps": [0.47608818878409087], "run_me": true, "band_nos": [4]}