{"mid_gap_of_max": 0.31350704223356973, "mid_gaps": [0.31350704223356973], "gap_ranges": [[0.300445253723806, 0.32656883074333354]], "fill_fraction": 0.422287, "gap_range_of_max": [0.300445253723806, 0.32656883074333354], "band_nos": [2], "max_gap": 8.332692252591938, "gap": [8.332692252591938]}