{"gap_range_of_max": [0.576606612480629, 0.590525543193731], "mid_gap_of_max": 0.5835660778371801, "fill_fraction": 0.259707, "gap_ranges": [[0.576606612480629, 0.590525543193731]], "mid_gaps": [0.5835660778371801], "_status": {"oP24-SiO2_r/e2de5f61/check_runnin/0000/fbc21bbc4421710b32d8498c89cfec86": 1, "oP24-SiO2_r/e2de5f61/mpb-oP24-SiO/0000/8e2bae10963d6ca0f40559dd3064c59a": 1, "oP24-SiO2_r/e2de5f61/store_data/0000/2a0ac41d2914bf548e905bcd19a29d92": 1, "oP24-SiO2_r/e2de5f61/strict-mpb-o/0000/ddc70c94ea609a95a3063bec30a6f3d1": 1, "oP24-SiO2_r/e2de5f61/store_fill/0000/b45d4c2db560d4682a9bcaf2235973aa": 1, "oP24-SiO2_r/e2de5f61/store_strict/0000/ef2752cb364051d21114e5f37059d5c2": 1}, "strict_calculated": true, "gap": [2.3851507552817477], "max_gap": 2.3851507552817477, "band_nos": [12]}