{"max_gap": 29.466747253779978, "mid_gaps": [0.42404880803866185], "gap_range_of_max": [0.36157211278995, 0.4865255032873737], "mid_gap_of_max": 0.42404880803866185, "gap": [29.466747253779978], "gap_ranges": [[0.36157211278995, 0.4865255032873737]], "band_nos": [2], "fill_fraction": 0.17118}