{"band_nos": [16], "mid_gaps": [0.534952129160158], "gap_range_of_max": [0.529903631718812, 0.540000626601504], "gap": [1.8874576494429074], "max_gap": 1.8874576494429074, "gap_ranges": [[0.529903631718812, 0.540000626601504]], "mid_gap_of_max": 0.534952129160158, "run_me": true, "_status": {"cP16-CuCl-12/b26a7dbd/store_strict/0000/652846f1cc8d4fb12279b66e699535ff": 1, "cP16-CuCl-12/b26a7dbd/mpb-cP16-CuC/0000/cb25db4e36b7205e18fbd85e77ca5a79": 1, "cP16-CuCl-12/b26a7dbd/store_data/0000/2fc2b2cf90feee7c693774aba5239c45": 1, "cP16-CuCl-12/b26a7dbd/strict-mpb-c/0000/60e92e5b055b21d99d709f8f2dbd6b55": 1, "cP16-CuCl-12/b26a7dbd/store_fill/0000/55b69731ad8ff0c0f9f0a8f85debe107": 1, "cP16-CuCl-12/b26a7dbd/check_runnin/0000/78cc904575b52febf779c5851abe11f0": 1}, "fill_fraction": 0.489019}