{"mid_gaps": [0.7633021588924317], "strict_calculated": true, "gap": [3.116610651598275], "max_gap": 3.116610651598275, "gap_ranges": [[0.751407580698471, 0.7751967370863924]], "fill_fraction": 0.130051, "gap_range_of_max": [0.751407580698471, 0.7751967370863924], "band_nos": [12], "mid_gap_of_max": 0.7633021588924317}