{"band_nos": [4], "max_gap": 1.9184811388150684, "gap": [1.9184811388150684], "gap_ranges": [[0.299813980188631, 0.3056215635457448]], "gap_range_of_max": [0.299813980188631, 0.3056215635457448], "fill_fraction": 0.436286, "mid_gaps": [0.3027177718671879], "mid_gap_of_max": 0.3027177718671879}