{"gap_range_of_max": [0.4398124890513372, 0.4402652038247759], "mid_gaps": [0.4400388464380566], "band_nos": [4], "max_gap": 0.10288063817620133, "gap": [0.10288063817620133], "mid_gap_of_max": 0.4400388464380566, "fill_fraction": 0.150846, "gap_ranges": [[0.4398124890513372, 0.4402652038247759]]}