{"mid_gap_of_max": 0.2708592287368259, "gap_range_of_max": [0.2642500956676104, 0.27746836180604134], "max_gap": 4.880123967005066, "mid_gaps": [0.2708592287368259], "gap_ranges": [[0.2642500956676104, 0.27746836180604134]], "band_nos": [2], "strict_calculated": true, "fill_fraction": 0.620607, "gap": [4.880123967005066]}