{"gap_range_of_max": [0.4647969056743087, 0.4662403140089248], "strict_calculated": true, "max_gap": 0.3100645826183247, "band_nos": [10], "gap": [0.3100645826183247], "mid_gap_of_max": 0.46551860984161675, "fill_fraction": 0.24347, "mid_gaps": [0.46551860984161675], "gap_ranges": [[0.4647969056743087, 0.4662403140089248]]}