{"mid_gaps": [0.5778716183314347], "gap": [1.3879204101414706], "band_nos": [16], "run_me": true, "gap_ranges": [[0.573861419263816, 0.5818818173990534]], "gap_range_of_max": [0.573861419263816, 0.5818818173990534], "mid_gap_of_max": 0.5778716183314347, "max_gap": 1.3879204101414706, "_status": {"oP16-CdCu2Ge/14b325b3/store_strict/0000/8a232412af3099bebd4269619247d723": 1, "oP16-CdCu2Ge/14b325b3/store_fill/0000/4036b8107779ed320ff969d75eb4c171": 1, "oP16-CdCu2Ge/14b325b3/store_data/0000/ea6f35e71bfe8fb1a87f30ca0b4370cf": 1, "oP16-CdCu2Ge/14b325b3/check_runnin/0000/0e7fef7ba96828f684a0983047f417a0": 1, "oP16-CdCu2Ge/14b325b3/strict-mpb-o/0000/f596e573f06be0d848b942a2250a7abd": 1, "oP16-CdCu2Ge/14b325b3/mpb-oP16-CdC/0000/ed60412d07aa5207f920378920012378": 1}, "fill_fraction": 0.488061}