{"fill_fraction": 0.374857, "mid_gaps": [0.6514761356868348], "gap_ranges": [[0.639932490115116, 0.6630197812585538]], "mid_gap_of_max": 0.6514761356868348, "gap": [3.5438429558278406], "strict_calculated": true, "max_gap": 3.5438429558278406, "gap_range_of_max": [0.639932490115116, 0.6630197812585538], "band_nos": [10]}