{"max_gap": 0.27408426174031253, "band_nos": [4], "mid_gaps": [0.4672802059018534], "gap_range_of_max": [0.46663983515055, 0.46792057665315673], "fill_fraction": 0.262308, "gap": [0.27408426174031253], "run_me": true, "mid_gap_of_max": 0.4672802059018534, "gap_ranges": [[0.46663983515055, 0.46792057665315673]], "_status": {"oC20-O3Pb2_r/5cfdea6d/check_runnin/0000/85e5a205488a6bbdf553f5819efbfb04": 1, "oC20-O3Pb2_r/5cfdea6d/strict-mpb-o/0000/43dbf5c8e1871053aa67d041a02537a0": 1, "oC20-O3Pb2_r/5cfdea6d/store_data/0000/6786789649cbc3771d4c455d971507f1": 1, "oC20-O3Pb2_r/5cfdea6d/mpb-oC20-O3P/0000/b7e768c04051ff5a5b25dd5b6e74a6f0": 7, "oC20-O3Pb2_r/5cfdea6d/store_fill/0000/1292812a702b47519bc7c62a87fc39f2": 1, "oC20-O3Pb2_r/5cfdea6d/store_strict/0000/5f50a7c9cbccfc0f6d367294d7cf87e7": 1}}