{"fill_fraction": 0.410284, "mid_gaps": [0.2940939012167813], "max_gap": 0.09360370726191886, "band_nos": [4], "gap_range_of_max": [0.293956259819596, 0.2942315426139666], "gap": [0.09360370726191886], "mid_gap_of_max": 0.2940939012167813, "gap_ranges": [[0.293956259819596, 0.2942315426139666]]}