{"fill_fraction": 0.367907, "band_nos": [8], "mid_gap_of_max": 0.4147547071860347, "gap_range_of_max": [0.413900711685214, 0.41560870268685546], "mid_gaps": [0.4147547071860347], "strict_calculated": true, "max_gap": 0.4118075026150446, "gap_ranges": [[0.413900711685214, 0.41560870268685546]], "gap": [0.4118075026150446]}