{
  "basis": [
    [
      -0.4772727273,
      0.0227272727,
      0.0454545455
    ],
    [
      0.0227272727,
      -0.4772727273,
      0.0454545455
    ],
    [
      -0.2272727273,
      0.2727272727,
      0.0454545455
    ],
    [
      0.2727272727,
      -0.2272727273,
      0.0454545455
    ],
    [
      -0.4751727273,
      0.0916272727,
      0.3546545455
    ],
    [
      0.2824272727,
      -0.2843727273,
      -0.2637454545
    ],
    [
      0.5206272727,
      0.3298272727,
      0.1122545455
    ],
    [
      -0.2369727273,
      -0.0461727273,
      -0.0213454545
    ],
    [
      0.3298272727,
      -0.2369727273,
      0.3546545455
    ],
    [
      -0.0461727273,
      0.5206272727,
      -0.2637454545
    ],
    [
      0.0916272727,
      0.2824272727,
      0.1122545455
    ],
    [
      -0.2843727273,
      -0.4751727273,
      -0.0213454545
    ],
    [
      -0.3919727273,
      -0.1528727273,
      0.2165545455
    ],
    [
      0.1760272727,
      -0.0630727273,
      -0.1256454545
    ],
    [
      0.4374272727,
      0.1085272727,
      -0.2154454545
    ],
    [
      -0.1305727273,
      0.1983272727,
      0.3063545455
    ],
    [
      0.1085272727,
      -0.1305727273,
      0.2165545455
    ],
    [
      0.1983272727,
      0.4374272727,
      -0.1256454545
    ],
    [
      -0.1528727273,
      0.1760272727,
      -0.2154454545
    ],
    [
      -0.0630727273,
      -0.3919727273,
      0.3063545455
    ],
    [
      -0.3219727273,
      -0.3219727273,
      -0.4545454545
    ],
    [
      0.3674272727,
      0.3674272727,
      -0.4545454545
    ]
  ],
  "lattice_vectors": [
    [
      -0.5122898795,
      0.5122898795,
      0.6892881537
    ],
    [
      0.5122898795,
      -0.5122898795,
      0.6892881537
    ],
    [
      0.5122898795,
      0.5122898795,
      -0.6892881537
    ]
  ],
  "structure": "tI44-Ta2Se8I_r",
  "nbands": 20
}