{"std_lattice": [[1.0, 0.0, 0.0], [0.0, 1.7320508076, 0.0], [0.0, 0.0, 1.2024999857]], "std_positions": [[0.125, 0.042, 0.035], [0.875, 0.042, 0.035], [0.5, 0.417, 0.035], [0.875, 0.958, 0.535], [0.125, 0.958, 0.535], [0.5, 0.583, 0.535], [0.25, 0.917, 0.035], [0.5, 0.667, 0.035], [0.75, 0.917, 0.035], [0.75, 0.083, 0.535], [0.5, 0.333, 0.535], [0.25, 0.083, 0.535], [0.375, 0.792, 0.035], [0.625, 0.792, 0.035], [0.5, 0.917, 0.035], [0.625, 0.208, 0.535], [0.375, 0.208, 0.535], [0.5, 0.083, 0.535], [0.25, 0.167, 0.035], [0.625, 0.042, 0.035], [0.625, 0.292, 0.035], [0.75, 0.833, 0.535], [0.375, 0.958, 0.535], [0.375, 0.708, 0.535], [0.375, 0.292, 0.035], [0.375, 0.042, 0.035], [0.75, 0.167, 0.035], [0.625, 0.708, 0.535], [0.625, 0.958, 0.535], [0.25, 0.833, 0.535], [0.125, 0.042, 0.355], [0.875, 0.042, 0.355], [0.5, 0.417, 0.355], [0.875, 0.958, 0.855], [0.125, 0.958, 0.855], [0.5, 0.583, 0.855], [0.25, 0.917, 0.355], [0.5, 0.667, 0.355], [0.75, 0.917, 0.355], [0.75, 0.083, 0.855], [0.5, 0.333, 0.855], [0.25, 0.083, 0.855], [0.375, 0.792, 0.355], [0.625, 0.792, 0.355], [0.5, 0.917, 0.355], [0.625, 0.208, 0.855], [0.375, 0.208, 0.855], [0.5, 0.083, 0.855], [0.25, 0.167, 0.355], [0.625, 0.042, 0.355], [0.625, 0.292, 0.355], [0.75, 0.833, 0.855], [0.375, 0.958, 0.855], [0.375, 0.708, 0.855], [0.375, 0.292, 0.355], [0.375, 0.042, 0.355], [0.75, 0.167, 0.355], [0.625, 0.708, 0.855], [0.625, 0.958, 0.855], [0.25, 0.833, 0.855], [0.125, 0.042, 0.715], [0.875, 0.042, 0.715], [0.5, 0.417, 0.715], [0.875, 0.958, 0.215], [0.125, 0.958, 0.215], [0.5, 0.583, 0.215], [0.25, 0.917, 0.715], [0.5, 0.667, 0.715], [0.75, 0.917, 0.715], [0.75, 0.083, 0.215], [0.5, 0.333, 0.215], [0.25, 0.083, 0.215], [0.375, 0.792, 0.715], [0.625, 0.792, 0.715], [0.5, 0.917, 0.715], [0.625, 0.208, 0.215], [0.375, 0.208, 0.215], [0.5, 0.083, 0.215], [0.25, 0.167, 0.715], [0.625, 0.042, 0.715], [0.625, 0.292, 0.715], [0.75, 0.833, 0.215], [0.375, 0.958, 0.215], [0.375, 0.708, 0.215], [0.375, 0.292, 0.715], [0.375, 0.042, 0.715], [0.75, 0.167, 0.715], [0.625, 0.708, 0.215], [0.625, 0.958, 0.215], [0.25, 0.833, 0.215], [0.5, 0.167, 0.035], [0.5, 0.833, 0.535], [0.5, 0.167, 0.355], [0.5, 0.833, 0.855], [0.5, 0.167, 0.715], [0.5, 0.833, 0.215], [0.125, 0.042, 0.165], [0.875, 0.042, 0.165], [0.5, 0.417, 0.165], [0.875, 0.958, 0.665], [0.125, 0.958, 0.665], [0.5, 0.583, 0.665], [0.25, 0.917, 0.165], [0.5, 0.667, 0.165], [0.75, 0.917, 0.165], [0.75, 0.083, 0.665], [0.5, 0.333, 0.665], [0.25, 0.083, 0.665], [0.375, 0.792, 0.165], [0.625, 0.792, 0.165], [0.5, 0.917, 0.165], [0.625, 0.208, 0.665], [0.375, 0.208, 0.665], [0.5, 0.083, 0.665], [0.25, 0.167, 0.165], [0.625, 0.042, 0.165], [0.625, 0.292, 0.165], [0.75, 0.833, 0.665], [0.375, 0.958, 0.665], [0.375, 0.708, 0.665], [0.375, 0.292, 0.165], [0.375, 0.042, 0.165], [0.75, 0.167, 0.165], [0.625, 0.708, 0.665], [0.625, 0.958, 0.665], [0.25, 0.833, 0.665], [0.125, 0.042, 0.485], [0.875, 0.042, 0.485], [0.5, 0.417, 0.485], [0.875, 0.958, 0.985], [0.125, 0.958, 0.985], [0.5, 0.583, 0.985], [0.25, 0.917, 0.485], [0.5, 0.667, 0.485], [0.75, 0.917, 0.485], [0.75, 0.083, 0.985], [0.5, 0.333, 0.985], [0.25, 0.083, 0.985], [0.375, 0.792, 0.485], [0.625, 0.792, 0.485], [0.5, 0.917, 0.485], [0.625, 0.208, 0.985], [0.375, 0.208, 0.985], [0.5, 0.083, 0.985], [0.25, 0.167, 0.485], [0.625, 0.042, 0.485], [0.625, 0.292, 0.485], [0.75, 0.833, 0.985], [0.375, 0.958, 0.985], [0.375, 0.708, 0.985], [0.375, 0.292, 0.485], [0.375, 0.042, 0.485], [0.75, 0.167, 0.485], [0.625, 0.708, 0.985], [0.625, 0.958, 0.985], [0.25, 0.833, 0.985], [0.0, 0.0, 0.125], [0.0, 0.0, 0.625], [0.0, 0.0, 0.445], [0.0, 0.0, 0.945], [0.625, 0.542, 0.035], [0.375, 0.542, 0.035], [0.0, 0.917, 0.035], [0.375, 0.458, 0.535], [0.625, 0.458, 0.535], [0.0, 0.083, 0.535], [0.75, 0.417, 0.035], [0.0, 0.167, 0.035], [0.25, 0.417, 0.035], [0.25, 0.583, 0.535], [0.0, 0.833, 0.535], [0.75, 0.583, 0.535], [0.875, 0.292, 0.035], [0.125, 0.292, 0.035], [0.0, 0.417, 0.035], [0.125, 0.708, 0.535], [0.875, 0.708, 0.535], [0.0, 0.583, 0.535], [0.75, 0.667, 0.035], [0.125, 0.542, 0.035], [0.125, 0.792, 0.035], [0.25, 0.333, 0.535], [0.875, 0.458, 0.535], [0.875, 0.208, 0.535], [0.875, 0.792, 0.035], [0.875, 0.542, 0.035], [0.25, 0.667, 0.035], [0.125, 0.208, 0.535], [0.125, 0.458, 0.535], [0.75, 0.333, 0.535], [0.625, 0.542, 0.355], [0.375, 0.542, 0.355], [0.0, 0.917, 0.355], [0.375, 0.458, 0.855], [0.625, 0.458, 0.855], [0.0, 0.083, 0.855], [0.75, 0.417, 0.355], [0.0, 0.167, 0.355], [0.25, 0.417, 0.355], [0.25, 0.583, 0.855], [0.0, 0.833, 0.855], [0.75, 0.583, 0.855], [0.875, 0.292, 0.355], [0.125, 0.292, 0.355], [0.0, 0.417, 0.355], [0.125, 0.708, 0.855], [0.875, 0.708, 0.855], [0.0, 0.583, 0.855], [0.75, 0.667, 0.355], [0.125, 0.542, 0.355], [0.125, 0.792, 0.355], [0.25, 0.333, 0.855], [0.875, 0.458, 0.855], [0.875, 0.208, 0.855], [0.875, 0.792, 0.355], [0.875, 0.542, 0.355], [0.25, 0.667, 0.355], [0.125, 0.208, 0.855], [0.125, 0.458, 0.855], [0.75, 0.333, 0.855], [0.625, 0.542, 0.715], [0.375, 0.542, 0.715], [0.0, 0.917, 0.715], [0.375, 0.458, 0.215], [0.625, 0.458, 0.215], [0.0, 0.083, 0.215], [0.75, 0.417, 0.715], [0.0, 0.167, 0.715], [0.25, 0.417, 0.715], [0.25, 0.583, 0.215], [0.0, 0.833, 0.215], [0.75, 0.583, 0.215], [0.875, 0.292, 0.715], [0.125, 0.292, 0.715], [0.0, 0.417, 0.715], [0.125, 0.708, 0.215], [0.875, 0.708, 0.215], [0.0, 0.583, 0.215], [0.75, 0.667, 0.715], [0.125, 0.542, 0.715], [0.125, 0.792, 0.715], [0.25, 0.333, 0.215], [0.875, 0.458, 0.215], [0.875, 0.208, 0.215], [0.875, 0.792, 0.715], [0.875, 0.542, 0.715], [0.25, 0.667, 0.715], [0.125, 0.208, 0.215], [0.125, 0.458, 0.215], [0.75, 0.333, 0.215], [0.0, 0.667, 0.035], [0.0, 0.333, 0.535], [0.0, 0.667, 0.355], [0.0, 0.333, 0.855], [0.0, 0.667, 0.715], [0.0, 0.333, 0.215], [0.625, 0.542, 0.165], [0.375, 0.542, 0.165], [0.0, 0.917, 0.165], [0.375, 0.458, 0.665], [0.625, 0.458, 0.665], [0.0, 0.083, 0.665], [0.75, 0.417, 0.165], [0.0, 0.167, 0.165], [0.25, 0.417, 0.165], [0.25, 0.583, 0.665], [0.0, 0.833, 0.665], [0.75, 0.583, 0.665], [0.875, 0.292, 0.165], [0.125, 0.292, 0.165], [0.0, 0.417, 0.165], [0.125, 0.708, 0.665], [0.875, 0.708, 0.665], [0.0, 0.583, 0.665], [0.75, 0.667, 0.165], [0.125, 0.542, 0.165], [0.125, 0.792, 0.165], [0.25, 0.333, 0.665], [0.875, 0.458, 0.665], [0.875, 0.208, 0.665], [0.875, 0.792, 0.165], [0.875, 0.542, 0.165], [0.25, 0.667, 0.165], [0.125, 0.208, 0.665], [0.125, 0.458, 0.665], [0.75, 0.333, 0.665], [0.625, 0.542, 0.485], [0.375, 0.542, 0.485], [0.0, 0.917, 0.485], [0.375, 0.458, 0.985], [0.625, 0.458, 0.985], [0.0, 0.083, 0.985], [0.75, 0.417, 0.485], [0.0, 0.167, 0.485], [0.25, 0.417, 0.485], [0.25, 0.583, 0.985], [0.0, 0.833, 0.985], [0.75, 0.583, 0.985], [0.875, 0.292, 0.485], [0.125, 0.292, 0.485], [0.0, 0.417, 0.485], [0.125, 0.708, 0.985], [0.875, 0.708, 0.985], [0.0, 0.583, 0.985], [0.75, 0.667, 0.485], [0.125, 0.542, 0.485], [0.125, 0.792, 0.485], [0.25, 0.333, 0.985], [0.875, 0.458, 0.985], [0.875, 0.208, 0.985], [0.875, 0.792, 0.485], [0.875, 0.542, 0.485], [0.25, 0.667, 0.485], [0.125, 0.208, 0.985], [0.125, 0.458, 0.985], [0.75, 0.333, 0.985], [0.5, 0.5, 0.125], [0.5, 0.5, 0.625], [0.5, 0.5, 0.445], [0.5, 0.5, 0.945]], "site_point_groups": {"a": {"name": "4a", "site_symmetry": ["1", "m"]}, "b": {"name": "8b", "site_symmetry": ["1"]}}, "number": 36,