{"gap": [14.879800275387426], "band_nos": [8], "max_gap": 14.879800275387426, "fill_fraction": 0.433193, "mid_gaps": [0.4482944464350701], "gap_ranges": [[0.414941787297474, 0.4816471055726662]], "gap_range_of_max": [0.414941787297474, 0.4816471055726662], "mid_gap_of_max": 0.4482944464350701}