{"gap_range_of_max": [0.4229323644884081, 0.48447514816017706], "mid_gap_of_max": 0.4537037563242926, "band_nos": [8], "max_gap": 13.564530338113432, "gap_ranges": [[0.4229323644884081, 0.48447514816017706]], "mid_gaps": [0.4537037563242926], "fill_fraction": 0.382172, "gap": [13.564530338113432]}