{"mid_gaps": [0.5599125269638876], "gap": [0.08465412657559776], "_status": {"tI16-VAg3O4-/df4f62ac/store_strict/0000/4c1b575705bfb7e6a41da4606e89cdca": 1, "tI16-VAg3O4-/df4f62ac/store_fill/0000/78fd2788ba1064fbcf963a99bd82a9cc": 1, "tI16-VAg3O4-/df4f62ac/mpb-tI16-VAg/0000/2ab85781f586e3fe3547cfe0c71f5928": 1, "tI16-VAg3O4-/df4f62ac/strict-mpb-t/0000/e44cf536cafa24143e85b65434ce1e24": 1, "tI16-VAg3O4-/df4f62ac/store_data/0000/68929e03b89a5b4b8215f122e0ca1c4b": 1, "tI16-VAg3O4-/df4f62ac/check_runnin/0000/87db8506de415bdd87c971453dbda88c": 1}, "band_nos": [8], "gap_ranges": [[0.559675532434243, 0.5601495214935321]], "gap_range_of_max": [0.559675532434243, 0.5601495214935321], "fill_fraction": 0.567002, "mid_gap_of_max": 0.5599125269638876, "max_gap": 0.08465412657559776}