{"mid_gap_of_max": 0.31280342588270976, "gap": [17.754559626503482], "mid_gaps": [0.31280342588270976], "gap_ranges": [[0.285034990501664, 0.34057186126375555]], "strict_calculated": true, "fill_fraction": 0.325799, "gap_range_of_max": [0.285034990501664, 0.34057186126375555], "band_nos": [4], "max_gap": 17.754559626503482}