{"gap": [18.934006755463457], "gap_ranges": [[0.683390705041042, 0.8263145527940882]], "mid_gaps": [0.7548526289175651], "gap_range_of_max": [0.683390705041042, 0.8263145527940882], "mid_gap_of_max": 0.7548526289175651, "max_gap": 18.934006755463457, "fill_fraction": 0.183881, "band_nos": [8]}