{"band_nos": [16], "strict_calculated": true, "max_gap": 5.41554585612346, "mid_gaps": [0.863503633651169], "gap": [5.41554585612346], "gap_ranges": [[0.840121916026333, 0.8868853512760051]], "gap_range_of_max": [0.840121916026333, 0.8868853512760051], "mid_gap_of_max": 0.863503633651169, "fill_fraction": 0.13629}