{"band_nos": [8], "mid_gaps": [0.46473926590075315], "max_gap": 6.845792516856494, "gap_range_of_max": [0.448831722956789, 0.4806468088447173], "fill_fraction": 0.461322, "mid_gap_of_max": 0.46473926590075315, "gap": [6.845792516856494], "gap_ranges": [[0.448831722956789, 0.4806468088447173]], "strict_calculated": true}