{"max_gap": 3.91693630023347, "gap_range_of_max": [0.4942412026976756, 0.5139870315458188], "mid_gaps": [0.5041141171217471, 0.5947644598408957], "gap": [3.91693630023347, 2.9343081570172243], "mid_gap_of_max": 0.5041141171217471, "_status": {"tI14-Ga2HgSe/da9f2cc4/strict-mpb-t/0000/57e335ef6db053d321dcc76a1237589b": 1, "tI14-Ga2HgSe/da9f2cc4/store_data/0000/417964205e4b24ef23e6a1de92fae647": 1, "tI14-Ga2HgSe/da9f2cc4/store_strict/0000/272fa20de7a06f3c353896d6d0d50cd5": 1, "tI14-Ga2HgSe/da9f2cc4/store_fill/0000/97e079324012dd89fc8a45cc95ad3806": 1, "tI14-Ga2HgSe/da9f2cc4/check_runnin/0000/df124ef79dd277460b6026744e4eb354": 1, "tI14-Ga2HgSe/da9f2cc4/mpb-tI14-Ga2/0000/0f02e591ca704e84af9e7ca074888111": 1}, "fill_fraction": 0.398898, "gap_ranges": [[0.4942412026976756, 0.5139870315458188], [0.58603834881082, 0.6034905708709715]], "band_nos": [8, 11]}