{"mid_gaps": [0.5575094454007719], "fill_fraction": 0.575927, "band_nos": [8], "_status": {"tI16-CoCu2Si/df4f62ac/strict-mpb-t/0000/be87e1698b969e8dad4c43f529f9877e": 1, "tI16-CoCu2Si/df4f62ac/store_data/0000/ee9d7f7105a967048eb9b06096357f54": 1, "tI16-CoCu2Si/df4f62ac/store_strict/0000/47abed46ed46dd622f52d6e71f6b7c2f": 1, "tI16-CoCu2Si/df4f62ac/check_runnin/0000/5224e68181c4baa431e6d60d8cf6ec8b": 1, "tI16-CoCu2Si/df4f62ac/store_fill/0000/1aa37e3962ef6abfefe49ccfe9ce3793": 1, "tI16-CoCu2Si/df4f62ac/mpb-tI16-CoC/0000/e0f1ba41de208a67212efd7233e6b7c4": 1}, "gap_ranges": [[0.547698336588236, 0.5673205542133078]], "gap": [3.51962066059088], "mid_gap_of_max": 0.5575094454007719, "gap_range_of_max": [0.547698336588236, 0.5673205542133078], "max_gap": 3.51962066059088}