{"fill_fraction": 0.231718, "max_gap": 29.042650201965614, "gap_ranges": [[0.326347241759597, 0.43722856740014304]], "gap": [29.042650201965614], "mid_gaps": [0.38178790457987], "gap_range_of_max": [0.326347241759597, 0.43722856740014304], "band_nos": [2], "mid_gap_of_max": 0.38178790457987}