{"gap_range_of_max": [0.538701562785344, 0.6397819742257662], "strict_calculated": true, "mid_gaps": [0.5892417685055551], "gap_ranges": [[0.538701562785344, 0.6397819742257662]], "fill_fraction": 0.067907, "mid_gap_of_max": 0.5892417685055551, "max_gap": 17.154318794606787, "band_nos": [4], "gap": [17.154318794606787]}