{"max_gap": 5.111292987313034, "mid_gap_of_max": 0.484384088336845, "gap": [5.111292987313034], "strict_calculated": true, "mid_gaps": [0.484384088336845], "fill_fraction": 0.241588, "gap_range_of_max": [0.472004943367434, 0.49676323330625594], "gap_ranges": [[0.472004943367434, 0.49676323330625594]], "band_nos": [6]}