{"max_gap": 6.621981812926894, "mid_gap_of_max": 0.7911243841877535, "gap_range_of_max": [0.76493032776848, 0.8173184406070271], "fill_fraction": 0.222495, "gap": [4.256090346170042, 6.621981812926894], "band_nos": [12, 18], "mid_gaps": [0.6426348272732498, 0.7911243841877535], "gap_ranges": [[0.628959267850898, 0.6563103866956016], [0.76493032776848, 0.8173184406070271]]}