{"gap_ranges": [[0.452794516751059, 0.5499350672443521]], "fill_fraction": 0.125041, "gap": [19.375223797872295], "band_nos": [2], "gap_range_of_max": [0.452794516751059, 0.5499350672443521], "mid_gaps": [0.5013647919977056], "max_gap": 19.375223797872295, "mid_gap_of_max": 0.5013647919977056}