{"gap_ranges": [[0.3615825943995067, 0.4057939987129761]], "band_nos": [2], "max_gap": 11.522739867304974, "gap": [11.522739867304974], "mid_gap_of_max": 0.38368829655624137, "fill_fraction": 0.307108, "gap_range_of_max": [0.3615825943995067, 0.4057939987129761], "mid_gaps": [0.38368829655624137]}