{"gap_ranges": [[0.319689884116858, 0.36126211049013673]], "fill_fraction": 0.346049, "max_gap": 12.210031456702525, "band_nos": [2], "mid_gaps": [0.34047599730349737], "mid_gap_of_max": 0.34047599730349737, "gap": [12.210031456702525], "gap_range_of_max": [0.319689884116858, 0.36126211049013673]}