{"gap_range_of_max": [0.6060336918479889, 0.6863249228136196], "gap_ranges": [[0.6060336918479889, 0.6863249228136196], [0.7890583192972126, 0.7959235638437255]], "mid_gaps": [0.6461793073308042, 0.7924909415704691], "band_nos": [8, 14], "fill_fraction": 0.144154, "mid_gap_of_max": 0.6461793073308042, "max_gap": 12.42553422165319, "gap": [12.42553422165319, 0.8662868162137187]}