{"gap": [7.852639198307864], "gap_range_of_max": [0.319749016883, 0.34588389225292626], "fill_fraction": 0.499568, "mid_gap_of_max": 0.33281645456796316, "gap_ranges": [[0.319749016883, 0.34588389225292626]], "max_gap": 7.852639198307864, "band_nos": [2], "mid_gaps": [0.33281645456796316]}