{"band_nos": [2], "max_gap": 4.024949278974729, "mid_gaps": [0.4665464901849928], "gap_ranges": [[0.457157360388601, 0.47593561998138456]], "mid_gap_of_max": 0.4665464901849928, "fill_fraction": 0.266676, "gap_range_of_max": [0.457157360388601, 0.47593561998138456], "gap": [4.024949278974729]}