{"mid_gaps": [0.4501085102765655], "fill_fraction": 0.19371, "max_gap": 18.700122488552186, "gap_range_of_max": [0.4080230889000079, 0.4921939316531232], "mid_gap_of_max": 0.4501085102765655, "band_nos": [2], "gap_ranges": [[0.4080230889000079, 0.4921939316531232]], "gap": [18.700122488552186]}