{
  "basis": [
    [
      -0.197,
      0.197,
      -0.25
    ],
    [
      0.197,
      -0.197,
      0.25
    ],
    [
      -0.135,
      0.135,
      0.441
    ],
    [
      0.135,
      -0.135,
      -0.441
    ],
    [
      0.135,
      -0.135,
      -0.059
    ],
    [
      -0.135,
      0.135,
      0.059
    ],
    [
      0.237,
      -0.237,
      -0.25
    ],
    [
      -0.237,
      0.237,
      0.25
    ],
    [
      -0.047,
      0.047,
      -0.119
    ],
    [
      0.047,
      -0.047,
      0.119
    ],
    [
      0.047,
      -0.047,
      0.381
    ],
    [
      -0.047,
      0.047,
      -0.381
    ],
    [
      -0.309,
      0.309,
      -0.074
    ],
    [
      0.309,
      -0.309,
      0.074
    ],
    [
      0.309,
      -0.309,
      0.426
    ],
    [
      -0.309,
      0.309,
      -0.426
    ]
  ],
  "structure": "oC32-Ta3N5",
  "nbands": 20,
  "lattice_vectors": [
    [
      0.3556748586,
      -0.9346097555,
      0.0
    ],
    [
      0.3556748586,
      0.9346097555,
      0.0
    ],
    [
      0.0,
      0.0,
      1.8784816006
    ]
  ]
}