{"gap_range_of_max": [1.603748782703675, 1.648675057434178], "max_gap": 2.7626334659137552, "gap": [2.7626334659137552], "fill_fraction": 0.139327, "mid_gap_of_max": 1.6262119200689265, "gap_ranges": [[1.603748782703675, 1.648675057434178]], "band_nos": [12], "mid_gaps": [1.6262119200689265]}