{"fill_fraction": 0.433463, "mid_gaps": [0.4663519282313948], "gap": [1.4696179657583155], "gap_range_of_max": [0.4629251323709203, 0.46977872409186927], "mid_gap_of_max": 0.4663519282313948, "max_gap": 1.4696179657583155, "gap_ranges": [[0.4629251323709203, 0.46977872409186927]], "band_nos": [2]}