{"fill_fraction": 0.201516, "gap_ranges": [[0.414060090416289, 0.4259663376603227]], "max_gap": 2.834731586075227, "gap_range_of_max": [0.414060090416289, 0.4259663376603227], "gap": [2.834731586075227], "mid_gaps": [0.4200132140383058], "mid_gap_of_max": 0.4200132140383058, "band_nos": [4]}