{"band_nos": [6], "max_gap": 0.8818603103639437, "mid_gap_of_max": 0.45487927544275153, "fill_fraction": 0.353943, "gap": [0.8818603103639437], "gap_range_of_max": [0.452873575547651, 0.4568849753378521], "gap_ranges": [[0.452873575547651, 0.4568849753378521]], "mid_gaps": [0.45487927544275153]}