{"fill_fraction": 0.21857, "max_gap": 0.3658100383190692, "gap_ranges": [[0.3858374284890132, 0.38725144684456236]], "mid_gaps": [0.3865444376667878], "strict_calculated": true, "gap_range_of_max": [0.3858374284890132, 0.38725144684456236], "gap": [0.3658100383190692], "band_nos": [6], "mid_gap_of_max": 0.3865444376667878}