{"gap_range_of_max": [0.707438739914933, 0.8063606000913416], "gap_ranges": [[0.707438739914933, 0.8063606000913416]], "strict_calculated": true, "band_nos": [11], "fill_fraction": 0.155849, "mid_gaps": [0.7568996700031373], "mid_gap_of_max": 0.7568996700031373, "gap": [13.069349095633548], "max_gap": 13.069349095633548}