{
  "structure": "mC12-V2D_r",
  "nbands": 20,
  "basis": [
    [
      0.28057,
      0.0,
      0.21775
    ],
    [
      0.78057,
      0.5,
      0.21775
    ],
    [
      0.75,
      0.0,
      0.75
    ],
    [
      0.25,
      0.5,
      0.75
    ],
    [
      0.0,
      0.0,
      0.5
    ],
    [
      0.5,
      0.5,
      0.5
    ]
  ],
  "lattice_vectors": [
    [
      1.0,
      0.0,
      0.0
    ],
    [
      0.0,
      0.6753602526,
      0.0
    ],
    [
      -0.0927127232,
      0.0,
      0.9994122306
    ]
  ]
}