{"max_gap": 6.179267491190541, "mid_gaps": [0.5707855947645142], "gap_ranges": [[0.553150410413673, 0.5884207791153554]], "mid_gap_of_max": 0.5707855947645142, "gap_range_of_max": [0.553150410413673, 0.5884207791153554], "band_nos": [2], "fill_fraction": 0.049767, "gap": [6.179267491190541]}