{"mid_gap_of_max": 0.2292829028763154, "gap": [7.0127476433645946], "gap_range_of_max": [0.221243387192267, 0.2373224185603638], "mid_gaps": [0.2292829028763154], "gap_ranges": [[0.221243387192267, 0.2373224185603638]], "max_gap": 7.0127476433645946, "fill_fraction": 0.59803, "strict_calculated": true, "band_nos": [2]}