{"gap": [3.697527642246389], "fill_fraction": 0.224057, "max_gap": 3.697527642246389, "gap_ranges": [[0.51587905744543, 0.5353131180769711]], "_status": {"tP16-FeCuSe2/a9710226/store_data/0000/eb78a7d5770ef4db2073926c245a24a6": 1, "tP16-FeCuSe2/a9710226/store_fill/0000/ce1905900b7b90caf3c545601c6f6853": 1, "tP16-FeCuSe2/a9710226/strict-mpb-t/0000/364797583abba1ff8eedc78025bcf81a": 1, "tP16-FeCuSe2/a9710226/check_runnin/0000/c8fe5a8c24eaf622e2791b7aab0db29a": 1, "tP16-FeCuSe2/a9710226/mpb-tP16-FeC/0000/bb08ed8337a47f7e3ea1542e8ca7eba1": 1, "tP16-FeCuSe2/a9710226/store_strict/0000/969c69c77f3d222da50691d6fdf5311a": 1}, "band_nos": [16], "mid_gap_of_max": 0.5255960877612005, "gap_range_of_max": [0.51587905744543, 0.5353131180769711], "mid_gaps": [0.5255960877612005]}