{
  "lattice_vectors": [
    [
      -0.5012913558,
      0.5012913558,
      0.7052757994
    ],
    [
      0.5012913558,
      -0.5012913558,
      0.7052757994
    ],
    [
      0.5012913558,
      0.5012913558,
      -0.7052757994
    ]
  ],
  "structure": "tI6-Mn2Y",
  "basis": [
    [
      0.25,
      -0.25,
      0.3333333333
    ],
    [
      -0.25,
      -0.25,
      -0.1666666667
    ],
    [
      0.25,
      0.25,
      0.3333333333
    ],
    [
      0.25,
      -0.25,
      -0.1666666667
    ],
    [
      -0.125,
      0.125,
      -0.4166666667
    ],
    [
      -0.375,
      0.375,
      0.0833333333
    ]
  ],
  "nbands": 20
}