{"mid_gap_of_max": 0.7454380727155809, "gap_range_of_max": [0.723973247133902, 0.7669028982972598], "gap": [5.758982903431214], "gap_ranges": [[0.723973247133902, 0.7669028982972598]], "fill_fraction": 0.347013, "max_gap": 5.758982903431214, "band_nos": [12], "mid_gaps": [0.7454380727155809]}