{"mid_gap_of_max": 0.42588780649916597, "mid_gaps": [0.42588780649916597], "gap": [21.961144600054286], "band_nos": [2], "gap_range_of_max": [0.3791228879895253, 0.4726527250088066], "fill_fraction": 0.231718, "max_gap": 21.961144600054286, "gap_ranges": [[0.3791228879895253, 0.4726527250088066]]}