{"gap_ranges": [[0.55208173954802, 0.5722531045516608]], "gap_range_of_max": [0.55208173954802, 0.5722531045516608], "band_nos": [16], "strict_calculated": true, "mid_gap_of_max": 0.5621674220498404, "gap": [3.5881419328941293], "max_gap": 3.5881419328941293, "fill_fraction": 0.339138, "mid_gaps": [0.5621674220498404]}