{"fill_fraction": 0.516534, "max_gap": 4.112163823187168, "mid_gaps": [0.32359694343083456], "band_nos": [2], "gap": [4.112163823187168], "mid_gap_of_max": 0.32359694343083456, "gap_ranges": [[0.316943525210483, 0.33025036165118615]], "gap_range_of_max": [0.316943525210483, 0.33025036165118615]}