{"gap_ranges": [[0.394930447389113, 0.42359773307178444]], "gap": [7.004593456154095], "band_nos": [8], "mid_gap_of_max": 0.40926409023044874, "fill_fraction": 0.583926, "max_gap": 7.004593456154095, "mid_gaps": [0.40926409023044874], "gap_range_of_max": [0.394930447389113, 0.42359773307178444], "strict_calculated": true}