{"_status": {"aP12-FeS2-12/49cd285d/store_data/0000/754952d8fc7feb247fdc776a9e865d8c": 1, "aP12-FeS2-12/49cd285d/check_runnin/0000/0f0f4c42a7519fa480a11d6c57b4f7a6": 1, "aP12-FeS2-12/49cd285d/mpb-aP12-FeS/0000/6df600bb293981b5a2d38aad598ce392": 1, "aP12-FeS2-12/49cd285d/store_fill/0000/3570f08f8c2aa148db46e4162d30be16": 1, "aP12-FeS2-12/49cd285d/strict-mpb-a/0000/f9893af122da4e84ec86de774757c28a": 1, "aP12-FeS2-12/49cd285d/store_strict/0000/4859e5fcda22e3c3f7d69b2d7b1f46dc": 1}, "max_gap": 0.5448815545023343, "gap": [0.5448815545023343], "mid_gaps": [0.5124624292394626], "mid_gap_of_max": 0.5124624292394626, "fill_fraction": 0.528927, "gap_range_of_max": [0.511066272614122, 0.5138585858648033], "run_me": true, "band_nos": [16], "gap_ranges": [[0.511066272614122, 0.5138585858648033]]}