{"international": "Pnma", "wyckoffs": ["c", "c", "c", "c"], "std_lattice": [[1.0, 0.0, 0.0], [0.0, 0.7551450127, 0.0], [0.0, 0.0, 0.6737605301]], "global_point_groups": ["mmm", "1", "-1", "2", "m", "2/m", "222", "mm2"], "site_point_groups": {"c": {"name": "4c", "site_symmetry": ["1", "m"]}}, "equivalent_atoms": [0, 0, 0, 0], "std_positions": [[0.1704, 0.75, 0.8852], [0.8296, 0.25, 0.1148], [0.6704, 0.75, 0.6148], [0.3296, 0.25, 0.3852]], "number": 62}