{"gap_ranges": [[0.442262007362383, 0.4699404329226765]], "gap_range_of_max": [0.442262007362383, 0.4699404329226765], "band_nos": [12], "mid_gap_of_max": 0.45610122014252974, "gap": [6.068483121278168], "max_gap": 6.068483121278168, "fill_fraction": 0.392793, "strict_calculated": true, "mid_gaps": [0.45610122014252974]}