{"max_gap": 2.4160186233943763, "mid_gap_of_max": 0.31648361072635195, "fill_fraction": 0.360199, "mid_gaps": [0.31648361072635195], "gap_ranges": [[0.312660459238782, 0.3203067622139219]], "gap_range_of_max": [0.312660459238782, 0.3203067622139219], "band_nos": [4], "gap": [2.4160186233943763]}