{"mid_gaps": [0.5188662207069675], "fill_fraction": 0.599405, "max_gap": 1.1927146624087615, "mid_gap_of_max": 0.5188662207069675, "gap": [1.1927146624087615], "gap_range_of_max": [0.515771923960638, 0.5219605174532971], "gap_ranges": [[0.515771923960638, 0.5219605174532971]], "band_nos": [12]}