{"mid_gap_of_max": 0.24958921659606098, "gap_range_of_max": [0.245003989423968, 0.25417444376815396], "max_gap": 3.6742189703758923, "mid_gaps": [0.24958921659606098], "gap_ranges": [[0.245003989423968, 0.25417444376815396]], "band_nos": [2], "strict_calculated": true, "fill_fraction": 0.686876, "gap": [3.6742189703758923]}