{"band_nos": [2], "gap_ranges": [[0.340273826960968, 0.3636115907877248]], "gap": [6.631125816301036], "strict_calculated": true, "fill_fraction": 0.175567, "mid_gap_of_max": 0.3519427088743464, "gap_range_of_max": [0.340273826960968, 0.3636115907877248], "max_gap": 6.631125816301036, "mid_gaps": [0.3519427088743464]}