{"gap": [4.552398205145749], "band_nos": [4], "mid_gap_of_max": 0.35817940711370777, "mid_gaps": [0.35817940711370777], "max_gap": 4.552398205145749, "fill_fraction": 0.263074, "gap_ranges": [[0.3500265306633847, 0.36633228356403086]], "gap_range_of_max": [0.3500265306633847, 0.36633228356403086]}