{"gap_range_of_max": [0.674849012051609, 0.7141662308857357], "band_nos": [8], "mid_gap_of_max": 0.6945076214686723, "fill_fraction": 0.298118, "max_gap": 5.661164488156659, "gap": [5.661164488156659], "gap_ranges": [[0.674849012051609, 0.7141662308857357]], "mid_gaps": [0.6945076214686723]}