{"fill_fraction": 0.47222, "gap_range_of_max": [0.268060085023539, 0.29526430600429465], "gap_ranges": [[0.268060085023539, 0.29526430600429465], [0.443614707382804, 0.4483229528953419]], "strict_calculated": true, "gap": [9.658456624297445, 1.0557342115297963], "mid_gap_of_max": 0.2816621955139168, "max_gap": 9.658456624297445, "band_nos": [2, 8], "mid_gaps": [0.2816621955139168, 0.44596883013907296]}