{"gap_range_of_max": [0.59260101005012, 0.6893653805298047], "mid_gap_of_max": 0.6409831952899623, "band_nos": [8], "max_gap": 15.096241397702796, "gap_ranges": [[0.59260101005012, 0.6893653805298047]], "mid_gaps": [0.6409831952899623], "fill_fraction": 0.160085, "gap": [15.096241397702796]}