{"mid_gap_of_max": 0.36381486378660766, "max_gap": 3.494723448854792, "mid_gaps": [0.36381486378660766], "gap": [3.494723448854792], "band_nos": [2], "gap_ranges": [[0.3574577021090228, 0.37017202546419253]], "gap_range_of_max": [0.3574577021090228, 0.37017202546419253], "fill_fraction": 0.458459}