{"mid_gaps": [0.5555735621945421], "band_nos": [18], "max_gap": 2.8805703731401557, "fill_fraction": 0.545762, "gap_range_of_max": [0.547571718477754, 0.5635754059113302], "mid_gap_of_max": 0.5555735621945421, "gap_ranges": [[0.547571718477754, 0.5635754059113302]], "gap": [2.8805703731401557]}