{"gap_range_of_max": [0.331569785138343, 0.36898389508691815], "max_gap": 10.681297095333129, "mid_gaps": [0.3502768401126306], "fill_fraction": 0.462974, "gap_ranges": [[0.331569785138343, 0.36898389508691815]], "band_nos": [2], "mid_gap_of_max": 0.3502768401126306, "gap": [10.681297095333129]}