{"mid_gaps": [0.3042022630459614], "strict_calculated": true, "mid_gap_of_max": 0.3042022630459614, "max_gap": 25.89573923685585, "gap_range_of_max": [0.2648145506504631, 0.34358997544145964], "gap": [25.89573923685585], "gap_ranges": [[0.2648145506504631, 0.34358997544145964]], "fill_fraction": 0.327214, "band_nos": [2]}