{"mid_gaps": [0.6320963469563146], "strict_calculated": true, "fill_fraction": 0.218921, "gap_ranges": [[0.58965278609721, 0.6745399078154191]], "max_gap": 13.429459310587601, "gap_range_of_max": [0.58965278609721, 0.6745399078154191], "mid_gap_of_max": 0.6320963469563146, "gap": [13.429459310587601], "band_nos": [10]}