{"number": 2, "equivalent_atoms": [0, 0, 2, 2, 4, 4, 6, 6, 8, 8, 10, 10, 12, 12, 14, 14], "site_point_groups": {"i": {"name": "2i", "site_symmetry": ["1"]}}, "wyckoffs": ["i", "i", "i", "i", "i", "i", "i", "i", "i", "i", "i", "i", "i", "i", "i", "i"], "global_point_groups": ["-1", "1"], "std_lattice": [[1.0, 0.0, 0.0], [-0.2550146015, 0.9953794845, 0.0], [-0.2779567563, -0.0741303857, 1.2123327788]], "std_positions": [[0.505, 0.504, 0.193], [0.495, 0.496, 0.807], [0.231, 0.686, 0.19], [0.769, 0.314, 0.81], [0.773, 0.815, 0.289], [0.227, 0.185, 0.711], [0.501, 0.979, 0.2], [0.499, 0.021, 0.8], [0.2, 0.19, 0.067], [0.8, 0.81, 0.933], [0.802, 0.343, 0.171], [0.198, 0.657, 0.829], [0.789, 0.819, 0.567], [0.211, 0.181, 0.433], [0.213, 0.683, 0.462], [0.787, 0.317, 0.538]], "international": "P-1"}