{"band_nos": [4, 10], "gap_range_of_max": [0.381487861929, 0.40404194522816883], "mid_gaps": [0.3927649035785844, 0.5082478925881407], "mid_gap_of_max": 0.3927649035785844, "strict_calculated": true, "max_gap": 5.74238764555193, "gap": [5.74238764555193, 1.0741635831047396], "gap_ranges": [[0.381487861929, 0.40404194522816883], [0.505518185701101, 0.5109775994751805]], "fill_fraction": 0.178643}