{"fill_fraction": 0.062561, "max_gap": 15.353198683977814, "gap_ranges": [[0.498330895135272, 0.5812023360575738]], "gap": [15.353198683977814], "mid_gaps": [0.5397666155964229], "gap_range_of_max": [0.498330895135272, 0.5812023360575738], "band_nos": [2], "mid_gap_of_max": 0.5397666155964229}