{"gap": [12.86012301006366, 12.860123010063225], "max_gap": 12.86012301006366, "fill_fraction": 0.482424, "mid_gaps": [0.2886461796395296, 0.2886461796395322], "band_nos": [2], "gap_range_of_max": [0.27008605275678, 0.3072063065222792], "mid_gap_of_max": 0.2886461796395296, "gap_ranges": [[0.27008605275678, 0.3072063065222792], [0.270086052756786, 0.3072063065222784]]}