{
  "basis": [
    [
      0.29625,
      0.04625,
      -0.25
    ],
    [
      -0.14875,
      -0.39875,
      -0.25
    ],
    [
      -0.40375,
      0.17625,
      -0.08
    ],
    [
      0.25625,
      0.17625,
      0.58
    ]
  ],
  "structure": "oI8-AgNO2_r",
  "nbands": 20,
  "lattice_vectors": [
    [
      -0.4010563905,
      0.7016212962,
      0.588966322
    ],
    [
      0.4010563905,
      -0.7016212962,
      0.588966322
    ],
    [
      0.4010563905,
      0.7016212962,
      -0.588966322
    ]
  ]
}