{"max_gap": 0.9539554456196857, "_status": {"oP6-NaO2_r-8/88feb699/strict-mpb-o/0000/ae224f9cd934789d1e1decb1cfbabe31": 1, "oP6-NaO2_r-8/88feb699/store_data/0000/310ec4d98592ab3b4c13b421b41b8fb9": 1, "oP6-NaO2_r-8/88feb699/check_runnin/0000/b4d3fe704ca072fc5542ed78504c8cf0": 1, "oP6-NaO2_r-8/88feb699/store_fill/0000/c57c6c4c926c6182e4478e9501774a85": 1, "oP6-NaO2_r-8/88feb699/mpb-oP6-NaO2/0000/716e9881f5a1f17c6170b69218b43c22": 3, "oP6-NaO2_r-8/88feb699/store_strict/0000/4fbc446c14b6435cec89054ac313e848": 1}, "gap_ranges": [[0.619780031794056, 0.6257207932670105]], "fill_fraction": 0.234505, "gap": [0.9539554456196857], "run_me": true, "mid_gaps": [0.6227504125305332], "mid_gap_of_max": 0.6227504125305332, "band_nos": [8], "gap_range_of_max": [0.619780031794056, 0.6257207932670105]}