{"gap_ranges": [[0.483032566253756, 0.5286818940424434]], "max_gap": 9.024152481782675, "band_nos": [8], "mid_gap_of_max": 0.5058572301480997, "mid_gaps": [0.5058572301480997], "fill_fraction": 0.471975, "gap": [9.024152481782675], "gap_range_of_max": [0.483032566253756, 0.5286818940424434]}