{"mid_gaps": [0.5231038665184076], "fill_fraction": 0.133833, "mid_gap_of_max": 0.5231038665184076, "gap_ranges": [[0.501841259371012, 0.544366473665803]], "strict_calculated": true, "gap": [8.129401638306286], "max_gap": 8.129401638306286, "band_nos": [6], "gap_range_of_max": [0.501841259371012, 0.544366473665803]}