{"mid_gap_of_max": 0.531574795065306, "gap": [16.594924667091806], "gap_range_of_max": [0.4874675766701384, 0.5756820134604737], "mid_gaps": [0.531574795065306], "gap_ranges": [[0.4874675766701384, 0.5756820134604737]], "max_gap": 16.594924667091806, "fill_fraction": 0.061572, "strict_calculated": true, "band_nos": [2]}