{"gap": [4.163392460916204], "gap_ranges": [[0.766278561872636, 0.7988599921532399]], "gap_range_of_max": [0.766278561872636, 0.7988599921532399], "mid_gaps": [0.782569277012938], "mid_gap_of_max": 0.782569277012938, "max_gap": 4.163392460916204, "fill_fraction": 0.181694, "band_nos": [16], "strict_calculated": true}