{"mid_gap_of_max": 0.39311040327744173, "band_nos": [8], "gap_ranges": [[0.3654780056006612, 0.4207428009542223]], "mid_gaps": [0.39311040327744173], "gap": [14.058339563849534], "gap_range_of_max": [0.3654780056006612, 0.4207428009542223], "max_gap": 14.058339563849534, "fill_fraction": 0.496682}