{"max_gap": 4.433883230639215, "gap": [4.433883230639215], "gap_ranges": [[0.355535433549746, 0.37165686217711286]], "mid_gap_of_max": 0.3635961478634294, "gap_range_of_max": [0.355535433549746, 0.37165686217711286], "band_nos": [2], "fill_fraction": 0.423941, "mid_gaps": [0.3635961478634294]}