{"mid_gap_of_max": 0.5356126705439543, "gap": [4.518941474163302], "mid_gaps": [0.5356126705439543], "gap_ranges": [[0.523510658988912, 0.5477146820989967]], "band_nos": [16], "fill_fraction": 0.274155, "gap_range_of_max": [0.523510658988912, 0.5477146820989967], "max_gap": 4.518941474163302}