{"fill_fraction": 0.329177, "mid_gaps": [0.6335188056418342], "mid_gap_of_max": 0.6335188056418342, "band_nos": [8], "gap": [8.749791585287989], "max_gap": 8.749791585287989, "gap_ranges": [[0.6058030180682, 0.6612345932154683]], "gap_range_of_max": [0.6058030180682, 0.6612345932154683]}