{"gap_ranges": [[0.2979989215176515, 0.3464022205859726]], "gap": [15.022722930102267], "mid_gaps": [0.32220057105181205], "fill_fraction": 0.383899, "gap_range_of_max": [0.2979989215176515, 0.3464022205859726], "band_nos": [2], "max_gap": 15.022722930102267, "mid_gap_of_max": 0.32220057105181205}