{"fill_fraction": 0.415949, "gap_range_of_max": [0.717507935478413, 0.7181193412698278], "mid_gaps": [0.7178136383741204], "max_gap": 0.08517611796832637, "band_nos": [12], "gap": [0.08517611796832637], "gap_ranges": [[0.717507935478413, 0.7181193412698278]], "_status": {"tI40-BeSO8_r/b1a5272b/store_data/0000/8ff89f4cb5fa2456c8f8cb4e2b5716c7": 1, "tI40-BeSO8_r/b1a5272b/check_runnin/0000/dee8c4e0c664e90e6bfb530920c86a6f": 1, "tI40-BeSO8_r/b1a5272b/store_strict/0000/10a855c9a176bd638a5bd66d6f3542cd": 1, "tI40-BeSO8_r/b1a5272b/mpb-tI40-BeS/0000/5de91069adc27b9812cfd9a4131d973c": 1, "tI40-BeSO8_r/b1a5272b/store_fill/0000/4184a8a65c1ad75676ca33bb24d5843b": 1, "tI40-BeSO8_r/b1a5272b/strict-mpb-t/0000/fd605c2035945292dd3f45c6dd9ea8c7": 1}, "mid_gap_of_max": 0.7178136383741204}