{"faces": [[[-0.5513277839521561, 0.07544011307208816], [-0.7015957104314003, 0.0037481197762175675], [-0.38836483683375256, 0.5525300828603757], [-0.2380969103545084, 0.6242220761562464]], [[-0.38836483683375256, 0.5525300828603757], [-0.2380969103545084, 0.6242220761562464], [0.3883648368337524, 0.5846279597471383], [0.2380969103545081, 0.5129359664512675]], [[-0.7015957104314003, 0.0037481197762175675], [-0.5513277839521561, 0.07544011307208816], [-0.2380969103545084, -0.5129359664512675], [-0.38836483683375267, -0.5846279597471383]], [[-0.38836483683375267, -0.5846279597471383], [-0.7015957104314003, 0.0037481197762175675], [-0.38836483683375256, 0.5525300828603757], [0.2380969103545081, 0.5129359664512675], [0.551327783952156, -0.07544011307208817], [0.2380969103545081, -0.6242220761562463]], [[-0.38836483683375267, -0.5846279597471383], [-0.2380969103545084, -0.5129359664512675], [0.38836483683375234, -0.552530082860376], [0.2380969103545081, -0.6242220761562463]], [[-0.2380969103545084, -0.5129359664512675], [-0.5513277839521561, 0.07544011307208816], [-0.2380969103545084, 0.6242220761562464], [0.3883648368337524, 0.5846279597471383], [0.7015957104313999, -0.0037481197762175354], [0.38836483683375234, -0.552530082860376]], [[0.2380969103545081, 0.5129359664512675], [0.3883648368337524, 0.5846279597471383], [0.7015957104313999, -0.0037481197762175354], [0.551327783952156, -0.07544011307208817]], [[0.38836483683375234, -0.552530082860376], [0.2380969103545081, -0.6242220761562463], [0.551327783952156, -0.07544011307208817], [0.7015957104313999, -0.0037481197762175354]]], "labels": {"GAMMA": [0.0, 0.0], "M": [0.4698463103929542, 0.2545939233375251], "K": [0.3132308735953027, 0.5487819630941881], "A": [-0.0751339632396221, -0.035845996647935294], "L": [0.39471234715333214, 0.2187479266895898], "H": [0.23809691035568062, 0.5129359664462527]}, "label_positions": {"GAMMA": [0.05, 0.05], "M": [0.5198463103929543, 0.3045939233375251], "K": [0.3632308735953027, 0.5987819630941882], "A": [-0.0751339632396221, 0.014154003352064709], "L": [0.44471234715333213, 0.2687479266895898], "H": [0.28809691035568064, 0.5629359664462528]}, "zorder": [0, 1, 0, 1, 0, 0, 1, 1]}