{"max_gap": 0.20720809870286883, "gap_ranges": [[0.354703908453482, 0.3554396459320342]], "gap": [0.20720809870286883], "band_nos": [2], "gap_range_of_max": [0.354703908453482, 0.3554396459320342], "mid_gaps": [0.35507177719275806], "mid_gap_of_max": 0.35507177719275806, "fill_fraction": 0.501893}