{"gap_range_of_max": [0.62603185114196, 0.6380441883124186], "gap_ranges": [[0.62603185114196, 0.6380441883124186]], "band_nos": [8], "fill_fraction": 0.348692, "mid_gaps": [0.6320380197271893], "mid_gap_of_max": 0.6320380197271893, "gap": [1.900571926928935], "max_gap": 1.900571926928935}