{"gap_range_of_max": [0.33020828767123, 0.36603991507615935], "max_gap": 10.292774118061002, "fill_fraction": 0.373911, "band_nos": [2], "gap": [10.292774118061002], "mid_gap_of_max": 0.34812410137369465, "gap_ranges": [[0.33020828767123, 0.36603991507615935]], "mid_gaps": [0.34812410137369465]}