{"mid_gap_of_max": 0.8252118316921446, "gap": [0.33424757671341837], "mid_gaps": [0.8252118316921446], "gap_range_of_max": [0.82383270641705, 0.8265909569672394], "max_gap": 0.33424757671341837, "fill_fraction": 0.12195, "gap_ranges": [[0.82383270641705, 0.8265909569672394]], "strict_calculated": true, "band_nos": [16]}