{"mid_gap_of_max": 0.6383372865555259, "gap_range_of_max": [0.603888597345879, 0.6727859757651729], "fill_fraction": 0.360569, "max_gap": 10.793256146928838, "mid_gaps": [0.6383372865555259], "band_nos": [8], "gap": [10.793256146928838], "gap_ranges": [[0.603888597345879, 0.6727859757651729]]}