{"gap_range_of_max": [0.626388720976909, 0.6412692800742472], "mid_gap_of_max": 0.6338290005255781, "fill_fraction": 0.211481, "gap_ranges": [[0.626388720976909, 0.6412692800742472]], "mid_gaps": [0.6338290005255781], "_status": {"oP24-SiO2_r/5f359222/check_runnin/0000/e030297dfcb1a35faa05d39593237313": 1, "oP24-SiO2_r/5f359222/store_data/0000/01d35e622da11dff35eb8da59149fdf2": 1, "oP24-SiO2_r/5f359222/strict-mpb-o/0000/93c530873f091d4cee4485f7a3edda69": 1, "oP24-SiO2_r/5f359222/mpb-oP24-SiO/0000/7a5741f3da4acec89ce9ab3327faef65": 1, "oP24-SiO2_r/5f359222/store_fill/0000/e2c533a040881321fe24b3a25ec094b4": 1, "oP24-SiO2_r/5f359222/store_strict/0000/87043010cec08c9d71b5084a52382b4c": 1}, "strict_calculated": true, "gap": [2.3477245574119214], "max_gap": 2.3477245574119214, "band_nos": [12]}