{"band_nos": [4], "mid_gap_of_max": 0.36322164020150294, "fill_fraction": 0.449041, "gap": [1.4995633471413246], "gap_ranges": [[0.3604982709088293, 0.36594500949417663]], "max_gap": 1.4995633471413246, "gap_range_of_max": [0.3604982709088293, 0.36594500949417663], "mid_gaps": [0.36322164020150294]}