{"band_nos": [2], "gap_ranges": [[0.413945456876129, 0.44357514909964246]], "max_gap": 6.910549324886957, "gap": [6.910549324886957], "mid_gap_of_max": 0.4287603029878857, "strict_calculated": true, "gap_range_of_max": [0.413945456876129, 0.44357514909964246], "fill_fraction": 0.227916, "mid_gaps": [0.4287603029878857]}