{
  "basis": [
    [
      0.0,
      0.0,
      0.0
    ],
    [
      0.3333333333333333,
      0.5,
      0.5
    ],
    [
      0.0,
      0.5,
      0.0
    ],
    [
      0.3333333333333333,
      0.0,
      0.5
    ],
    [
      0.5,
      0.25,
      0.0
    ],
    [
      0.5,
      0.75,
      0.0
    ],
    [
      0.8333333333333334,
      0.25,
      0.5
    ],
    [
      0.8333333333333334,
      0.75,
      0.5
    ]
  ],
  "structure": "oC16-AlCu3",
  "nbands": 20,
  "lattice_vectors": [
    [
      1.0,
      0.0,
      0.0
    ],
    [
      0.0,
      1.1526548806,
      0.0
    ],
    [
      0.0,
      0.0,
      0.9358407161
    ]
  ]
}