{"mid_gap_of_max": 0.3549760188511309, "gap_ranges": [[0.34909902202077, 0.3608530156814918]], "fill_fraction": 0.346881, "mid_gaps": [0.3549760188511309], "gap": [3.3112078102510116], "gap_range_of_max": [0.34909902202077, 0.3608530156814918], "band_nos": [2], "max_gap": 3.3112078102510116}