{"gap": [0.2614072630824491], "mid_gaps": [0.4373468386999477], "gap_ranges": [[0.436775210499336, 0.4379184669005595]], "fill_fraction": 0.367907, "band_nos": [8], "max_gap": 0.2614072630824491, "gap_range_of_max": [0.436775210499336, 0.4379184669005595], "mid_gap_of_max": 0.4373468386999477}