{"gap": [4.890427264890289], "max_gap": 4.890427264890289, "fill_fraction": 0.146764, "gap_range_of_max": [0.3585735746085046, 0.3765488893114418], "gap_ranges": [[0.3585735746085046, 0.3765488893114418]], "mid_gap_of_max": 0.3675612319599732, "band_nos": [4], "mid_gaps": [0.3675612319599732]}