{"gap": [3.9723845314238733], "gap_range_of_max": [0.4536368391735245, 0.47202220756674257], "fill_fraction": 0.326589, "max_gap": 3.9723845314238733, "mid_gaps": [0.4628295233701335], "gap_ranges": [[0.4536368391735245, 0.47202220756674257]], "mid_gap_of_max": 0.4628295233701335, "band_nos": [2]}