{"band_nos": [4], "mid_gap_of_max": 0.39791395936614105, "max_gap": 1.4861654650770149, "_status": {"tP12-PNO-6/4fb2c158/mpb-tP12-PNO/0000/fe6a9d1929063685ca700339113d35f5": 1, "tP12-PNO-6/4fb2c158/store_fill/0000/d85b8a4c9fb635f398caf0586366c84d": 1, "tP12-PNO-6/4fb2c158/check_runnin/0000/d38402f09959910526b507e90d252390": 1, "tP12-PNO-6/4fb2c158/strict-mpb-t/0000/646d92701abfbe444b672f8674a5126f": 1, "tP12-PNO-6/4fb2c158/store_strict/0000/e67c0689a5270bf7c8817feff938c4e0": 1, "tP12-PNO-6/4fb2c158/store_data/0000/749e42c4eeae31c8c916f1b33dd9d2d0": 1}, "gap": [1.4861654650770149], "mid_gaps": [0.39791395936614105], "fill_fraction": 0.463573, "gap_ranges": [[0.3949571294437309, 0.40087078928855113]], "gap_range_of_max": [0.3949571294437309, 0.40087078928855113]}