{"mid_gap_of_max": 0.2885589598099805, "band_nos": [2], "gap": [18.716776544226597], "fill_fraction": 0.418966, "gap_ranges": [[0.261554491956991, 0.3155634276629699]], "gap_range_of_max": [0.261554491956991, 0.3155634276629699], "max_gap": 18.716776544226597, "mid_gaps": [0.2885589598099805]}