{"gap_ranges": [[0.518793467585318, 0.5338953893854962]], "mid_gap_of_max": 0.5263444284854071, "gap_range_of_max": [0.518793467585318, 0.5338953893854962], "gap": [2.869209016543543], "mid_gaps": [0.5263444284854071], "fill_fraction": 0.321901, "max_gap": 2.869209016543543, "band_nos": [12]}