{"gap_range_of_max": [0.2384380404745641, 0.24602685151461703], "strict_calculated": true, "max_gap": 3.1328631508854, "gap_ranges": [[0.2384380404745641, 0.24602685151461703]], "mid_gap_of_max": 0.24223244599459057, "band_nos": [2], "gap": [3.1328631508854], "mid_gaps": [0.24223244599459057], "fill_fraction": 0.576059}