{"mid_gaps": [0.5435056587915205], "mid_gap_of_max": 0.5435056587915205, "band_nos": [7], "gap": [9.12180339816443], "gap_ranges": [[0.51871689996509, 0.568294417617951]], "gap_range_of_max": [0.51871689996509, 0.568294417617951], "fill_fraction": 0.20579, "max_gap": 9.12180339816443}