{"gap": [13.422706632126113], "max_gap": 13.422706632126113, "gap_ranges": [[0.567456877843427, 0.6491046181464932]], "mid_gaps": [0.6082807479949601], "band_nos": [4], "mid_gap_of_max": 0.6082807479949601, "gap_range_of_max": [0.567456877843427, 0.6491046181464932], "fill_fraction": 0.067503}