{"strict_calculated": true, "gap_ranges": [[0.44765575007296, 0.473701828821984]], "band_nos": [8], "gap": [5.6538480489311995], "mid_gaps": [0.460678789447472], "mid_gap_of_max": 0.460678789447472, "max_gap": 5.6538480489311995, "fill_fraction": 0.569784, "gap_range_of_max": [0.44765575007296, 0.473701828821984]}