{"gap_range_of_max": [0.748597768563599, 0.8030465962481673], "band_nos": [8], "mid_gaps": [0.7758221824058832], "max_gap": 7.018209703120114, "gap": [7.018209703120114], "fill_fraction": 0.254159, "mid_gap_of_max": 0.7758221824058832, "gap_ranges": [[0.748597768563599, 0.8030465962481673]]}