{"faces": [[[0.20653956530463868, 0.5773502691792515], [0.4199221818972239, 0.5773502691792514], [0.7331530554812696, 0.0], [0.5197704388886847, 0.0]], [[-0.41992218189722336, 0.5773502691792515], [-0.20653956530463824, 0.5773502691792515], [0.20653956530463868, 0.5773502691792515], [0.4199221818972239, 0.5773502691792514]], [[-0.20653956530463824, -0.5773502691792517], [-0.5197704388886842, 0.0], [-0.20653956530463824, 0.5773502691792515], [0.4199221818972239, 0.5773502691792514], [0.7331530554812696, 0.0], [0.41992218189722363, -0.5773502691792517]], [[-0.5197704388886842, 0.0], [-0.7331530554812695, 0.0], [-0.41992218189722336, 0.5773502691792515], [-0.20653956530463824, 0.5773502691792515]], [[-0.7331530554812695, 0.0], [-0.5197704388886842, 0.0], [-0.20653956530463824, -0.5773502691792517], [-0.4199221818972233, -0.5773502691792517]], [[-0.4199221818972233, -0.5773502691792517], [-0.7331530554812695, 0.0], [-0.41992218189722336, 0.5773502691792515], [0.20653956530463868, 0.5773502691792515], [0.5197704388886847, 0.0], [0.20653956530463843, -0.5773502691792517]], [[0.41992218189722363, -0.5773502691792517], [0.20653956530463843, -0.5773502691792517], [0.5197704388886847, 0.0], [0.7331530554812696, 0.0]], [[-0.4199221818972233, -0.5773502691792517], [-0.20653956530463824, -0.5773502691792517], [0.20653956530463843, -0.5773502691792517], [0.41992218189722363, -0.5773502691792517]]], "labels": {"GAMMA": [0.0, 0.0], "M": [0.46984631039295405, 0.28867513458962574], "K": [0.3132308735953027, 0.5773502691792515], "A": [-0.10669130829629257, 0.0], "L": [0.3631550020966615, 0.28867513458962574], "H": [0.2065395652990101, 0.5773502691792515]}, "label_positions": {"GAMMA": [0.05, 0.05], "M": [0.519846310392954, 0.3386751345896257], "K": [0.3632308735953027, 0.6273502691792515], "A": [-0.10669130829629257, 0.05], "L": [0.4131550020966615, 0.3386751345896257], "H": [0.2565395652990101, 0.6273502691792515]}, "zorder": [1, 0, 0, 0, 0, 1, 1, 1]}
