{"gap_ranges": [[0.254700607813211, 0.26931374537493097]], "fill_fraction": 0.59803, "gap": [5.5773806472328955], "mid_gap_of_max": 0.262007176594071, "max_gap": 5.5773806472328955, "gap_range_of_max": [0.254700607813211, 0.26931374537493097], "mid_gaps": [0.262007176594071], "band_nos": [2]}