{"gap": [0.660350282247475], "gap_range_of_max": [0.524619913369954, 0.528095718693752], "mid_gap_of_max": 0.5263578160318529, "max_gap": 0.660350282247475, "_status": {"hP3-Se-14/5c538112/check_runnin/0000/eb975df0d4b5d5b28aaf0a67bb045474": 1, "hP3-Se-14/5c538112/store_fill/0000/33e5aa00346cb726b7b459680f96141c": 1, "hP3-Se-14/5c538112/strict-mpb-h/0000/1da5ba9613a07e0a78af4bb19dd9af3b": 1, "hP3-Se-14/5c538112/store_data/0000/f206ddba099264a57ef3a853b718a50b": 1, "hP3-Se-14/5c538112/mpb-hP3-Se-1/0000/30e383b4102515b798b4c31463143688": 6, "hP3-Se-14/5c538112/store_strict/0000/b01621e8d7ef6bbb3b704ea7a5811bf4": 1}, "fill_fraction": 0.372542, "mid_gaps": [0.5263578160318529], "gap_ranges": [[0.524619913369954, 0.528095718693752]], "run_me": true, "band_nos": [15]}