{"fill_fraction": 0.38973, "mid_gaps": [0.9378917388661429], "gap_range_of_max": [0.869426020627809, 1.0063574571044767], "max_gap": 14.599919244646427, "gap": [14.599919244646427], "band_nos": [12], "mid_gap_of_max": 0.9378917388661429, "gap_ranges": [[0.869426020627809, 1.0063574571044767]]}