{"mid_gap_of_max": 0.47796441092655273, "band_nos": [5], "mid_gaps": [0.47796441092655273], "fill_fraction": 0.177239, "gap": [1.8614774287974933], "max_gap": 1.8614774287974933, "gap_range_of_max": [0.473515811113011, 0.48241301074009446], "gap_ranges": [[0.473515811113011, 0.48241301074009446]]}