{"mid_gap_of_max": 0.6900596219866785, "gap_range_of_max": [0.67784183341512, 0.7022774105582369], "gap": [3.5410820115457304], "gap_ranges": [[0.67784183341512, 0.7022774105582369]], "fill_fraction": 0.439923, "max_gap": 3.5410820115457304, "band_nos": [12], "mid_gaps": [0.6900596219866785]}