{"gap": [0.49002359278382934], "band_nos": [4], "fill_fraction": 0.514422, "mid_gap_of_max": 0.34581732673968846, "mid_gaps": [0.34581732673968846], "max_gap": 0.49002359278382934, "gap_ranges": [[0.344970033495209, 0.3466646199841679]], "gap_range_of_max": [0.344970033495209, 0.3466646199841679]}