{"band_nos": [4], "gap": [0.34565849632002876], "gap_range_of_max": [0.423505374989435, 0.4249717916974295], "max_gap": 0.34565849632002876, "fill_fraction": 0.187295, "mid_gap_of_max": 0.42423858334343223, "mid_gaps": [0.42423858334343223], "gap_ranges": [[0.423505374989435, 0.4249717916974295]]}