{"strict_calculated": true, "gap": [24.66999682772771], "gap_range_of_max": [0.3004366389633798, 0.38498316033516405], "mid_gaps": [0.3427098996492719], "max_gap": 24.66999682772771, "band_nos": [2], "gap_ranges": [[0.3004366389633798, 0.38498316033516405]], "fill_fraction": 0.2774, "mid_gap_of_max": 0.3427098996492719}