{"band_nos": [12], "strict_calculated": true, "fill_fraction": 0.167752, "gap_range_of_max": [0.675986505012398, 0.7168954646530754], "gap_ranges": [[0.675986505012398, 0.7168954646530754]], "gap": [5.874002324906558], "max_gap": 5.874002324906558, "mid_gaps": [0.6964409848327366], "mid_gap_of_max": 0.6964409848327366}