{"gap_range_of_max": [0.2309639171122234, 0.23771687653142093], "band_nos": [2], "gap_ranges": [[0.2309639171122234, 0.23771687653142093]], "mid_gap_of_max": 0.23434039682182217, "fill_fraction": 0.651923, "mid_gaps": [0.23434039682182217], "max_gap": 2.8816881386148774, "gap": [2.8816881386148774]}