{"gap_range_of_max": [0.79418106460082, 0.8471705498017733], "gap_ranges": [[0.696711466455661, 0.702108419419582], [0.79418106460082, 0.8471705498017733]], "band_nos": [8, 11], "fill_fraction": 0.202046, "mid_gaps": [0.6994099429376215, 0.8206758072012967], "mid_gap_of_max": 0.8206758072012967, "gap": [0.7716437288913826, 6.45681092777161], "max_gap": 6.45681092777161}