{"mid_gaps": [0.41940971221940326], "mid_gap_of_max": 0.41940971221940326, "band_nos": [7], "gap": [5.4289518803176415], "gap_ranges": [[0.4080249364905182, 0.43079448794828834]], "gap_range_of_max": [0.4080249364905182, 0.43079448794828834], "fill_fraction": 0.391067, "max_gap": 5.4289518803176415}