{"mid_gap_of_max": 0.7025442441035297, "gap_range_of_max": [0.656298009064443, 0.7487904791426163], "fill_fraction": 0.280021, "max_gap": 13.165358744942232, "mid_gaps": [0.7025442441035297], "band_nos": [8], "gap": [13.165358744942232], "gap_ranges": [[0.656298009064443, 0.7487904791426163]]}