{"max_gap": 3.0905840056528815, "gap": [3.0905840056528815], "mid_gaps": [0.31525344383064235], "fill_fraction": 0.500432, "gap_range_of_max": [0.3103818575744925, 0.3201250300867923], "gap_ranges": [[0.3103818575744925, 0.3201250300867923]], "mid_gap_of_max": 0.31525344383064235, "band_nos": [2]}