{"band_nos": [2], "mid_gaps": [0.28392751585263976], "max_gap": 10.687156158391332, "gap": [10.687156158391332], "mid_gap_of_max": 0.28392751585263976, "strict_calculated": true, "gap_range_of_max": [0.2687556273547333, 0.29909940435054627], "fill_fraction": 0.473476, "gap_ranges": [[0.2687556273547333, 0.29909940435054627]]}