{"fill_fraction": 0.290403, "gap": [0.6022758419802223], "band_nos": [18], "mid_gap_of_max": 0.5875748637165145, "mid_gaps": [0.5875748637165145], "run_me": true, "gap_range_of_max": [0.585805452987658, 0.589344274445371], "max_gap": 0.6022758419802223, "gap_ranges": [[0.585805452987658, 0.589344274445371]]}