{"gap_range_of_max": [0.4922570074130366, 0.5624630677409588], "gap_ranges": [[0.4922570074130366, 0.5624630677409588]], "mid_gap_of_max": 0.5273600375769977, "gap": [13.312738039554553], "fill_fraction": 0.374405, "band_nos": [12], "strict_calculated": true, "mid_gaps": [0.5273600375769977], "max_gap": 13.312738039554553}