{"gap_range_of_max": [0.312202532173263, 0.3569265371208771], "gap": [13.367826029376479], "mid_gaps": [0.33456453464707003], "max_gap": 13.367826029376479, "mid_gap_of_max": 0.33456453464707003, "gap_ranges": [[0.312202532173263, 0.3569265371208771]], "fill_fraction": 0.286159, "band_nos": [4]}