{"gap": [3.746958487471395], "max_gap": 3.746958487471395, "gap_ranges": [[0.4134300041205989, 0.4292168174201637]], "gap_range_of_max": [0.4134300041205989, 0.4292168174201637], "mid_gap_of_max": 0.42132341077038127, "mid_gaps": [0.42132341077038127], "band_nos": [4], "fill_fraction": 0.168273}