{
  "basis": [
    [
      0.0,
      0.0,
      0.0
    ],
    [
      0.5,
      0.0,
      0.5
    ],
    [
      0.0,
      0.5,
      0.0
    ],
    [
      0.0,
      0.0,
      0.5
    ],
    [
      0.2,
      0.26,
      0.125
    ],
    [
      0.8,
      0.74,
      0.125
    ],
    [
      0.8,
      0.26,
      0.875
    ],
    [
      0.2,
      0.74,
      0.875
    ],
    [
      0.74,
      0.8,
      0.63
    ],
    [
      0.26,
      0.2,
      0.63
    ],
    [
      0.26,
      0.8,
      0.37
    ],
    [
      0.74,
      0.2,
      0.37
    ]
  ],
  "lattice_vectors": [
    [
      1.0,
      0.0,
      0.0
    ],
    [
      0.0,
      1.0106951767,
      0.0
    ],
    [
      0.0,
      0.0,
      1.6131907264
    ]
  ],
  "nbands": 20,
  "structure": "oP12-AlPS4"
}