{"gap": [0.7302899934119496], "gap_ranges": [[0.374872801201843, 0.3776204928154955]], "mid_gaps": [0.3762466470086693], "fill_fraction": 0.324412, "band_nos": [4], "gap_range_of_max": [0.374872801201843, 0.3776204928154955], "mid_gap_of_max": 0.3762466470086693, "max_gap": 0.7302899934119496}