{"run_me": true, "gap_ranges": [[0.652095119854241, 0.6552508775783433]], "gap": [0.48277314961750156], "mid_gap_of_max": 0.6536729987162921, "gap_range_of_max": [0.652095119854241, 0.6552508775783433], "fill_fraction": 0.263667, "band_nos": [6], "mid_gaps": [0.6536729987162921], "max_gap": 0.48277314961750156, "_status": {"hP44-C6N16-1/8fc156ba/mpb-hP44-C6N/0000/c8c2071e3ade402524520c4018814935": 4, "hP44-C6N16-1/8fc156ba/check_runnin/0000/8a6c217efbf027276f5cdbf55156411c": 1, "hP44-C6N16-1/8fc156ba/store_fill/0000/619e4d5a077d38983fe70c79482a145b": 1, "hP44-C6N16-1/8fc156ba/store_data/0000/7f6d3758f26384e3de139322d38810ea": 1, "hP44-C6N16-1/8fc156ba/store_strict/0000/fe2702029a0b8eb6b80da15eb5589dfc": 1, "hP44-C6N16-1/8fc156ba/strict-mpb-h/0000/5e6f83672a84fa1f45040a917a9bd7c5": 1}}