{"mid_gap_of_max": 0.6247453266548308, "band_nos": [16], "mid_gaps": [0.6247453266548308], "fill_fraction": 0.233411, "gap_ranges": [[0.618445594574581, 0.6310450587350807]], "gap_range_of_max": [0.618445594574581, 0.6310450587350807], "max_gap": 2.0167360399415797, "gap": [2.0167360399415797]}