{"gap_range_of_max": [0.744403914679388, 0.7763838293096292], "band_nos": [8], "mid_gap_of_max": 0.7603938719945087, "fill_fraction": 0.236929, "max_gap": 4.205703886902374, "gap": [4.205703886902374], "gap_ranges": [[0.744403914679388, 0.7763838293096292]], "mid_gaps": [0.7603938719945087]}