{"gap_ranges": [[0.484400532217784, 0.5168891079032595]], "gap_range_of_max": [0.484400532217784, 0.5168891079032595], "band_nos": [12], "mid_gap_of_max": 0.5006448200605218, "gap": [6.48934621585566], "max_gap": 6.48934621585566, "fill_fraction": 0.311194, "strict_calculated": true, "mid_gaps": [0.5006448200605218]}