{"gap_range_of_max": [0.3279477414993063, 0.34878533463227923], "max_gap": 6.158290134741749, "mid_gap_of_max": 0.33836653806579275, "band_nos": [4], "fill_fraction": 0.415906, "mid_gaps": [0.33836653806579275], "gap_ranges": [[0.3279477414993063, 0.34878533463227923]], "gap": [6.158290134741749]}