{"gap": [2.511371515324392], "mid_gaps": [0.46126522564756944], "fill_fraction": 0.273237, "gap_ranges": [[0.45547318390406, 0.46705726739107895]], "gap_range_of_max": [0.45547318390406, 0.46705726739107895], "max_gap": 2.511371515324392, "mid_gap_of_max": 0.46126522564756944, "band_nos": [5]}