{"mid_gap_of_max": 0.31794291893118853, "band_nos": [4], "gap": [8.800404237438533], "fill_fraction": 0.422732, "gap_range_of_max": [0.30395278787606, 0.331933049986317], "mid_gaps": [0.31794291893118853], "max_gap": 8.800404237438533, "gap_ranges": [[0.30395278787606, 0.331933049986317]]}