{"gap_ranges": [[0.628451195075873, 0.6342611368983947]], "band_nos": [16], "fill_fraction": 0.352396, "gap": [0.92023205529907], "gap_range_of_max": [0.628451195075873, 0.6342611368983947], "max_gap": 0.92023205529907, "mid_gap_of_max": 0.6313561659871338, "mid_gaps": [0.6313561659871338]}