{"fill_fraction": 0.329014, "mid_gap_of_max": 0.3496058051393308, "max_gap": 0.9681228426130921, "gap_range_of_max": [0.3479134983100032, 0.3512981119686585], "gap": [0.9681228426130921], "mid_gaps": [0.3496058051393308], "gap_ranges": [[0.3479134983100032, 0.3512981119686585]], "band_nos": [4]}