{"gap_range_of_max": [0.535228445382893, 0.5601801911279894], "mid_gaps": [0.5477043182554413], "gap_ranges": [[0.535228445382893, 0.5601801911279894]], "fill_fraction": 0.194274, "band_nos": [8], "max_gap": 4.555696369999879, "gap": [4.555696369999879], "mid_gap_of_max": 0.5477043182554413}