{"max_gap": 7.645821791175854, "mid_gaps": [0.5707728546221695], "gap_range_of_max": [0.54895271697376, 0.5925929922705792], "fill_fraction": 0.463219, "band_nos": [8], "gap_ranges": [[0.54895271697376, 0.5925929922705792]], "mid_gap_of_max": 0.5707728546221695, "gap": [7.645821791175854]}