{"gap": [11.156500827396536], "max_gap": 11.156500827396536, "mid_gap_of_max": 0.28774281265406876, "gap_range_of_max": [0.271691798016806, 0.3037938272913316], "fill_fraction": 0.423941, "gap_ranges": [[0.271691798016806, 0.3037938272913316]], "mid_gaps": [0.28774281265406876], "band_nos": [2]}