{"fill_fraction": 0.41523, "mid_gap_of_max": 0.3958547174034123, "band_nos": [2], "run_me": true, "mid_gaps": [0.3958547174034123], "gap_range_of_max": [0.388467226323139, 0.40324220848368564], "gap_ranges": [[0.388467226323139, 0.40324220848368564]], "gap": [3.7324254356401076], "_status": {"tI48-Ge8S16-/d45adb8c/store_strict/0000/b8198b1dc793bc499d56cb2215e47d32": 1, "tI48-Ge8S16-/d45adb8c/check_runnin/0000/cd76af7d3a927e2354ac2e9cf2309970": 1, "tI48-Ge8S16-/d45adb8c/store_fill/0000/bb2b705028e3c78339ee461816d6d14f": 1, "tI48-Ge8S16-/d45adb8c/mpb-tI48-Ge8/0000/245b880409a63d3129662ab42a99223f": 3, "tI48-Ge8S16-/d45adb8c/store_data/0000/2fb7ffca1fcf80fcef9986acf2522a80": 1, "tI48-Ge8S16-/d45adb8c/strict-mpb-t/0000/a90e17002c22552ed16209cea7b2ce0e": 1}, "max_gap": 3.7324254356401076}