{"max_gap": 17.41825765670526, "gap_range_of_max": [0.652836490333593, 0.7773974026174642], "gap": [17.41825765670526], "gap_ranges": [[0.652836490333593, 0.7773974026174642]], "mid_gaps": [0.7151169464755286], "band_nos": [8], "mid_gap_of_max": 0.7151169464755286, "fill_fraction": 0.228925}