{"max_gap": 4.083685506532723, "mid_gap_of_max": 0.33285656248813167, "fill_fraction": 0.318315, "mid_gaps": [0.33285656248813167], "gap": [4.083685506532723], "gap_ranges": [[0.326060154888196, 0.3396529700880673]], "gap_range_of_max": [0.326060154888196, 0.3396529700880673], "band_nos": [4]}