{"max_gap": 5.13520805095399, "mid_gap_of_max": 0.7026153533234585, "gap": [3.1768098118911694, 5.13520805095399], "fill_fraction": 0.302683, "gap_range_of_max": [0.684574973227906, 0.7206557334190111], "band_nos": [12, 18], "mid_gaps": [0.5695616176130631, 0.7026153533234585], "gap_ranges": [[0.560514672936514, 0.5786085622896122], [0.684574973227906, 0.7206557334190111]]}