{"gap_range_of_max": [0.41617091329695, 0.48975538186792694], "mid_gap_of_max": 0.4529631475824385, "fill_fraction": 0.128872, "mid_gaps": [0.4529631475824385, 0.755881953912724], "gap": [16.24513361930407, 0.12024900208748661], "band_nos": [2, 12], "max_gap": 16.24513361930407, "gap_ranges": [[0.41617091329695, 0.48975538186792694], [0.755427483659454, 0.7563364241659939]]}