{"gap_range_of_max": [0.641594321069458, 0.6671984091992333], "band_nos": [8], "mid_gaps": [0.6543963651343456], "max_gap": 3.9126268869966205, "gap": [3.9126268869966205], "fill_fraction": 0.416371, "mid_gap_of_max": 0.6543963651343456, "gap_ranges": [[0.641594321069458, 0.6671984091992333]]}