{
  "structure": "hP18-Mg2.544Al0.201Fe0.339Si1.904H4O9",
  "nbands": 20,
  "basis": [
    [
      -0.0007333333,
      -0.3333333333,
      -0.0567055556
    ],
    [
      -0.3333333333,
      -0.0007333333,
      -0.0567055556
    ],
    [
      0.3340666667,
      0.3340666667,
      -0.0567055556
    ],
    [
      -0.0,
      0.3333333333,
      -0.4376055556
    ],
    [
      0.3333333333,
      0.0,
      -0.4376055556
    ],
    [
      0.5006666667,
      -0.3333333333,
      0.1299944444
    ],
    [
      -0.3333333333,
      0.5006666667,
      0.1299944444
    ],
    [
      -0.1673333333,
      -0.1673333333,
      0.1299944444
    ],
    [
      -0.3333333333,
      -0.3333333333,
      -0.3630055556
    ],
    [
      -0.0,
      0.3333333333,
      -0.2192055556
    ],
    [
      0.3333333333,
      0.0,
      -0.2192055556
    ],
    [
      0.1726666667,
      -0.3333333333,
      0.4804944444
    ],
    [
      -0.3333333333,
      0.1726666667,
      0.4804944444
    ],
    [
      0.1606666667,
      0.1606666667,
      0.4804944444
    ],
    [
      0.3322666667,
      -0.3333333333,
      0.0760944444
    ],
    [
      -0.3333333333,
      0.3322666667,
      0.0760944444
    ],
    [
      0.0010666667,
      0.0010666667,
      0.0760944444
    ],
    [
      -0.3333333333,
      -0.3333333333,
      -0.2130055556
    ]
  ],
  "lattice_vectors": [
    [
      1.0,
      0.0,
      0.0
    ],
    [
      -0.5,
      0.8660254038,
      0.0
    ],
    [
      0.0,
      0.0,
      1.3683983322
    ]
  ]
}