{"mid_gaps": [0.22398257134085597], "fill_fraction": 0.642881, "strict_calculated": true, "band_nos": [2], "mid_gap_of_max": 0.22398257134085597, "gap_range_of_max": [0.219339219145169, 0.22862592353654293], "gap_ranges": [[0.219339219145169, 0.22862592353654293]], "max_gap": 4.146172773970642, "gap": [4.146172773970642]}