{"mid_gaps": [0.22398257134085148], "fill_fraction": 0.642881, "strict_calculated": true, "band_nos": [2], "mid_gap_of_max": 0.22398257134085148, "gap_range_of_max": [0.21933921914516, 0.22862592353654293], "gap_ranges": [[0.21933921914516, 0.22862592353654293]], "max_gap": 4.146172773970642, "gap": [4.146172773970642]}