{"max_gap": 0.6619041744004879, "gap": [0.6619041744004879], "fill_fraction": 0.367201, "band_nos": [16], "gap_range_of_max": [0.393415562287714, 0.3960282430387155], "strict_calculated": true, "gap_ranges": [[0.393415562287714, 0.3960282430387155]], "mid_gap_of_max": 0.3947219026632147, "mid_gaps": [0.3947219026632147]}