{"gap_ranges": [[0.651187968485942, 0.6758608868018935]], "gap_range_of_max": [0.651187968485942, 0.6758608868018935], "band_nos": [12], "gap": [3.718464202374791], "strict_calculated": true, "max_gap": 3.718464202374791, "mid_gaps": [0.6635244276439177], "mid_gap_of_max": 0.6635244276439177, "_status": {"cI80-Sc2O3_r/5a53f050/mpb-cI80-Sc2/0000/40145d7149023df35d1004677ded3724": 1, "cI80-Sc2O3_r/5a53f050/store_strict/0000/c0c7b9e3417f69429b1a0038525da47c": 1, "cI80-Sc2O3_r/5a53f050/store_data/0000/7792388e99712f63add781816acc7e6f": 1, "cI80-Sc2O3_r/5a53f050/check_runnin/0000/37129270eb396dc3e272e993b9f61576": 1, "cI80-Sc2O3_r/5a53f050/strict-mpb-c/0000/6209b31c048c926081c251cb58bc8fd6": 1, "cI80-Sc2O3_r/5a53f050/store_fill/0000/a03e2e71b30532d0b3d9d85f1f10db80": 1}, "fill_fraction": 0.247887}