{"mid_gaps": [0.6606532974474528], "fill_fraction": 0.407787, "band_nos": [8], "_status": {"tI16-CoCu2Si/c562ca84/store_fill/0000/290a32245697e3bbf5422b55842df92b": 1, "tI16-CoCu2Si/c562ca84/store_data/0000/a0b286197cc2e0d0f77e04dd7fac35ab": 1, "tI16-CoCu2Si/c562ca84/mpb-tI16-CoC/0000/088c563c727d5f742d5fc4a0adb53b7b": 1, "tI16-CoCu2Si/c562ca84/strict-mpb-t/0000/9d048f6d4cded88b131313e708b30f6c": 1, "tI16-CoCu2Si/c562ca84/store_strict/0000/5fc058f8f48f2b3a2c01e9930b8cd8b5": 1, "tI16-CoCu2Si/c562ca84/check_runnin/0000/bf2911e592713986ead734f110bb4d48": 1}, "gap_ranges": [[0.638164623297734, 0.6831419715971716]], "gap": [6.808010869424959], "mid_gap_of_max": 0.6606532974474528, "gap_range_of_max": [0.638164623297734, 0.6831419715971716], "max_gap": 6.808010869424959}