{"gap": [8.029972837131055], "mid_gap_of_max": 0.6797757523460354, "gap_ranges": [[0.65248284821264, 0.7070686564794307]], "gap_range_of_max": [0.65248284821264, 0.7070686564794307], "max_gap": 8.029972837131055, "band_nos": [8], "fill_fraction": 0.244641, "mid_gaps": [0.6797757523460354]}