{"gap_ranges": [[0.605799370011254, 0.6135009779121124]], "max_gap": 1.2632831465970604, "mid_gap_of_max": 0.6096501739616832, "band_nos": [16], "fill_fraction": 0.287795, "mid_gaps": [0.6096501739616832], "gap_range_of_max": [0.605799370011254, 0.6135009779121124], "gap": [1.2632831465970604]}