{"mid_gaps": [0.2594920915413015], "max_gap": 0.09570546737976647, "fill_fraction": 0.445522, "gap_ranges": [[0.2593679174817899, 0.2596162656008131]], "strict_calculated": true, "mid_gap_of_max": 0.2594920915413015, "gap": [0.09570546737976647], "band_nos": [2], "gap_range_of_max": [0.2593679174817899, 0.2596162656008131]}