{"gap_ranges": [[0.4497373858368771, 0.45405045126270627]], "mid_gaps": [0.45189391854979166], "band_nos": [2], "gap": [0.9544420158763137], "mid_gap_of_max": 0.45189391854979166, "gap_range_of_max": [0.4497373858368771, 0.45405045126270627], "fill_fraction": 0.275351, "max_gap": 0.9544420158763137}