{
  "basis": [
    [
      -0.3,
      0.0,
      -0.375
    ],
    [
      0.3,
      0.0,
      -0.375
    ],
    [
      -0.2,
      -0.2,
      -0.075
    ],
    [
      0.2,
      0.2,
      0.325
    ],
    [
      0.0,
      0.5,
      -0.175
    ],
    [
      0.0,
      -0.5,
      0.425
    ],
    [
      0.5,
      -0.3,
      0.125
    ],
    [
      -0.5,
      0.3,
      0.125
    ]
  ],
  "lattice_vectors": [
    [
      -0.5773502692,
      0.5773502692,
      0.5773502692
    ],
    [
      0.5773502692,
      -0.5773502692,
      0.5773502692
    ],
    [
      0.5773502692,
      0.5773502692,
      -0.5773502692
    ]
  ],
  "nbands": 20,
  "structure": "cI16-Si_r"
}