{"gap": [27.65959603539689], "max_gap": 27.65959603539689, "fill_fraction": 0.216075, "mid_gaps": [0.40239916898418415], "band_nos": [2], "gap_range_of_max": [0.346748176688774, 0.45805016127959425], "mid_gap_of_max": 0.40239916898418415, "gap_ranges": [[0.346748176688774, 0.45805016127959425]]}