{"gap_range_of_max": [0.3163316834510483, 0.3186211005983421], "_status": {"hP4-La_r-14/0d3afc82/mpb-hP4-La_r/0000/b9c2b9ba760d6a8074f45f6524649f98": 6, "hP4-La_r-14/0d3afc82/check_runnin/0000/3913c38e0353a240ffc067befff16d1d": 1, "hP4-La_r-14/0d3afc82/store_data/0000/94dadbe8f0951658bb7e3bd0009fb0d4": 1, "hP4-La_r-14/0d3afc82/store_fill/0000/ec44e2bf82380a3c7f1dd007344241b4": 1, "hP4-La_r-14/0d3afc82/store_strict/0000/0561327fb8e3e7403a750dcc7921b6c2": 1, "hP4-La_r-14/0d3afc82/strict-mpb-h/0000/1a0298062ef97502ba4d7e07cb72b642": 1}, "run_me": true, "gap_ranges": [[0.3163316834510483, 0.3186211005983421]], "band_nos": [8], "gap": [0.7211298870738281], "fill_fraction": 0.314109, "max_gap": 0.7211298870738281, "mid_gap_of_max": 0.3174763920246952, "mid_gaps": [0.3174763920246952]}