{"mid_gap_of_max": 0.6651363210694385, "gap_ranges": [[0.663960613931644, 0.6663120282072331]], "max_gap": 0.35352366140646446, "gap_range_of_max": [0.663960613931644, 0.6663120282072331], "gap": [0.35352366140646446], "mid_gaps": [0.6651363210694385], "band_nos": [16], "fill_fraction": 0.135946}