{"mid_gap_of_max": 0.35699500600302037, "gap_range_of_max": [0.3230111021368055, 0.3909789098692352], "max_gap": 19.03886793639198, "fill_fraction": 0.326715, "gap": [19.03886793639198], "mid_gaps": [0.35699500600302037], "gap_ranges": [[0.3230111021368055, 0.3909789098692352]], "band_nos": [2]}