{"gap_range_of_max": [0.4637903654719216, 0.5031027538275763], "strict_calculated": true, "fill_fraction": 0.195607, "gap": [8.131692649573509], "band_nos": [4], "mid_gaps": [0.4834465596497489], "mid_gap_of_max": 0.4834465596497489, "gap_ranges": [[0.4637903654719216, 0.5031027538275763]], "max_gap": 8.131692649573509}