{
  "structure": "tI24-CaEuMoO",
  "nbands": 20,
  "basis": [
    [
      0.0416666667,
      0.0416666667,
      -0.4166666667
    ],
    [
      -0.2083333333,
      0.2916666667,
      0.0833333333
    ],
    [
      -0.4583333333,
      -0.4583333333,
      -0.4166666667
    ],
    [
      0.2916666667,
      -0.2083333333,
      0.0833333333
    ],
    [
      -0.2253333333,
      -0.1283333333,
      -0.0216666667
    ],
    [
      0.4766666667,
      0.3796666667,
      0.1883333333
    ],
    [
      -0.3783333333,
      -0.2733333333,
      0.1803333333
    ],
    [
      0.1296666667,
      0.0246666667,
      -0.0136666667
    ],
    [
      0.0586666667,
      0.4616666667,
      -0.3116666667
    ],
    [
      0.3566666667,
      -0.0463333333,
      0.4783333333
    ],
    [
      0.2116666667,
      -0.3933333333,
      0.4863333333
    ],
    [
      -0.2963333333,
      0.3086666667,
      -0.3196666667
    ]
  ],
  "lattice_vectors": [
    [
      -0.3818118658,
      0.3818118658,
      0.8416884212
    ],
    [
      0.3818118658,
      -0.3818118658,
      0.8416884212
    ],
    [
      0.3818118658,
      0.3818118658,
      -0.8416884212
    ]
  ]
}