{
  "structure": "oP168-YbP3O17_r",
  "nbands": 20,
  "basis": [
    [
      0.5077,
      0.1391,
      0.5893
    ],
    [
      0.9923,
      0.8609,
      0.0893
    ],
    [
      0.4923,
      0.6391,
      0.9107
    ],
    [
      0.0077,
      0.3609,
      0.4107
    ],
    [
      0.2431,
      0.0351,
      0.5028
    ],
    [
      0.2569,
      0.9649,
      0.0028
    ],
    [
      0.7569,
      0.5351,
      0.9972
    ],
    [
      0.7431,
      0.4649,
      0.4972
    ],
    [
      0.468,
      0.4591,
      0.5567
    ],
    [
      0.032,
      0.5409,
      0.0567
    ],
    [
      0.532,
      0.9591,
      0.9433
    ],
    [
      0.968,
      0.0409,
      0.4433
    ],
    [
      0.4079,
      0.3423,
      0.443
    ],
    [
      0.0921,
      0.6577,
      0.943
    ],
    [
      0.5921,
      0.8423,
      0.057
    ],
    [
      0.9079,
      0.1577,
      0.557
    ],
    [
      0.3164,
      0.1236,
      0.277
    ],
    [
      0.1836,
      0.8764,
      0.777
    ],
    [
      0.6836,
      0.6236,
      0.223
    ],
    [
      0.8164,
      0.3764,
      0.723
    ],
    [
      0.4306,
      0.18912,
      0.0412
    ],
    [
      0.0694,
      0.81088,
      0.5412
    ],
    [
      0.5694,
      0.68912,
      0.4588
    ],
    [
      0.9306,
      0.31088,
      0.9588
    ],
    [
      0.1948,
      0.2067,
      0.5614
    ],
    [
      0.3052,
      0.7933,
      0.0614
    ],
    [
      0.8052,
      0.7067,
      0.9386
    ],
    [
      0.6948,
      0.2933,
      0.4386
    ],
    [
      0.0688,
      0.2388,
      0.0762
    ],
    [
      0.4312,
      0.7612,
      0.5762
    ],
    [
      0.9312,
      0.7388,
      0.4238
    ],
    [
      0.5688,
      0.2612,
      0.9238
    ],
    [
      0.1066,
      0.1075,
      0.2783
    ],
    [
      0.3934,
      0.8925,
      0.7783
    ],
    [
      0.8934,
      0.6075,
      0.2217
    ],
    [
      0.6066,
      0.3925,
      0.7217
    ],
    [
      0.5127,
      0.2834,
      0.647
    ],
    [
      0.9873,
      0.7166,
      0.147
    ],
    [
      0.4873,
      0.7834,
      0.853
    ],
    [
      0.0127,
      0.2166,
      0.353
    ],
    [
      0.3018,
      0.0005,
      0.7356
    ],
    [
      0.1982,
      0.9995,
      0.2356
    ],
    [
      0.6982,
      0.5005,
      0.7644
    ],
    [
      0.8018,
      0.4995,
      0.2644
    ],
    [
      0.0677,
      0.3925,
      0.8961
    ],
    [
      0.4323,
      0.6075,
      0.3961
    ],
    [
      0.9323,
      0.8925,
      0.6039
    ],
    [
      0.5677,
      0.1075,
      0.1039
    ],
    [
      0.2777,
      0.2821,
      0.7152
    ],
    [
      0.2223,
      0.7179,
      0.2152
    ],
    [
      0.7223,
      0.7821,
      0.7848
    ],
    [
      0.7777,
      0.2179,
      0.2848
    ],
    [
      0.2252,
      0.1083,
      0.7101
    ],
    [
      0.2748,
      0.8917,
      0.2101
    ],
    [
      0.7748,
      0.6083,
      0.7899
    ],
    [
      0.7252,
      0.3917,
      0.2899
    ],
    [
      0.4665,
      0.049,
      0.7659
    ],
    [
      0.0335,
      0.951,
      0.2659
    ],
    [
      0.5335,
      0.549,
      0.7341
    ],
    [
      0.9665,
      0.451,
      0.2341
    ],
    [
      0.1883,
      0.2967,
      0.9264
    ],
    [
      0.3117,
      0.7033,
      0.4264
    ],
    [
      0.8117,
      0.7967,
      0.5736
    ],
    [
      0.6883,
      0.2033,
      0.0736
    ],
    [
      0.1937,
      0.474,
      0.78
    ],
    [
      0.3063,
      0.526,
      0.28
    ],
    [
      0.8063,
      0.974,
      0.72
    ],
    [
      0.6937,
      0.026,
      0.22
    ],
    [
      0.3672,
      0.4474,
      0.793
    ],
    [
      0.1328,
      0.5526,
      0.293
    ],
    [
      0.6328,
      0.9474,
      0.707
    ],
    [
      0.8672,
      0.0526,
      0.207
    ],
    [
      0.216,
      0.2575,
      0.219
    ],
    [
      0.284,
      0.7425,
      0.719
    ],
    [
      0.784,
      0.7575,
      0.281
    ],
    [
      0.716,
      0.2425,
      0.781
    ],
    [
      0.1582,
      0.101,
      0.014
    ],
    [
      0.3418,
      0.899,
      0.514
    ],
    [
      0.8418,
      0.601,
      0.486
    ],
    [
      0.6582,
      0.399,
      0.986
    ],
    [
      0.2932,
      0.2061,
      0.9169
    ],
    [
      0.2068,
      0.7939,
      0.4169
    ],
    [
      0.7068,
      0.7061,
      0.5831
    ],
    [
      0.7932,
      0.2939,
      0.0831
    ],
    [
      0.3415,
      0.0921,
      0.9547
    ],
    [
      0.1585,
      0.9079,
      0.4547
    ],
    [
      0.6585,
      0.5921,
      0.5453
    ],
    [
      0.8415,
      0.4079,
      0.0453
    ],
    [
      0.1282,
      0.3104,
      0.6584
    ],
    [
      0.3718,
      0.6896,
      0.1584
    ],
    [
      0.8718,
      0.8104,
      0.8416
    ],
    [
      0.6282,
      0.1896,
      0.3416
    ],
    [
      0.4561,
      0.314,
      0.1461
    ],
    [
      0.0439,
      0.686,
      0.6461
    ],
    [
      0.5439,
      0.814,
      0.3539
    ],
    [
      0.9561,
      0.186,
      0.8539
    ],
    [
      0.463,
      0.1899,
      0.3266
    ],
    [
      0.037,
      0.8101,
      0.8266
    ],
    [
      0.537,
      0.6899,
      0.1734
    ],
    [
      0.963,
      0.3101,
      0.6734
    ],
    [
      0.4224,
      0.0239,
      0.1453
    ],
    [
      0.0776,
      0.9761,
      0.6453
    ],
    [
      0.5776,
      0.5239,
      0.3547
    ],
    [
      0.9224,
      0.4761,
      0.8547
    ],
    [
      0.0969,
      0.1095,
      0.5605
    ],
    [
      0.4031,
      0.8905,
      0.0605
    ],
    [
      0.9031,
      0.6095,
      0.9395
    ],
    [
      0.5969,
      0.3905,
      0.4395
    ],
    [
      0.2419,
      0.3167,
      0.4768
    ],
    [
      0.2581,
      0.6833,
      0.9768
    ],
    [
      0.7581,
      0.8167,
      0.0232
    ],
    [
      0.7419,
      0.1833,
      0.5232
    ],
    [
      0.02,
      0.0496,
      0.867
    ],
    [
      0.48,
      0.9504,
      0.367
    ],
    [
      0.98,
      0.5496,
      0.633
    ],
    [
      0.52,
      0.4504,
      0.133
    ],
    [
      0.1006,
      0.466,
      0.523
    ],
    [
      0.3994,
      0.534,
      0.023
    ],
    [
      0.8994,
      0.966,
      0.977
    ],
    [
      0.6006,
      0.034,
      0.477
    ],
    [
      0.3444,
      0.3252,
      0.9283
    ],
    [
      0.1556,
      0.6748,
      0.4283
    ],
    [
      0.6556,
      0.8252,
      0.5717
    ],
    [
      0.8444,
      0.1748,
      0.0717
    ],
    [
      0.4171,
      0.1682,
      0.7894
    ],
    [
      0.0829,
      0.8318,
      0.2894
    ],
    [
      0.5829,
      0.6682,
      0.7106
    ],
    [
      0.9171,
      0.3318,
      0.2106
    ],
    [
      0.3624,
      0.0965,
      0.598
    ],
    [
      0.1376,
      0.9035,
      0.098
    ],
    [
      0.6376,
      0.5965,
      0.902
    ],
    [
      0.8624,
      0.4035,
      0.402
    ],
    [
      0.1123,
      0.1838,
      0.775
    ],
    [
      0.3877,
      0.8162,
      0.275
    ],
    [
      0.8877,
      0.6838,
      0.725
    ],
    [
      0.6123,
      0.3162,
      0.225
    ],
    [
      0.10961,
      0.01597,
      0.42008
    ],
    [
      0.39039,
      0.98403,
      0.92008
    ],
    [
      0.89039,
      0.51597,
      0.07992
    ],
    [
      0.60961,
      0.48403,
      0.57992
    ],
    [
      0.44837,
      0.72007,
      0.35266
    ],
    [
      0.05163,
      0.27993,
      0.85266
    ],
    [
      0.55163,
      0.22007,
      0.14734
    ],
    [
      0.94837,
      0.77993,
      0.64734
    ],
    [
      0.3735,
      0.16155,
      0.9351
    ],
    [
      0.1265,
      0.83845,
      0.4351
    ],
    [
      0.6265,
      0.66155,
      0.5649
    ],
    [
      0.8735,
      0.33845,
      0.0649
