{"gap": [7.11038336968963], "band_nos": [8], "gap_ranges": [[0.64871353959843, 0.6965398772130011]], "max_gap": 7.11038336968963, "gap_range_of_max": [0.64871353959843, 0.6965398772130011], "mid_gaps": [0.6726267084057156], "mid_gap_of_max": 0.6726267084057156, "fill_fraction": 0.280224}