{"mid_gap_of_max": 0.2857300874100168, "max_gap": 1.1957715324485332, "band_nos": [4], "gap": [1.1957715324485332], "strict_calculated": true, "gap_ranges": [[0.284021747887572, 0.2874384269324616]], "fill_fraction": 0.391545, "gap_range_of_max": [0.284021747887572, 0.2874384269324616], "mid_gaps": [0.2857300874100168]}