{"mid_gap_of_max": 0.47347758166451837, "gap_ranges": [[0.470758307099655, 0.4761968562293817], [0.83057689488096, 0.8312973626283717]], "gap_range_of_max": [0.470758307099655, 0.4761968562293817], "band_nos": [2, 19], "max_gap": 1.1486392049664824, "gap": [1.1486392049664824, 0.08670544647473535], "fill_fraction": 0.236267, "mid_gaps": [0.47347758166451837, 0.8309371287546659]}