{"gap": [1.527791941975089, 0.07159814633961686], "fill_fraction": 0.1749, "max_gap": 1.527791941975089, "mid_gap_of_max": 0.49729292992469387, "run_me": true, "gap_range_of_max": [0.493494129268993, 0.5010917305803948], "mid_gaps": [0.49729292992469387, 0.717667802890017], "band_nos": [5, 18], "gap_ranges": [[0.493494129268993, 0.5010917305803948], [0.717410884468144, 0.71792472131189]], "_status": {"hR1-Hg-14/f2b57ed8/store_strict/0000/e4b137b8aa797753272e44a6ef0dcce5": 1, "hR1-Hg-14/f2b57ed8/strict-mpb-h/0000/5ea306aa9f5911100961f4c95bddb7ee": 1, "hR1-Hg-14/f2b57ed8/mpb-hR1-Hg-1/0000/9ceda1cc20cc373644ad06b89abc1c07": 1, "hR1-Hg-14/f2b57ed8/store_fill/0000/7f9f1ced27182ced96268f26326cdf0c": 1, "hR1-Hg-14/f2b57ed8/store_data/0000/429e9547a51dee935102be082cb59c9a": 1, "hR1-Hg-14/f2b57ed8/check_runnin/0000/bb9667b8dafc293861107f72fde8edb4": 1}}