{"max_gap": 15.843099962838753, "fill_fraction": 0.361688, "gap_ranges": [[0.321542935031556, 0.3768678982669447]], "mid_gaps": [0.34920541664925037], "band_nos": [2], "gap_range_of_max": [0.321542935031556, 0.3768678982669447], "gap": [15.843099962838753], "mid_gap_of_max": 0.34920541664925037}