{"max_gap": 8.292145496835806, "fill_fraction": 0.581324, "strict_calculated": true, "band_nos": [2], "mid_gap_of_max": 0.236692297383493, "gap_range_of_max": [0.22687886254407175, 0.24650573222291428], "gap_ranges": [[0.22687886254407175, 0.24650573222291428]], "mid_gaps": [0.236692297383493], "gap": [8.292145496835806]}