{"fill_fraction": 0.217206, "max_gap": 2.5588129234435795, "_status": {"cP4-Li-12/f7812969/store_strict/0000/30d03c6fd9d37041d19b8d843d9bb2ce": 1, "cP4-Li-12/f7812969/check_runnin/0000/5691910353169ddc4ae15db2309720fe": 1, "cP4-Li-12/f7812969/store_data/0000/4a66064174aa5d2cb07df2a9ccde0e5f": 1, "cP4-Li-12/f7812969/store_fill/0000/252f388c84f89092c4b54e1ec5465aa7": 1, "cP4-Li-12/f7812969/strict-mpb-c/0000/2418b9649bf65e020a1c5edf4340e737": 1, "cP4-Li-12/f7812969/mpb-cP4-Li-1/0000/dd0135855fbaa6fc768e058abd032314": 6}, "band_nos": [16], "gap_range_of_max": [0.66283535939149, 0.680015884983336], "mid_gap_of_max": 0.671425622187413, "mid_gaps": [0.671425622187413], "gap_ranges": [[0.66283535939149, 0.680015884983336]], "gap": [2.5588129234435795], "run_me": true}