{"faces": [[[-0.6251937518532134, -0.3631224178121858], [-0.6251937518532132, 0.2102615996228054], [-0.11997538938670495, 0.0633523610727092], [-0.11997538938670499, -0.5100316563622816]], [[-0.11997538938670499, -0.5100316563622816], [-0.11997538938670495, 0.0633523610727092], [0.511647717992182, 0.1419800594056815], [0.511647717992182, -0.4314039580293096]], [[-0.11997538938670499, -0.5100316563622816], [-0.6251937518532134, -0.3631224178121858], [-0.5116477179921823, -0.14198005940568115], [0.11997538938670445, -0.06335236107270897], [0.6251937518532131, -0.21026159962280516], [0.511647717992182, -0.4314039580293096]], [[0.511647717992182, -0.4314039580293096], [0.511647717992182, 0.1419800594056815], [0.6251937518532131, 0.36312241781218596], [0.6251937518532131, -0.21026159962280516]], [[0.11997538938670445, -0.06335236107270897], [0.11997538938670448, 0.5100316563622822], [0.6251937518532131, 0.36312241781218596], [0.6251937518532131, -0.21026159962280516]], [[-0.11997538938670495, 0.0633523610727092], [-0.6251937518532132, 0.2102615996228054], [-0.5116477179921823, 0.4314039580293098], [0.11997538938670448, 0.5100316563622822], [0.6251937518532131, 0.36312241781218596], [0.511647717992182, 0.1419800594056815]], [[-0.6251937518532134, -0.3631224178121858], [-0.6251937518532132, 0.2102615996228054], [-0.5116477179921823, 0.4314039580293098], [-0.5116477179921823, -0.14198005940568115]], [[-0.5116477179921823, -0.14198005940568115], [-0.5116477179921823, 0.4314039580293098], [0.11997538938670448, 0.5100316563622822], [0.11997538938670445, -0.06335236107270897]]], "labels": {"Z": [-3.3130777931911632e-18, 0.28669200871749556], "D": [-0.19583616430273879, 0.4707178071957959], "B": [-0.19583616430273879, 0.18402579847830033], "GAMMA": [0.0, 0.0], "A": [-0.5684207349226977, 0.03414077010856191], "E": [-0.5684207349226977, 0.3208327788260575], "C_2": [-0.372584570619959, 0.13680698034775712], "Y_2": [-0.372584570619959, -0.14988502836973847]}, "label_positions": {"Z": [-3.3130777931911632e-18, 0.33669200871749555], "D": [-0.19583616430273879, 0.520717807195796], "B": [-0.19583616430273879, 0.23402579847830035], "GAMMA": [0.05, -0.075], "A": [-0.5684207349226977, 0.08414077010856191], "E": [-0.6184207349226977, 0.3708327788260575], "C_2": [-0.372584570619959, 0.1868069803477571], "Y_2": [-0.372584570619959, -0.19988502836973846]}, "zorder": [1, 1, 0, 1, 0,1,0,0]}
