{"gap_range_of_max": [0.32601735225403, 0.356924125766003], "max_gap": 9.051075240466062, "mid_gaps": [0.3414707390100165], "fill_fraction": 0.49267, "gap_ranges": [[0.32601735225403, 0.356924125766003]], "band_nos": [2], "mid_gap_of_max": 0.3414707390100165, "gap": [9.051075240466062]}