{"gap_range_of_max": [0.530761839495108, 0.5445013774818243], "fill_fraction": 0.149499, "gap_ranges": [[0.530761839495108, 0.5445013774818243], [0.621031199857411, 0.6213095364662886]], "max_gap": 2.5555673754644306, "band_nos": [5, 6], "mid_gaps": [0.5376316084884661, 0.6211703681618498], "mid_gap_of_max": 0.5376316084884661, "gap": [2.5555673754644306, 0.04480841700494365]}