{"mid_gap_of_max": 1.0586663835794186, "band_nos": [14], "_status": {"cF264-Ca24Mg/9033dd5e/mpb-cF264-Ca/0000/a4a4cf9e247271030dc62d5b8d2d65ed": 1, "cF264-Ca24Mg/9033dd5e/store_fill/0000/5679ee7b416e40be678fad80bb5864ac": 1, "cF264-Ca24Mg/9033dd5e/check_runnin/0000/050858b6b1ee102d5d786869fa30ac4a": 1, "cF264-Ca24Mg/9033dd5e/strict-mpb-c/0000/6d5ee8be279c7a8d4a77f22ae624b2a6": 1, "cF264-Ca24Mg/9033dd5e/store_strict/0000/e11e4e198c1e184a6338763220b8d63e": 1, "cF264-Ca24Mg/9033dd5e/store_data/0000/b71a376deba70fd9336e4a9a389655c4": 1}, "fill_fraction": 0.041446, "max_gap": 2.508975480827498, "mid_gaps": [1.0586663835794186], "gap": [2.508975480827498], "gap_ranges": [[1.045385543585533, 1.0719472235733043]], "gap_range_of_max": [1.045385543585533, 1.0719472235733043]}