{"band_nos": [12], "gap": [0.3928108411916471], "strict_calculated": true, "gap_ranges": [[0.244408093760288, 0.24537004457286835]], "max_gap": 0.3928108411916471, "fill_fraction": 0.604375, "mid_gap_of_max": 0.24488906916657815, "gap_range_of_max": [0.244408093760288, 0.24537004457286835], "mid_gaps": [0.24488906916657815]}