{"mid_gaps": [0.32999697502010206], "fill_fraction": 0.461453, "band_nos": [2], "mid_gap_of_max": 0.32999697502010206, "gap": [2.994020305262865], "max_gap": 2.994020305262865, "gap_range_of_max": [0.3250568868006745, 0.33493706323952965], "gap_ranges": [[0.3250568868006745, 0.33493706323952965]]}