{
  "basis": [
    [
      0.0625,
      -0.4375,
      -0.4375
    ],
    [
      0.0625,
      0.0625,
      0.0625
    ],
    [
      -0.4375,
      -0.4375,
      0.0625
    ],
    [
      -0.4375,
      0.0625,
      -0.4375
    ],
    [
      -0.0975,
      0.4125,
      -0.2475
    ],
    [
      0.2225,
      -0.2875,
      0.3725
    ],
    [
      0.2225,
      0.4125,
      0.0725
    ],
    [
      -0.0975,
      -0.2875,
      0.0525
    ],
    [
      -0.2875,
      0.3725,
      0.2225
    ],
    [
      0.4125,
      -0.2475,
      -0.0975
    ],
    [
      -0.2875,
      0.0525,
      -0.0975
    ],
    [
      0.4125,
      0.0725,
      0.2225
    ],
    [
      0.0525,
      -0.0975,
      -0.2875
    ],
    [
      0.0725,
      0.2225,
      0.4125
    ],
    [
      0.3725,
      0.2225,
      -0.2875
    ],
    [
      -0.2475,
      -0.0975,
      0.4125
    ]
  ],
  "lattice_vectors": [
    [
      -0.5773502692,
      0.5773502692,
      0.5773502692
    ],
    [
      0.5773502692,
      -0.5773502692,
      0.5773502692
    ],
    [
      0.5773502692,
      0.5773502692,
      -0.5773502692
    ]
  ],
  "nbands": 20,
  "structure": "cI32-CoAs3_r"
}