{"max_gap": 8.840474707024637, "mid_gaps": [0.45482671313699197], "band_nos": [8], "mid_gap_of_max": 0.45482671313699197, "gap_ranges": [[0.434722292869158, 0.474931133404826]], "gap_range_of_max": [0.434722292869158, 0.474931133404826], "fill_fraction": 0.454495, "gap": [8.840474707024637]}