{"gap_range_of_max": [0.4862864022781027, 0.4888624211588565], "gap_ranges": [[0.4862864022781027, 0.4888624211588565]], "band_nos": [4], "fill_fraction": 0.191232, "gap": [0.5283334848673461], "mid_gap_of_max": 0.4875744117184796, "max_gap": 0.5283334848673461, "mid_gaps": [0.4875744117184796]}