{"max_gap": 19.56370593412697, "band_nos": [2], "fill_fraction": 0.337226, "mid_gaps": [0.3645176526848276], "gap_range_of_max": [0.3288610718602066, 0.4001742335094486], "gap_ranges": [[0.3288610718602066, 0.4001742335094486]], "gap": [19.56370593412697], "mid_gap_of_max": 0.3645176526848276}