{"mid_gap_of_max": 0.46779814693632393, "_status": {"hP4-AlAgS2-1/09cbbb16/store_strict/0000/67d28ede20ec0b5c0a7808857e058613": 1, "hP4-AlAgS2-1/09cbbb16/mpb-hP4-AlAg/0000/443c3229017161bb45dc0db2aa46c5cc": 1, "hP4-AlAgS2-1/09cbbb16/check_runnin/0000/1cb3a122e9bbbe6f7b9e5ad3f42a4173": 1, "hP4-AlAgS2-1/09cbbb16/store_data/0000/fd95c83b150d72d9b32781b263277648": 1, "hP4-AlAgS2-1/09cbbb16/strict-mpb-h/0000/eae7dfec4c70b30bdcdd3726b47747ce": 1, "hP4-AlAgS2-1/09cbbb16/store_fill/0000/9c5544d19c587480cac195591ca91929": 1}, "gap": [0.6385950908312769], "fill_fraction": 0.389161, "gap_ranges": [[0.466304478935656, 0.46929181493699185]], "band_nos": [18], "mid_gaps": [0.46779814693632393], "max_gap": 0.6385950908312769, "gap_range_of_max": [0.466304478935656, 0.46929181493699185]}