{"gap_ranges": [[0.59203607577764, 0.6087647207221167], [0.67892024584268, 0.7602246277914311]], "max_gap": 11.298985034556145, "mid_gap_of_max": 0.7195724368170555, "mid_gaps": [0.6004003982498783, 0.7195724368170555], "band_nos": [8, 11], "_status": {"tI14-Ga2HgSe/5cca192b/check_runnin/0000/b432e0c60be56db522fd22af13a0cb90": 1, "tI14-Ga2HgSe/5cca192b/strict-mpb-t/0000/8fc4b70595abdc423747b6acd9d11e7f": 1, "tI14-Ga2HgSe/5cca192b/store_fill/0000/e2a59e187db84d564345f765434d8d36": 1, "tI14-Ga2HgSe/5cca192b/store_data/0000/6a949b76af3455ed94dc0dc0782fd6c5": 1, "tI14-Ga2HgSe/5cca192b/store_strict/0000/cb06fad7a9db50440f5fc67e98f0ddf2": 1, "tI14-Ga2HgSe/5cca192b/mpb-tI14-Ga2/0000/39bffba6cda25a26c893751503004ed3": 1}, "gap_range_of_max": [0.67892024584268, 0.7602246277914311], "gap": [2.786248142612244, 11.298985034556145], "fill_fraction": 0.203638}