{"fill_fraction": 0.461322, "gap": [3.2267403021876033], "max_gap": 3.2267403021876033, "gap_ranges": [[0.604996270524051, 0.6248380503651855]], "mid_gaps": [0.6149171604446182], "mid_gap_of_max": 0.6149171604446182, "band_nos": [8], "gap_range_of_max": [0.604996270524051, 0.6248380503651855]}