{
  "nbands": 20,
  "structure": "hR6-As",
  "basis": [
    [
      -0.3333333333,
      -0.3333333333,
      0.228
    ],
    [
      -0.3333333333,
      -0.3333333333,
      -0.228
    ],
    [
      0.3336666667,
      0.3336666667,
      -0.439
    ],
    [
      0.3336666667,
      0.3336666667,
      0.106
    ],
    [
      -0.0003333333,
      -0.0003333333,
      -0.106
    ],
    [
      -0.0003333333,
      -0.0003333333,
      0.439
    ]
  ],
  "lattice_vectors": [
    [
      0.8660254038,
      -0.5,
      0.0
    ],
    [
      0.8660254038,
      0.5,
      0.0
    ],
    [
      0.0,
      0.0,
      2.7771364976
    ]
  ]
}