{
  "basis": [
    [
      0.0,
      0.0,
      0.0
    ]
  ],
  "lattice_vectors": [
    [
      -0.5773502692,
      0.5773502692,
      0.5773502692
    ],
    [
      0.5773502692,
      -0.5773502692,
      0.5773502692
    ],
    [
      0.5773502692,
      0.5773502692,
      -0.5773502692
    ]
  ],
  "nbands": 20,
  "structure": "cI2-D"
}