{"gap_ranges": [[0.480128408403803, 0.5662537674765933]], "fill_fraction": 0.101347, "gap": [16.461549337903406], "band_nos": [2], "gap_range_of_max": [0.480128408403803, 0.5662537674765933], "mid_gaps": [0.5231910879401982], "max_gap": 16.461549337903406, "mid_gap_of_max": 0.5231910879401982}