{"band_nos": [2], "mid_gaps": [0.2421145198561648], "max_gap": 1.0033101572380128, "gap": [1.0033101572380128], "fill_fraction": 0.634822, "strict_calculated": true, "gap_range_of_max": [0.2408999400712323, 0.2433290996410973], "mid_gap_of_max": 0.2421145198561648, "gap_ranges": [[0.2408999400712323, 0.2433290996410973]]}