{"gap_range_of_max": [0.371508140074396, 0.4798433594760871], "gap_ranges": [[0.371508140074396, 0.4798433594760871]], "fill_fraction": 0.165209, "strict_calculated": true, "max_gap": 25.450174095868004, "mid_gap_of_max": 0.42567574977524153, "mid_gaps": [0.42567574977524153], "gap": [25.450174095868004], "band_nos": [2]}