{"mid_gap_of_max": 0.3754809555758457, "gap": [2.4442757390173084], "fill_fraction": 0.162819, "mid_gaps": [0.3754809555758457], "band_nos": [2], "gap_ranges": [[0.37089206062496, 0.38006985052673137]], "max_gap": 2.4442757390173084, "gap_range_of_max": [0.37089206062496, 0.38006985052673137]}