{"gap_ranges": [[0.4067535570794394, 0.4236251844065867]], "max_gap": 4.063598087049817, "fill_fraction": 0.629412, "mid_gaps": [0.41518937074301304], "gap_range_of_max": [0.4067535570794394, 0.4236251844065867], "band_nos": [8], "_status": {"tI16-CoCu2Si/33546324/strict-mpb-t/0000/ad363ae5d12222722dad055707965d0e": 1, "tI16-CoCu2Si/33546324/store_fill/0000/4171f6ff3fe764887c7225a05635179f": 1, "tI16-CoCu2Si/33546324/store_data/0000/8b8541922cb7dc1dbb950adb1d9b8e7e": 1, "tI16-CoCu2Si/33546324/mpb-tI16-CoC/0000/bd0055ddbf6ee0e358427d8bdf113383": 1, "tI16-CoCu2Si/33546324/store_strict/0000/ff608c026b1ec1aa1c08c0699b0bc53c": 1, "tI16-CoCu2Si/33546324/check_runnin/0000/32f567e3d9c838eff78736a8b9788992": 1}, "mid_gap_of_max": 0.41518937074301304, "gap": [4.063598087049817]}