{"gap_ranges": [[0.567262996593519, 0.5698708367565163]], "gap": [0.45866899506704323], "mid_gap_of_max": 0.5685669166750176, "mid_gaps": [0.5685669166750176], "fill_fraction": 0.239449, "strict_calculated": true, "max_gap": 0.45866899506704323, "gap_range_of_max": [0.567262996593519, 0.5698708367565163], "band_nos": [16]}