{"gap_range_of_max": [0.5173456045493, 0.5229082071697099], "gap": [1.0694702692254479], "mid_gap_of_max": 0.5201269058595049, "mid_gaps": [0.5201269058595049], "strict_calculated": true, "band_nos": [16], "fill_fraction": 0.314761, "gap_ranges": [[0.5173456045493, 0.5229082071697099]], "max_gap": 1.0694702692254479}