{
  "lattice_vectors": [
    [
      0.4843516037,
      0.2796405288,
      0.828978105
    ],
    [
      -0.4843516037,
      0.2796405288,
      0.828978105
    ],
    [
      0.0,
      -0.5592810576,
      0.828978105
    ]
  ],
  "basis": [
    [
      -0.4375,
      -0.4375,
      -0.4375
    ],
    [
      0.0625,
      0.0625,
      0.0625
    ],
    [
      0.3125,
      -0.0982,
      -0.2768
    ],
    [
      -0.2768,
      0.3125,
      -0.0982
    ],
    [
      -0.0982,
      -0.2768,
      0.3125
    ],
    [
      -0.1875,
      0.2232,
      0.4018
    ],
    [
      0.4018,
      -0.1875,
      0.2232
    ],
    [
      0.2232,
      0.4018,
      -0.1875
    ]
  ],
  "nbands": 20,
  "structure": "hR8-FeF3"
}