{"mid_gap_of_max": 0.6388605836100456, "gap_range_of_max": [0.620523831086079, 0.6571973361340122], "gap": [5.740455114744966], "band_nos": [16], "strict_calculated": true, "fill_fraction": 0.148321, "mid_gaps": [0.6388605836100456], "gap_ranges": [[0.620523831086079, 0.6571973361340122]], "max_gap": 5.740455114744966}