{"gap": [1.572791430122489], "fill_fraction": 0.106843, "max_gap": 1.572791430122489, "mid_gap_of_max": 0.562019507284123, "run_me": true, "gap_range_of_max": [0.557599809961032, 0.5664392046072141], "mid_gaps": [0.562019507284123], "band_nos": [5], "gap_ranges": [[0.557599809961032, 0.5664392046072141]], "_status": {"hR1-Hg-14/5cca192b/store_fill/0000/a6bb043687d9d0417a57c8406f864b12": 1, "hR1-Hg-14/5cca192b/store_strict/0000/31878bb5d9c5e8bba4dec80864dcfcf6": 1, "hR1-Hg-14/5cca192b/check_runnin/0000/68b27155f18bd169e0b559ec9361e80e": 1, "hR1-Hg-14/5cca192b/strict-mpb-h/0000/bd8fca49cbb59f0c39c3c09309036d33": 1, "hR1-Hg-14/5cca192b/mpb-hR1-Hg-1/0000/b91cf65661822012856e93bb011bd751": 1, "hR1-Hg-14/5cca192b/store_data/0000/b75d1e33bb9dc620373cdea9e84d01d1": 1}}