{"international": "P-1", "equivalent_atoms": [0, 0, 2, 2, 4, 4, 6, 6, 8, 8, 10, 10, 12, 12, 14, 14, 16, 16, 18, 18, 20, 20], "std_positions": [[0.2666, 0.2944, 0.0923], [0.7334, 0.7056, 0.9077], [0.7101, 0.8014, 0.423], [0.2899, 0.1986, 0.577], [0.7601, 0.2755, 0.0966], [0.2399, 0.7245, 0.9034], [0.6134, 0.2002, 0.2207], [0.3866, 0.7998, 0.7793], [0.1558, 0.8835, 0.984], [0.8442, 0.1165, 0.016], [0.3609, 0.6498, 0.0162], [0.6391, 0.3502, 0.9838], [0.1679, 0.1513, 0.3846], [0.8321, 0.8487, 0.6154], [0.96, 0.4632, 0.2154], [0.04, 0.5368, 0.7846], [0.8498, 0.7927, 0.2919], [0.1502, 0.2073, 0.7081], [0.6361, 0.9776, 0.423], [0.3639, 0.0224, 0.577], [0.5305, 0.5953, 0.3904], [0.4695, 0.4047, 0.6096]], "std_lattice": [[0.8731325163, 0.0, 0.0], [-0.2972462225, 0.845960965, 0.0], [-0.1045284633, -0.3013982574, 0.9477514921]], "site_point_groups": {"i": {"site_symmetry": ["1"], "name": "2i"}}, "global_point_groups": ["-1", "1"], "wyckoffs": ["i", "i", "i", "i", "i", "i", "i", "i", "i", "i", "i", "i", "i", "i", "i", "i", "i", "i", "i", "i", "i", "i"], "number": 2}