{"band_nos": [16], "gap_range_of_max": [0.630328312127942, 0.6404063926307674], "fill_fraction": 0.23136, "gap": [1.5861816734970884], "gap_ranges": [[0.630328312127942, 0.6404063926307674]], "mid_gap_of_max": 0.6353673523793547, "mid_gaps": [0.6353673523793547], "max_gap": 1.5861816734970884}