{"fill_fraction": 0.04144, "max_gap": 4.243130589235904, "gap_ranges": [[0.569359079202639, 0.5940413795734594]], "gap": [4.243130589235904], "mid_gaps": [0.5817002293880491], "gap_range_of_max": [0.569359079202639, 0.5940413795734594], "band_nos": [2], "mid_gap_of_max": 0.5817002293880491}