{"fill_fraction": 0.308956, "mid_gaps": [0.7368656453187683], "mid_gap_of_max": 0.7368656453187683, "strict_calculated": true, "gap_range_of_max": [0.736638302301905, 0.7370929883356317], "max_gap": 0.06170541897496953, "band_nos": [16], "_status": {"hP21-CaH12(B/3ad57f9f/store_data/0000/281d246d81502b1cdc9cf7deb5242a3b": 1, "hP21-CaH12(B/3ad57f9f/check_runnin/0000/adc54e7b5dc358b9471df37390ec0a6d": 1, "hP21-CaH12(B/3ad57f9f/strict-mpb-h/0000/b9970a6554751e5c6e59b6d28248e48e": 1, "hP21-CaH12(B/3ad57f9f/store_fill/0000/ace36ce6e153ef31e09deb1f4b8a1be6": 1, "hP21-CaH12(B/3ad57f9f/mpb-hP21-CaH/0000/cce35410b0e9c61044af2a4aac75fac9": 1, "hP21-CaH12(B/3ad57f9f/store_strict/0000/48c6fb8c21278ed57e1c5cecf35484f3": 1}, "gap_ranges": [[0.736638302301905, 0.7370929883356317]], "gap": [0.06170541897496953]}