{"fill_fraction": 0.424998, "gap_range_of_max": [0.361991353923272, 0.3734952741925388], "max_gap": 3.128247293560664, "band_nos": [5], "gap_ranges": [[0.361991353923272, 0.3734952741925388]], "gap": [3.128247293560664], "mid_gap_of_max": 0.3677433140579054, "mid_gaps": [0.3677433140579054]}