{"gap_ranges": [[0.438152521799003, 0.43856206397920455]], "fill_fraction": 0.418486, "max_gap": 0.09342656934065094, "gap": [0.09342656934065094], "mid_gap_of_max": 0.43835729288910374, "band_nos": [], "gap_range_of_max": [0.438152521799003, 0.43856206397920455], "_status": {"hP3-SnS2/9d16b81a/store_fill/0000/3bbe6a8c03ecbbb82689516c5b6ed8c1": 1, "hP3-SnS2/9d16b81a/strict-mpb-h/0000/e39505de648960a4f5fc243975f1d1cc": 1, "hP3-SnS2/9d16b81a/store_strict/0000/8dbc57ca8be348b8949c2018555c579c": 1, "hP3-SnS2/9d16b81a/mpb-hP3-SnS2/0000/42d1a075afacf5e4b43de3935f3e964b": 1, "hP3-SnS2/9d16b81a/store_data/0000/2d55a63af4fd89646498637de2dbc20c": 1, "hP3-SnS2/9d16b81a/check_runnin/0000/e0d0c7fc425801eca601614bb9b7513f": 1}, "mid_gaps": [0.43835729288910374]}