{"gap": [2.6058564819001684], "fill_fraction": 0.326581, "mid_gaps": [0.5053108630595164], "mid_gap_of_max": 0.5053108630595164, "gap_range_of_max": [0.4987270251201254, 0.5118947009989075], "gap_ranges": [[0.4987270251201254, 0.5118947009989075]], "band_nos": [2], "max_gap": 2.6058564819001684}