{"mid_gaps": [0.31494694738433504], "fill_fraction": 0.50001, "max_gap": 6.586711577497102, "mid_gap_of_max": 0.31494694738433504, "gap_range_of_max": [0.304574623861166, 0.3253192709075041], "band_nos": [2], "gap_ranges": [[0.304574623861166, 0.3253192709075041]], "gap": [6.586711577497102]}