{
  "basis": [
    [
      -0.171,
      0.171,
      -0.2705833333
    ],
    [
      0.171,
      -0.171,
      0.2294166667
    ],
    [
      -0.06,
      0.06,
      -0.2285833333
    ],
    [
      0.06,
      -0.06,
      0.2714166667
    ],
    [
      -0.436,
      0.436,
      -0.3285833333
    ],
    [
      0.436,
      -0.436,
      0.1714166667
    ],
    [
      -0.433,
      0.433,
      -0.1565833333
    ],
    [
      0.433,
      -0.433,
      0.3434166667
    ],
    [
      0.205,
      -0.205,
      -0.1715833333
    ],
    [
      -0.205,
      0.205,
      0.3284166667
    ],
    [
      0.202,
      -0.202,
      -0.3435833333
    ],
    [
      -0.202,
      0.202,
      0.1564166667
    ],
    [
      -0.0,
      -0.0,
      -0.3715833333
    ],
    [
      -0.0,
      -0.0,
      0.1284166667
    ],
    [
      -0.231,
      0.231,
      -0.1285833333
    ],
    [
      0.231,
      -0.231,
      0.3714166667
    ],
    [
      -0.345,
      0.345,
      -0.4215833333
    ],
    [
      0.345,
      -0.345,
      0.0784166667
    ],
    [
      0.459,
      -0.459,
      -0.1265833333
    ],
    [
      -0.459,
      0.459,
      0.3734166667
    ],
    [
      0.31,
      -0.31,
      -0.3735833333
    ],
    [
      -0.31,
      0.31,
      0.1264166667
    ],
    [
      0.114,
      -0.114,
      -0.0785833333
    ],
    [
      -0.114,
      0.114,
      0.4214166667
    ]
  ],
  "lattice_vectors": [
    [
      0.1689831105,
      -0.9856189468,
      0.0
    ],
    [
      0.1689831105,
      0.9856189468,
      0.0
    ],
    [
      0.0,
      0.0,
      1.3100684791
    ]
  ],
  "nbands": 20,
  "structure": "oC48-SiP"
}