{"gap": [0.7069565543902597], "mid_gap_of_max": 0.2652148587275903, "band_nos": [4], "gap_ranges": [[0.26427738181409, 0.2661523356410906]], "fill_fraction": 0.54251, "max_gap": 0.7069565543902597, "mid_gaps": [0.2652148587275903], "gap_range_of_max": [0.26427738181409, 0.2661523356410906]}