{"band_nos": [2], "mid_gap_of_max": 0.3724366426268316, "max_gap": 4.335421580042196, "gap_ranges": [[0.364363293338617, 0.3805099919150462]], "gap_range_of_max": [0.364363293338617, 0.3805099919150462], "gap": [4.335421580042196], "mid_gaps": [0.3724366426268316], "fill_fraction": 0.392038}