{"gap_range_of_max": [0.552798708451798, 0.554948384860205], "mid_gap_of_max": 0.5538735466560015, "strict_calculated": true, "gap_ranges": [[0.552798708451798, 0.554948384860205], [0.832167264156089, 0.8325275733972021]], "mid_gaps": [0.5538735466560015, 0.8323474187766455], "gap": [0.38811682222140087, 0.04328832323917525], "fill_fraction": 0.109257, "max_gap": 0.38811682222140087, "band_nos": [5, 18]}