{"fill_fraction": 0.329266, "gap_range_of_max": [0.6375572963705687, 0.6393862273161112], "band_nos": [16], "mid_gaps": [0.63847176184334], "gap_ranges": [[0.6375572963705687, 0.6393862273161112]], "max_gap": 0.28645447689998915, "gap": [0.28645447689998915], "mid_gap_of_max": 0.63847176184334}