{"gap": [6.047336713566994, 2.5758592049013127], "strict_calculated": true, "mid_gaps": [0.4118041660264872, 0.5251618557190685], "band_nos": [4, 10], "mid_gap_of_max": 0.4118041660264872, "gap_range_of_max": [0.3993525737664281, 0.42425575828654627], "fill_fraction": 0.157087, "gap_ranges": [[0.3993525737664281, 0.42425575828654627], [0.518398140718483, 0.5319255707196539]], "max_gap": 6.047336713566994}