{"mid_gap_of_max": 0.8960861063120009, "max_gap": 4.579510787264346, "gap_ranges": [[0.875567926361133, 0.9166042862628688]], "gap": [4.579510787264346], "fill_fraction": 0.062595, "strict_calculated": true, "gap_range_of_max": [0.875567926361133, 0.9166042862628688], "mid_gaps": [0.8960861063120009], "band_nos": [16]}