{"gap": [6.388185944991053], "mid_gap_of_max": 0.41277634908952143, "band_nos": [8], "gap_range_of_max": [0.399591888731129, 0.4259608094479139], "gap_ranges": [[0.399591888731129, 0.4259608094479139]], "fill_fraction": 0.485392, "strict_calculated": true, "max_gap": 6.388185944991053, "mid_gaps": [0.41277634908952143]}