{"mid_gaps": [0.44618562981161314], "fill_fraction": 0.216145, "mid_gap_of_max": 0.44618562981161314, "max_gap": 8.024439297994205, "strict_calculated": true, "gap_range_of_max": [0.42828368230131, 0.46408757732191636], "gap_ranges": [[0.42828368230131, 0.46408757732191636]], "band_nos": [6], "gap": [8.024439297994205]}