{"gap_range_of_max": [0.754853925737009, 0.7585775190322237], "mid_gap_of_max": 0.7567157223846164, "band_nos": [8], "max_gap": 0.49207293902655225, "_status": {"mP24-SiO2_r-/8070565b/store_data/0000/cb87e4c6db649838e4b545d347af4f06": 1, "mP24-SiO2_r-/8070565b/check_runnin/0000/25d4656c3f5a4437ede367d531404e4c": 1, "mP24-SiO2_r-/8070565b/strict-mpb-m/0000/07a36e8c655c7ae6932bdba6e4778481": 1, "mP24-SiO2_r-/8070565b/store_fill/0000/95503321f9a760dd838bfb0b9ee8db5c": 1, "mP24-SiO2_r-/8070565b/store_strict/0000/5bfe8f1d9abe29b824b6d8c472a86662": 1, "mP24-SiO2_r-/8070565b/mpb-mP24-SiO/0000/c85a3e781c1c4fc0843bc199e415ce26": 4}, "fill_fraction": 0.178116, "gap": [0.49207293902655225], "gap_ranges": [[0.754853925737009, 0.7585775190322237]], "mid_gaps": [0.7567157223846164], "run_me": true}