{"gap_ranges": [[0.295895467653475, 0.3292830224123743]], "max_gap": 10.680967208382928, "fill_fraction": 0.406847, "mid_gap_of_max": 0.3125892450329246, "mid_gaps": [0.3125892450329246], "gap": [10.680967208382928], "band_nos": [2], "gap_range_of_max": [0.295895467653475, 0.3292830224123743]}