{"faces": [[[0.1434022996160183, -0.6694003490983016], [0.45663317320006447, -0.12061838601080588], [0.79629032116989, 0.041430153193005255], [0.48305944758584385, -0.5073518098944901]], [[-0.48305944758584396, -0.6298062326883337], [-0.14340229961601828, -0.46775769348452223], [0.48305944758584385, -0.5073518098944901], [0.1434022996160183, -0.6694003490983016]], [[-0.48305944758584396, -0.6298062326883337], [-0.7962903211698901, -0.041430153193004686], [-0.4830594475858439, 0.5073518098944907], [0.14340229961601822, 0.4677576934845228], [0.45663317320006447, -0.12061838601080588], [0.1434022996160183, -0.6694003490983016]], [[0.45663317320006447, -0.12061838601080588], [0.14340229961601822, 0.4677576934845228], [0.48305944758584385, 0.6298062326883342], [0.79629032116989, 0.041430153193005255]], [[-0.4830594475858439, 0.5073518098944907], [-0.14340229961601825, 0.6694003490983021], [0.48305944758584385, 0.6298062326883342], [0.14340229961601822, 0.4677576934845228]], [[-0.14340229961601828, -0.46775769348452223], [-0.4566331732000647, 0.12061838601080672], [-0.14340229961601825, 0.6694003490983021], [0.48305944758584385, 0.6298062326883342], [0.79629032116989, 0.041430153193005255], [0.48305944758584385, -0.5073518098944901]], [[-0.48305944758584396, -0.6298062326883337], [-0.7962903211698901, -0.041430153193004686], [-0.4566331732000647, 0.12061838601080672], [-0.14340229961601828, -0.46775769348452223]], [[-0.7962903211698901, -0.041430153193004686], [-0.4830594475858439, 0.5073518098944907], [-0.14340229961601825, 0.6694003490983021], [-0.4566331732000647, 0.12061838601080672]]], "labels": {"GAMMA": [0.0, 0.0], "M": [0.46984631039295416, 0.25459392333876374], "K": [0.31323087359530266, 0.548781963086784], "A": [-0.16982857398491272, -0.08102426960190572], "L": [0.3000177364080414, 0.17356965373685798], "H": [0.14340229961038994, 0.4677576934848783], "H_2": [0.4830594475802154, 0.6298062326886896]}, "label_positions": {"GAMMA": [0.05, 0.05], "M": [0.5198463103929541, 0.30459392333876373], "K": [0.36323087359530265, 0.598781963086784], "A": [-0.16982857398491272, -0.031024269601905713], "L": [0.3500177364080414, 0.223569653736858], "H": [0.19340229961038996, 0.5177576934848783], "H_2": [0.4830594475802154, 0.6798062326886897]}, "zorder": [1, 1, 1, 1, 1, 1, 1, 1]}