{"site_point_groups": {"a": {"name": "2a", "site_symmetry": ["1"]}}, "equivalent_atoms": [0, 0, 2, 2, 4, 4, 6, 6, 8, 8, 10, 10, 12, 12, 14, 14, 16, 16, 18, 18, 20, 20, 22, 22, 24, 24, 26, 26, 28, 28, 30, 30, 32, 32, 34, 34, 36, 36, 38, 38, 40, 40, 42, 42], "global_point_groups": ["2", "1"], "number": 4, "std_lattice": [[1.0, 0.0, 0.0], [0.0, 0.7110256241, 0.0], [-0.2494363994, 0.0, 1.6493216275]], "wyckoffs": ["a", "a", "a", "a", "a", "a", "a", "a", "a", "a", "a", "a", "a", "a", "a", "a", "a", "a", "a", "a", "a", "a", "a", "a", "a", "a", "a", "a", "a", "a", "a", "a", "a", "a", "a", "a", "a", "a", "a", "a", "a", "a", "a", "a"], "std_positions": [[0.2789, 0.75, 0.1138], [0.7211, 0.25, 0.8862], [0.7741, 0.7457, 0.0993], [0.2259, 0.2457, 0.9007], [0.3502, 0.1974, 0.3909], [0.6498, 0.6974, 0.6091], [0.8525, 0.1587, 0.4164], [0.1475, 0.6587, 0.5836], [0.032, 0.237, 0.1191], [0.968, 0.737, 0.8809], [0.5271, 0.2402, 0.12], [0.4729, 0.7402, 0.88], [0.078, 0.7054, 0.3228], [0.922, 0.2054, 0.6772], [0.5833, 0.7025, 0.3263], [0.4167, 0.2025, 0.6737], [0.776, 0.201, 0.109], [0.224, 0.701, 0.891], [0.275, 0.302, 0.09], [0.725, 0.802, 0.91], [0.03, 0.976, 0.016], [0.97, 0.476, 0.984], [0.479, 0.974, 0.02], [0.521, 0.474, 0.98], [0.098, 0.031, 0.226], [0.902, 0.531, 0.774], [0.517, 0.037, 0.229], [0.483, 0.537, 0.771], [0.033, 0.54, 0.187], [0.967, 0.04, 0.813], [0.559, 0.545, 0.189], [0.441, 0.045, 0.811], [0.089, 0.446, 0.409], [0.911, 0.946, 0.591], [0.613, 0.431, 0.398], [0.387, 0.931, 0.602], [0.121, 0.922, 0.432], [0.879, 0.422, 0.568], [0.599, 0.911, 0.44], [0.401, 0.411, 0.56], [0.327, 0.677, 0.312], [0.673, 0.177, 0.688], [0.825, 0.779, 0.3], [0.175, 0.279, 0.7]], "international": "P2_1"}