{"band_nos": [4], "mid_gaps": [0.41121691254191484], "max_gap": 0.3218830339408629, "gap_ranges": [[0.4105550938048309, 0.4118787312789988]], "strict_calculated": true, "mid_gap_of_max": 0.41121691254191484, "gap": [0.3218830339408629], "gap_range_of_max": [0.4105550938048309, 0.4118787312789988], "fill_fraction": 0.147279}