{"strict_calculated": true, "fill_fraction": 0.382545, "mid_gap_of_max": 0.41906145541541595, "gap_range_of_max": [0.4152948623234151, 0.4228280485074168], "max_gap": 1.797632802218463, "mid_gaps": [0.41906145541541595], "gap": [1.797632802218463], "gap_ranges": [[0.4152948623234151, 0.4228280485074168]], "band_nos": [8]}