{"gap": [20.295702786702822], "band_nos": [8], "max_gap": 20.295702786702822, "fill_fraction": 0.319659, "mid_gaps": [0.5026620040356411], "gap_ranges": [[0.451652610855262, 0.5536713972160203]], "gap_range_of_max": [0.451652610855262, 0.5536713972160203], "mid_gap_of_max": 0.5026620040356411}