{"band_nos": [2], "gap_ranges": [[0.3305786265176826, 0.3836163026313742]], "fill_fraction": 0.34679, "gap": [14.852437044571133], "max_gap": 14.852437044571133, "mid_gaps": [0.3570974645745284], "mid_gap_of_max": 0.3570974645745284, "gap_range_of_max": [0.3305786265176826, 0.3836163026313742]}