{"gap": [4.199650661330334], "gap_ranges": [[0.482731788733367, 0.5034396667595978]], "mid_gap_of_max": 0.4930857277464824, "gap_range_of_max": [0.482731788733367, 0.5034396667595978], "mid_gaps": [0.4930857277464824], "max_gap": 4.199650661330334, "band_nos": [12], "fill_fraction": 0.365158}