{"run_me": true, "gap_ranges": [[0.635518815646319, 0.6370772838198604]], "fill_fraction": 0.346671, "gap_range_of_max": [0.635518815646319, 0.6370772838198604], "max_gap": 0.2449273849251511, "mid_gaps": [0.6362980497330897], "band_nos": [8], "gap": [0.2449273849251511], "mid_gap_of_max": 0.6362980497330897, "_status": {"oP6-CoTe2_r-/87d5c1ee/check_runnin/0000/8d41433c110a63d78311ce33655e68da": 1, "oP6-CoTe2_r-/87d5c1ee/store_fill/0000/50b7ac669d6be69cceee010729c68b38": 1, "oP6-CoTe2_r-/87d5c1ee/store_data/0000/9fcb2abe1604361bb783c740bcc1813a": 1, "oP6-CoTe2_r-/87d5c1ee/store_strict/0000/3324b7eaaac0740eae025fce2d3714f3": 1, "oP6-CoTe2_r-/87d5c1ee/strict-mpb-o/0000/a51a67e8a283ccfe7c830be9ad0bec99": 1, "oP6-CoTe2_r-/87d5c1ee/mpb-oP6-CoTe/0000/afdb6bf086eb23e4cf43b6aea7de1234": 3}}