{"gap_range_of_max": [0.267387262651915, 0.3257424944743506], "gap_ranges": [[0.267387262651915, 0.3257424944743506]], "max_gap": 19.67705417619528, "mid_gap_of_max": 0.2965648785631328, "band_nos": [4], "strict_calculated": true, "fill_fraction": 0.401742, "mid_gaps": [0.2965648785631328], "gap": [19.67705417619528]}