{"band_nos": [4], "mid_gap_of_max": 0.4831569369271812, "max_gap": 1.7530261597780588, "_status": {"tP12-PNO-6/3b9ee763/strict-mpb-t/0000/dbfb012d9adef7d2eab9a699a2b33c34": 1, "tP12-PNO-6/3b9ee763/mpb-tP12-PNO/0000/3fffd3cbf0739bad6e9b987568972d5d": 1, "tP12-PNO-6/3b9ee763/store_data/0000/1de14d2caec9c8f7d2970027d6ecabe7": 1, "tP12-PNO-6/3b9ee763/store_fill/0000/5b5ecb23e8456064d63b2378384391e2": 1, "tP12-PNO-6/3b9ee763/store_strict/0000/687d34c42557b1909ee1679f5849b6b6": 1, "tP12-PNO-6/3b9ee763/check_runnin/0000/2b71e0d2fcd4342b125da475f1ba413a": 1}, "gap": [1.7530261597780588], "mid_gaps": [0.4831569369271812], "fill_fraction": 0.255348, "gap_ranges": [[0.478922003178623, 0.48739187067573947]], "gap_range_of_max": [0.478922003178623, 0.48739187067573947]}