{"gap": [0.5305946055321319, 1.4012961246114504], "band_nos": [18, 19], "mid_gap_of_max": 0.6273795049381274, "gap_range_of_max": [0.622983782593475, 0.6317752272827798], "strict_calculated": true, "gap_ranges": [[0.610494412166016, 0.6137422790873844], [0.622983782593475, 0.6317752272827798]], "mid_gaps": [0.6121183456267002, 0.6273795049381274], "max_gap": 1.4012961246114504, "fill_fraction": 0.160735}