{"mid_gap_of_max": 0.5877587822167325, "fill_fraction": 0.324146, "max_gap": 1.00725636554419, "gap_ranges": [[0.584798663342771, 0.5907189010906941]], "band_nos": [6], "gap_range_of_max": [0.584798663342771, 0.5907189010906941], "mid_gaps": [0.5877587822167325], "strict_calculated": true, "gap": [1.00725636554419]}