{"strict_calculated": true, "mid_gap_of_max": 0.28628936199362387, "band_nos": [2], "gap": [15.94938797627143], "max_gap": 15.94938797627143, "gap_ranges": [[0.263458661454046, 0.3091200625332018]], "gap_range_of_max": [0.263458661454046, 0.3091200625332018], "fill_fraction": 0.459193, "mid_gaps": [0.28628936199362387]}