{"gap_ranges": [[0.377437612959497, 0.3780047866373412], [0.4434652128040648, 0.46107318380965107]], "strict_calculated": true, "_status": {"tP16-FeCuSe2/9b320ae8/store_strict/0000/5f29e617456af6bbea8da66b39b66ba7": 1, "tP16-FeCuSe2/9b320ae8/strict-mpb-t/0000/131b28c4f6d6c6a3ccfa381c8c08e18a": 1, "tP16-FeCuSe2/9b320ae8/store_data/0000/20dd753766b7af432bcac8f90d0136a5": 1, "tP16-FeCuSe2/9b320ae8/mpb-tP16-FeC/0000/8252dce6dc04920b9d1434e58e6edce5": 1, "tP16-FeCuSe2/9b320ae8/store_fill/0000/73e7e3161be8dc95f2ee23d53ed30ce3": 1, "tP16-FeCuSe2/9b320ae8/check_runnin/0000/262d1f037d73b5af2351ee18df015ebc": 1}, "max_gap": 3.8932500978409434, "gap_range_of_max": [0.4434652128040648, 0.46107318380965107], "gap": [0.15015669709478252, 3.8932500978409434], "mid_gap_of_max": 0.45226919830685797, "band_nos": [10, 16], "fill_fraction": 0.296385, "mid_gaps": [0.3777211997984191, 0.45226919830685797]}