{"gap_ranges": [[0.4237843731242151, 0.49655137183948367]], "fill_fraction": 0.157238, "gap_range_of_max": [0.4237843731242151, 0.49655137183948367], "max_gap": 15.81314191336526, "band_nos": [2], "mid_gap_of_max": 0.46016787248184937, "gap": [15.81314191336526], "mid_gaps": [0.46016787248184937]}