{"mid_gaps": [0.5341215055607564], "fill_fraction": 0.145083, "max_gap": 6.519999158942921, "gap_range_of_max": [0.516709146725609, 0.5515338643959039], "gap": [6.519999158942921], "band_nos": [2], "mid_gap_of_max": 0.5341215055607564, "gap_ranges": [[0.516709146725609, 0.5515338643959039]]}