{"gap_range_of_max": [0.540686012520736, 0.6236622002714863], "band_nos": [8], "fill_fraction": 0.319659, "max_gap": 14.25281317721356, "mid_gaps": [0.5821741063961112], "gap": [14.25281317721356], "gap_ranges": [[0.540686012520736, 0.6236622002714863]], "mid_gap_of_max": 0.5821741063961112}