{"gap_ranges": [[0.275960621368537, 0.32250898173469084]], "fill_fraction": 0.448321, "gap": [15.555797696252935], "mid_gap_of_max": 0.2992348015516139, "max_gap": 15.555797696252935, "gap_range_of_max": [0.275960621368537, 0.32250898173469084], "mid_gaps": [0.2992348015516139], "band_nos": [2]}