{"fill_fraction": 0.277499, "max_gap": 3.0968148684334342, "_status": {"cP4-Li-12/30b5c6d1/strict-mpb-c/0000/917529cc36c1a4f86209aaeb94e69dbe": 1, "cP4-Li-12/30b5c6d1/store_strict/0000/4cd91ae57c41dedbf897b6b9ac48f585": 1, "cP4-Li-12/30b5c6d1/check_runnin/0000/6d6dc4f8f97996cdbd40b3ea08bad60d": 1, "cP4-Li-12/30b5c6d1/store_fill/0000/6226ec59ccb038dae06c01b3d6db0553": 1, "cP4-Li-12/30b5c6d1/store_data/0000/b4835fb7c545d8f77c7f8976d0e5c74c": 1, "cP4-Li-12/30b5c6d1/mpb-cP4-Li-1/0000/ebf67cc97329c22dddcf18407646b3dc": 6}, "band_nos": [16], "gap_range_of_max": [0.6114615239561, 0.6306951705585867], "run_me": true, "mid_gap_of_max": 0.6210783472573433, "gap_ranges": [[0.6114615239561, 0.6306951705585867]], "gap": [3.0968148684334342], "mid_gaps": [0.6210783472573433]}