{"max_gap": 0.9547309091260009, "gap_ranges": [[0.743027257055185, 0.7501551942513195]], "mid_gaps": [0.7465912256532523], "run_me": true, "fill_fraction": 0.271648, "_status": {"oP16-Cu2S4Si/1f40a9ee/store_fill/0000/0a3c74642dd8c63df42a5cbc3ff5a36f": 1, "oP16-Cu2S4Si/1f40a9ee/mpb-oP16-Cu2/0000/9e346ca4b9c8048187ac835a996332ef": 7, "oP16-Cu2S4Si/1f40a9ee/store_data/0000/8b66dd3f42cb05fc195704573ce7f8ed": 1, "oP16-Cu2S4Si/1f40a9ee/strict-mpb-o/0000/51f91692d5b397555e817b87fc01db68": 1, "oP16-Cu2S4Si/1f40a9ee/store_strict/0000/cc8b28198887e978e11ef44ebe336a7e": 1, "oP16-Cu2S4Si/1f40a9ee/check_runnin/0000/018ae9e2fd0f4165a0be9bbede495843": 1}, "band_nos": [16], "gap_range_of_max": [0.743027257055185, 0.7501551942513195], "gap": [0.9547309091260009], "mid_gap_of_max": 0.7465912256532523}