{"strict_calculated": true, "band_nos": [7], "mid_gap_of_max": 0.5180868284989302, "mid_gaps": [0.5180868284989302], "gap": [11.265405276843968], "gap_ranges": [[0.4889045380407542, 0.5472691189571063]], "gap_range_of_max": [0.4889045380407542, 0.5472691189571063], "fill_fraction": 0.20579, "max_gap": 11.265405276843968}