{"band_nos": [8], "mid_gap_of_max": 0.4104955949749878, "gap_ranges": [[0.408316094571869, 0.4126750953781065]], "mid_gaps": [0.4104955949749878], "gap": [1.0618873526530677], "max_gap": 1.0618873526530677, "gap_range_of_max": [0.408316094571869, 0.4126750953781065], "fill_fraction": 0.55523}