{"gap_ranges": [[0.646540226277616, 0.6599981827658898]], "mid_gap_of_max": 0.653269204521753, "mid_gaps": [0.653269204521753], "gap_range_of_max": [0.646540226277616, 0.6599981827658898], "band_nos": [16], "gap": [2.060093510473335], "fill_fraction": 0.23103, "max_gap": 2.060093510473335}