{"gap_range_of_max": [0.349693159897272, 0.41090528830393497], "max_gap": 16.095780513733015, "band_nos": [4], "gap": [16.095780513733015], "mid_gap_of_max": 0.38029922410060346, "fill_fraction": 0.24269, "gap_ranges": [[0.349693159897272, 0.41090528830393497]], "mid_gaps": [0.38029922410060346]}