{"mid_gap_of_max": 0.40173523620216967, "band_nos": [4], "max_gap": 1.7111411190816495, "strict_calculated": true, "mid_gaps": [0.40173523620216967], "fill_fraction": 0.119755, "gap_range_of_max": [0.398298107793922, 0.4051723646104174], "gap": [1.7111411190816495], "gap_ranges": [[0.398298107793922, 0.4051723646104174]]}