{"max_gap": 8.900080568406809, "mid_gaps": [0.4378698036655419], "gap_range_of_max": [0.4183844210100629, 0.4573551863210209], "gap_ranges": [[0.4183844210100629, 0.4573551863210209]], "gap": [8.900080568406809], "mid_gap_of_max": 0.4378698036655419, "fill_fraction": 0.293562, "band_nos": [2]}