{
  "basis": [
    [
      0.2857142857,
      0.2857142857,
      -0.1428571429
    ],
    [
      -0.2142857143,
      0.2857142857,
      0.3571428571
    ],
    [
      -0.2142857143,
      0.2857142857,
      -0.1428571429
    ],
    [
      -0.2142857143,
      -0.2142857143,
      0.3571428571
    ],
    [
      -0.2142857143,
      -0.2142857143,
      -0.1428571429
    ],
    [
      0.2857142857,
      -0.2142857143,
      0.3571428571
    ],
    [
      0.2857142857,
      -0.2142857143,
      -0.1428571429
    ],
    [
      0.2857142857,
      0.2857142857,
      0.3571428571
    ],
    [
      0.4017142857,
      0.6517142857,
      -0.3928571429
    ],
    [
      0.1697142857,
      -0.0802857143,
      0.1071428571
    ],
    [
      0.1517142857,
      -0.0982857143,
      0.1071428571
    ],
    [
      -0.5802857143,
      -0.3302857143,
      -0.3928571429
    ],
    [
      -0.5892857143,
      -0.3392857143,
      -0.3928571429
    ],
    [
      0.1607142857,
      -0.0892857143,
      0.1071428571
    ]
  ],
  "lattice_vectors": [
    [
      -0.4344636368,
      0.4344636368,
      0.7889757262
    ],
    [
      0.4344636368,
      -0.4344636368,
      0.7889757262
    ],
    [
      0.4344636368,
      0.4344636368,
      -0.7889757262
    ]
  ],
  "nbands": 20,
  "structure": "tI28-Cu2Ag2O3"
}