{"gap_ranges": [[0.444192216581119, 0.48724941060918775]], "gap_range_of_max": [0.444192216581119, 0.48724941060918775], "band_nos": [5], "fill_fraction": 0.179696, "gap": [9.245280170256201], "max_gap": 9.245280170256201, "mid_gaps": [0.4657208135951534], "mid_gap_of_max": 0.4657208135951534}