{"gap": [2.8980666467071985], "band_nos": [17], "gap_range_of_max": [1.01648413108189, 1.0463756568226907], "gap_ranges": [[1.01648413108189, 1.0463756568226907]], "fill_fraction": 0.0728, "mid_gaps": [1.0314298939522903], "max_gap": 2.8980666467071985, "mid_gap_of_max": 1.0314298939522903}