{"fill_fraction": 0.333879, "gap_ranges": [[0.524769078508518, 0.5404075233239378]], "max_gap": 2.9363102397323115, "mid_gap_of_max": 0.5325883009162279, "gap": [2.9363102397323115], "band_nos": [8], "gap_range_of_max": [0.524769078508518, 0.5404075233239378], "strict_calculated": true, "mid_gaps": [0.5325883009162279]}