{"gap_range_of_max": [0.599716160780856, 0.6521670720593398], "mid_gaps": [0.6259416164200979], "gap_ranges": [[0.599716160780856, 0.6521670720593398]], "gap": [8.379521332750091], "max_gap": 8.379521332750091, "fill_fraction": 0.343544, "band_nos": [8], "mid_gap_of_max": 0.6259416164200979}