{"gap_ranges": [[0.295894844989661, 0.3165097371689274]], "max_gap": 6.73244217298402, "gap_range_of_max": [0.295894844989661, 0.3165097371689274], "mid_gaps": [0.3062022910792942], "band_nos": [4], "gap": [6.73244217298402], "fill_fraction": 0.312446, "mid_gap_of_max": 0.3062022910792942}