{"gap_range_of_max": [0.489597170536138, 0.49409249357910284], "fill_fraction": 0.131636, "gap_ranges": [[0.489597170536138, 0.49409249357910284]], "max_gap": 0.913971795567833, "mid_gap_of_max": 0.4918448320576204, "gap": [0.913971795567833], "band_nos": [2], "mid_gaps": [0.4918448320576204]}