{"gap_range_of_max": [0.40469542561389, 0.4105432678273085], "mid_gaps": [0.40761934672059924], "gap": [1.4346331351680948], "band_nos": [12], "fill_fraction": 0.517692, "gap_ranges": [[0.40469542561389, 0.4105432678273085]], "strict_calculated": true, "max_gap": 1.4346331351680948, "mid_gap_of_max": 0.40761934672059924}