{"fill_fraction": 0.189091, "band_nos": [12], "mid_gap_of_max": 0.8304349272219117, "gap_range_of_max": [0.816694615527389, 0.8441752389164344], "gap_ranges": [[0.816694615527389, 0.8441752389164344]], "max_gap": 3.3091844391682073, "gap": [3.3091844391682073], "mid_gaps": [0.8304349272219117], "_status": {"cI80-Er2O3_r/238b35a5/strict-mpb-c/0000/8b6cc77a0f255de1ae7fe095ce052b6a": 1, "cI80-Er2O3_r/238b35a5/store_strict/0000/894ce0e7d32ad7e97393adf7dbf5dccd": 1, "cI80-Er2O3_r/238b35a5/mpb-cI80-Er2/0000/fe723683ea7b981b81452dde6308011f": 1, "cI80-Er2O3_r/238b35a5/store_data/0000/51c4b7ca4de7e7c2a910ef3784e0ed21": 1, "cI80-Er2O3_r/238b35a5/store_fill/0000/3a624ebd04c5b18ba54b1b323217ac74": 1, "cI80-Er2O3_r/238b35a5/check_runnin/0000/636cdcb1ba27e9993a2e45c19e97e878": 1}}