{"gap": [0.04360932843050925, 1.7328690822441366], "gap_range_of_max": [0.67701632545201, 0.6888506688766596], "band_nos": [15, 18], "run_me": true, "_status": {"mC10-ZnO-12/49cd285d/store_data/0000/9be73588ccc28c523f6f79cb45f2fec5": 1, "mC10-ZnO-12/49cd285d/check_runnin/0000/92e8092dcad33e5ec9ab3a38e708493b": 1, "mC10-ZnO-12/49cd285d/store_strict/0000/f2b3ac95c8ad52a7d82b056a1612dbea": 1, "mC10-ZnO-12/49cd285d/store_fill/0000/0e21e60dc035d5c7197b465024963e16": 1, "mC10-ZnO-12/49cd285d/mpb-mC10-ZnO/0000/06e0dc81bdf5710f3bde1d44e39e59bc": 6, "mC10-ZnO-12/49cd285d/strict-mpb-m/0000/b7b2587a1347f4147ac7ffdfe8d2a330": 1}, "gap_ranges": [[0.658535255559836, 0.6588225009951668], [0.67701632545201, 0.6888506688766596]], "mid_gap_of_max": 0.6829334971643348, "mid_gaps": [0.6586788782775015, 0.6829334971643348], "fill_fraction": 0.160735, "max_gap": 1.7328690822441366}