{"gap": [0.7764657717181582], "gap_ranges": [[0.283763874473525, 0.28597579121952943]], "band_nos": [4], "max_gap": 0.7764657717181582, "mid_gaps": [0.2848698328465272], "gap_range_of_max": [0.283763874473525, 0.28597579121952943], "mid_gap_of_max": 0.2848698328465272, "fill_fraction": 0.445298}