{"max_gap": 20.612880705809896, "mid_gaps": [0.5222649924981083], "gap_range_of_max": [0.468438062562187, 0.5760919224340296], "mid_gap_of_max": 0.5222649924981083, "gap": [20.612880705809896], "gap_ranges": [[0.468438062562187, 0.5760919224340296]], "band_nos": [2], "fill_fraction": 0.071857}