{"gap_ranges": [[0.290190279287123, 0.3517332163340011]], "mid_gaps": [0.3209617478105621], "max_gap": 19.174539479141156, "band_nos": [2], "gap_range_of_max": [0.290190279287123, 0.3517332163340011], "mid_gap_of_max": 0.3209617478105621, "gap": [19.174539479141156], "fill_fraction": 0.409997}