{"gap_range_of_max": [0.866998690202456, 0.8861876966596097], "gap": [1.2657582530484823, 2.189043515390102], "mid_gap_of_max": 0.8765931934310329, "mid_gaps": [0.7530511186297947, 0.8765931934310329], "fill_fraction": 0.203638, "_status": {"tI14-Ga2HgSe/fda753e1/strict-mpb-t/0000/c78e5ac3bb6b756b6e4314a185b8b5ee": 1, "tI14-Ga2HgSe/fda753e1/store_fill/0000/b73492f48d872ec2b3b462349ce6a312": 1, "tI14-Ga2HgSe/fda753e1/store_strict/0000/46c2658d0b5f3838533b5351122a579f": 1, "tI14-Ga2HgSe/fda753e1/check_runnin/0000/c1252a9e41858507db880da5577ad429": 1, "tI14-Ga2HgSe/fda753e1/mpb-tI14-Ga2/0000/e1e9a2185de9601e4f10b2c451dcb2e4": 1, "tI14-Ga2HgSe/fda753e1/store_data/0000/2798b7446d04d6567405c019fdf679a0": 1}, "max_gap": 2.189043515390102, "band_nos": [8, 11], "gap_ranges": [[0.748285215287929, 0.7578170219716603], [0.866998690202456, 0.8861876966596097]]}