{"mid_gaps": [0.526384151865988], "gap": [12.532483832214877], "gap_range_of_max": [0.4933996475020148, 0.5593686562299612], "gap_ranges": [[0.4933996475020148, 0.5593686562299612]], "max_gap": 12.532483832214877, "mid_gap_of_max": 0.526384151865988, "band_nos": [2], "fill_fraction": 0.125041}