{"gap_ranges": [[0.3253692536498745, 0.3486090055599305]], "band_nos": [2], "max_gap": 6.896291265330434, "gap": [6.896291265330434], "mid_gap_of_max": 0.3369891296049025, "fill_fraction": 0.424773, "gap_range_of_max": [0.3253692536498745, 0.3486090055599305], "mid_gaps": [0.3369891296049025]}