{"mid_gaps": [0.44191965191938465], "mid_gap_of_max": 0.44191965191938465, "band_nos": [7], "gap": [7.244270432261953], "gap_ranges": [[0.425912724580209, 0.45792657925856034]], "gap_range_of_max": [0.425912724580209, 0.45792657925856034], "fill_fraction": 0.345931, "max_gap": 7.244270432261953}