{"gap_range_of_max": [0.503867323505888, 0.5379358134426679], "max_gap": 6.5402932144293, "gap_ranges": [[0.503867323505888, 0.5379358134426679]], "gap": [6.5402932144293], "mid_gaps": [0.5209015684742779], "band_nos": [5], "mid_gap_of_max": 0.5209015684742779, "fill_fraction": 0.131871}