{"gap_range_of_max": [0.3443333743251497, 0.39480712837333165], "max_gap": 13.657418004807054, "gap": [13.657418004807054], "fill_fraction": 0.404641, "gap_ranges": [[0.3443333743251497, 0.39480712837333165]], "band_nos": [2], "mid_gap_of_max": 0.3695702513492407, "mid_gaps": [0.3695702513492407]}