{"gap_range_of_max": [0.544742351405428, 0.582744916772676], "mid_gaps": [0.563743634089052, 0.6810036602286945], "fill_fraction": 0.114211, "max_gap": 6.74110767186853, "mid_gap_of_max": 0.563743634089052, "gap_ranges": [[0.544742351405428, 0.582744916772676], [0.665839408949842, 0.6961679115075471]], "band_nos": [5, 8], "gap": [6.74110767186853, 4.4535006680463525]}