{"strict_calculated": true, "gap": [7.788458433127273], "gap_range_of_max": [0.2531682658005429, 0.27368514526262705], "gap_ranges": [[0.2531682658005429, 0.27368514526262705]], "band_nos": [4], "fill_fraction": 0.478574, "max_gap": 7.788458433127273, "mid_gap_of_max": 0.263426705531585, "mid_gaps": [0.263426705531585]}