{"mid_gaps": [0.7197895133529835], "mid_gap_of_max": 0.7197895133529835, "fill_fraction": 0.125779, "gap": [11.688147414568006], "gap_range_of_max": [0.677724483655334, 0.7618545430506328], "band_nos": [16], "max_gap": 11.688147414568006, "gap_ranges": [[0.677724483655334, 0.7618545430506328]]}