{"gap_range_of_max": [0.283888132850008, 0.30536682157964007], "mid_gap_of_max": 0.2946274772148241, "max_gap": 7.290117314472658, "fill_fraction": 0.4127, "mid_gaps": [0.2946274772148241, 0.4408659922421396], "band_nos": [4, 16], "gap_ranges": [[0.283888132850008, 0.30536682157964007], [0.439011275710249, 0.4427207087740302]], "gap": [7.290117314472658, 0.8413969616743153]}