{"fill_fraction": 0.510781, "mid_gap_of_max": 0.4431455752451332, "max_gap": 7.994589291937488, "band_nos": [8], "gap_range_of_max": [0.4254317408920121, 0.46085940959825433], "gap": [7.994589291937488], "mid_gaps": [0.4431455752451332], "gap_ranges": [[0.4254317408920121, 0.46085940959825433]]}