{"gap_ranges": [[0.495795476648218, 0.5343092565490808]], "gap_range_of_max": [0.495795476648218, 0.5343092565490808], "band_nos": [5], "fill_fraction": 0.121079, "gap": [7.477643517144337], "max_gap": 7.477643517144337, "mid_gaps": [0.5150523665986494], "mid_gap_of_max": 0.5150523665986494}