{"gap": [4.207182932687236], "band_nos": [8], "gap_ranges": [[0.710227655560474, 0.7407503040983854]], "max_gap": 4.207182932687236, "gap_range_of_max": [0.710227655560474, 0.7407503040983854], "mid_gaps": [0.7254889798294297], "mid_gap_of_max": 0.7254889798294297, "fill_fraction": 0.21434}