{
  "basis": [
    [
      0.1481,
      -0.1481,
      -0.22222
    ],
    [
      -0.1481,
      0.1481,
      0.27778
    ],
    [
      0.3519,
      -0.3519,
      -0.22222
    ],
    [
      -0.3519,
      0.3519,
      0.27778
    ],
    [
      -0.3519,
      0.1481,
      -0.22222
    ],
    [
      0.3519,
      -0.1481,
      0.27778
    ],
    [
      -0.1481,
      0.3519,
      -0.22222
    ],
    [
      0.1481,
      -0.3519,
      0.27778
    ],
    [
      -0.25,
      -0.25,
      0.01928
    ],
    [
      0.25,
      0.25,
      0.03628
    ],
    [
      0.25,
      0.25,
      -0.46372
    ],
    [
      -0.25,
      -0.25,
      0.51928
    ],
    [
      0.25,
      -0.25,
      -0.47222
    ],
    [
      -0.25,
      0.25,
      -0.47222
    ],
    [
      -0.25,
      0.25,
      0.02778
    ],
    [
      0.25,
      -0.25,
      0.02778
    ],
    [
      -0.25,
      -0.25,
      -0.20062
    ],
    [
      0.25,
      0.25,
      0.25618
    ],
    [
      0.25,
      0.25,
      -0.24382
    ],
    [
      -0.25,
      -0.25,
      0.29938
    ],
    [
      0.06191,
      -0.41935,
      -0.3661
    ],
    [
      -0.06191,
      0.41935,
      0.42166
    ],
    [
      0.43809,
      -0.08065,
      -0.3661
    ],
    [
      -0.43809,
      0.08065,
      0.42166
    ],
    [
      -0.08065,
      0.06191,
      -0.3661
    ],
    [
      0.08065,
      -0.06191,
      0.42166
    ],
    [
      -0.41935,
      0.43809,
      -0.3661
    ],
    [
      0.41935,
      -0.43809,
      0.42166
    ],
    [
      -0.06191,
      0.08065,
      -0.07834
    ],
    [
      0.06191,
      -0.08065,
      0.1339
    ],
    [
      -0.43809,
      0.41935,
      -0.07834
    ],
    [
      0.43809,
      -0.41935,
      0.1339
    ],
    [
      0.08065,
      -0.43809,
      -0.07834
    ],
    [
      -0.08065,
      0.43809,
      0.1339
    ],
    [
      0.41935,
      -0.06191,
      -0.07834
    ],
    [
      -0.41935,
      0.06191,
      0.1339
    ]
  ],
  "lattice_vectors": [
    [
      1.0,
      0.0,
      0.0
    ],
    [
      0.0,
      1.0,
      0.0
    ],
    [
      0.0,
      0.0,
      1.9407266749
    ]
  ],
  "nbands": 20,
  "structure": "tP36-Ba5Si3F_r"
}