{"gap_ranges": [[0.3585264450979273, 0.41891105215607566]], "fill_fraction": 0.200052, "mid_gaps": [0.3887187486270015], "mid_gap_of_max": 0.3887187486270015, "band_nos": [4], "gap": [15.534266682899537], "gap_range_of_max": [0.3585264450979273, 0.41891105215607566], "max_gap": 15.534266682899537, "_status": {"tP12-PNO_r-1/acab6c37/check_runnin/0000/165d80c618089ea65a2061e54849bfcd": 1, "tP12-PNO_r-1/acab6c37/strict-mpb-t/0000/16cf647abc2362a78eb0601e5c304249": 1, "tP12-PNO_r-1/acab6c37/store_fill/0000/079b36e40854f137209d19e9232a4a0e": 1, "tP12-PNO_r-1/acab6c37/store_strict/0000/a1eeecd986be66abcc133801e3110341": 1, "tP12-PNO_r-1/acab6c37/mpb-tP12-PNO/0000/66f6d489f9c725b0fb7dd6cdafbf4c51": 1, "tP12-PNO_r-1/acab6c37/store_data/0000/700bc5911e170a56e25c4f9054e1a4ad": 1}}