{"band_nos": [2], "fill_fraction": 0.441519, "gap": [11.128489149085237], "gap_ranges": [[0.25193801452404, 0.28162686964296846]], "mid_gap_of_max": 0.2667824420835042, "mid_gaps": [0.2667824420835042], "gap_range_of_max": [0.25193801452404, 0.28162686964296846], "max_gap": 11.128489149085237, "strict_calculated": true}