{"gap_ranges": [[0.3679238770785888, 0.4415515577489762]], "fill_fraction": 0.22356, "gap_range_of_max": [0.3679238770785888, 0.4415515577489762], "max_gap": 18.191455232009986, "gap": [18.191455232009986], "mid_gap_of_max": 0.4047377174137825, "mid_gaps": [0.4047377174137825], "_status": {"tP12-PNO-14/8070565b/mpb-tP12-PNO/0000/d246be2bedb6e2bd889f5ed86119e5e7": 1, "tP12-PNO-14/8070565b/strict-mpb-t/0000/0c20652ea548a37b8ff7c94f8e270fdf": 1, "tP12-PNO-14/8070565b/store_fill/0000/fbfeeed19d8c77db8437d88c3f8549e4": 1, "tP12-PNO-14/8070565b/store_data/0000/6560e64444d08802e2a3f735403c333b": 1, "tP12-PNO-14/8070565b/check_runnin/0000/bb9b13a1f412b1e25ff0cb7b6bddc7fa": 1, "tP12-PNO-14/8070565b/store_strict/0000/73c8e2760b1dbdcccda98023b99f918f": 1}, "band_nos": [4]}