{"max_gap": 15.196337799855907, "gap": [15.196337799855907], "gap_range_of_max": [0.4126087979150206, 0.4804661401090137], "fill_fraction": 0.175842, "mid_gaps": [0.44653746901201713], "band_nos": [4], "gap_ranges": [[0.4126087979150206, 0.4804661401090137]], "mid_gap_of_max": 0.44653746901201713}