{"gap_range_of_max": [0.2304318090149328, 0.2448909100497235], "gap_ranges": [[0.2304318090149328, 0.2448909100497235]], "max_gap": 6.083909081073736, "mid_gap_of_max": 0.23766135953232814, "band_nos": [4], "strict_calculated": true, "fill_fraction": 0.618617, "mid_gaps": [0.23766135953232814], "gap": [6.083909081073736]}