{"gap_ranges": [[0.2390399380997289, 0.24520823864763136]], "max_gap": 2.5475782229410333, "mid_gaps": [0.24212408837368013], "gap_range_of_max": [0.2390399380997289, 0.24520823864763136], "band_nos": [2], "mid_gap_of_max": 0.24212408837368013, "gap": [2.5475782229410333], "strict_calculated": true, "fill_fraction": 0.620277}