{"gap": [3.1383221804795918], "fill_fraction": 0.157079, "gap_ranges": [[0.424819148917022, 0.4383638811625848]], "gap_range_of_max": [0.424819148917022, 0.4383638811625848], "mid_gap_of_max": 0.4315915150398034, "mid_gaps": [0.4315915150398034], "band_nos": [4], "max_gap": 3.1383221804795918}