{"band_nos": [4], "fill_fraction": 0.20872, "max_gap": 19.139188056240144, "gap": [19.139188056240144], "gap_ranges": [[0.328486516263894, 0.3980092076766573]], "gap_range_of_max": [0.328486516263894, 0.3980092076766573], "mid_gaps": [0.3632478619702757], "strict_calculated": true, "mid_gap_of_max": 0.3632478619702757}