{"band_nos": [12], "_status": {"cI80-Er2O3_r/9e273333/store_fill/0000/e3363488ed0c7af4225f3bee26c39357": 1, "cI80-Er2O3_r/9e273333/check_runnin/0000/1814f12e60aee4ebf19bc573b662b315": 1, "cI80-Er2O3_r/9e273333/strict-mpb-c/0000/c5836bd358423df26d7a94abd1c53599": 1, "cI80-Er2O3_r/9e273333/store_data/0000/95aa72cd6e2de383db0c50c3dac2158d": 1, "cI80-Er2O3_r/9e273333/store_strict/0000/d6d07d03374128607762e02fc3834fac": 1, "cI80-Er2O3_r/9e273333/mpb-cI80-Er2/0000/c99b5b0bb9539122b861fffa86c1621c": 1}, "fill_fraction": 0.13616, "mid_gaps": [0.7946157678800488], "gap_range_of_max": [0.768238420567908, 0.8209931151921896], "strict_calculated": true, "mid_gap_of_max": 0.7946157678800488, "gap_ranges": [[0.768238420567908, 0.8209931151921896]], "max_gap": 6.639019354602697, "gap": [6.639019354602697]}