{"strict_calculated": true, "band_nos": [7], "mid_gap_of_max": 0.4423613514908926, "mid_gaps": [0.4423613514908926], "gap": [10.172934484377356], "gap_ranges": [[0.419860786255205, 0.4648619167265803]], "gap_range_of_max": [0.419860786255205, 0.4648619167265803], "fill_fraction": 0.303, "max_gap": 10.172934484377356}