{"mid_gap_of_max": 0.4178837116511992, "gap_range_of_max": [0.4152569291937151, 0.42051049410868324], "mid_gaps": [0.4178837116511992], "gap_ranges": [[0.4152569291937151, 0.42051049410868324]], "_status": {"hP14-RbLiCrO/32b46235/check_runnin/0000/21808d361716c268ff2fc458eadcf215": 1, "hP14-RbLiCrO/32b46235/store_data/0000/d4b573e73411f8dbd76c30b6520aeb01": 1, "hP14-RbLiCrO/32b46235/strict-mpb-h/0000/39cab9545031d62b16ce104e8c1845c7": 1, "hP14-RbLiCrO/32b46235/store_strict/0000/3b07b56cd1d7502623aab21b9729b9d2": 1, "hP14-RbLiCrO/32b46235/store_fill/0000/4d5e6a2605f5a8fd961aa632290cb1cc": 1, "hP14-RbLiCrO/32b46235/mpb-hP14-RbL/0000/49481e42a02cfc573579664842e2d93d": 1}, "fill_fraction": 0.229966, "band_nos": [4], "max_gap": 1.2571834624062006, "gap": [1.2571834624062006]}