{"fill_fraction": 0.643403, "band_nos": [2], "mid_gaps": [0.27528273341082204], "gap_range_of_max": [0.273317830221382, 0.2772476366002621], "max_gap": 1.4275528036896457, "mid_gap_of_max": 0.27528273341082204, "gap": [1.4275528036896457], "gap_ranges": [[0.273317830221382, 0.2772476366002621]]}