{"fill_fraction": 0.276339, "gap_ranges": [[0.4560591924371223, 0.4886157706983035]], "mid_gaps": [0.4723374815677129], "gap": [6.892651871099482], "gap_range_of_max": [0.4560591924371223, 0.4886157706983035], "band_nos": [2], "max_gap": 6.892651871099482, "mid_gap_of_max": 0.4723374815677129}