{"gap_range_of_max": [0.582100964164, 0.6095749661740889], "max_gap": 4.610985471912853, "gap": [4.610985471912853], "mid_gap_of_max": 0.5958379651690444, "mid_gaps": [0.5958379651690444], "gap_ranges": [[0.582100964164, 0.6095749661740889]], "band_nos": [12], "fill_fraction": 0.42986}