{"strict_calculated": true, "gap": [0.7753872903226757, 0.609891165623327], "mid_gap_of_max": 0.7279231040050629, "band_nos": [15, 18], "max_gap": 0.7753872903226757, "gap_range_of_max": [0.72510099238917, 0.7307452156209556], "gap_ranges": [[0.72510099238917, 0.7307452156209556], [0.781400425090134, 0.7861806944712268]], "mid_gaps": [0.7279231040050629, 0.7837905597806805], "fill_fraction": 0.155425}