{"band_nos": [2], "gap": [1.1791394692433985], "gap_range_of_max": [0.541016683704139, 0.5474338586783524], "fill_fraction": 0.22745, "mid_gap_of_max": 0.5442252711912456, "gap_ranges": [[0.541016683704139, 0.5474338586783524]], "max_gap": 1.1791394692433985, "mid_gaps": [0.5442252711912456]}