{"faces": [[[-0.20819480714350944, -0.5773502691792514], [-0.418266940058353, -0.5773502691792514], [0.4182669400583527, -0.5773502691792514], [0.20819480714350935, -0.5773502691792514]], [[-0.7314978136423991, 0.0], [-0.5214256807275555, 0.0], [-0.20819480714350944, -0.5773502691792514], [-0.418266940058353, -0.5773502691792514]], [[0.4182669400583527, -0.5773502691792514], [0.20819480714350935, -0.5773502691792514], [0.5214256807275554, 2.827159716856459e-16], [0.7314978136423989, 0.0]], [[-0.20819480714350944, -0.5773502691792514], [-0.5214256807275555, 0.0], [-0.2081948071435097, 0.5773502691792518], [0.4182669400583528, 0.5773502691792517], [0.7314978136423989, 0.0], [0.4182669400583527, -0.5773502691792514]], [[0.2081948071435093, 0.5773502691792517], [0.4182669400583528, 0.5773502691792517], [0.7314978136423989, 0.0], [0.5214256807275554, 2.827159716856459e-16]], [[-0.418266940058353, -0.5773502691792514], [-0.7314978136423991, 0.0], [-0.418266940058353, 0.5773502691792518], [0.2081948071435093, 0.5773502691792517], [0.5214256807275554, 2.827159716856459e-16], [0.20819480714350935, -0.5773502691792514]], [[-0.5214256807275555, 0.0], [-0.7314978136423991, 0.0], [-0.418266940058353, 0.5773502691792518], [-0.2081948071435097, 0.5773502691792518]], [[-0.2081948071435097, 0.5773502691792518], [-0.418266940058353, 0.5773502691792518], [0.4182669400583528, 0.5773502691792517], [0.2081948071435093, 0.5773502691792517]]], "labels": {"GAMMA": [0.0, 0.0], "M": [0.46984631039295416, 0.28867513458962574], "K": [0.3132308735953028, 0.5773502691792515], "A": [-0.10503606645742165, 0.0], "L": [0.36481024393553246, 0.28867513458962574], "H": [0.20819480713788116, 0.5773502691792515]}, "label_positions": {"GAMMA": [0.05, 0.05], "M": [0.5198463103929541, 0.3386751345896257], "K": [0.36323087359530276, 0.6273502691792515], "A": [-0.10503606645742165, 0.05], "L": [0.41481024393553245, 0.3386751345896257], "H": [0.2581948071378812, 0.6273502691792515]}, "zorder": [1, 1, 1, 0, 1, 1, 1, 1]}