{"band_nos": [8], "gap_ranges": [[0.3772946594886741, 0.3786997500952892]], "gap": [0.37171984046504647], "mid_gap_of_max": 0.3779972047919816, "strict_calculated": true, "fill_fraction": 0.622385, "gap_range_of_max": [0.3772946594886741, 0.3786997500952892], "max_gap": 0.37171984046504647, "mid_gaps": [0.3779972047919816]}