{"band_nos": [4], "mid_gap_of_max": 0.37380172708301207, "gap": [2.8352983147415705], "fill_fraction": 0.259944, "gap_range_of_max": [0.3685025300487823, 0.3791009241172419], "mid_gaps": [0.37380172708301207], "gap_ranges": [[0.3685025300487823, 0.3791009241172419]], "max_gap": 2.8352983147415705}