{
  "structure": "hR144-Fe3B7ClO13",
  "nbands": 20,
  "basis": [
    [
      0.2416388889,
      -0.023,
      -0.108875
    ],
    [
      0.0646388889,
      0.223,
      -0.108875
    ],
    [
      -0.1813611111,
      -0.2,
      -0.108875
    ],
    [
      0.0646388889,
      -0.2,
      0.391125
    ],
    [
      -0.1813611111,
      -0.023,
      0.391125
    ],
    [
      0.2416388889,
      0.223,
      0.391125
    ],
    [
      -0.0913611111,
      0.31,
      0.224125
    ],
    [
      -0.2683611111,
      -0.443,
      0.224125
    ],
    [
      0.4846388889,
      0.133,
      0.224125
    ],
    [
      -0.2683611111,
      0.133,
      -0.275875
    ],
    [
      0.4846388889,
      0.31,
      -0.275875
    ],
    [
      -0.0913611111,
      -0.443,
      -0.275875
    ],
    [
      -0.4243611111,
      -0.356,
      -0.441875
    ],
    [
      0.3976388889,
      -0.11,
      -0.441875
    ],
    [
      0.1516388889,
      0.466,
      -0.441875
    ],
    [
      0.3976388889,
      0.466,
      0.058125
    ],
    [
      0.1516388889,
      -0.356,
      0.058125
    ],
    [
      -0.4243611111,
      -0.11,
      0.058125
    ],
    [
      -0.1173611111,
      -0.001,
      0.084125
    ],
    [
      0.0426388889,
      -0.159,
      0.084125
    ],
    [
      0.2006388889,
      0.159,
      0.084125
    ],
    [
      0.0426388889,
      0.159,
      -0.415875
    ],
    [
      0.2006388889,
      -0.001,
      -0.415875
    ],
    [
      -0.1173611111,
      -0.159,
      -0.415875
    ],
    [
      -0.4513611111,
      0.333,
      0.417125
    ],
    [
      -0.2913611111,
      0.175,
      0.417125
    ],
    [
      -0.1333611111,
      0.493,
      0.417125
    ],
    [
      -0.2913611111,
      0.493,
      -0.082875
    ],
    [
      -0.1333611111,
      0.333,
      -0.082875
    ],
    [
      -0.4513611111,
      0.175,
      -0.082875
    ],
    [
      0.2156388889,
      -0.334,
      -0.248875
    ],
    [
      0.3756388889,
      0.508,
      -0.248875
    ],
    [
      -0.4663611111,
      -0.174,
      -0.248875
    ],
    [
      0.3756388889,
      -0.174,
      0.251125
    ],
    [
      -0.4663611111,
      -0.334,
      0.251125
    ],
    [
      0.2156388889,
      0.508,
      0.251125
    ],
    [
      0.3306388889,
      0.259,
      -0.057875
    ],
    [
      -0.2173611111,
      0.03,
      -0.057875
    ],
    [
      0.0116388889,
      -0.289,
      -0.057875
    ],
    [
      -0.2173611111,
      -0.289,
      0.442125
    ],
    [
      0.0116388889,
      0.259,
      0.442125
    ],
    [
      0.3306388889,
      0.03,
      0.442125
    ],
    [
      -0.0033611111,
      -0.408,
      0.275125
    ],
    [
      0.4496388889,
      0.363,
      0.275125
    ],
    [
      -0.3213611111,
      0.045,
      0.275125
    ],
    [
      0.4496388889,
      0.045,
      -0.224875
    ],
    [
      -0.3213611111,
      -0.408,
      -0.224875
    ],
    [
      -0.0033611111,
      0.363,
      -0.224875
    ],
    [
      -0.3363611111,
      -0.074,
      -0.391875
    ],
    [
      0.1156388889,
      -0.304,
      -0.391875
    ],
    [
      0.3456388889,
      0.378,
      -0.391875
    ],
    [
      0.1156388889,
      0.378,
      0.108125
    ],
    [
      0.3456388889,
      -0.074,
      0.108125
    ],
    [
      -0.3363611111,
      -0.304,
      0.108125
    ],
    [
      0.0416388889,
      -0.0,
      -0.032875
    ],
    [
      0.0416388889,
      -0.0,
      0.467125
    ],
    [
      -0.2913611111,
      0.333,
      0.300125
    ],
    [
      -0.2913611111,
      0.333,
      -0.199875
    ],
    [
      0.3746388889,
      -0.333,
      -0.365875
    ],
    [
      0.3746388889,
      -0.333,
      0.134125
    ],
    [
      -0.2623611111,
      -0.225,
      0.000125
    ],
    [
      0.2666388889,
      -0.08,
      0.000125
    ],
    [
      0.1216388889,
      0.305,
      0.000125
    ],
    [
      0.2666388889,
      0.305,
      -0.499875
    ],
    [
      0.1216388889,
      -0.225,
      -0.499875
    ],
    [
      -0.2623611111,
      -0.08,
      -0.499875
    ],
    [
      0.4036388889,
      0.109,
      0.334125
    ],
    [
      -0.0673611111,
      0.253,
      0.334125
    ],
    [
      -0.2113611111,
      -0.362,
      0.334125
    ],
    [
      -0.0673611111,
      -0.362,
      -0.165875
    ],
    [
      -0.2113611111,
      0.109,
      -0.165875
    ],
    [
      0.4036388889,
      0.253,
      -0.165875
    ],
    [
      0.0706388889,
      0.442,
      -0.332875
    ],
    [
      -0.4003611111,
      -0.413,
      -0.332875
    ],
    [
      0.4546388889,
      -0.029,
      -0.332875
    ],
    [
      -0.4003611111,
      -0.029,
      0.167125
    ],
    [
      0.4546388889,
      0.442,
      0.167125
    ],
    [
      0.0706388889,
      -0.413,
      0.167125
    ],
    [
      0.2056388889,
      -0.165,
      0.062125
    ],
    [
      0.2076388889,
      0.329,
      0.062125
    ],
    [
      -0.2873611111,
      -0.164,
      0.062125
    ],
    [
      0.2076388889,
      -0.164,
      -0.437875
    ],
    [
      -0.2873611111,
      -0.165,
      -0.437875
    ],
    [
      0.2056388889,
      0.329,
      -0.437875
    ],
    [
      -0.1283611111,
      0.168,
      0.395125
    ],
    [
      -0.1263611111,
      -0.338,
      0.395125
    ],
    [
      0.3796388889,
      0.17,
      0.395125
    ],
    [
      -0.1263611111,
      0.17,
      -0.104875
    ],
    [
      0.3796388889,
      0.168,
      -0.104875
    ],
    [
      -0.1283611111,
      -0.338,
      -0.104875
    ],
    [
      -0.4613611111,
      0.501,
      -0.271875
    ],
    [
      -0.4593611111,
      -0.004,
      -0.271875
    ],
    [
      0.0456388889,
      0.503,
      -0.271875
    ],
    [
      -0.4593611111,
      0.503,
      0.228125
    ],
    [
      0.0456388889,
      0.501,
      0.228125
    ],
    [
      -0.4613611111,
      -0.004,
      0.228125
    ],
    [
      0.1416388889,
      -0.103,
      -0.049875
    ],
    [
      0.1446388889,
      0.203,
      -0.049875
    ],
    [
      -0.1613611111,
      -0.1,
      -0.049875
    ],
    [
      0.1446388889,
      -0.1,
      0.450125
    ],
    [
      -0.1613611111,
      -0.103,
      0.450125
    ],
    [
      0.1416388889,
      0.203,
      0.450125
    ],
    [
      -0.1913611111,
      0.231,
      0.283125
    ],
    [
      -0.1893611111,
      -0.464,
      0.283125
    ],
    [
      -0.4943611111,
      0.233,
      0.283125
    ],
    [
      -0.1893611111,
      0.233,
      -0.216875
    ],
    [
      -0.4943611111,
      0.231,
      -0.216875
    ],
    [
      -0.1913611111,
      -0.464,
      -0.216875
    ],
    [
      0.4756388889,
      -0.436,
      -0.382875
    ],
    [
      0.4776388889,
      -0.13,
      -0.382875
    ],
    [
      0.1716388889,
      -0.434,
      -0.382875
    ],
    [
      0.4776388889,
      -0.434,
      0.117125
    ],
    [
      0.1716388889,
      -0.436,
      0.117125
    ],
    [
      0.4756388889,
      -0.13,
      0.117125
    ],
    [
      0.0416388889,
      -0.0,
      0.081125
    ],
    [
      0.0416388889,
      -0.0,
      -0.418875
    ],
    [
      -0.2913611111,
      0.333,
      0.414125
    ],
    [
      -0.2913611111,
      0.333,
      -0.085875
    ],
    [
      0.3746388889,
      -0.333,
      -0.252875
    ],
    [
      0.3746388889,
      -0.333,
      0.247125
    ],
    [
      0.0416388889,
      -0.0,
      0.245125
    ],
    [
      0.0416388889,
      -0.0,
      -0.254875
    ],
    [
      -0.2913611111,
      0.333,
      -0.420875
    ],
    [
      -0.2913611111,
      0.333,
      0.079125
    ],
    [
      0.3746388889,
      -0.333,
      -0.087875
    ],
    [
      0.3746388889,
      -0.333,
      0.412125
    ],
    [
      0.1886388889,
      0.296,
      0.306125
    ],
    [
      -0.2543611111,
