{"gap_range_of_max": [0.569910702478717, 0.5884368411067612], "max_gap": 3.1987185073487177, "gap": [3.1987185073487177], "mid_gaps": [0.5791737717927391], "gap_ranges": [[0.569910702478717, 0.5884368411067612]], "band_nos": [12], "fill_fraction": 0.457738, "mid_gap_of_max": 0.5791737717927391}