{"gap_ranges": [[0.341306884986612, 0.44648223609978827], [0.594715802629086, 0.5952923266960822]], "fill_fraction": 0.230139, "gap": [26.701397188154537, 0.0968941392564512], "mid_gap_of_max": 0.39389456054320016, "max_gap": 26.701397188154537, "gap_range_of_max": [0.341306884986612, 0.44648223609978827], "mid_gaps": [0.39389456054320016, 0.595004064662584], "band_nos": [2, 8]}