{"band_nos": [4], "max_gap": 1.1249883627788642, "gap": [1.1249883627788642], "gap_range_of_max": [0.31280070578749, 0.3163395833064199], "mid_gap_of_max": 0.314570144546955, "mid_gaps": [0.314570144546955], "fill_fraction": 0.414525, "gap_ranges": [[0.31280070578749, 0.3163395833064199]]}