{"gap_range_of_max": [0.268233867556989, 0.31172527212458967], "max_gap": 14.998092655796029, "band_nos": [4], "gap": [14.998092655796029], "mid_gap_of_max": 0.2899795698407893, "fill_fraction": 0.352359, "gap_ranges": [[0.268233867556989, 0.31172527212458967]], "mid_gaps": [0.2899795698407893], "strict_calculated": true}