{"gap_range_of_max": [0.638386628635864, 0.6391263043643755], "mid_gap_of_max": 0.6387564665001197, "strict_calculated": true, "gap_ranges": [[0.638386628635864, 0.6391263043643755]], "mid_gaps": [0.6387564665001197], "gap": [0.11579933312665504], "fill_fraction": 0.056578, "max_gap": 0.11579933312665504, "band_nos": [5]}