{"gap_range_of_max": [0.4753108084157126, 0.4799806116270531], "mid_gap_of_max": 0.47764571002138284, "fill_fraction": 0.497055, "max_gap": 0.9776709208026516, "strict_calculated": true, "gap": [0.9776709208026516], "mid_gaps": [0.47764571002138284], "gap_ranges": [[0.4753108084157126, 0.4799806116270531]], "band_nos": [16]}