{"gap": [5.634498087655794], "mid_gap_of_max": 0.5667784252898116, "band_nos": [2], "max_gap": 5.634498087655794, "mid_gaps": [0.5667784252898116], "gap_ranges": [[0.55081086552271, 0.5827459850569131]], "fill_fraction": 0.069238, "gap_range_of_max": [0.55081086552271, 0.5827459850569131]}