{"max_gap": 7.206794734573838, "gap_range_of_max": [0.641901054711919, 0.6898908076168148], "mid_gaps": [0.5589116834918864, 0.6658959311643668], "gap": [4.0512007702448845, 7.206794734573838], "mid_gap_of_max": 0.6658959311643668, "_status": {"tI14-Ga2HgSe/7c5a4e54/mpb-tI14-Ga2/0000/21faa82aca7ff8f9739c8dde1f0fd0f3": 1, "tI14-Ga2HgSe/7c5a4e54/store_data/0000/cf2e875e135a56be2796497b4869a582": 1, "tI14-Ga2HgSe/7c5a4e54/store_strict/0000/5ac205b77c9287996489dde0ba9b252d": 1, "tI14-Ga2HgSe/7c5a4e54/store_fill/0000/c71338c6b9cd426282617cc5cb7cea59": 1, "tI14-Ga2HgSe/7c5a4e54/check_runnin/0000/026461c6a338a340dd780c0ced60fc4e": 1, "tI14-Ga2HgSe/7c5a4e54/strict-mpb-t/0000/8b227a35b42252906f042d8e4a6f40e0": 1}, "fill_fraction": 0.299353, "gap_ranges": [[0.54759036627858, 0.5702330007051927], [0.641901054711919, 0.6898908076168148]], "band_nos": [8, 11]}