{"gap_range_of_max": [0.32342834011305, 0.35112536563284635], "max_gap": 8.211955633441503, "mid_gaps": [0.3372768528729482], "fill_fraction": 0.507632, "gap_ranges": [[0.32342834011305, 0.35112536563284635]], "band_nos": [2], "mid_gap_of_max": 0.3372768528729482, "gap": [8.211955633441503]}