{"gap_range_of_max": [0.542304728134602, 0.5555794611647544], "max_gap": 2.418239220408722, "band_nos": [4], "gap": [2.418239220408722], "mid_gap_of_max": 0.5489420946496781, "fill_fraction": 0.061701, "gap_ranges": [[0.542304728134602, 0.5555794611647544]], "mid_gaps": [0.5489420946496781]}