{"mid_gap_of_max": 0.40305498149061314, "band_nos": [2], "gap_range_of_max": [0.3631661297001601, 0.44294383328106623], "fill_fraction": 0.246137, "gap": [19.793255819805324], "gap_ranges": [[0.3631661297001601, 0.44294383328106623]], "max_gap": 19.793255819805324, "mid_gaps": [0.40305498149061314]}