{"mid_gap_of_max": 0.4826823230598664, "gap": [8.930485407944877], "fill_fraction": 0.252347, "gap_ranges": [[0.461129385846071, 0.5042352602736618]], "band_nos": [2], "gap_range_of_max": [0.461129385846071, 0.5042352602736618], "mid_gaps": [0.4826823230598664], "max_gap": 8.930485407944877}