{"gap_ranges": [[0.4495969237179613, 0.46660832348931625]], "fill_fraction": 0.149394, "max_gap": 3.7134473576107636, "gap": [3.7134473576107636], "gap_range_of_max": [0.4495969237179613, 0.46660832348931625], "band_nos": [4], "mid_gaps": [0.45810262360363874], "mid_gap_of_max": 0.45810262360363874}