{"gap_ranges": [[0.2398023204309297, 0.2453055733084843]], "fill_fraction": 0.652226, "gap_range_of_max": [0.2398023204309297, 0.2453055733084843], "max_gap": 2.268877892352213, "gap": [2.268877892352213], "mid_gap_of_max": 0.242553946869707, "mid_gaps": [0.242553946869707], "_status": {"tP12-PNO-14/5c538112/store_strict/0000/bbdcda7bc4454555bd78d95b268a527a": 1, "tP12-PNO-14/5c538112/mpb-tP12-PNO/0000/b9a5e2d32d383ea412e1d069760a70e9": 1, "tP12-PNO-14/5c538112/store_fill/0000/1782ca3f3a78aa4d6e9ca42f9c2f51ff": 1, "tP12-PNO-14/5c538112/strict-mpb-t/0000/ebe88c088bea0e1ebadc4765c2d72c2f": 1, "tP12-PNO-14/5c538112/check_runnin/0000/2b8fa520daa52d7011018c3c5e4ec249": 1, "tP12-PNO-14/5c538112/store_data/0000/30c0261138d8cab8833a63def55d7e7f": 1}, "band_nos": [4]}