{"gap_range_of_max": [0.489448520698751, 0.5400303613019631], "mid_gap_of_max": 0.5147394410003571, "fill_fraction": 0.083288, "mid_gaps": [0.5147394410003571], "gap": [9.826688334764098], "band_nos": [2], "max_gap": 9.826688334764098, "gap_ranges": [[0.489448520698751, 0.5400303613019631]]}