{"mid_gaps": [0.5551100216297051], "gap_range_of_max": [0.550377389343031, 0.5598426539163793], "fill_fraction": 0.296249, "gap": [1.70511505909402], "mid_gap_of_max": 0.5551100216297051, "gap_ranges": [[0.550377389343031, 0.5598426539163793]], "band_nos": [16], "max_gap": 1.70511505909402}