{"run_me": true, "mid_gap_of_max": 0.9307452848371951, "gap": [2.01234963813542], "band_nos": [17], "fill_fraction": 0.080567, "gap_ranges": [[0.921380360151503, 0.940110209522887]], "max_gap": 2.01234963813542, "gap_range_of_max": [0.921380360151503, 0.940110209522887], "mid_gaps": [0.9307452848371951], "_status": {"cP7-B6Si_r-1/4757f774/store_fill/0000/2cc4e62a8b8ee381f1854135a1fa4833": 1, "cP7-B6Si_r-1/4757f774/store_data/0000/09cb67753c9082afdea234642629ac12": 1, "cP7-B6Si_r-1/4757f774/store_strict/0000/265016f8bb7f839d8a38e26859dcefb4": 1, "cP7-B6Si_r-1/4757f774/check_runnin/0000/335764b48a9b47b5a4638696f1745963": 1, "cP7-B6Si_r-1/4757f774/strict-mpb-c/0000/928eb45eee95364d1a59ad70ecc785c2": 1, "cP7-B6Si_r-1/4757f774/mpb-cP7-B6Si/0000/30141633796f4c9eb3b5d279c2281113": 4}}