{"mid_gap_of_max": 0.42150899826930366, "band_nos": [2], "gap": [0.9795727316425777], "gap_ranges": [[0.4194445046650707, 0.42357349187353666]], "max_gap": 0.9795727316425777, "mid_gaps": [0.42150899826930366], "gap_range_of_max": [0.4194445046650707, 0.42357349187353666], "fill_fraction": 0.375342}