{"gap_range_of_max": [0.3362157156563722, 0.3404477411813155], "mid_gaps": [0.33833172841884385], "band_nos": [4], "max_gap": 1.2508509162652686, "gap": [1.2508509162652686], "mid_gap_of_max": 0.33833172841884385, "fill_fraction": 0.308804, "gap_ranges": [[0.3362157156563722, 0.3404477411813155]]}