{"mid_gap_of_max": 0.46236382871163106, "gap_range_of_max": [0.459127633695571, 0.46560002372769105], "mid_gaps": [0.46236382871163106], "max_gap": 1.3998478319886583, "gap_ranges": [[0.459127633695571, 0.46560002372769105]], "gap": [1.3998478319886583], "fill_fraction": 0.227916, "band_nos": [2]}