{"fill_fraction": 0.304613, "band_nos": [2], "strict_calculated": true, "gap_range_of_max": [0.2897524894428874, 0.37081218510677644], "mid_gaps": [0.3302823372748319], "mid_gap_of_max": 0.3302823372748319, "max_gap": 24.54254633557296, "gap": [24.54254633557296], "gap_ranges": [[0.2897524894428874, 0.37081218510677644]]}