{"max_gap": 10.51350701964158, "gap": [10.51350701964158], "gap_ranges": [[0.402028966150627, 0.44664147959412703]], "mid_gap_of_max": 0.424335222872377, "gap_range_of_max": [0.402028966150627, 0.44664147959412703], "band_nos": [2], "fill_fraction": 0.266676, "mid_gaps": [0.424335222872377]}