{"gap": [3.262633756007584], "band_nos": [4], "fill_fraction": 0.198086, "mid_gap_of_max": 0.4831918438367052, "mid_gaps": [0.4831918438367052], "max_gap": 3.262633756007584, "gap_ranges": [[0.475309453735059, 0.4910742339383514]], "gap_range_of_max": [0.475309453735059, 0.4910742339383514]}