{"fill_fraction": 0.331967, "gap_range_of_max": [0.408086978235563, 0.40826068710518465], "gap_ranges": [[0.408086978235563, 0.40826068710518465]], "max_gap": 0.04255757123995182, "gap": [0.04255757123995182], "mid_gaps": [0.4081738326703738], "band_nos": [4], "mid_gap_of_max": 0.4081738326703738}