{"mid_gap_of_max": 0.44245197078804643, "band_nos": [2], "gap_ranges": [[0.3883736026019466, 0.4965303389741462]], "mid_gaps": [0.44245197078804643], "max_gap": 24.444853568978978, "gap": [24.444853568978978], "strict_calculated": true, "fill_fraction": 0.132095, "gap_range_of_max": [0.3883736026019466, 0.4965303389741462]}