{"gap": [15.773392324957474], "mid_gaps": [0.5196640731070332], "mid_gap_of_max": 0.5196640731070332, "fill_fraction": 0.091068, "gap_ranges": [[0.47867974659552, 0.5606483996185464]], "band_nos": [2], "max_gap": 15.773392324957474, "gap_range_of_max": [0.47867974659552, 0.5606483996185464]}