{"fill_fraction": 0.31967, "band_nos": [8, 11], "mid_gap_of_max": 0.5280672737006457, "gap": [0.6455724299019502, 5.188124629497121], "max_gap": 5.188124629497121, "_status": {"tP7-Cu2HgI4_/97cbe273/check_runnin/0000/cf27714dc905c17a3aac84c733ac3247": 1, "tP7-Cu2HgI4_/97cbe273/store_strict/0000/0aef1d16326197d482702ffa5480a4d1": 1, "tP7-Cu2HgI4_/97cbe273/mpb-tP7-Cu2H/0000/12491e11ca44ed690bcc474cba0f058f": 1, "tP7-Cu2HgI4_/97cbe273/strict-mpb-t/0000/d55b2a0d6e04a467aae9922cc0a21428": 1, "tP7-Cu2HgI4_/97cbe273/store_fill/0000/55b4073a14c1ef8b4f84900868a74f6f": 1, "tP7-Cu2HgI4_/97cbe273/store_data/0000/60b8eb1b2fd183ee3e477eaa3b308960": 1}, "gap_ranges": [[0.45873067526051, 0.46170170409902794], [0.514368879557057, 0.5417656678442343]], "mid_gaps": [0.46021618967976896, 0.5280672737006457], "gap_range_of_max": [0.514368879557057, 0.5417656678442343]}