{"mid_gap_of_max": 0.7432491127821604, "_status": {"hP4-AlAgS2-1/32b46235/store_data/0000/e3249b6b85f4613b819c36b3889c6368": 1, "hP4-AlAgS2-1/32b46235/strict-mpb-h/0000/d3e2a43918f1e12c52d1d682c130860e": 1, "hP4-AlAgS2-1/32b46235/check_runnin/0000/defd31a79da77e2ae5ba94e479aa195c": 1, "hP4-AlAgS2-1/32b46235/store_strict/0000/f65fc84ef8c653c7aefe954fa6305cf5": 1, "hP4-AlAgS2-1/32b46235/mpb-hP4-AlAg/0000/1c955052e9ad7aada0271e3f9d542670": 1, "hP4-AlAgS2-1/32b46235/store_fill/0000/9c447135241d59118a5716fe2f9b8663": 1}, "gap": [0.10811275337367536], "fill_fraction": 0.057742, "band_nos": [16], "gap_ranges": [[0.742847339242033, 0.7436508863222879]], "mid_gaps": [0.7432491127821604], "max_gap": 0.10811275337367536, "gap_range_of_max": [0.742847339242033, 0.7436508863222879]}