{"faces": [[[-0.14244355597582528, -0.8433340864945967], [-0.14244355597582528, 0.9833676468786432], [0.7972490648100831, 0.9609984592454025], [0.7972490648100832, -0.8657032741278374]], [[-0.7972490648100831, -0.9609984592454025], [-0.7972490648100832, 0.8657032741278375], [0.14244355597582528, 0.8433340864945966], [0.14244355597582528, -0.9833676468786432]], [[-0.7972490648100832, 0.8657032741278375], [-0.14244355597582528, 0.9833676468786432], [0.7972490648100831, 0.9609984592454025], [0.14244355597582528, 0.8433340864945966]], [[-0.7972490648100831, -0.9609984592454025], [-0.14244355597582528, -0.8433340864945967], [0.7972490648100832, -0.8657032741278374], [0.14244355597582528, -0.9833676468786432]], [[0.14244355597582528, -0.9833676468786432], [0.14244355597582528, 0.8433340864945966], [0.7972490648100831, 0.9609984592454025], [0.7972490648100832, -0.8657032741278374]], [[-0.7972490648100831, -0.9609984592454025], [-0.7972490648100832, 0.8657032741278375], [-0.14244355597582528, 0.9833676468786432], [-0.14244355597582528, -0.8433340864945967]]], "labels": {"GAMMA": [0.0, 0.0], "X": [0.46984631039295416, -0.01118459381662038], "S": [0.46984631039295416, 0.9021662728699997], "Y": [0.0, 0.91335086668662], "Z": [-0.3274027544171289, -0.058832186375402905], "U": [0.14244355597582517, -0.07001678019202329], "R": [0.14244355597582528, 0.8433340864945967], "T": [-0.3274027544171289, 0.854518680311217]}, "label_positions": {"GAMMA": [0.05, 0.05], "X": [0.5198463103929541, 0.03881540618337962], "S": [0.5698463103929542, 0.9021662728699997], "Y": [0.0, 0.86335086668662], "Z": [-0.2774027544171289, -0.1088321863754029], "U": [0.1924435559758252, -0.020016780192023284], "R": [0.1924435559758253, 0.8933340864945968], "T": [-0.3274027544171289, 0.804518680311217]}, "zorder": [0, 1, 1, 1, 1, 1]}