{"mid_gap_of_max": 0.43380387509376805, "fill_fraction": 0.621978, "_status": {"aP12-FeS2-14/fb162996/store_strict/0000/cc58f0b2c580d5754511418a66db8622": 1, "aP12-FeS2-14/fb162996/mpb-aP12-FeS/0000/91f8f505948f971687c4207f3553c0d3": 1, "aP12-FeS2-14/fb162996/store_fill/0000/83093d0b74653a2f8fc0c0881e38f4b4": 1, "aP12-FeS2-14/fb162996/check_runnin/0000/469b6d5b8d17acb6fdb93cb6ec50b4a2": 1, "aP12-FeS2-14/fb162996/strict-mpb-a/0000/6fa9b9a9c1f4c816478886695aadc83c": 1, "aP12-FeS2-14/fb162996/store_data/0000/0d1ade49ed7c1066ab4fd0e12a97fb49": 1}, "run_me": true, "gap_ranges": [[0.4323816903580975, 0.4352260598294386]], "mid_gaps": [0.43380387509376805], "max_gap": 0.6556809735104997, "gap": [0.6556809735104997], "gap_range_of_max": [0.4323816903580975, 0.4352260598294386], "band_nos": [16]}