{"mid_gap_of_max": 0.38055204454856906, "fill_fraction": 0.264674, "gap": [2.4371216267023392], "gap_ranges": [[0.37591478645929, 0.3851893026378482]], "band_nos": [4], "gap_range_of_max": [0.37591478645929, 0.3851893026378482], "max_gap": 2.4371216267023392, "_status": {"mP12-SiO2_r-/52417ca7/mpb-mP12-SiO/0000/4f7ce16e0113fb21e10038c7ccfb7bed": 6, "mP12-SiO2_r-/52417ca7/store_fill/0000/4fcd7aab4a0d6f724a630024b0e7233f": 1, "mP12-SiO2_r-/52417ca7/store_strict/0000/f4bfe46ae0f835e9bf63cd967aaf455b": 1, "mP12-SiO2_r-/52417ca7/check_runnin/0000/afbbc17fc70d918b09c0e74e0a1b4e88": 1, "mP12-SiO2_r-/52417ca7/strict-mpb-m/0000/1f00795961d44d8bb95249349121d996": 1, "mP12-SiO2_r-/52417ca7/store_data/0000/a5262ed8e762516f39fd073371a924de": 1}, "mid_gaps": [0.38055204454856906], "run_me": true}