{"band_nos": [2], "gap_ranges": [[0.500429481550532, 0.5640433454053818]], "mid_gap_of_max": 0.5322364134779569, "fill_fraction": 0.117826, "mid_gaps": [0.5322364134779569], "gap_range_of_max": [0.500429481550532, 0.5640433454053818], "max_gap": 11.952181820698405, "gap": [11.952181820698405]}