{
  "basis": [
    [
      0.22805,
      0.35752,
      0.06181
    ],
    [
      0.64248,
      0.87053,
      0.06181
    ],
    [
      0.12947,
      0.77195,
      0.06181
    ],
    [
      0.77195,
      0.64248,
      0.56181
    ],
    [
      0.35752,
      0.12947,
      0.56181
    ],
    [
      0.87053,
      0.22805,
      0.56181
    ],
    [
      0.0,
      0.0,
      0.797
    ],
    [
      0.0,
      0.0,
      0.297
    ],
    [
      0.33333,
      0.66667,
      0.6473
    ],
    [
      0.66667,
      0.33333,
      0.1473
    ],
    [
      0.33333,
      0.66667,
      0.2771
    ],
    [
      0.66667,
      0.33333,
      0.7771
    ],
    [
      0.90806,
      0.15896,
      0.0341
    ],
    [
      0.84104,
      0.7491,
      0.0341
    ],
    [
      0.2509,
      0.09194,
      0.0341
    ],
    [
      0.09194,
      0.84104,
      0.5341
    ],
    [
      0.15896,
      0.2509,
      0.5341
    ],
    [
      0.7491,
      0.90806,
      0.5341
    ],
    [
      0.47764,
      0.58295,
      0.7967
    ],
    [
      0.41705,
      0.89469,
      0.7967
    ],
    [
      0.10531,
      0.52236,
      0.7967
    ],
    [
      0.52236,
      0.41705,
      0.2967
    ],
    [
      0.58295,
      0.10531,
      0.2967
    ],
    [
      0.89469,
      0.47764,
      0.2967
    ]
  ],
  "structure": "hP24-Y3ZnSi3S9",
  "nbands": 20,
  "lattice_vectors": [
    [
      1.0,
      0.0,
      0.0
    ],
    [
      -0.5,
      0.8660254038,
      0.0
    ],
    [
      0.0,
      0.0,
      0.5750935237
    ]
  ]
}