{"mid_gaps": [0.6859419866294074, 0.8425473838963472], "max_gap": 5.886987676756059, "gap_range_of_max": [0.665751326518123, 0.7061326467406919], "fill_fraction": 0.185126, "gap_ranges": [[0.665751326518123, 0.7061326467406919], [0.8418003562272641, 0.8432944115654303]], "band_nos": [8, 14], "mid_gap_of_max": 0.6859419866294074, "gap": [5.886987676756059, 0.17732597201322023]}