{"mid_gap_of_max": 0.4449095745806675, "max_gap": 3.013866809646941, "band_nos": [4], "gap": [3.013866809646941], "gap_ranges": [[0.4382050835800534, 0.4516140655812816]], "fill_fraction": 0.142747, "gap_range_of_max": [0.4382050835800534, 0.4516140655812816], "mid_gaps": [0.4449095745806675]}