{"mid_gap_of_max": 0.6761694001897393, "fill_fraction": 0.209307, "gap_range_of_max": [0.658010245991799, 0.6943285543876795], "band_nos": [12], "mid_gaps": [0.6761694001897393], "gap_ranges": [[0.658010245991799, 0.6943285543876795]], "gap": [5.3711848518564835], "max_gap": 5.3711848518564835}