{"mid_gap_of_max": 0.7070778497912558, "gap_ranges": [[0.6926971986077, 0.7214585009748117]], "gap": [4.067628815632051], "mid_gaps": [0.7070778497912558], "gap_range_of_max": [0.6926971986077, 0.7214585009748117], "fill_fraction": 0.127659, "max_gap": 4.067628815632051, "band_nos": [16]}