{"mid_gaps": [0.5518637364248066], "fill_fraction": 0.25782, "mid_gap_of_max": 0.5518637364248066, "gap_range_of_max": [0.54124031109813, 0.5624871617514832], "band_nos": [4], "max_gap": 3.8500175407426105, "gap_ranges": [[0.54124031109813, 0.5624871617514832]], "gap": [3.8500175407426105]}