{"gap": [0.5861608180933634], "fill_fraction": 0.335439, "max_gap": 0.5861608180933634, "mid_gap_of_max": 0.4094968581732393, "run_me": true, "gap_range_of_max": [0.4082967031062718, 0.41069701324020674], "mid_gaps": [0.4094968581732393], "band_nos": [5], "gap_ranges": [[0.4082967031062718, 0.41069701324020674]], "_status": {"hR1-Hg-14/97c57a6d/store_fill/0000/7ff516bd908085ce39d41f334c3b6107": 1, "hR1-Hg-14/97c57a6d/strict-mpb-h/0000/ffe4005255dc595c512a7558875d64ba": 1, "hR1-Hg-14/97c57a6d/store_strict/0000/0f9f54f9c49ea8bd1afe98ee98872e59": 1, "hR1-Hg-14/97c57a6d/store_data/0000/68bc7fd31cb1711513cbbdf00deb151d": 1, "hR1-Hg-14/97c57a6d/mpb-hR1-Hg-1/0000/e382007d22070326ca8956a2c8fddd77": 1, "hR1-Hg-14/97c57a6d/check_runnin/0000/dadd56acef4957ec888eeb1d7e4d9091": 1}}