{"gap_range_of_max": [0.282257966948735, 0.313173030942759], "mid_gaps": [0.297715498945747], "mid_gap_of_max": 0.297715498945747, "gap_ranges": [[0.282257966948735, 0.313173030942759]], "band_nos": [4], "max_gap": 10.384096260859264, "gap": [10.384096260859264], "fill_fraction": 0.508986}