{"gap_range_of_max": [0.2922347222522874, 0.3219957902982592], "band_nos": [4], "mid_gaps": [0.3071152562752733], "gap_ranges": [[0.2922347222522874, 0.3219957902982592]], "max_gap": 9.690520883565714, "fill_fraction": 0.417855, "gap": [9.690520883565714], "mid_gap_of_max": 0.3071152562752733}