{"band_nos": [4], "mid_gap_of_max": 0.32542209339896966, "gap_ranges": [[0.324224882544856, 0.3266193042530833]], "gap_range_of_max": [0.324224882544856, 0.3266193042530833], "max_gap": 0.735789535128711, "mid_gaps": [0.32542209339896966], "fill_fraction": 0.384045, "gap": [0.735789535128711]}