{"gap_range_of_max": [0.256816851283578, 0.3252395899832466], "gap": [23.510688602895232, 0.09541444876908774], "mid_gap_of_max": 0.29102822063341227, "mid_gaps": [0.29102822063341227, 0.44276354251023864], "gap_ranges": [[0.256816851283578, 0.3252395899832466], [0.44255231231352, 0.44297477270695734]], "max_gap": 23.510688602895232, "fill_fraction": 0.362024, "strict_calculated": true, "band_nos": [2, 8]}