{"band_nos": [8], "gap_range_of_max": [0.707430222554718, 0.7382624642809549], "gap_ranges": [[0.707430222554718, 0.7382624642809549]], "gap": [4.26539360778283], "mid_gap_of_max": 0.7228463434178365, "mid_gaps": [0.7228463434178365], "max_gap": 4.26539360778283, "fill_fraction": 0.200953}