{"gap_ranges": [[0.85818509497092, 0.8720187347595115]], "mid_gap_of_max": 0.8651019148652157, "run_me": true, "gap_range_of_max": [0.85818509497092, 0.8720187347595115], "max_gap": 1.599076311228211, "fill_fraction": 0.206786, "mid_gaps": [0.8651019148652157], "gap": [1.599076311228211], "_status": {"hP9-S_r-14/84217e3d/store_data/0000/557a59ad823ae360356e42ecefe9e707": 1, "hP9-S_r-14/84217e3d/check_runnin/0000/f45d890fb680e5aba6b135e41f2a6e6e": 1, "hP9-S_r-14/84217e3d/store_strict/0000/402ddccb4cb028421a0db7122da021ba": 1, "hP9-S_r-14/84217e3d/store_fill/0000/469ffe131d8e03b5dfb087456c96f7be": 1, "hP9-S_r-14/84217e3d/mpb-hP9-S_r-/0000/c7c63a467ea861151d9f2a8da8ebf88c": 7, "hP9-S_r-14/84217e3d/strict-mpb-h/0000/aaed664cc0b162c052dc698c99e97921": 1}, "band_nos": [18]}