{"gap_range_of_max": [0.2628226937273, 0.2669796038160043], "gap_ranges": [[0.2628226937273, 0.2669796038160043]], "fill_fraction": 0.537164, "mid_gap_of_max": 0.26490114877165216, "max_gap": 1.569230676416046, "band_nos": [4], "mid_gaps": [0.26490114877165216], "gap": [1.569230676416046]}