{
  "basis": [
    [
      0.034,
      -0.2135,
      0.347
    ],
    [
      -0.347,
      -0.2135,
      -0.314
    ],
    [
      0.314,
      -0.2135,
      -0.034
    ],
    [
      -0.034,
      0.2865,
      -0.347
    ],
    [
      0.347,
      0.2865,
      0.314
    ],
    [
      -0.314,
      0.2865,
      0.034
    ],
    [
      0.333,
      -0.3595,
      -0.333
    ],
    [
      -0.333,
      0.1405,
      0.333
    ]
  ],
  "lattice_vectors": [
    [
      1.0,
      0.0,
      0.0
    ],
    [
      0.0,
      1.039394384,
      0.0
    ],
    [
      -0.5,
      0.0,
      0.8660254038
    ]
  ],
  "nbands": 20,
  "structure": "hP8-PI_r"
}