{"max_gap": 9.166262828055583, "mid_gaps": [0.4464026778083478], "gap_range_of_max": [0.425943456448652, 0.4668618991680436], "gap_ranges": [[0.425943456448652, 0.4668618991680436]], "gap": [9.166262828055583], "mid_gap_of_max": 0.4464026778083478, "fill_fraction": 0.276442, "band_nos": [2]}