{"gap_range_of_max": [0.417238468165004, 0.5448361734571268], "gap": [26.525531340683205], "mid_gap_of_max": 0.48103732081106537, "mid_gaps": [0.48103732081106537], "gap_ranges": [[0.417238468165004, 0.5448361734571268]], "max_gap": 26.525531340683205, "fill_fraction": 0.093195, "strict_calculated": true, "band_nos": [2]}