{"gap_range_of_max": [0.455169018205811, 0.45722482467384523], "mid_gaps": [0.45619692143982815], "band_nos": [4], "mid_gap_of_max": 0.45619692143982815, "gap_ranges": [[0.455169018205811, 0.45722482467384523]], "max_gap": 0.45064014494987864, "fill_fraction": 0.19088, "gap": [0.45064014494987864]}