{"max_gap": 2.9486437157868965, "mid_gap_of_max": 0.3209495665080935, "fill_fraction": 0.308804, "gap_ranges": [[0.31621773689625, 0.3256813961199369]], "strict_calculated": true, "gap": [2.9486437157868965], "mid_gaps": [0.3209495665080935], "gap_range_of_max": [0.31621773689625, 0.3256813961199369], "band_nos": [4]}