{"mid_gap_of_max": 0.5821607973042116, "band_nos": [8], "gap_ranges": [[0.513944549778514, 0.6503770448299092]], "mid_gaps": [0.5821607973042116], "gap": [23.435534595109633], "gap_range_of_max": [0.513944549778514, 0.6503770448299092], "max_gap": 23.435534595109633, "fill_fraction": 0.21434}