{"max_gap": 8.911562354423449, "fill_fraction": 0.35611, "gap_ranges": [[0.3802305427709558, 0.4156952546364054]], "band_nos": [4], "gap_range_of_max": [0.3802305427709558, 0.4156952546364054], "_status": {"tP12-PNO-8/f4f9fe09/store_fill/0000/d3b3d543bc949c9472b1f0e700256221": 1, "tP12-PNO-8/f4f9fe09/check_runnin/0000/2397b4e08376d93ae568f8b50feb5dcf": 1, "tP12-PNO-8/f4f9fe09/mpb-tP12-PNO/0000/29860d2352cc85a9a7824c68a991840f": 1, "tP12-PNO-8/f4f9fe09/store_strict/0000/b4aa66d5edfac4e28ab4a509abf9a8a0": 1, "tP12-PNO-8/f4f9fe09/store_data/0000/53168facca6d67d6589e6f66f8398f02": 1, "tP12-PNO-8/f4f9fe09/strict-mpb-t/0000/fc2729bb4d12881224789e6df78b41ca": 1}, "mid_gap_of_max": 0.3979628987036806, "mid_gaps": [0.3979628987036806], "gap": [8.911562354423449]}