{"gap_ranges": [[0.334853639768944, 0.3996740629289432]], "gap": [17.64955165664029], "mid_gaps": [0.36726385134894357], "band_nos": [2], "fill_fraction": 0.303674, "mid_gap_of_max": 0.36726385134894357, "max_gap": 17.64955165664029, "gap_range_of_max": [0.334853639768944, 0.3996740629289432]}