{"gap_range_of_max": [0.537720346392429, 0.5441722876631411], "max_gap": 1.1927137809462285, "band_nos": [4], "gap": [1.1927137809462285], "mid_gap_of_max": 0.5409463170277851, "fill_fraction": 0.109462, "gap_ranges": [[0.537720346392429, 0.5441722876631411]], "mid_gaps": [0.5409463170277851]}