{"gap": [1.6305475437494166], "band_nos": [6], "mid_gaps": [0.43621817780306815], "max_gap": 1.6305475437494166, "mid_gap_of_max": 0.43621817780306815, "fill_fraction": 0.315833, "gap_range_of_max": [0.4326618054112899, 0.43977455019484635], "_status": {"hP21-NaAlSiO/2c868ea7/strict-mpb-h/0000/2f6ac6f996eb4823a47ef913bae60e1b": 1, "hP21-NaAlSiO/2c868ea7/store_strict/0000/7fd924a2dd8bd4351e181780a1d7de7c": 1, "hP21-NaAlSiO/2c868ea7/store_fill/0000/368798b1ed9b08e8dadb3886ff918d1a": 1, "hP21-NaAlSiO/2c868ea7/store_data/0000/d92d59c7cf47303ade3b47d69c97666e": 1, "hP21-NaAlSiO/2c868ea7/check_runnin/0000/c3f7ce8716d07f073e12b268f8008d96": 1, "hP21-NaAlSiO/2c868ea7/mpb-hP21-NaA/0000/0fdb01c43aeef7ae95a5500b35294da3": 1}, "gap_ranges": [[0.4326618054112899, 0.43977455019484635]]}