{"band_nos": [8], "mid_gap_of_max": 0.6929661683060256, "mid_gaps": [0.6929661683060256], "gap": [1.118791339639667], "gap_range_of_max": [0.689089745567205, 0.6968425910448462], "fill_fraction": 0.153334, "gap_ranges": [[0.689089745567205, 0.6968425910448462]], "max_gap": 1.118791339639667}