{
  "lattice_vectors": [
    [
      1.0,
      0.0,
      0.0
    ],
    [
      0.0,
      2.08800369,
      0.0
    ],
    [
      0.0,
      0.0,
      0.87982406
    ]
  ],
  "structure": "oP24-TaBiO4",
  "nbands": 20,
  "basis": [
    [
      -0.1371,
      -0.2083333333,
      -0.25
    ],
    [
      -0.3629,
      0.2916666667,
      -0.25
    ],
    [
      0.1371,
      0.2916666667,
      0.25
    ],
    [
      0.3629,
      -0.2083333333,
      0.25
    ],
    [
      -0.25,
      -0.4583333333,
      0.2208
    ],
    [
      -0.25,
      0.0416666667,
      0.2792
    ],
    [
      0.25,
      -0.4583333333,
      -0.2208
    ],
    [
      0.25,
      0.0416666667,
      -0.2792
    ],
    [
      0.081,
      0.4486666667,
      0.094
    ],
    [
      0.419,
      -0.3653333333,
      0.094
    ],
    [
      0.081,
      0.1346666667,
      0.406
    ],
    [
      0.419,
      -0.0513333333,
      0.406
    ],
    [
      -0.081,
      -0.3653333333,
      -0.094
    ],
    [
      -0.419,
      0.4486666667,
      -0.094
    ],
    [
      -0.081,
      -0.0513333333,
      -0.406
    ],
    [
      -0.419,
      0.1346666667,
      -0.406
    ],
    [
      -0.364,
      -0.1553333333,
      0.037
    ],
    [
      -0.136,
      0.2386666667,
      0.037
    ],
    [
      -0.364,
      -0.2613333333,
      0.463
    ],
    [
      -0.136,
      0.3446666667,
      0.463
    ],
    [
      0.364,
      0.2386666667,
      -0.037
    ],
    [
      0.136,
      -0.1553333333,
      -0.037
    ],
    [
      0.364,
      0.3446666667,
      -0.463
    ],
    [
      0.136,
      -0.2613333333,
      -0.463
    ]
  ]
}