{"gap_range_of_max": [0.4336020626761486, 0.5066289178392354], "gap": [15.533811728487677], "fill_fraction": 0.207681, "max_gap": 15.533811728487677, "mid_gaps": [0.47011549025769195], "band_nos": [2], "mid_gap_of_max": 0.47011549025769195, "gap_ranges": [[0.4336020626761486, 0.5066289178392354]]}