{"mid_gaps": [0.4008745451689133], "fill_fraction": 0.472802, "max_gap": 2.934067883012707, "band_nos": [4], "gap_range_of_max": [0.394993579528426, 0.40675551080940064], "gap_ranges": [[0.394993579528426, 0.40675551080940064]], "gap": [2.934067883012707], "mid_gap_of_max": 0.4008745451689133}