{"gap_range_of_max": [0.271716521421302, 0.28035789247112847], "mid_gap_of_max": 0.27603720694621525, "max_gap": 3.130509522764943, "mid_gaps": [0.27603720694621525], "band_nos": [2], "gap": [3.130509522764943], "gap_ranges": [[0.271716521421302, 0.28035789247112847]], "fill_fraction": 0.548988, "strict_calculated": true}