{"gap_range_of_max": [0.60465546136444, 0.6048607951614019], "gap": [0.033953044590348286], "gap_ranges": [[0.60465546136444, 0.6048607951614019]], "run_me": true, "mid_gap_of_max": 0.604758128262921, "_status": {"oP4-SnO-12/7c5a4e54/store_strict/0000/5bb469e4f242d26ed15ede8592d193a6": 1, "oP4-SnO-12/7c5a4e54/strict-mpb-o/0000/436ae5e07342491b174af357446c847f": 1, "oP4-SnO-12/7c5a4e54/check_runnin/0000/e9aaeb4d0c9e250be2a4aa2be7c032b5": 1, "oP4-SnO-12/7c5a4e54/mpb-oP4-SnO-/0000/95a6c5ee65fd1c89924694375d6b12eb": 3, "oP4-SnO-12/7c5a4e54/store_data/0000/76103bda37820f889e9b01868613c6df": 1, "oP4-SnO-12/7c5a4e54/store_fill/0000/5764ce360712d72c9b2f2b6d216d6d7e": 1}, "fill_fraction": 0.276858, "mid_gaps": [0.604758128262921], "max_gap": 0.033953044590348286, "band_nos": [16]}