{"gap_range_of_max": [0.3465935036230211, 0.4191217738174511], "max_gap": 18.943926634680047, "band_nos": [4], "gap": [18.943926634680047], "mid_gap_of_max": 0.3828576387202361, "fill_fraction": 0.207295, "gap_ranges": [[0.3465935036230211, 0.4191217738174511]], "mid_gaps": [0.3828576387202361]}