{"gap": [25.781339270802015], "gap_range_of_max": [0.38669977097914, 0.501149485491092], "band_nos": [2], "max_gap": 25.781339270802015, "gap_ranges": [[0.38669977097914, 0.501149485491092]], "mid_gap_of_max": 0.44392462823511597, "fill_fraction": 0.171315, "mid_gaps": [0.44392462823511597]}