{"mid_gap_of_max": 0.41281102068962217, "band_nos": [4], "max_gap": 0.493598936785537, "strict_calculated": true, "mid_gaps": [0.41281102068962217], "fill_fraction": 0.109364, "gap_range_of_max": [0.411792205285093, 0.4138298360941513], "gap": [0.493598936785537], "gap_ranges": [[0.411792205285093, 0.4138298360941513]]}