{"strict_calculated": true, "max_gap": 12.075374724855674, "mid_gaps": [0.45503227076020575], "gap": [12.075374724855674], "gap_range_of_max": [0.427558844853548, 0.4825056966668635], "gap_ranges": [[0.427558844853548, 0.4825056966668635]], "band_nos": [2], "fill_fraction": 0.181949, "mid_gap_of_max": 0.45503227076020575}