{"fill_fraction": 0.16901, "max_gap": 0.8096947255451823, "gap_ranges": [[0.60811462647772, 0.6130585137307416]], "band_nos": [8], "_status": {"oP6-CoTe2_r-/f2b57ed8/mpb-oP6-CoTe/0000/3114430b6c9e8404989fb3d9041454d8": 1, "oP6-CoTe2_r-/f2b57ed8/store_strict/0000/ca6ecc2efaa6330345f5d511a7fb9288": 1, "oP6-CoTe2_r-/f2b57ed8/store_fill/0000/12b7a6140bed57b2d1427328991bcb75": 1, "oP6-CoTe2_r-/f2b57ed8/strict-mpb-o/0000/4694134264a9282b76275a45dec2d383": 1, "oP6-CoTe2_r-/f2b57ed8/check_runnin/0000/dcb60e8e614df810e53a5373d30b542d": 1, "oP6-CoTe2_r-/f2b57ed8/store_data/0000/d6eafb5f8fe612062933cae3ae45d90c": 1}, "mid_gap_of_max": 0.6105865701042308, "gap_range_of_max": [0.60811462647772, 0.6130585137307416], "run_me": true, "gap": [0.8096947255451823], "mid_gaps": [0.6105865701042308]}