{"gap": [5.043267768231999], "mid_gap_of_max": 0.7030741102224876, "band_nos": [12], "max_gap": 5.043267768231999, "gap_ranges": [[0.68534515522867, 0.7208030652163052]], "gap_range_of_max": [0.68534515522867, 0.7208030652163052], "fill_fraction": 0.188214, "mid_gaps": [0.7030741102224876]}