{"mid_gaps": [0.46432104561682974, 0.5536473746563706], "band_nos": [8, 11], "max_gap": 7.20525567219387, "mid_gap_of_max": 0.5536473746563706, "fill_fraction": 0.348752, "gap_range_of_max": [0.53370152022318, 0.5735932290895611], "gap_ranges": [[0.452910211270182, 0.4757318799634775], [0.53370152022318, 0.5735932290895611]], "gap": [4.9150623062922305, 7.20525567219387], "strict_calculated": true}