{"gap_range_of_max": [0.43220720139187, 0.4531460234186766], "gap_ranges": [[0.43220720139187, 0.4531460234186766], [0.511352363321196, 0.5336842501429219]], "strict_calculated": true, "band_nos": [8, 11], "fill_fraction": 0.399211, "mid_gaps": [0.44267661240527334, 0.5225183067320589], "mid_gap_of_max": 0.44267661240527334, "gap": [4.730049304622132, 4.273895581074232], "max_gap": 4.730049304622132}