{"mid_gap_of_max": 0.3979559991457211, "fill_fraction": 0.236215, "gap": [2.554523470029484], "gap_ranges": [[0.3928730594464372, 0.403038938845005]], "band_nos": [4], "gap_range_of_max": [0.3928730594464372, 0.403038938845005], "max_gap": 2.554523470029484, "_status": {"mP12-SiO2_r-/605dbc07/store_fill/0000/7bed1f4484986e6c1447ead8e3e0f9e9": 1, "mP12-SiO2_r-/605dbc07/store_data/0000/b68f59d2a8d3f5a108486360b6154bc9": 1, "mP12-SiO2_r-/605dbc07/mpb-mP12-SiO/0000/b59270a9d36a951749b568904f30a03f": 6, "mP12-SiO2_r-/605dbc07/strict-mpb-m/0000/1986b8eb4023a81913bad19300276836": 1, "mP12-SiO2_r-/605dbc07/store_strict/0000/0cacf456311c2fe7e3d0f4abca82e9b8": 1, "mP12-SiO2_r-/605dbc07/check_runnin/0000/f0665d9efc7277d02636d505909ff894": 1}, "mid_gaps": [0.3979559991457211], "run_me": true}