{"mid_gap_of_max": 0.5346804443050255, "gap": [11.71567190064666], "gap_range_of_max": [0.503359741019177, 0.5660011475908738], "strict_calculated": true, "mid_gaps": [0.5346804443050255], "fill_fraction": 0.285452, "band_nos": [10], "max_gap": 11.71567190064666, "gap_ranges": [[0.503359741019177, 0.5660011475908738]]}