{"mid_gap_of_max": 0.45629190777795975, "gap": [22.661255180102685], "band_nos": [2], "mid_gaps": [0.45629190777795975], "fill_fraction": 0.181161, "max_gap": 22.661255180102685, "gap_range_of_max": [0.4045911709840986, 0.5079926445718209], "gap_ranges": [[0.4045911709840986, 0.5079926445718209]]}