{"gap": [3.2916343552113125], "mid_gaps": [0.5893818061301159], "gap_ranges": [[0.579681659123144, 0.5990819531370879]], "max_gap": 3.2916343552113125, "fill_fraction": 0.217763, "mid_gap_of_max": 0.5893818061301159, "band_nos": [16], "gap_range_of_max": [0.579681659123144, 0.5990819531370879], "strict_calculated": true}