{"gap": [5.699254569317749], "mid_gaps": [0.6273086250044071], "fill_fraction": 0.203896, "strict_calculated": true, "max_gap": 5.699254569317749, "mid_gap_of_max": 0.6273086250044071, "band_nos": [16], "gap_ranges": [[0.609432667267263, 0.6451845827415512]], "gap_range_of_max": [0.609432667267263, 0.6451845827415512]}