{"max_gap": 3.2409917367991303, "gap": [3.2409917367991303], "mid_gaps": [0.39462410376634094], "fill_fraction": 0.340578, "mid_gap_of_max": 0.39462410376634094, "gap_range_of_max": [0.3882292364690985, 0.4010189710635833], "band_nos": [16], "gap_ranges": [[0.3882292364690985, 0.4010189710635833]]}