{"mid_gaps": [0.5575309253485394], "run_me": true, "gap_range_of_max": [0.550913387452747, 0.5641484632443319], "fill_fraction": 0.545999, "band_nos": [18], "gap_ranges": [[0.550913387452747, 0.5641484632443319]], "gap": [2.3738729440542197], "_status": {"tI28-Fe2S4Sn/8070565b/check_runnin/0000/ba93f9598fb1e03a2b0d24ba324fca90": 1, "tI28-Fe2S4Sn/8070565b/store_fill/0000/c987fab5a8acfec4cf489d9c29542909": 1, "tI28-Fe2S4Sn/8070565b/store_data/0000/f08f9e7be4332ddcc5aa0a249da3a5fd": 1, "tI28-Fe2S4Sn/8070565b/strict-mpb-t/0000/b7de3401253bb62acdd2cec8d86a25a6": 1, "tI28-Fe2S4Sn/8070565b/mpb-tI28-Fe2/0000/4247b997b59fd9d444e9bc8f9c09af45": 7, "tI28-Fe2S4Sn/8070565b/store_strict/0000/bff3d4d2e54bc14da08c85e35d57dabe": 1}, "mid_gap_of_max": 0.5575309253485394, "max_gap": 2.3738729440542197}