{"gap_ranges": [[0.36435689133102, 0.36877911875747205]], "fill_fraction": 0.247632, "gap_range_of_max": [0.36435689133102, 0.36877911875747205], "gap": [1.2063866364756104], "max_gap": 1.2063866364756104, "mid_gap_of_max": 0.366568005044246, "strict_calculated": true, "mid_gaps": [0.366568005044246], "band_nos": [4]}