{"mid_gaps": [0.5382273064274038], "gap_range_of_max": [0.535120496055128, 0.5413341167996796], "band_nos": [12], "gap_ranges": [[0.535120496055128, 0.5413341167996796]], "gap": [1.1544603312297939], "fill_fraction": 0.157281, "mid_gap_of_max": 0.5382273064274038, "max_gap": 1.1544603312297939}