{
  "nbands": 20,
  "structure": "aP2-As_r",
  "basis": [
    [
      -0.5843,
      0.0543,
      0.1643
    ],
    [
      0.5843,
      -0.0543,
      -0.1643
    ]
  ],
  "lattice_vectors": [
    [
      1.0,
      0.0,
      0.0
    ],
    [
      0.586089563,
      0.8102462747,
      0.0
    ],
    [
      0.586089563,
      0.2994010526,
      0.7528997513
    ]
  ]
}