{"band_nos": [8], "gap_ranges": [[0.392720703081468, 0.4198758929932388]], "mid_gap_of_max": 0.4062982980373534, "strict_calculated": true, "gap": [6.683559848255622], "gap_range_of_max": [0.392720703081468, 0.4198758929932388], "max_gap": 6.683559848255622, "mid_gaps": [0.4062982980373534], "fill_fraction": 0.538678}