{
  "structure": "tI48-NbO2",
  "nbands": 20,
  "basis": [
    [
      0.2898333333,
      -0.0218333333,
      -0.246
    ],
    [
      -0.2341666667,
      -0.0058333333,
      0.246
    ],
    [
      -0.2301666667,
      -0.0258333333,
      -0.27
    ],
    [
      -0.2141666667,
      -0.5018333333,
      0.27
    ],
    [
      -0.2771666667,
      0.4451666667,
      -0.246
    ],
    [
      0.2328333333,
      0.4271666667,
      0.246
    ],
    [
      0.2368333333,
      0.4411666667,
      -0.236
    ],
    [
      0.2188333333,
      -0.0688333333,
      0.236
    ],
    [
      0.4028333333,
      0.3141666667,
      0.247
    ],
    [
      -0.3911666667,
      -0.3858333333,
      -0.247
    ],
    [
      0.1058333333,
      -0.1828333333,
      -0.047
    ],
    [
      0.4058333333,
      -0.3888333333,
      0.047
    ],
    [
      0.0988333333,
      0.0831666667,
      -0.254
    ],
    [
      -0.1211666667,
      -0.1888333333,
      0.254
    ],
    [
      -0.1251666667,
      0.0871666667,
      0.026
    ],
    [
      -0.3971666667,
      0.3071666667,
      -0.026
    ],
    [
      0.1128333333,
      -0.3988333333,
      0.248
    ],
    [
      -0.1051666667,
      0.3231666667,
      -0.248
    ],
    [
      0.3928333333,
      0.1031666667,
      -0.47
    ],
    [
      0.1148333333,
      0.3211666667,
      0.47
    ],
    [
      -0.1041666667,
      -0.3998333333,
      -0.454
    ],
    [
      -0.4041666667,
      -0.1918333333,
      0.454
    ],
    [
      0.3918333333,
      -0.1958333333,
      -0.254
    ],
    [
      -0.4001666667,
      0.1041666667,
      0.254
    ]
  ],
  "lattice_vectors": [
    [
      -0.6480333223,
      0.6480333223,
      0.4001320112
    ],
    [
      0.6480333223,
      -0.6480333223,
      0.4001320112
    ],
    [
      0.6480333223,
      0.6480333223,
      -0.4001320112
    ]
  ]
}