{
  "nbands": 20,
  "basis": [
    [
      0.0046888889,
      0.0245888889,
      -0.1188527778
    ],
    [
      0.0031888889,
      0.4939888889,
      -0.1188527778
    ],
    [
      -0.4662111111,
      0.0230888889,
      -0.1188527778
    ],
    [
      0.0245888889,
      0.0046888889,
      0.3811472222
    ],
    [
      0.0230888889,
      -0.4662111111,
      0.3811472222
    ],
    [
      0.4939888889,
      0.0031888889,
      0.3811472222
    ],
    [
      -0.1527777778,
      0.1805555556,
      -0.4162527778
    ],
    [
      0.1805555556,
      -0.1527777778,
      0.0837472222
    ],
    [
      -0.1527777778,
      0.1805555556,
      0.2169472222
    ],
    [
      0.1805555556,
      -0.1527777778,
      -0.2830527778
    ],
    [
      -0.4861111111,
      -0.4861111111,
      -0.3312527778
    ],
    [
      -0.4861111111,
      -0.4861111111,
      0.1687472222
    ],
    [
      -0.1715111111,
      -0.3707111111,
      -0.4552527778
    ],
    [
      0.3984888889,
      -0.2869111111,
      -0.4552527778
    ],
    [
      0.3146888889,
      0.1992888889,
      -0.4552527778
    ],
    [
      -0.3707111111,
      -0.1715111111,
      0.0447472222
    ],
    [
      0.1992888889,
      0.3146888889,
      0.0447472222
    ],
    [
      -0.2869111111,
      0.3984888889,
      0.0447472222
    ],
    [
      -0.1714111111,
      -0.2943111111,
      0.2447472222
    ],
    [
      0.3220888889,
      -0.3632111111,
      0.2447472222
    ],
    [
      0.3909888889,
      0.1991888889,
      0.2447472222
    ],
    [
      -0.2943111111,
      -0.1714111111,
      -0.2552527778
    ],
    [
      0.1991888889,
      0.3909888889,
      -0.2552527778
    ],
    [
      -0.3632111111,
      0.3220888889,
      -0.2552527778
    ],
    [
      -0.1707111111,
      -0.3343111111,
      -0.1056527778
    ],
    [
      0.3620888889,
      -0.3225111111,
      -0.1056527778
    ],
    [
      0.3502888889,
      0.1984888889,
      -0.1056527778
    ],
    [
      -0.3343111111,
      -0.1707111111,
      0.3943472222
    ],
    [
      0.1984888889,
      0.3502888889,
      0.3943472222
    ],
    [
      -0.3225111111,
      0.3620888889,
      0.3943472222
    ],
    [
      0.0029888889,
      -0.2490111111,
      -0.1042527778
    ],
    [
      0.2767888889,
      -0.2341111111,
      -0.1042527778
    ],
    [
      0.2618888889,
      0.0247888889,
      -0.1042527778
    ],
    [
      -0.2490111111,
      0.0029888889,
      0.3957472222
    ],
    [
      0.0247888889,
      0.2618888889,
      0.3957472222
    ],
    [
      -0.2341111111,
      0.2767888889,
      0.3957472222
    ],
    [
      -0.0095111111,
      -0.1713111111,
      0.2097472222
    ],
    [
      0.1990888889,
      -0.3243111111,
      0.2097472222
    ],
    [
      0.3520888889,
      0.0372888889,
      0.2097472222
    ],
    [
      -0.1713111111,
      -0.0095111111,
      -0.2902527778
    ],
    [
      0.0372888889,
      0.3520888889,
      -0.2902527778
    ],
    [
      -0.3243111111,
      0.1990888889,
      -0.2902527778
    ],
    [
      -0.2437111111,
      -0.3200111111,
      -0.2881527778
    ],
    [
      0.3477888889,
      -0.4098111111,
      -0.2881527778
    ],
    [
      0.4375888889,
      0.2714888889,
      -0.2881527778
    ],
    [
      -0.3200111111,
      -0.2437111111,
      0.2118472222
    ],
    [
      0.2714888889,
      0.4375888889,
      0.2118472222
    ],
    [
      -0.4098111111,
      0.3477888889,
      0.2118472222
    ],
    [
      -0.2355111111,
      -0.4149111111,
      0.0780472222
    ],
    [
      0.4426888889,
      -0.3067111111,
      0.0780472222
    ],
    [
      0.3344888889,
      0.2632888889,
      0.0780472222
    ],
    [
      -0.4149111111,
      -0.2355111111,
      -0.4219527778
    ],
    [
      0.2632888889,
      0.3344888889,
      -0.4219527778
    ],
    [
      -0.3067111111,
      0.4426888889,
      -0.4219527778
    ],
    [
      -0.1832111111,
      -0.4481111111,
      0.3574472222
    ],
    [
      0.4758888889,
      -0.2212111111,
      0.3574472222
    ],
    [
      0.2489888889,
      0.2109888889,
      0.3574472222
    ],
    [
      -0.4481111111,
      -0.1832111111,
      -0.1425527778
    ],
    [
      0.2109888889,
      0.2489888889,
      -0.1425527778
    ],
    [
      -0.2212111111,
      0.4758888889,
      -0.1425527778
    ],
    [
      -0.2347111111,
      -0.1937111111,
      -0.0610527778
    ],
    [
      0.2214888889,
      0.4728888889,
      -0.0610527778
    ],
    [
      -0.4451111111,
      0.2624888889,
      -0.0610527778
    ],
    [
      -0.1937111111,
      -0.2347111111,
      0.4389472222
    ],
    [
      0.2624888889,
      -0.4451111111,
      0.4389472222
    ],
    [
      0.4728888889,
      0.2214888889,
      0.4389472222
    ],
    [
      -0.0104111111,
      -0.3327111111,
      -0.4132527778
    ],
    [
      0.3604888889,
      -0.1638111111,
      -0.4132527778
    ],
    [
      0.1915888889,
      0.0381888889,
      -0.4132527778
    ],
    [
      -0.3327111111,
      -0.0104111111,
      0.0867472222
    ],
    [
      0.0381888889,
      0.1915888889,
      0.0867472222
    ],
    [
      -0.1638111111,
      0.3604888889,
      0.0867472222
    ]
  ],
  "lattice_vectors": [
    [
      1.0,
      0.0,
      0.0
    ],
    [
      -0.5,
      0.8660254038,
      0.0
    ],
    [
      0.0,
      0.0,
      0.8761712314
    ]
  ],
  "structure": "hP72-Na2V3O7_r"
}