{"band_nos": [12], "max_gap": 1.2426484661350263, "gap_range_of_max": [0.937290616193487, 0.9490106631507156], "fill_fraction": 0.61027, "mid_gaps": [0.9431506396721012], "gap": [1.2426484661350263], "gap_ranges": [[0.937290616193487, 0.9490106631507156]], "mid_gap_of_max": 0.9431506396721012}