{"gap": [0.02802702468683819], "gap_ranges": [[0.2559292595386185, 0.25600099894858136]], "gap_range_of_max": [0.2559292595386185, 0.25600099894858136], "band_nos": [4], "mid_gaps": [0.25596512924359993], "max_gap": 0.02802702468683819, "fill_fraction": 0.440662, "mid_gap_of_max": 0.25596512924359993}