{"mid_gap_of_max": 0.3803582786450821, "band_nos": [2, 8], "gap": [29.48895242515793, 0.36602596945823146], "fill_fraction": 0.217897, "gap_ranges": [[0.324276442727683, 0.4364401145624811], [0.566841575591743, 0.5689201670563753]], "gap_range_of_max": [0.324276442727683, 0.4364401145624811], "max_gap": 29.48895242515793, "mid_gaps": [0.3803582786450821, 0.5678808713240591]}