{"gap_ranges": [[0.366010588467835, 0.3905206915635451]], "max_gap": 6.4796007098854425, "gap_range_of_max": [0.366010588467835, 0.3905206915635451], "mid_gaps": [0.3782656400156901], "band_nos": [4], "gap": [6.4796007098854425], "fill_fraction": 0.18466, "mid_gap_of_max": 0.3782656400156901}