{"band_nos": [2], "_status": {"cI36-NO2_r-1/9033dd5e/store_strict/0000/fa733d56605493aac5a4f55b04119ffe": 1, "cI36-NO2_r-1/9033dd5e/mpb-cI36-NO2/0000/a5c19182d230d6a36dfd251f25d0d778": 1, "cI36-NO2_r-1/9033dd5e/check_runnin/0000/c657e0b2e6df71ab00addc1ef7a9dc8e": 1, "cI36-NO2_r-1/9033dd5e/store_data/0000/301c10b2147be5eb6e9a26a0cf4d36e3": 1, "cI36-NO2_r-1/9033dd5e/store_fill/0000/1e4567f479d6fb70867532b66921c612": 1, "cI36-NO2_r-1/9033dd5e/strict-mpb-c/0000/363055baf26bb22469f175a14e8980fb": 1}, "fill_fraction": 0.376184, "max_gap": 3.8167226754244243, "gap_ranges": [[0.308930281525859, 0.32095068639119645]], "mid_gap_of_max": 0.3149404839585277, "mid_gaps": [0.3149404839585277], "gap_range_of_max": [0.308930281525859, 0.32095068639119645], "gap": [3.8167226754244243]}