{"band_nos": [2], "gap_ranges": [[0.435863279131251, 0.4495967228967208]], "fill_fraction": 0.346049, "gap": [3.101990769547078], "mid_gaps": [0.4427300010139859], "max_gap": 3.101990769547078, "gap_range_of_max": [0.435863279131251, 0.4495967228967208], "mid_gap_of_max": 0.4427300010139859}