{"band_nos": [4], "mid_gap_of_max": 0.46601903746089024, "max_gap": 2.823017951423772, "_status": {"tP12-PNO-6/533db92d/store_data/0000/82fab9eb5050ad27e1bd3eeee816d845": 1, "tP12-PNO-6/533db92d/check_runnin/0000/25bed3c9bdc15876685c946bf5c7c94b": 1, "tP12-PNO-6/533db92d/store_fill/0000/ae9cda3ba6e86db7e8c8944f6e5683f5": 1, "tP12-PNO-6/533db92d/mpb-tP12-PNO/0000/1de79ceb2a142519a6a6ed70f1ff9f78": 1, "tP12-PNO-6/533db92d/store_strict/0000/a7fac1a0f3e8b4be849ab1c52e74f5c6": 1, "tP12-PNO-6/533db92d/strict-mpb-t/0000/24b1a512c97ec9da6b22e94537fbe3e1": 1}, "gap": [2.823017951423772], "mid_gaps": [0.46601903746089024], "fill_fraction": 0.288051, "gap_ranges": [[0.4594411369186036, 0.47259693800317687]], "gap_range_of_max": [0.4594411369186036, 0.47259693800317687]}