{"max_gap": 5.59588257049102, "mid_gap_of_max": 0.37575425254632533, "fill_fraction": 0.200297, "gap_ranges": [[0.365240869183266, 0.38626763590938473]], "strict_calculated": true, "gap": [5.59588257049102], "mid_gaps": [0.37575425254632533], "gap_range_of_max": [0.365240869183266, 0.38626763590938473], "band_nos": [4]}