{"mid_gaps": [0.8916338164752236], "gap_range_of_max": [0.872579807643405, 0.910687825307042], "gap": [4.273953831661959], "mid_gap_of_max": 0.8916338164752236, "max_gap": 4.273953831661959, "gap_ranges": [[0.872579807643405, 0.910687825307042]], "fill_fraction": 0.16921, "band_nos": [16]}