{
  "structure": "mC12-ErB2Rh3_r",
  "nbands": 20,
  "basis": [
    [
      0.1666666667,
      0.1666666667,
      -0.25
    ],
    [
      -0.3333333333,
      -0.3333333333,
      0.25
    ],
    [
      -0.3333333333,
      0.1666666667,
      0.25
    ],
    [
      0.1666666667,
      -0.3333333333,
      0.25
    ],
    [
      -0.1693333333,
      0.5026666667,
      -0.25
    ],
    [
      0.5026666667,
      -0.1693333333,
      -0.25
    ]
  ],
  "lattice_vectors": [
    [
      0.5012279975,
      -0.8653152573,
      0.0
    ],
    [
      0.5012279975,
      0.8653152573,
      0.0
    ],
    [
      -0.0035395221,
      0.0,
      0.5794229732
    ]
  ]
}