{"max_gap": 4.734323748927624, "fill_fraction": 0.09677, "mid_gap_of_max": 0.8320835319688191, "band_nos": [4], "gap_range_of_max": [0.812386767836361, 0.8517802961012774], "gap": [4.734323748927624], "strict_calculated": true, "mid_gaps": [0.8320835319688191], "gap_ranges": [[0.812386767836361, 0.8517802961012774]]}