{"mid_gap_of_max": 0.2927629433609963, "gap_ranges": [[0.282568801473307, 0.3029570852486856]], "gap": [6.964093044466382], "mid_gaps": [0.2927629433609963], "gap_range_of_max": [0.282568801473307, 0.3029570852486856], "fill_fraction": 0.566537, "band_nos": [2], "max_gap": 6.964093044466382}