{"band_nos": [4, 10], "gap_range_of_max": [0.363650395585401, 0.3873829384713023], "gap_ranges": [[0.363650395585401, 0.3873829384713023], [0.4847932259805435, 0.4886442385756131]], "mid_gaps": [0.3755166670283516, 0.48671873227807827], "mid_gap_of_max": 0.3755166670283516, "strict_calculated": true, "max_gap": 6.319970581787532, "gap": [6.319970581787532, 0.7912193099790912], "fill_fraction": 0.201516}