{"mid_gap_of_max": 0.5113939096208916, "fill_fraction": 0.274126, "gap": [0.445325464477491], "gap_ranges": [[0.510255225969227, 0.5125325932725562]], "max_gap": 0.445325464477491, "_status": {"oP6-NaO2_r-1/509bca97/check_runnin/0000/dd5ff83d1724ae75a53791d8e85e6251": 1, "oP6-NaO2_r-1/509bca97/mpb-oP6-NaO2/0000/99038d9a02530957bd28532648ff7ea0": 6, "oP6-NaO2_r-1/509bca97/store_strict/0000/393c73c3b196f75ac3e95e859b3f869d": 1, "oP6-NaO2_r-1/509bca97/store_fill/0000/e81a67aa7c2830eeb8dc978212dbc407": 1, "oP6-NaO2_r-1/509bca97/store_data/0000/233ab82056c4a05a7bacbfe12119b451": 1, "oP6-NaO2_r-1/509bca97/strict-mpb-o/0000/d447f73ed3a9739875d6f7576ed8193d": 1}, "gap_range_of_max": [0.510255225969227, 0.5125325932725562], "band_nos": [8], "mid_gaps": [0.5113939096208916], "run_me": true}