{"run_me": true, "mid_gap_of_max": 0.6234367960634859, "strict_mid_gap_of_max": 0.6234367960634859, "strict_gap_range_of_max": [0.623211867042208, 0.6236617250847639], "gap_range_of_max": [0.623211867042208, 0.6236617250847639], "fill_fraction": 0.065748, "strict_mid_gaps": [0.6234367960634859], "band_nos": [5], "gap": [0.07215776248630282], "gap_ranges": [[0.623211867042208, 0.6236617250847639]], "recalc_mid_gaps": true, "_status": {"cF12-Li2O/f754181c/strict-mpb-c/0000/ce69ed4d5ecc2831770f03111e2cb3c8": 1, "cF12-Li2O/f754181c/store_strict/0000/0f3e423436ff23c6829aeae47355331b": 1, "cF12-Li2O/f754181c/store_mid_ga/0000/cf40ad13477153c72a7d8aed4e887632": 1, "cF12-Li2O/f754181c/mpb-cF12-Li2/0000/e89088fdc705c6ce5b2e79f6a90d6a06": 1, "cF12-Li2O/f754181c/store_ff/0000/1b78906991bf7ff53654be22cfbd2cbc": 1, "cF12-Li2O/f754181c/store_gap/0000/77860acec522f024f0ac98dddec71c00": 1, "cF12-Li2O/f754181c/strict_calcu/0000/aee596b61e62f04ae4de3d98b4dcc3bf": 1, "cF12-Li2O/f754181c/calculate/0000/ad771712beb3060598988763649ebe32": 1, "cF12-Li2O/f754181c/store_strict/0000/8c9b281b97316999533ea3678854d6d8": 1}, "mid_gaps": [0.6234367960634859], "strict_max_gap": 0.07215776248630282, "strict_gap_ranges": [[0.623211867042208, 0.6236617250847639]], "max_gap": 0.07215776248630282, "strict_gap": [0.07215776248630282]}