{"max_gap": 0.08193430792386118, "gap": [0.08193430792386118], "_status": {"mC108-CsO6Te/0e025746/check_runnin/0000/e429036812c2bfd38aea34767a08a33c": 1, "mC108-CsO6Te/0e025746/store_fill/0000/0ae75baf230f7899ba5c5be7902dd0a0": 1, "mC108-CsO6Te/0e025746/mpb-mC108-Cs/0000/ddf5b7971aceac9693bec51890a22cbc": 1, "mC108-CsO6Te/0e025746/store_data/0000/f11faba8796edef7539bdd6ee8b8c52a": 1, "mC108-CsO6Te/0e025746/strict-mpb-m/0000/0bace4e8bfbc4eeaca5e2c030c74ede5": 1, "mC108-CsO6Te/0e025746/store_strict/0000/c72d68864910e762b8f815aaf11f203a": 1}, "gap_range_of_max": [0.344954028729481, 0.3452367802608319], "run_me": true, "mid_gaps": [0.3450954044951564], "fill_fraction": 0.437182, "mid_gap_of_max": 0.3450954044951564, "gap_ranges": [[0.344954028729481, 0.3452367802608319]], "band_nos": [6]}