{"gap_ranges": [[0.389420256601512, 0.45192530858435537]], "fill_fraction": 0.164482, "mid_gaps": [0.4206727825929337], "mid_gap_of_max": 0.4206727825929337, "band_nos": [4], "gap": [14.858354181503046], "gap_range_of_max": [0.389420256601512, 0.45192530858435537], "max_gap": 14.858354181503046, "_status": {"tP12-PNO_r-1/e0b25b73/mpb-tP12-PNO/0000/99f3501d3a5efdcb6aed6844dd8c93f2": 1, "tP12-PNO_r-1/e0b25b73/strict-mpb-t/0000/6f7d5cea866b1823368b5709c800647f": 1, "tP12-PNO_r-1/e0b25b73/store_fill/0000/079905b3380973c094136b5284fbbbef": 1, "tP12-PNO_r-1/e0b25b73/check_runnin/0000/9162f4c1102a448227a65bda001974f9": 1, "tP12-PNO_r-1/e0b25b73/store_strict/0000/d3d5b44c87eaf5baad1efcc9c08fb0df": 1, "tP12-PNO_r-1/e0b25b73/store_data/0000/677ea570a5c54f271694ed0b9d9a924b": 1}}