{"gap_ranges": [[0.24869392116019, 0.2566442058939726]], "max_gap": 3.1465208374943896, "mid_gaps": [0.2526690635270813], "band_nos": [4], "mid_gap_of_max": 0.2526690635270813, "fill_fraction": 0.539082, "gap_range_of_max": [0.24869392116019, 0.2566442058939726], "strict_calculated": true, "gap": [3.1465208374943896]}