{"mid_gaps": [0.4137718836996796], "gap_ranges": [[0.409816526704382, 0.4177272406949772]], "gap_range_of_max": [0.409816526704382, 0.4177272406949772], "max_gap": 1.911853922954407, "gap": [1.911853922954407], "fill_fraction": 0.318523, "band_nos": [12], "mid_gap_of_max": 0.4137718836996796}