{"band_nos": [2], "mid_gaps": [0.372692495383368], "fill_fraction": 0.310996, "gap": [16.491833166962138], "max_gap": 16.491833166962138, "gap_ranges": [[0.3419605831011614, 0.4034244076655746]], "mid_gap_of_max": 0.372692495383368, "gap_range_of_max": [0.3419605831011614, 0.4034244076655746]}