{"strict_calculated": true, "mid_gap_of_max": 0.5040410690191808, "gap_ranges": [[0.4827672115404688, 0.5253149264978928]], "max_gap": 8.44131908541064, "band_nos": [12], "fill_fraction": 0.35672, "gap": [8.44131908541064], "gap_range_of_max": [0.4827672115404688, 0.5253149264978928], "mid_gaps": [0.5040410690191808]}