{"mid_gap_of_max": 0.5778806607908225, "gap": [0.2295401881560401], "_status": {"cP14-O4Pt3_r/1d563d38/store_strict/0000/94892de9aa4d71b396714b2237912ae2": 1, "cP14-O4Pt3_r/1d563d38/mpb-cP14-O4P/0000/b49138ff82077909f4488748fb11597b": 4, "cP14-O4Pt3_r/1d563d38/store_data/0000/e9286a1bc2eed502401e58fd3f94c09b": 1, "cP14-O4Pt3_r/1d563d38/store_fill/0000/cf0aa7d36e1094767ebac8bfa16c511a": 1, "cP14-O4Pt3_r/1d563d38/strict-mpb-c/0000/b6fe1297e4742758e096e2c5baffff48": 1, "cP14-O4Pt3_r/1d563d38/check_runnin/0000/02d52c3d948b7a5d616f186ddec4a022": 1}, "run_me": true, "mid_gaps": [0.5778806607908225], "gap_ranges": [[0.577217426612774, 0.5785438949688708]], "fill_fraction": 0.266019, "gap_range_of_max": [0.577217426612774, 0.5785438949688708], "max_gap": 0.2295401881560401, "band_nos": [16]}