{"gap": [1.4016911528792255], "gap_ranges": [[0.319187270212131, 0.32369286721711327]], "band_nos": [4], "max_gap": 1.4016911528792255, "mid_gaps": [0.32144006871462216], "gap_range_of_max": [0.319187270212131, 0.32369286721711327], "mid_gap_of_max": 0.32144006871462216, "fill_fraction": 0.338981}