{"mid_gaps": [0.5253858623403453], "mid_gap_of_max": 0.5253858623403453, "band_nos": [8], "max_gap": 0.5193543442640777, "gap_ranges": [[0.524021555190238, 0.5267501694904526]], "strict_calculated": true, "gap": [0.5193543442640777], "fill_fraction": 0.197209, "gap_range_of_max": [0.524021555190238, 0.5267501694904526]}