{"max_gap": 0.09007816006099335, "mid_gaps": [0.26288175002186426], "gap": [0.09007816006099335], "fill_fraction": 0.427146, "strict_calculated": true, "gap_range_of_max": [0.2627633505000863, 0.2630001495436422], "band_nos": [2], "mid_gap_of_max": 0.26288175002186426, "gap_ranges": [[0.2627633505000863, 0.2630001495436422]]}