{"gap": [1.879949573556024], "gap_range_of_max": [0.358199495467949, 0.36499736360197754], "band_nos": [4], "mid_gaps": [0.36159842953496324], "gap_ranges": [[0.358199495467949, 0.36499736360197754]], "max_gap": 1.879949573556024, "mid_gap_of_max": 0.36159842953496324, "run_me": true, "fill_fraction": 0.276466}