{"max_gap": 0.6921744151946683, "mid_gap_of_max": 0.4206570433389283, "fill_fraction": 0.150846, "gap_ranges": [[0.419201203124075, 0.4221128835537815]], "strict_calculated": true, "gap": [0.6921744151946683], "mid_gaps": [0.4206570433389283], "gap_range_of_max": [0.419201203124075, 0.4221128835537815], "band_nos": [4]}