{"fill_fraction": 0.454201, "mid_gap_of_max": 0.637371002942994, "gap_ranges": [[0.62889243100205, 0.645849574883938]], "gap": [2.660482482507206], "mid_gaps": [0.637371002942994], "band_nos": [8], "max_gap": 2.660482482507206, "gap_range_of_max": [0.62889243100205, 0.645849574883938]}