{"gap": [1.891715475460104], "mid_gap_of_max": 0.5514579199364797, "gap_ranges": [[0.5462419125304, 0.5566739273425595]], "gap_range_of_max": [0.5462419125304, 0.5566739273425595], "max_gap": 1.891715475460104, "band_nos": [8], "fill_fraction": 0.411771, "mid_gaps": [0.5514579199364797]}