{"gap_range_of_max": [0.510940327969924, 0.5667437311839578], "max_gap": 10.356171224773636, "gap": [10.356171224773636], "fill_fraction": 0.11136, "gap_ranges": [[0.510940327969924, 0.5667437311839578]], "band_nos": [2], "mid_gap_of_max": 0.5388420295769409, "mid_gaps": [0.5388420295769409]}