{"mid_gaps": [0.36195319168478457, 0.552125637991076], "max_gap": 10.464286133375419, "gap_range_of_max": [0.3430152828613942, 0.3808911005081749], "fill_fraction": 0.386098, "gap_ranges": [[0.3430152828613942, 0.3808911005081749], [0.5503837317790315, 0.5538675442031205]], "band_nos": [2, 8], "mid_gap_of_max": 0.36195319168478457, "gap": [10.464286133375419, 0.6309818244928548]}