{"gap_range_of_max": [0.307193958113961, 0.3331002402819771], "mid_gaps": [0.320147099197969], "gap_ranges": [[0.307193958113961, 0.3331002402819771]], "max_gap": 8.091993409565823, "fill_fraction": 0.498615, "gap": [8.091993409565823], "mid_gap_of_max": 0.320147099197969, "band_nos": [4]}