{"fill_fraction": 0.087503, "max_gap": 14.531254564314319, "mid_gap_of_max": 0.8735198154689985, "band_nos": [8], "gap_range_of_max": [0.810053121441234, 0.9369865094967631], "gap_ranges": [[0.810053121441234, 0.9369865094967631]], "mid_gaps": [0.8735198154689985], "gap": [14.531254564314319]}