{"gap": [7.55752585170069], "_status": {"tP12-PNO-10/dcb73e9c/check_runnin/0000/c15756ebfe6b1411513a8f008fb31c9e": 1, "tP12-PNO-10/dcb73e9c/store_strict/0000/b5798c95e90245bab495360bdfe15991": 1, "tP12-PNO-10/dcb73e9c/store_fill/0000/1556dab805e4b72c6def2b3ffc628911": 1, "tP12-PNO-10/dcb73e9c/mpb-tP12-PNO/0000/1d9711be59867a640b1b1dbd8e4b0106": 1, "tP12-PNO-10/dcb73e9c/store_data/0000/cf3f70b5f41dfb8cfa9a8d84f36d80eb": 1, "tP12-PNO-10/dcb73e9c/strict-mpb-t/0000/d87cd0c5f01def2af5a18ea35951b7cb": 1}, "mid_gap_of_max": 0.3191975028190903, "mid_gaps": [0.3191975028190903], "fill_fraction": 0.500612, "gap_ranges": [[0.307135785922322, 0.3312592197158587]], "gap_range_of_max": [0.307135785922322, 0.3312592197158587], "band_nos": [4], "max_gap": 7.55752585170069}