{"band_nos": [8], "_status": {"hP4-La_r-12/c3217ca7/check_runnin/0000/51ac016c364df35af1817e336947d7eb": 1, "hP4-La_r-12/c3217ca7/store_data/0000/d7b8791bcb96fc5a5a04ef49301453d8": 1, "hP4-La_r-12/c3217ca7/store_fill/0000/2a90b3e6b2052e9f7f9b028ffe601107": 1, "hP4-La_r-12/c3217ca7/mpb-hP4-La_r/0000/8eecd6d852348e3361e31357d20166e2": 6, "hP4-La_r-12/c3217ca7/store_strict/0000/7f3e2d8528cadc34819789cd65296463": 1, "hP4-La_r-12/c3217ca7/strict-mpb-h/0000/e97fe4d885929eb0146ad01b9f2b7636": 1}, "gap_ranges": [[0.26899902658947, 0.27128083656482355]], "gap": [0.8446770390529529], "mid_gaps": [0.2701399315771468], "gap_range_of_max": [0.26899902658947, 0.27128083656482355], "max_gap": 0.8446770390529529, "mid_gap_of_max": 0.2701399315771468, "run_me": true, "fill_fraction": 0.521903}