{"max_gap": 14.599117809507936, "gap_ranges": [[0.4016637543640052, 0.46492058896465627]], "gap": [14.599117809507936], "gap_range_of_max": [0.4016637543640052, 0.46492058896465627], "mid_gaps": [0.43329217166433076], "fill_fraction": 0.243068, "band_nos": [2], "mid_gap_of_max": 0.43329217166433076}