{"gap_range_of_max": [0.644965203272802, 0.6632520565743638], "max_gap": 2.795690572634298, "fill_fraction": 0.067503, "mid_gaps": [0.654108629923583], "mid_gap_of_max": 0.654108629923583, "gap": [2.795690572634298], "gap_ranges": [[0.644965203272802, 0.6632520565743638]], "band_nos": [4]}