{"mid_gaps": [0.56642030724389], "fill_fraction": 0.424314, "gap_range_of_max": [0.55644473555373, 0.57639587893405], "mid_gap_of_max": 0.56642030724389, "max_gap": 3.5223213442669374, "gap_ranges": [[0.55644473555373, 0.57639587893405]], "band_nos": [8], "gap": [3.5223213442669374]}