{"gap_ranges": [[0.28764268164173, 0.3485439722244989]], "fill_fraction": 0.390399, "gap": [19.145730333277044], "mid_gap_of_max": 0.31809332693311443, "max_gap": 19.145730333277044, "gap_range_of_max": [0.28764268164173, 0.3485439722244989], "mid_gaps": [0.31809332693311443], "band_nos": [2]}