{"band_nos": [2], "gap": [2.4300255561710244], "gap_range_of_max": [0.4822904802435662, 0.4941544104362896], "fill_fraction": 0.366968, "mid_gap_of_max": 0.48822244533992787, "gap_ranges": [[0.4822904802435662, 0.4941544104362896]], "max_gap": 2.4300255561710244, "mid_gaps": [0.48822244533992787]}