{"mid_gaps": [0.5393901485580828], "mid_gap_of_max": 0.5393901485580828, "band_nos": [7], "gap": [7.028359863605301], "gap_ranges": [[0.520435008203334, 0.5583452889128316]], "gap_range_of_max": [0.520435008203334, 0.5583452889128316], "fill_fraction": 0.242918, "max_gap": 7.028359863605301}