{"mid_gaps": [0.30372321993695306], "max_gap": 6.116946825863892, "mid_gap_of_max": 0.30372321993695306, "gap_range_of_max": [0.29443392600628, 0.3130125138676261], "gap": [6.116946825863892], "strict_calculated": true, "gap_ranges": [[0.29443392600628, 0.3130125138676261]], "band_nos": [4], "fill_fraction": 0.455442}