{"band_nos": [15], "fill_fraction": 0.336686, "mid_gaps": [0.521878153701699], "mid_gap_of_max": 0.521878153701699, "gap_range_of_max": [0.519937407298781, 0.5238189001046171], "gap_ranges": [[0.519937407298781, 0.5238189001046171]], "strict_calculated": true, "gap": [0.7437546059945097], "max_gap": 0.7437546059945097}