{"mid_gap_of_max": 0.7647957752191932, "fill_fraction": 0.148352, "gap_range_of_max": [0.753335686491758, 0.7762558639466285], "band_nos": [12], "mid_gaps": [0.7647957752191932], "gap_ranges": [[0.753335686491758, 0.7762558639466285]], "gap": [2.9969016824525996], "max_gap": 2.9969016824525996}