{"max_gap": 3.1565122675244575, "gap": [3.1565122675244575], "gap_ranges": [[0.2803717781805775, 0.28936366272285324]], "mid_gap_of_max": 0.2848677204517154, "gap_range_of_max": [0.2803717781805775, 0.28936366272285324], "fill_fraction": 0.583218, "band_nos": [2], "mid_gaps": [0.2848677204517154]}