{"fill_fraction": 0.288866, "gap_range_of_max": [0.428197862166031, 0.4284976411084545], "max_gap": 0.06998494594109571, "mid_gap_of_max": 0.42834775163724276, "band_nos": [4], "gap_ranges": [[0.428197862166031, 0.4284976411084545]], "gap": [0.06998494594109571], "mid_gaps": [0.42834775163724276]}