{"faces": [[[-0.639433069218713, -0.5436171901314177], [-0.639433069218713, 0.4411905628807902], [0.30025955156719536, 0.3817993882669058], [0.3002595515671954, -0.6030083647453025]], [[-0.639433069218713, -0.5436171901314177], [-0.639433069218713, 0.4411905628807902], [-0.3002595515671954, 0.6030083647453025], [-0.30025955156719547, -0.38179938826690557]], [[-0.639433069218713, 0.4411905628807902], [-0.3002595515671954, 0.6030083647453025], [0.639433069218713, 0.5436171901314178], [0.30025955156719536, 0.3817993882669058]], [[-0.639433069218713, -0.5436171901314177], [-0.30025955156719547, -0.38179938826690557], [0.639433069218713, -0.44119056288079017], [0.3002595515671954, -0.6030083647453025]], [[0.3002595515671954, -0.6030083647453025], [0.30025955156719536, 0.3817993882669058], [0.639433069218713, 0.5436171901314178], [0.639433069218713, -0.44119056288079017]], [[-0.30025955156719547, -0.38179938826690557], [-0.3002595515671954, 0.6030083647453025], [0.639433069218713, 0.5436171901314178], [0.639433069218713, -0.44119056288079017]]], "labels": {"GAMMA": [0.0, 0.0], "X": [-1.1043592643970545e-18, 0.492403876506104], "M": [0.46984631039295416, 0.4627082891991616], "Z": [-0.16958675882575877, -0.08090890093225615], "R": [-0.16958675882575877, 0.41149497557384784], "A": [0.3002595515671954, 0.38179938826690557]}, "label_positions": {"GAMMA": [0.05, 0.05], "X": [0.05, 0.542403876506104], "M": [0.5198463103929541, 0.5127082891991617], "Z": [-0.16958675882575877, -0.03090890093225615], "R": [-0.11958675882575877, 0.46149497557384783], "A": [0.3002595515671954, 0.43179938826690556]}, "zorder": [1, 1, 1, 1, 1, 1]}