{"gap_range_of_max": [0.397359857092442, 0.43813649661714776], "max_gap": 9.761057446548444, "fill_fraction": 0.387593, "gap_ranges": [[0.397359857092442, 0.43813649661714776]], "mid_gaps": [0.4177481768547949], "mid_gap_of_max": 0.4177481768547949, "gap": [9.761057446548444], "band_nos": [2]}