{"max_gap": 3.4270969649248237, "fill_fraction": 0.162222, "band_nos": [8, 19], "mid_gaps": [0.6395615150771705, 0.8602926554518019], "gap_ranges": [[0.628602318441152, 0.650520711713189], [0.859391853468311, 0.8611934574352927]], "gap": [3.4270969649248237, 0.2094175691916264], "mid_gap_of_max": 0.6395615150771705, "gap_range_of_max": [0.628602318441152, 0.650520711713189]}