{"mid_gap_of_max": 0.7262938502856096, "max_gap": 18.323338083969613, "gap_ranges": [[0.659753211450153, 0.792834489121066]], "gap": [18.323338083969613], "fill_fraction": 0.14537, "strict_calculated": true, "gap_range_of_max": [0.659753211450153, 0.792834489121066], "mid_gaps": [0.7262938502856096], "band_nos": [16]}