{"mid_gaps": [0.5151173280955319], "fill_fraction": 0.293836, "gap": [2.9123524446518507], "gap_range_of_max": [0.507616312046724, 0.5226183441443399], "mid_gap_of_max": 0.5151173280955319, "max_gap": 2.9123524446518507, "gap_ranges": [[0.507616312046724, 0.5226183441443399]], "band_nos": [2]}