{"fill_fraction": 0.2838, "mid_gap_of_max": 0.5076722017332075, "max_gap": 10.453077021142382, "gap_range_of_max": [0.4811385186021567, 0.5342058848642582], "mid_gaps": [0.5076722017332075], "band_nos": [16], "gap_ranges": [[0.4811385186021567, 0.5342058848642582]], "gap": [10.453077021142382]}