{"mid_gaps": [0.4150550055297884], "strict_calculated": true, "band_nos": [4], "gap": [0.1931442572669359], "gap_range_of_max": [0.4146541780759485, 0.4154558329836283], "gap_ranges": [[0.4146541780759485, 0.4154558329836283]], "fill_fraction": 0.320182, "max_gap": 0.1931442572669359, "mid_gap_of_max": 0.4150550055297884}