{"mid_gaps": [0.5950906071010145], "gap_range_of_max": [0.59376164424713, 0.596419569954899], "band_nos": [8], "max_gap": 0.4466421879378067, "gap_ranges": [[0.59376164424713, 0.596419569954899]], "gap": [0.4466421879378067], "fill_fraction": 0.209185, "mid_gap_of_max": 0.5950906071010145, "_status": {"hR24-ZrCoF6_/5cca192b/mpb-hR24-ZrC/0000/35918382f532ee6280b95184c8d34d9f": 1, "hR24-ZrCoF6_/5cca192b/store_strict/0000/063ef90ddae022bc61f111e4fa03762e": 1, "hR24-ZrCoF6_/5cca192b/store_data/0000/f3ea58a3b1f0b0960f8774e8eab9eabc": 1, "hR24-ZrCoF6_/5cca192b/check_runnin/0000/a4eb140faad501e02c12c6a42822861d": 1, "hR24-ZrCoF6_/5cca192b/store_fill/0000/0713dda676cbb2f8535e64adcf23f65b": 1, "hR24-ZrCoF6_/5cca192b/strict-mpb-h/0000/3dbfa1f9eb5c649a00706e01f8cf9e6c": 1}}