{"gap_ranges": [[0.380061818383944, 0.3822097567235143]], "mid_gaps": [0.3811357875537291], "gap_range_of_max": [0.380061818383944, 0.3822097567235143], "mid_gap_of_max": 0.3811357875537291, "band_nos": [5], "max_gap": 0.5635624912989925, "fill_fraction": 0.398108, "gap": [0.5635624912989925]}