{"mid_gap_of_max": 0.3615638331871404, "band_nos": [2], "fill_fraction": 0.417257, "max_gap": 5.546250615481015, "gap_ranges": [[0.351537215025391, 0.37159045134888985]], "mid_gaps": [0.3615638331871404], "gap": [5.546250615481015], "gap_range_of_max": [0.351537215025391, 0.37159045134888985]}