{"max_gap": 1.6538841733980645, "gap": [1.6538841733980645], "gap_ranges": [[0.557982269022952, 0.5672875991518326]], "mid_gaps": [0.5626349340873923], "_status": {"hR1-Hg-12/67b6f5cd/check_runnin/0000/4c340f97be3aa874d03ca2bc272cfd19": 1, "hR1-Hg-12/67b6f5cd/mpb-hR1-Hg-1/0000/e23eb4d9b38afd38e76d919dfa637a86": 1, "hR1-Hg-12/67b6f5cd/store_fill/0000/80833cbbf89117c161b0233c4ff67cd1": 1, "hR1-Hg-12/67b6f5cd/store_strict/0000/0237963217f7852bec14752e06d623d0": 1, "hR1-Hg-12/67b6f5cd/store_data/0000/32406bd3b5269104f4d56c7e6e8e610e": 1, "hR1-Hg-12/67b6f5cd/strict-mpb-h/0000/663f1c8e27e4a16e0b6e35a1fd1ab170": 1}, "gap_range_of_max": [0.557982269022952, 0.5672875991518326], "run_me": true, "mid_gap_of_max": 0.5626349340873923, "band_nos": [5], "fill_fraction": 0.118701}