{"max_gap": 9.12174939235059, "mid_gaps": [0.47372996995487454], "gap_range_of_max": [0.4521237396270038, 0.4953362002827453], "gap_ranges": [[0.4521237396270038, 0.4953362002827453]], "gap": [9.12174939235059], "mid_gap_of_max": 0.47372996995487454, "fill_fraction": 0.226877, "band_nos": [2]}