{"fill_fraction": 0.156199, "gap_ranges": [[0.520897017534269, 0.5533056254442849]], "mid_gaps": [0.5371013214892769], "gap": [6.033984020026655], "gap_range_of_max": [0.520897017534269, 0.5533056254442849], "band_nos": [2], "max_gap": 6.033984020026655, "mid_gap_of_max": 0.5371013214892769}