{"band_nos": [11], "gap_ranges": [[0.645691332637021, 0.6464954614395695]], "run_me": true, "mid_gap_of_max": 0.6460933970382953, "_status": {"cF44-Cu2Se-1/1e217528/check_runnin/0000/07d72fef1a40eb69ef7fc301c657cd18": 1, "cF44-Cu2Se-1/1e217528/strict-mpb-c/0000/447f80a69614937dfd0c913414b40f61": 1, "cF44-Cu2Se-1/1e217528/store_fill/0000/85db910b2d5c297b66da9b5c3be3fe94": 1, "cF44-Cu2Se-1/1e217528/mpb-cF44-Cu2/0000/b4bcac86f66565e2898d3ad53fd3a81d": 6, "cF44-Cu2Se-1/1e217528/store_strict/0000/6e59856979592fb7ee11ca8177bf0db5": 1, "cF44-Cu2Se-1/1e217528/store_data/0000/c44a7a0a0d8c92653f85834693bf6f2f": 1}, "max_gap": 0.12446014867728558, "gap_range_of_max": [0.645691332637021, 0.6464954614395695], "mid_gaps": [0.6460933970382953], "fill_fraction": 0.344623, "gap": [0.12446014867728558]}