{"max_gap": 11.9210146481126, "gap": [11.9210146481126], "band_nos": [2], "gap_ranges": [[0.4955313642973923, 0.5583479159853575]], "fill_fraction": 0.081186, "mid_gaps": [0.5269396401413748], "gap_range_of_max": [0.4955313642973923, 0.5583479159853575], "mid_gap_of_max": 0.5269396401413748}