{"mid_gap_of_max": 0.39172983601714834, "gap_ranges": [[0.38850593288532, 0.3949537391489767]], "gap": [1.6459829379377238], "band_nos": [8], "max_gap": 1.6459829379377238, "strict_calculated": true, "fill_fraction": 0.622083, "mid_gaps": [0.39172983601714834], "gap_range_of_max": [0.38850593288532, 0.3949537391489767]}