{"gap_ranges": [[0.4274202899156761, 0.43434604549522626]], "strict_calculated": true, "_status": {"tP16-FeCuSe2/5f368635/check_runnin/0000/31bcac6f783dea52b1ed2b17353a3167": 1, "tP16-FeCuSe2/5f368635/mpb-tP16-FeC/0000/a2bbbae9aa55b8faf1c4d89f16371f90": 1, "tP16-FeCuSe2/5f368635/store_fill/0000/5a493a9dda2cfb3629037dbb61ad3cc0": 1, "tP16-FeCuSe2/5f368635/strict-mpb-t/0000/536ef575fd484700738bdba2f9388b09": 1, "tP16-FeCuSe2/5f368635/store_strict/0000/d88f6b286211fd5d2dcce31e10813dec": 1, "tP16-FeCuSe2/5f368635/store_data/0000/dc92f562b397bffe9da1e3fea5dd51ed": 1}, "max_gap": 1.6073395524896688, "gap_range_of_max": [0.4274202899156761, 0.43434604549522626], "gap": [1.6073395524896688], "mid_gap_of_max": 0.4308831677054512, "band_nos": [16], "fill_fraction": 0.333861, "mid_gaps": [0.4308831677054512]}