{"gap_range_of_max": [0.3845721293460474, 0.4723299471024303], "max_gap": 20.482577920712835, "band_nos": [4], "gap": [20.482577920712835], "mid_gap_of_max": 0.42845103822423886, "fill_fraction": 0.138943, "gap_ranges": [[0.3845721293460474, 0.4723299471024303]], "mid_gaps": [0.42845103822423886], "strict_calculated": true}