{"band_nos": [2], "max_gap": 3.209461694493551, "mid_gaps": [0.5027596496677242], "gap_ranges": [[0.4946917104819964, 0.510827588853452]], "mid_gap_of_max": 0.5027596496677242, "fill_fraction": 0.197843, "gap_range_of_max": [0.4946917104819964, 0.510827588853452], "gap": [3.209461694493551]}