{"max_gap": 6.521970873604043, "gap": [6.521970873604043], "mid_gaps": [0.41981187574702034], "fill_fraction": 0.244075, "mid_gap_of_max": 0.41981187574702034, "band_nos": [16], "gap_range_of_max": [0.4061218716169446, 0.4335018798770961], "gap_ranges": [[0.4061218716169446, 0.4335018798770961]]}