{"mid_gaps": [0.608851683714887], "gap_range_of_max": [0.594267823143878, 0.6234355442858959], "fill_fraction": 0.23103, "gap": [4.790611888276521], "mid_gap_of_max": 0.608851683714887, "gap_ranges": [[0.594267823143878, 0.6234355442858959]], "band_nos": [16], "max_gap": 4.790611888276521}