{"band_nos": [18], "max_gap": 0.20366761304546924, "fill_fraction": 0.208918, "mid_gap_of_max": 0.6321860703927876, "run_me": true, "_status": {"tP4-PdO-10/7fab35b9/store_data/0000/917f9250513aa47a85fe608dbe996c9e": 1, "tP4-PdO-10/7fab35b9/store_fill/0000/6a2d4c8e07bd83d2ba4d25e0054add17": 1, "tP4-PdO-10/7fab35b9/mpb-tP4-PdO-/0000/2d5f3eb916c1752ac8de23e8566f3dd4": 3, "tP4-PdO-10/7fab35b9/store_strict/0000/6545e5b3bb7ffeee710fd9729a9f1b74": 1, "tP4-PdO-10/7fab35b9/check_runnin/0000/d77bcb1dd72b67a0f3f7d11c28d1300b": 1, "tP4-PdO-10/7fab35b9/strict-mpb-t/0000/f93ca460dedd167f1a314ff0064aa41d": 1}, "mid_gaps": [0.6321860703927876], "gap_ranges": [[0.631542291253, 0.6328298495325753]], "gap": [0.20366761304546924], "gap_range_of_max": [0.631542291253, 0.6328298495325753]}