{"mid_gaps": [0.8175909916260974], "gap": [9.848614082708936], "fill_fraction": 0.464713, "max_gap": 9.848614082708936, "strict_calculated": true, "band_nos": [12], "mid_gap_of_max": 0.8175909916260974, "gap_ranges": [[0.77733030085597, 0.8578516823962248]], "gap_range_of_max": [0.77733030085597, 0.8578516823962248]}