{"band_nos": [8], "gap_ranges": [[0.649029028184102, 0.7184690430989792]], "gap_range_of_max": [0.649029028184102, 0.7184690430989792], "fill_fraction": 0.324522, "mid_gaps": [0.6837490356415405], "mid_gap_of_max": 0.6837490356415405, "max_gap": 10.155775188731859, "gap": [10.155775188731859], "_status": {"tI16-VAg3O4_/2b40cda5/store_strict/0000/4a6ea068cca4a72910f377bb5e124d43": 1, "tI16-VAg3O4_/2b40cda5/store_data/0000/81217eb0978af32f6722d52ba738b8eb": 1, "tI16-VAg3O4_/2b40cda5/store_fill/0000/07d775826a8b37f3a3b0c001e0762ec6": 1, "tI16-VAg3O4_/2b40cda5/strict-mpb-t/0000/2eab997ebd8f663d0e20015996cfda97": 1, "tI16-VAg3O4_/2b40cda5/mpb-tI16-VAg/0000/bf0b06b8117b5bfacc8f279362f18203": 1, "tI16-VAg3O4_/2b40cda5/check_runnin/0000/fa6f6ded5b24b62068e670e97e6074a7": 1}}