{"gap_ranges": [[0.3503773000177111, 0.4331657734243437]], "gap": [21.131824455533256], "mid_gaps": [0.3917715367210274], "band_nos": [2], "fill_fraction": 0.253182, "mid_gap_of_max": 0.3917715367210274, "max_gap": 21.131824455533256, "gap_range_of_max": [0.3503773000177111, 0.4331657734243437]}