{"gap": [3.2281991525035134, 5.786292132549196], "band_nos": [8, 17], "gap_range_of_max": [0.848195141379623, 0.8987364232213871], "gap_ranges": [[0.671499982606178, 0.6935329737707552], [0.848195141379623, 0.8987364232213871]], "mid_gap_of_max": 0.8734657823005051, "mid_gaps": [0.6825164781884666, 0.8734657823005051], "max_gap": 5.786292132549196, "fill_fraction": 0.164593}