{"gap_ranges": [[0.511757217158356, 0.5786349525342116]], "fill_fraction": 0.081045, "gap": [12.266730674471225], "band_nos": [2], "gap_range_of_max": [0.511757217158356, 0.5786349525342116], "mid_gaps": [0.5451960848462838], "max_gap": 12.266730674471225, "mid_gap_of_max": 0.5451960848462838}