{"band_nos": [2], "gap_range_of_max": [0.346638481271047, 0.41412667920662016], "max_gap": 17.742189427601545, "mid_gaps": [0.3803825802388336], "mid_gap_of_max": 0.3803825802388336, "fill_fraction": 0.313138, "gap": [17.742189427601545], "gap_ranges": [[0.346638481271047, 0.41412667920662016]]}