{"gap": [0.08239610685671757], "gap_range_of_max": [0.494570159291431, 0.49497783380232574], "mid_gaps": [0.49477399654687837], "max_gap": 0.08239610685671757, "fill_fraction": 0.23147, "strict_calculated": true, "gap_ranges": [[0.494570159291431, 0.49497783380232574]], "mid_gap_of_max": 0.49477399654687837, "band_nos": [11]}