{"gap_ranges": [[0.387406684179093, 0.4110191099695417]], "gap": [5.9147452308016115], "band_nos": [8], "fill_fraction": 0.58475, "max_gap": 5.9147452308016115, "mid_gaps": [0.3992128970743174], "gap_range_of_max": [0.387406684179093, 0.4110191099695417], "strict_calculated": true, "mid_gap_of_max": 0.3992128970743174}