{"fill_fraction": 0.511787, "max_gap": 2.9970518365536685, "strict_calculated": true, "mid_gap_of_max": 0.5473393299645497, "band_nos": [18], "gap": [2.9970518365536685], "gap_ranges": [[0.539137308244108, 0.5555413516849914]], "gap_range_of_max": [0.539137308244108, 0.5555413516849914], "mid_gaps": [0.5473393299645497]}