{"gap": [0.416953620665539], "max_gap": 0.416953620665539, "gap_ranges": [[0.3061983953122151, 0.30747776780284997]], "gap_range_of_max": [0.3061983953122151, 0.30747776780284997], "mid_gap_of_max": 0.30683808155753256, "mid_gaps": [0.30683808155753256], "band_nos": [4], "fill_fraction": 0.382854}