{"gap_ranges": [[0.3729900455879538, 0.45350786431562473]], "max_gap": 19.484094941526063, "fill_fraction": 0.184906, "mid_gap_of_max": 0.41324895495178926, "mid_gaps": [0.41324895495178926], "gap": [19.484094941526063], "band_nos": [2], "gap_range_of_max": [0.3729900455879538, 0.45350786431562473]}