{"fill_fraction": 0.255348, "gap": [16.805349873728545], "gap_range_of_max": [0.366034207822445, 0.43319045855323135], "_status": {"tP12-PNO-12/23dc6bba/store_fill/0000/2de0f47e72b433e83864f5d1220fed09": 1, "tP12-PNO-12/23dc6bba/store_strict/0000/6490c8a8922a7697e8a413be91f9df3e": 1, "tP12-PNO-12/23dc6bba/check_runnin/0000/acad0a3e742ceeb34920a8034f91495a": 1, "tP12-PNO-12/23dc6bba/mpb-tP12-PNO/0000/ef6846d744dc9f4c94d62abbef83ca94": 1, "tP12-PNO-12/23dc6bba/strict-mpb-t/0000/8bfc15d4c852d222a7f0a4a4b20b7fba": 1, "tP12-PNO-12/23dc6bba/store_data/0000/d8b70c8a8587238eacce831ad87f40df": 1}, "mid_gap_of_max": 0.3996123331878382, "mid_gaps": [0.3996123331878382], "gap_ranges": [[0.366034207822445, 0.43319045855323135]], "band_nos": [4], "max_gap": 16.805349873728545}