{"max_gap": 8.816498555127913, "gap_ranges": [[0.449494320253203, 0.4909515170834785]], "mid_gap_of_max": 0.47022291866834076, "gap_range_of_max": [0.449494320253203, 0.4909515170834785], "fill_fraction": 0.214359, "mid_gaps": [0.47022291866834076], "gap": [8.816498555127913], "band_nos": [5]}