{
  "structure": "hP15-B2O3_r",
  "basis": [
    [
      -0.4529333333,
      0.3969333333,
      -0.0042
    ],
    [
      -0.3969333333,
      0.1499333333,
      0.3288
    ],
    [
      -0.1499333333,
      0.4529333333,
      -0.3372
    ],
    [
      0.1480666667,
      -0.4000666667,
      0.0738
    ],
    [
      0.4000666667,
      -0.4520666667,
      0.4068
    ],
    [
      0.4520666667,
      -0.1480666667,
      -0.2602
    ],
    [
      0.0040666667,
      0.1609333333,
      -0.1332
    ],
    [
      -0.1609333333,
      -0.1560666667,
      0.1998
    ],
    [
      0.1560666667,
      -0.0040666667,
      -0.4662
    ],
    [
      0.2230666667,
      0.3929333333,
      -0.0242
    ],
    [
      -0.3929333333,
      -0.1700666667,
      0.3098
    ],
    [
      0.1700666667,
      -0.2230666667,
      -0.3572
    ],
    [
      -0.1719333333,
      -0.3970666667,
      0.0878
    ],
    [
      0.3970666667,
      0.2249333333,
      0.4208
    ],
    [
      -0.2249333333,
      0.1719333333,
      -0.2452
    ]
  ],
  "nbands": 20,
  "lattice_vectors": [
    [
      1.0,
      0.0,
      0.0
    ],
    [
      -0.5,
      0.8660254038,
      0.0
    ],
    [
      0.0,
      0.0,
      1.9234511316
    ]
  ]
}