{"band_nos": [8], "gap": [21.77216001113826], "mid_gaps": [0.5659571010034631], "mid_gap_of_max": 0.5659571010034631, "gap_ranges": [[0.504346558191026, 0.6275676438159001]], "gap_range_of_max": [0.504346558191026, 0.6275676438159001], "fill_fraction": 0.257855, "max_gap": 21.77216001113826}