{"max_gap": 4.29917530321336, "gap_range_of_max": [0.51240382499383, 0.5349169020143185], "mid_gaps": [0.5236603635040742], "fill_fraction": 0.139328, "gap": [4.29917530321336], "gap_ranges": [[0.51240382499383, 0.5349169020143185]], "band_nos": [5], "mid_gap_of_max": 0.5236603635040742}