{
  "basis": [
    [
      0.006,
      0.0444666667,
      0.321
    ],
    [
      -0.321,
      0.0444666667,
      -0.315
    ],
    [
      0.315,
      0.0444666667,
      -0.006
    ],
    [
      -0.006,
      -0.4555333333,
      -0.321
    ],
    [
      0.321,
      -0.4555333333,
      0.315
    ],
    [
      -0.315,
      -0.4555333333,
      0.006
    ],
    [
      0.0,
      0.3474666667,
      0.0
    ],
    [
      0.0,
      -0.1525333333,
      0.0
    ],
    [
      -0.333,
      0.1794666667,
      0.333
    ],
    [
      0.333,
      -0.3205333333,
      -0.333
    ],
    [
      -0.333,
      -0.3215333333,
      0.333
    ],
    [
      0.333,
      0.1784666667,
      -0.333
    ],
    [
      0.159,
      0.0994666667,
      0.179
    ],
    [
      -0.179,
      0.0994666667,
      -0.02
    ],
    [
      0.02,
      0.0994666667,
      -0.159
    ],
    [
      -0.159,
      -0.4005333333,
      -0.179
    ],
    [
      0.179,
      -0.4005333333,
      0.02
    ],
    [
      -0.02,
      -0.4005333333,
      0.159
    ],
    [
      0.481,
      -0.0655333333,
      0.283
    ],
    [
      -0.283,
      -0.0655333333,
      0.199
    ],
    [
      -0.199,
      -0.0655333333,
      -0.481
    ],
    [
      -0.481,
      0.4344666667,
      -0.283
    ],
    [
      0.283,
      0.4344666667,
      -0.199
    ],
    [
      0.199,
      0.4344666667,
      0.481
    ],
    [
      -0.143,
      0.4364666667,
      0.386
    ],
    [
      -0.386,
      0.4364666667,
      0.471
    ],
    [
      -0.471,
      0.4364666667,
      0.143
    ],
    [
      0.143,
      -0.0635333333,
      -0.386
    ],
    [
      0.386,
      -0.0635333333,
      -0.471
    ],
    [
      0.471,
      -0.0635333333,
      -0.143
    ]
  ],
  "lattice_vectors": [
    [
      1.0,
      0.0,
      0.0
    ],
    [
      0.0,
      0.4910017772,
      0.0
    ],
    [
      -0.5,
      0.0,
      0.8660254038
    ]
  ],
  "nbands": 20,
  "structure": "hP30-K3Ti7I9_r"
}