{"gap_range_of_max": [0.414063197112001, 0.46457758647465336], "mid_gaps": [0.43932039179332716], "gap_ranges": [[0.414063197112001, 0.46457758647465336]], "band_nos": [2], "max_gap": 11.498302902910838, "fill_fraction": 0.334229, "mid_gap_of_max": 0.43932039179332716, "gap": [11.498302902910838]}