{"gap_range_of_max": [0.646626364519133, 0.6607757008787211], "gap_ranges": [[0.646626364519133, 0.6607757008787211]], "gap": [2.164496559102708], "fill_fraction": 0.483147, "band_nos": [8], "mid_gaps": [0.653701032698927], "mid_gap_of_max": 0.653701032698927, "max_gap": 2.164496559102708}