{"max_gap": 13.042747915573434, "gap": [13.042747915573434], "band_nos": [16], "mid_gaps": [0.7918919576356565], "gap_ranges": [[0.740249721736597, 0.8435341935347159]], "mid_gap_of_max": 0.7918919576356565, "fill_fraction": 0.121698, "gap_range_of_max": [0.740249721736597, 0.8435341935347159]}