{
  "structure": "oI224-H6C4SN3",
  "nbands": 20,
  "basis": [
    [
      -0.1586414286,
      0.21013,
      0.2426
    ],
    [
      0.4139585714,
      0.15233,
      -0.2426
    ],
    [
      0.3413585714,
      -0.34767,
      0.1848
    ],
    [
      -0.0860414286,
      -0.28987,
      -0.1848
    ],
    [
      -0.1808414286,
      0.04643,
      0.3781
    ],
    [
      0.1147585714,
      -0.00537,
      -0.3781
    ],
    [
      0.3191585714,
      0.49463,
      0.3263
    ],
    [
      -0.3852414286,
      -0.45357,
      -0.3263
    ],
    [
      -0.2668414286,
      0.05323,
      0.3295
    ],
    [
      0.1701585714,
      -0.04277,
      -0.3295
    ],
    [
      0.2331585714,
      0.45723,
      0.2335
    ],
    [
      -0.3298414286,
      -0.44677,
      -0.2335
    ],
    [
      -0.1757414286,
      0.23383,
      0.4976
    ],
    [
      0.1826585714,
      -0.11977,
      -0.4976
    ],
    [
      0.3242585714,
      0.38023,
      0.144
    ],
    [
      -0.3173414286,
      -0.26617,
      -0.144
    ],
    [
      0.0511585714,
      -0.13277,
      0.0647
    ],
    [
      0.2489585714,
      -0.45997,
      -0.0647
    ],
    [
      -0.4488414286,
      0.04003,
      -0.2625
    ],
    [
      -0.2510414286,
      0.36723,
      0.2625
    ],
    [
      0.0724585714,
      -0.15667,
      0.1523
    ],
    [
      0.1374585714,
      0.47373,
      -0.1523
    ],
    [
      -0.4275414286,
      -0.02627,
      -0.2173
    ],
    [
      -0.3625414286,
      0.34333,
      0.2173
    ],
    [
      -0.3571414286,
      0.49983,
      -0.0706
    ],
    [
      0.0168585714,
      0.26703,
      0.0706
    ],
    [
      0.1428585714,
      -0.23297,
      -0.3034
    ],
    [
      -0.4831414286,
      -0.00017,
      0.3034
    ],
    [
      -0.1737414286,
      -0.26727,
      0.3489
    ],
    [
      -0.1697414286,
      0.03093,
      -0.3489
    ],
    [
      0.3262585714,
      -0.46907,
      -0.3529
    ],
    [
      0.3302585714,
      0.23273,
      0.3529
    ],
    [
      -0.0448414286,
      -0.13847,
      0.3604
    ],
    [
      -0.0524414286,
      0.14833,
      -0.3604
    ],
    [
      0.4551585714,
      -0.35167,
      -0.3528
    ],
    [
      0.4475585714,
      0.36153,
      0.3528
    ],
    [
      -0.1317414286,
      0.48753,
      0.1383
    ],
    [
      -0.2043414286,
      0.28353,
      -0.1383
    ],
    [
      0.3682585714,
      -0.21647,
      -0.0657
    ],
    [
      0.2956585714,
      -0.01247,
      0.0657
    ],
    [
      -0.0418414286,
      -0.35167,
      0.3044
    ],
    [
      -0.2096414286,
      0.20733,
      -0.3044
    ],
    [
      0.4581585714,
      -0.29267,
      -0.1366
    ],
    [
      0.2903585714,
      0.14833,
      0.1366
    ],
    [
      0.0005585714,
      -0.37297,
      0.1667
    ],
    [
      -0.0932414286,
      0.38743,
      -0.1667
    ],
    [
      -0.4994414286,
      -0.11257,
      -0.0729
    ],
    [
      0.4067585714,
      0.12703,
      0.0729
    ],
    [
      -0.0959014286,
      0.20003,
      0.24444
    ],
    [
      0.4020185714,
      0.21323,
      -0.24444
    ],
    [
      0.4040985714,
      -0.28677,
      0.25764
    ],
    [
      -0.0979814286,
      -0.29997,
      -0.25764
    ],
    [
      0.0128285714,
      0.15923,
      0.28497
    ],
    [
      0.3206885714,
      0.28143,
      -0.28497
    ],
    [
      -0.4871714286,
      -0.21857,
      0.40717
    ],
    [
      -0.1793114286,
      -0.34077,
      -0.40717
    ],
    [
      -0.1874414286,
      0.11943,
      0.3849
    ],
    [
      0.1809585714,
      -0.01877,
      -0.3849
    ],
    [
      0.3125585714,
      0.48123,
      0.2467
    ],
    [
      -0.3190414286,
      -0.38057,
      -0.2467
    ],
    [
      0.0267285714,
      -0.12327,
      0.14777
    ],
    [
      0.1753885714,
      0.43253,
      -0.14777
    ],
    [
      -0.4732714286,
      -0.06747,
      -0.29643
    ],
    [
      -0.3246114286,
      0.37673,
      0.29643
    ],
    [
      -0.1048214286,
      -0.25487,
      0.10062
    ],
    [
      0.0909385714,
      0.34813,
      -0.10062
    ],
    [
      0.3951785714,
      -0.15187,
      -0.29638
    ],
    [
      -0.4090614286,
      0.24513,
      0.29638
    ],
    [
      -0.2839614286,
      -0.43617,
      0.08818
    ],
    [
      -0.0779214286,
      0.18143,
      -0.08818
    ],
    [
      0.2160385714,
      -0.31857,
      -0.29422
    ],
    [
      0.4220785714,
      0.06383,
      0.29422
    ],
    [
      -0.1121314286,
      -0.26447,
      0.28611
    ],
    [
      -0.1041514286,
      0.15533,
      -0.28611
    ],
    [
      0.3878685714,
      -0.34467,
      -0.29409
    ],
    [
      0.3958485714,
      0.23553,
      0.29409
    ],
    [
      -0.0673014286,
      -0.38627,
      0.21774
    ],
    [
      -0.1575814286,
      0.26853,
      -0.21774
    ],
    [
      0.4326985714,
      -0.23147,
      -0.12746
    ],
    [
      0.3424185714,
      0.11373,
      0.12746
    ],
    [
      0.0655485714,
      0.11599,
      0.34577
    ],
    [
      0.2166485714,
      0.27335,
      -0.34577
    ],
    [
      -0.4344514286,
      -0.22665,
      -0.49687
    ],
    [
      -0.2833514286,
      -0.38401,
      0.49687
    ],
    [
      -0.3976314286,
      0.43921,
      0.10805
    ],
    [
      -0.2224114286,
      0.04789,
      -0.10805
    ],
    [
      0.1023685714,
      -0.45211,
      -0.28327
    ],
    [
      0.2775885714,
      -0.06079,
      0.28327
    ],
    [
      0.0724185714,
      0.19993,
      0.21286
    ],
    [
      0.4334985714,
      0.41313,
      -0.21286
    ],
    [
      -0.4275814286,
      -0.08687,
      0.42606
    ],
    [
      -0.0665014286,
      -0.30007,
      -0.42606
    ],
    [
      0.0009685714,
      0.22473,
      0.18701
    ],
    [
      -0.5158514286,
      0.36753,
      -0.18701
    ],
    [
      -0.4990314286,
      -0.13247,
      0.32981
    ],
    [
      -0.0158514286,
      -0.27527,
      -0.32981
    ],
    [
      -0.0946414286,
      0.15723,
      0.3079
    ],
    [
      0.2957585714,
      0.15103,
      -0.3079
    ],
    [
      0.4053585714,
      -0.34897,
      0.3017
    ],
    [
      -0.2042414286,
      -0.34277,
      -0.3017
    ],
    [
      -0.1801414286,
      -0.32497,
      -0.0042
    ],
    [
      0.1256585714,
      0.37763,
      0.0042
    ],
    [
      0.3198585714,
      -0.12237,
      -0.3016
    ],
    [
      -0.3743414286,
      0.17503,
      0.3016
    ],
    [
      -0.2905214286,
      -0.43657,
      -0.01018
    ],
    [
      0.0200385714,
      0.27323,
      0.01018
    ],
    [
      0.2094785714,
      -0.22677,
      -0.30038
    ],
    [
      -0.4799614286,
      0.06343,
      0.30038
    ],
    [
      -0.1640514286,
      -0.31717,
      0.16109
    ],
    [
      -0.0318314286,
      0.22843,
      -0.16109
    ],
    [
      0.3359485714,
      -0.27157,
      -0.29331
    ],
    [
      0.4681685714,
      0.18283,
      0.29331
    ]
  ],
  "lattice_vectors": [
    [
      -0.3301596599,
      0.8160232264,
      0.4744477769
    ],
    [
      0.3301596599,
      -0.8160232264,
      0.4744477769
    ],
    [
      0.3301596599,
      0.8160232264,
      -0.4744477769
    ]
  ]
}