{"gap": [0.8040104752117897, 0.09449294264539768, 0.26840143547923273], "gap_range_of_max": [0.723075784859527, 0.728912855242179], "mid_gap_of_max": 0.725994320050853, "band_nos": [15, 16, 18], "max_gap": 0.8040104752117897, "run_me": true, "gap_ranges": [[0.723075784859527, 0.728912855242179], [0.74987369552657, 0.7505826081838152], [0.781515863924189, 0.7836162824982621]], "mid_gaps": [0.725994320050853, 0.7502281518551925, 0.7825660732112256], "fill_fraction": 0.179269}