{"gap_ranges": [[0.412554481983583, 0.47544053611591675]], "gap": [14.163605166822492], "band_nos": [8], "fill_fraction": 0.471158, "max_gap": 14.163605166822492, "mid_gaps": [0.4439975090497499], "gap_range_of_max": [0.412554481983583, 0.47544053611591675], "strict_calculated": true, "mid_gap_of_max": 0.4439975090497499}