{"gap": [0.044564715259133504], "max_gap": 0.044564715259133504, "mid_gap_of_max": 0.4542407210084225, "band_nos": [16], "fill_fraction": 0.300752, "mid_gaps": [0.4542407210084225], "_status": {"tP12-AlBr4Cu/a9710226/strict-mpb-t/0000/1c3125a435bafde714110edd0625422b": 1, "tP12-AlBr4Cu/a9710226/store_strict/0000/a22113994e33113186b3eabe277462f2": 1, "tP12-AlBr4Cu/a9710226/check_runnin/0000/bbbff85155fcc29c772e9705c47dbe8d": 1, "tP12-AlBr4Cu/a9710226/store_fill/0000/b74406ec592b40d13e429ea26ad65b36": 1, "tP12-AlBr4Cu/a9710226/store_data/0000/a5e9405d3303599b3b0f600a6a6e83ab": 1, "tP12-AlBr4Cu/a9710226/mpb-tP12-AlB/0000/d3bb27766882bea69aa75f9cf07b97ee": 3}, "gap_ranges": [[0.454139505466468, 0.454341936550377]], "run_me": true, "gap_range_of_max": [0.454139505466468, 0.454341936550377]}