{"max_gap": 0.5216600028589043, "gap_ranges": [[0.878100644965012, 0.8826933238991705]], "band_nos": [18], "run_me": true, "gap_range_of_max": [0.878100644965012, 0.8826933238991705], "mid_gap_of_max": 0.8803969844320912, "mid_gaps": [0.8803969844320912], "_status": {"cF60-Cu6O8Pb/a2cccd07/store_fill/0000/e20bf97233638764470709e2cd4748c7": 1, "cF60-Cu6O8Pb/a2cccd07/store_data/0000/14be79f7f697fa4f584eccd6f2d406de": 1, "cF60-Cu6O8Pb/a2cccd07/strict-mpb-c/0000/c4a95d82bf23c06bc56587158bcd474d": 1, "cF60-Cu6O8Pb/a2cccd07/mpb-cF60-Cu6/0000/4df658b0b96d91d186748877df9a6056": 4, "cF60-Cu6O8Pb/a2cccd07/store_strict/0000/db6f5c741caef27a6dc9619606db4fc6": 1, "cF60-Cu6O8Pb/a2cccd07/check_runnin/0000/3d69063e8e761c49eb4b7348c92f5830": 1}, "gap": [0.5216600028589043], "fill_fraction": 0.174653}