{"run_me": true, "fill_fraction": 0.216206, "mid_gaps": [0.4957190245152625], "_status": {"cF60-Cu6O8Pb/a6b40a0e/store_data/0000/297aea5b4e9e48efceaf87c41c0980d0": 1, "cF60-Cu6O8Pb/a6b40a0e/store_strict/0000/84cf0ab667bfc8771972406d1c16dcc1": 1, "cF60-Cu6O8Pb/a6b40a0e/mpb-cF60-Cu6/0000/ad86a19c30bbc0e3e7eba13e3062c9a7": 4, "cF60-Cu6O8Pb/a6b40a0e/strict-mpb-c/0000/b3ca16beb4fddd5dc0a026096704e3dd": 1, "cF60-Cu6O8Pb/a6b40a0e/store_fill/0000/35f415c1a6ec017aba3c20c175469195": 1, "cF60-Cu6O8Pb/a6b40a0e/check_runnin/0000/47112ba4b6ad3cbe79f34fe4322ab072": 1}, "mid_gap_of_max": 0.4957190245152625, "gap_ranges": [[0.495652094629436, 0.495785954401089]], "max_gap": 0.02700315401109314, "gap": [0.02700315401109314], "band_nos": [5], "gap_range_of_max": [0.495652094629436, 0.495785954401089]}