{"gap": [1.3399620118474291], "gap_ranges": [[0.5726932824861, 0.5804189151875057]], "mid_gap_of_max": 0.5765560988368028, "max_gap": 1.3399620118474291, "band_nos": [5], "mid_gaps": [0.5765560988368028], "strict_calculated": true, "fill_fraction": 0.085547, "gap_range_of_max": [0.5726932824861, 0.5804189151875057]}