{"gap_range_of_max": [0.478940197418205, 0.4905237314757187], "mid_gaps": [0.48473196444696187], "gap_ranges": [[0.478940197418205, 0.4905237314757187]], "max_gap": 2.389678194779138, "fill_fraction": 0.255316, "gap": [2.389678194779138], "mid_gap_of_max": 0.48473196444696187, "band_nos": [4]}