{"gap": [10.743453881732963], "fill_fraction": 0.417855, "gap_range_of_max": [0.271738604270847, 0.30258996685511474], "gap_ranges": [[0.271738604270847, 0.30258996685511474]], "mid_gaps": [0.2871642855629809], "band_nos": [4], "max_gap": 10.743453881732963, "mid_gap_of_max": 0.2871642855629809}