{"gap": [1.283084185727156], "mid_gaps": [0.447983519569801], "fill_fraction": 0.302536, "gap_ranges": [[0.4451095167226689, 0.450857522416933]], "gap_range_of_max": [0.4451095167226689, 0.450857522416933], "max_gap": 1.283084185727156, "mid_gap_of_max": 0.447983519569801, "band_nos": [5]}