{"_status": {"oP6-NaO2_r-1/e8dde507/store_data/0000/3531c66597bba7456f610cdfa1888541": 1, "oP6-NaO2_r-1/e8dde507/store_fill/0000/a282949c16f500616b38e20cffbedf5f": 1, "oP6-NaO2_r-1/e8dde507/store_strict/0000/9264bac5e113444678739a464dc461c9": 1, "oP6-NaO2_r-1/e8dde507/check_runnin/0000/99f9da938cbda7d526a504ab7fc1cf3a": 1, "oP6-NaO2_r-1/e8dde507/mpb-oP6-NaO2/0000/3638cf143c8abd7fceaeff2675dcdfff": 3, "oP6-NaO2_r-1/e8dde507/strict-mpb-o/0000/daa59d0e45293cb06b201b2c58defdce": 1}, "mid_gap_of_max": 0.4905532729760178, "mid_gaps": [0.4905532729760178], "gap": [0.2508145048567429], "max_gap": 0.2508145048567429, "band_nos": [8], "fill_fraction": 0.358997, "gap_range_of_max": [0.4899380835946811, 0.4911684623573545], "gap_ranges": [[0.4899380835946811, 0.4911684623573545]], "run_me": true}