{"mid_gaps": [0.5098610836789801], "fill_fraction": 0.307179, "gap": [2.9911411578796026], "gap_range_of_max": [0.50223575131801, 0.51748641603995], "mid_gap_of_max": 0.5098610836789801, "max_gap": 2.9911411578796026, "gap_ranges": [[0.50223575131801, 0.51748641603995]], "band_nos": [2]}