{
  "basis": [
    [
      0.0227272727,
      -0.4772727273,
      0.0909090909
    ],
    [
      -0.4772727273,
      0.0227272727,
      0.0909090909
    ],
    [
      0.3866472727,
      0.1588072727,
      -0.4090909091
    ],
    [
      0.1588072727,
      0.3866472727,
      -0.4090909091
    ],
    [
      -0.3411927273,
      -0.3411927273,
      0.3630690909
    ],
    [
      -0.1133527273,
      -0.1133527273,
      -0.1812509091
    ],
    [
      -0.4325727273,
      -0.0219727273,
      -0.4090909091
    ],
    [
      -0.0219727273,
      -0.4325727273,
      -0.4090909091
    ],
    [
      0.4780272727,
      0.4780272727,
      0.0015090909
    ],
    [
      0.0674272727,
      0.0674272727,
      0.1803090909
    ],
    [
      -0.3254727273,
      -0.1290727273,
      0.5909090909
    ],
    [
      -0.1290727273,
      -0.3254727273,
      -0.4090909091
    ],
    [
      0.3709272727,
      0.3709272727,
      -0.2126909091
    ],
    [
      0.1745272727,
      0.1745272727,
      0.3945090909
    ],
    [
      -0.3896727273,
      0.1371272727,
      -0.2290909091
    ],
    [
      -0.0428727273,
      0.4303272727,
      0.4109090909
    ],
    [
      0.4571272727,
      -0.3628727273,
      0.1177090909
    ],
    [
      0.1103272727,
      -0.0696727273,
      0.0641090909
    ],
    [
      -0.3848727273,
      0.4351272727,
      0.1177090909
    ],
    [
      -0.0916727273,
      0.0883272727,
      0.0641090909
    ],
    [
      0.1151272727,
      -0.4116727273,
      -0.2290909091
    ],
    [
      0.4083272727,
      -0.0648727273,
      0.4109090909
    ]
  ],
  "structure": "tI44-SrCu2(BO3)2_r",
  "nbands": 20,
  "lattice_vectors": [
    [
      -0.6256482977,
      0.6256482977,
      0.4659704017
    ],
    [
      0.6256482977,
      -0.6256482977,
      0.4659704017
    ],
    [
      0.6256482977,
      0.6256482977,
      -0.4659704017
    ]
  ]
}