{"band_nos": [12], "strict_calculated": true, "fill_fraction": 0.231402, "gap_range_of_max": [0.59579050957633, 0.6377543478099771], "gap_ranges": [[0.59579050957633, 0.6377543478099771]], "gap": [6.803779851598899], "max_gap": 6.803779851598899, "mid_gaps": [0.6167724286931535], "mid_gap_of_max": 0.6167724286931535}