{"gap_ranges": [[0.95050360357342, 0.9722939390198515]], "max_gap": 2.2665241621891083, "gap": [2.2665241621891083], "gap_range_of_max": [0.95050360357342, 0.9722939390198515], "band_nos": [12], "fill_fraction": 0.156444, "mid_gaps": [0.9613987712966358], "mid_gap_of_max": 0.9613987712966358}