{"gap_ranges": [[0.26838112321619, 0.27809949201790773]], "fill_fraction": 0.545169, "mid_gaps": [0.27324030761704887], "gap_range_of_max": [0.26838112321619, 0.27809949201790773], "max_gap": 3.5567112650663817, "band_nos": [4], "gap": [3.5567112650663817], "mid_gap_of_max": 0.27324030761704887}