{"band_nos": [8], "max_gap": 0.07820652145526437, "gap": [0.07820652145526437], "gap_range_of_max": [0.4022818452889234, 0.40259657899771273], "gap_ranges": [[0.4022818452889234, 0.40259657899771273]], "fill_fraction": 0.650333, "mid_gaps": [0.40243921214331807], "mid_gap_of_max": 0.40243921214331807}