{"mid_gaps": [0.7188085686807831], "gap": [0.1849259777063684], "gap_ranges": [[0.7181439367940481, 0.7194732005675182]], "gap_range_of_max": [0.7181439367940481, 0.7194732005675182], "band_nos": [8], "fill_fraction": 0.208238, "mid_gap_of_max": 0.7188085686807831, "max_gap": 0.1849259777063684}