{"equivalent_atoms": [0, 0, 0, 0], "site_point_groups": {"e": {"name": "8e", "site_symmetry": ["mm2", "2", "1", "m"]}}, "std_positions": [[0.0, 0.5, 0.958], [0.0, 0.0, 0.708], [0.5, 0.0, 0.042], [0.5, 0.5, 0.792], [0.5, 0.0, 0.458], [0.5, 0.5, 0.208], [0.0, 0.5, 0.542], [0.0, 0.0, 0.292]], "number": 141, "international": "I4_1/amd", "wyckoffs": ["e", "e", "e", "e"], "std_lattice": [[0.5453343236, 0.0, 0.0], [0.0, 0.5453343236, 0.0], [0.0, 0.0, 1.8453240774]], "global_point_groups": ["4/mmm", "1", "2", "m", "-4", "mm2", "222", "4", "-1", "2/m", "-42/m", "4mm", "422", "4/m", "mmm"]}