{"band_nos": [8], "gap_ranges": [[0.64049861507549, 0.8421161560674743]], "gap": [27.197562700194784], "max_gap": 27.197562700194784, "strict_calculated": true, "fill_fraction": 0.123342, "mid_gap_of_max": 0.7413073855714821, "mid_gaps": [0.7413073855714821], "gap_range_of_max": [0.64049861507549, 0.8421161560674743]}