{"max_gap": 9.715789777803284, "mid_gap_of_max": 0.2725664587730958, "strict_calculated": true, "fill_fraction": 0.45293, "mid_gaps": [0.2725664587730958], "gap": [9.715789777803284], "gap_ranges": [[0.259325466703497, 0.2858074508426947]], "gap_range_of_max": [0.259325466703497, 0.2858074508426947], "band_nos": [4]}