{"gap_range_of_max": [0.509889541769613, 0.5639446121745255], "fill_fraction": 0.115302, "band_nos": [2], "mid_gaps": [0.5369170769720693], "mid_gap_of_max": 0.5369170769720693, "gap_ranges": [[0.509889541769613, 0.5639446121745255]], "gap": [10.067675759123675], "max_gap": 10.067675759123675}