{"gap_ranges": [[0.29487682956607, 0.37047625343497453]], "band_nos": [2], "fill_fraction": 0.309516, "mid_gap_of_max": 0.3326765415005223, "max_gap": 22.72460316195328, "mid_gaps": [0.3326765415005223], "gap_range_of_max": [0.29487682956607, 0.37047625343497453], "gap": [22.72460316195328], "strict_calculated": true}