{"gap_range_of_max": [0.569121297853757, 0.584570225910575], "max_gap": 2.6781731058246003, "mid_gaps": [0.576845761882166], "fill_fraction": 0.076809, "gap_ranges": [[0.569121297853757, 0.584570225910575]], "band_nos": [2], "mid_gap_of_max": 0.576845761882166, "gap": [2.6781731058246003]}