{"mid_gap_of_max": 0.3448510632285456, "fill_fraction": 0.461881, "band_nos": [4], "gap_ranges": [[0.340634977136918, 0.3490671493201732]], "gap_range_of_max": [0.340634977136918, 0.3490671493201732], "mid_gaps": [0.3448510632285456], "max_gap": 2.445163458193191, "gap": [2.445163458193191], "_status": {"tP12-PNO_r-8/fda753e1/store_data/0000/9c8ab9155c61549f1d0aa0ea57befa8f": 1, "tP12-PNO_r-8/fda753e1/check_runnin/0000/cedff0d507b2149ca19d7832cfd0eecb": 1, "tP12-PNO_r-8/fda753e1/store_fill/0000/6af86c7025800c04633f53feb43781df": 1, "tP12-PNO_r-8/fda753e1/store_strict/0000/2f98e6361c6c15820ee6136a1599d575": 1, "tP12-PNO_r-8/fda753e1/mpb-tP12-PNO/0000/d57905e78764c4248c87dd915b4b9607": 1, "tP12-PNO_r-8/fda753e1/strict-mpb-t/0000/c820f097eff25523474aac413382cd83": 1}}