{"mid_gaps": [0.34598415376256164], "band_nos": [4], "gap_ranges": [[0.3441347781875533, 0.34783352933756995]], "gap": [1.0690521833999802], "_status": {"mP12-SiO2_r-/fda753e1/strict-mpb-m/0000/02bcfc03d48ebe9af9614f8c8a2c45f6": 1, "mP12-SiO2_r-/fda753e1/store_data/0000/824b03d3f52583c40b64e62f0804e194": 1, "mP12-SiO2_r-/fda753e1/store_fill/0000/2bb0547757915c35db3ffe7546932da5": 1, "mP12-SiO2_r-/fda753e1/check_runnin/0000/4d0164c3e8b702f4b5adccd5300c78bf": 1, "mP12-SiO2_r-/fda753e1/store_strict/0000/41606c121f6526a9ee462a42af16cb8c": 1, "mP12-SiO2_r-/fda753e1/mpb-mP12-SiO/0000/194cdd89d536876dcea3423d25bc8ac2": 4}, "max_gap": 1.0690521833999802, "gap_range_of_max": [0.3441347781875533, 0.34783352933756995], "fill_fraction": 0.485578, "run_me": true, "mid_gap_of_max": 0.34598415376256164}