{"gap_ranges": [[0.345076111924227, 0.42987826504626353]], "gap": [21.885714989713463], "mid_gaps": [0.38747718848524526], "fill_fraction": 0.243068, "gap_range_of_max": [0.345076111924227, 0.42987826504626353], "band_nos": [2], "max_gap": 21.885714989713463, "mid_gap_of_max": 0.38747718848524526}