{"max_gap": 17.577442280028407, "gap": [17.577442280028407], "fill_fraction": 0.160085, "gap_ranges": [[0.557470958417425, 0.6649019002575931]], "gap_range_of_max": [0.557470958417425, 0.6649019002575931], "mid_gap_of_max": 0.6111864293375091, "mid_gaps": [0.6111864293375091], "band_nos": [8]}