{"gap_range_of_max": [0.35566207317965, 0.45688789950535325], "gap_ranges": [[0.35566207317965, 0.45688789950535325]], "fill_fraction": 0.228155, "max_gap": 24.915594050470663, "gap": [24.915594050470663], "band_nos": [2], "mid_gaps": [0.4062749863425016], "mid_gap_of_max": 0.4062749863425016}