{"mid_gap_of_max": 0.21369333324741754, "gap": [0.2346553189286458], "gap_range_of_max": [0.213442611861087, 0.21394405463374808], "mid_gaps": [0.21369333324741754], "gap_ranges": [[0.213442611861087, 0.21394405463374808]], "max_gap": 0.2346553189286458, "fill_fraction": 0.688352, "strict_calculated": true, "band_nos": [2]}