{"gap_range_of_max": [1.006221549601516, 1.0417670435587236], "mid_gap_of_max": 1.0239942965801199, "max_gap": 3.471258978289253, "gap_ranges": [[1.006221549601516, 1.0417670435587236]], "mid_gaps": [1.0239942965801199], "gap": [3.471258978289253], "fill_fraction": 0.164593, "band_nos": []}