{"band_nos": [2], "gap_ranges": [[0.349454503782224, 0.37116543315977363]], "gap": [6.025625510634823], "strict_calculated": true, "fill_fraction": 0.162819, "mid_gap_of_max": 0.36030996847099883, "gap_range_of_max": [0.349454503782224, 0.37116543315977363], "max_gap": 6.025625510634823, "mid_gaps": [0.36030996847099883]}