{"gap_ranges": [[0.368614833149836, 0.4175423350127591]], "gap": [12.447257073868908], "mid_gaps": [0.3930785840812976], "mid_gap_of_max": 0.3930785840812976, "gap_range_of_max": [0.368614833149836, 0.4175423350127591], "max_gap": 12.447257073868908, "band_nos": [2], "fill_fraction": 0.220981}