{"max_gap": 20.898630408411208, "fill_fraction": 0.198238, "gap_ranges": [[0.3899773226964056, 0.48098714527094666]], "mid_gaps": [0.43548223398367614], "band_nos": [2], "gap_range_of_max": [0.3899773226964056, 0.48098714527094666], "gap": [20.898630408411208], "mid_gap_of_max": 0.43548223398367614}