{"mid_gaps": [0.5889646335720995], "fill_fraction": 0.439923, "max_gap": 9.907157223882068, "mid_gap_of_max": 0.5889646335720995, "gap": [9.907157223882068], "gap_range_of_max": [0.559789807451575, 0.6181394596926241], "gap_ranges": [[0.559789807451575, 0.6181394596926241]], "band_nos": [12]}