{
  "structure": "mC128-Cu3GeS4",
  "nbands": 20,
  "basis": [
    [
      0.311,
      0.9971,
      0.20631
    ],
    [
      0.689,
      0.0029,
      0.79369
    ],
    [
      0.689,
      0.9971,
      0.29369
    ],
    [
      0.311,
      0.0029,
      0.70631
    ],
    [
      0.811,
      0.4971,
      0.20631
    ],
    [
      0.189,
      0.5029,
      0.79369
    ],
    [
      0.189,
      0.4971,
      0.29369
    ],
    [
      0.811,
      0.5029,
      0.70631
    ],
    [
      0.29949,
      0.21663,
      0.95072
    ],
    [
      0.70051,
      0.78337,
      0.04928
    ],
    [
      0.70051,
      0.21663,
      0.54928
    ],
    [
      0.29949,
      0.78337,
      0.45072
    ],
    [
      0.79949,
      0.71663,
      0.95072
    ],
    [
      0.20051,
      0.28337,
      0.04928
    ],
    [
      0.20051,
      0.71663,
      0.54928
    ],
    [
      0.79949,
      0.28337,
      0.45072
    ],
    [
      0.30454,
      0.21798,
      0.45402
    ],
    [
      0.69546,
      0.78202,
      0.54598
    ],
    [
      0.69546,
      0.21798,
      0.04598
    ],
    [
      0.30454,
      0.78202,
      0.95402
    ],
    [
      0.80454,
      0.71798,
      0.45402
    ],
    [
      0.19546,
      0.28202,
      0.54598
    ],
    [
      0.19546,
      0.71798,
      0.04598
    ],
    [
      0.80454,
      0.28202,
      0.95402
    ],
    [
      0.18672,
      0.00053,
      0.79601
    ],
    [
      0.81328,
      0.99947,
      0.20399
    ],
    [
      0.81328,
      0.00053,
      0.70399
    ],
    [
      0.18672,
      0.99947,
      0.29601
    ],
    [
      0.68672,
      0.50053,
      0.79601
    ],
    [
      0.31328,
      0.49947,
      0.20399
    ],
    [
      0.31328,
      0.50053,
      0.70399
    ],
    [
      0.68672,
      0.49947,
      0.29601
    ],
    [
      0.34516,
      0.24268,
      0.14473
    ],
    [
      0.65484,
      0.75732,
      0.85527
    ],
    [
      0.65484,
      0.24268,
      0.35527
    ],
    [
      0.34516,
      0.75732,
      0.64473
    ],
    [
      0.84516,
      0.74268,
      0.14473
    ],
    [
      0.15484,
      0.25732,
      0.85527
    ],
    [
      0.15484,
      0.74268,
      0.35527
    ],
    [
      0.84516,
      0.25732,
      0.64473
    ],
    [
      0.35487,
      0.99836,
      0.39395
    ],
    [
      0.64513,
      0.00164,
      0.60605
    ],
    [
      0.64513,
      0.99836,
      0.10605
    ],
    [
      0.35487,
      0.00164,
      0.89395
    ],
    [
      0.85487,
      0.49836,
      0.39395
    ],
    [
      0.14513,
      0.50164,
      0.60605
    ],
    [
      0.14513,
      0.49836,
      0.10605
    ],
    [
      0.85487,
      0.50164,
      0.89395
    ],
    [
      0.19262,
      0.99934,
      0.12609
    ],
    [
      0.80738,
      0.00066,
      0.87391
    ],
    [
      0.80738,
      0.99934,
      0.37391
    ],
    [
      0.19262,
      0.00066,
      0.62609
    ],
    [
      0.69262,
      0.49934,
      0.12609
    ],
    [
      0.30738,
      0.50066,
      0.87391
    ],
    [
      0.30738,
      0.49934,
      0.37391
    ],
    [
      0.69262,
      0.50066,
      0.62609
    ],
    [
      0.34666,
      0.75395,
      0.14555
    ],
    [
      0.65334,
      0.24605,
      0.85445
    ],
    [
      0.65334,
      0.75395,
      0.35445
    ],
    [
      0.34666,
      0.24605,
      0.64555
    ],
    [
      0.84666,
      0.25395,
      0.14555
    ],
    [
      0.15334,
      0.74605,
      0.85445
    ],
    [
      0.15334,
      0.25395,
      0.35445
    ],
    [
      0.84666,
      0.74605,
      0.64555
    ]
  ],
  "lattice_vectors": [
    [
      1.0,
      0.0,
      0.0
    ],
    [
      0.0,
      0.3591700097,
      0.0
    ],
    [
      -0.2817065573,
      0.0,
      0.5667984844
    ]
  ]
}