{"band_nos": [16], "gap_range_of_max": [0.969147500709229, 0.9746988035586521], "fill_fraction": 0.041183, "gap": [0.5711668496870738], "gap_ranges": [[0.969147500709229, 0.9746988035586521]], "mid_gap_of_max": 0.9719231521339405, "mid_gaps": [0.9719231521339405], "max_gap": 0.5711668496870738}