{"max_gap": 2.0462811724778502, "gap": [2.0462811724778502], "gap_range_of_max": [0.3551558202067635, 0.36249843213130384], "fill_fraction": 0.184938, "band_nos": [4], "gap_ranges": [[0.3551558202067635, 0.36249843213130384]], "mid_gaps": [0.35882712616903367], "mid_gap_of_max": 0.35882712616903367}