{"gap_range_of_max": [0.368304645127265, 0.3777613197836371], "mid_gap_of_max": 0.373032982455451, "max_gap": 2.535077352711274, "mid_gaps": [0.373032982455451, 0.585754856173352], "band_nos": [2, 8], "gap": [2.535077352711274, 1.2046161948918832], "gap_ranges": [[0.368304645127265, 0.3777613197836371], [0.582226807243437, 0.589282905103267]], "fill_fraction": 0.321788, "strict_calculated": true}