{"gap": [2.8218984598672527], "gap_range_of_max": [0.614663244473546, 0.6322566511385748], "band_nos": [8], "mid_gap_of_max": 0.6234599478060604, "max_gap": 2.8218984598672527, "mid_gaps": [0.6234599478060604], "fill_fraction": 0.237901, "gap_ranges": [[0.614663244473546, 0.6322566511385748]]}