{"max_gap": 0.8717189509215527, "run_me": true, "gap_range_of_max": [0.758574464021633, 0.7652160493603817], "gap": [0.8717189509215527], "gap_ranges": [[0.758574464021633, 0.7652160493603817]], "mid_gap_of_max": 0.7618952566910073, "_status": {"mC20-Ga2Se3_/c0be8f91/check_runnin/0000/39ea41a9153044bc9e617b6017a4fbb3": 1, "mC20-Ga2Se3_/c0be8f91/store_data/0000/ab626e80a683c9c0d2f90c840282ca33": 1, "mC20-Ga2Se3_/c0be8f91/mpb-mC20-Ga2/0000/b9769f032c3618862b107d036e3975c8": 1, "mC20-Ga2Se3_/c0be8f91/strict-mpb-m/0000/0062334d150916db209e44f227a8e3d5": 1, "mC20-Ga2Se3_/c0be8f91/store_fill/0000/0efbacde7c8463f3c45e08e5ec71808c": 1, "mC20-Ga2Se3_/c0be8f91/store_strict/0000/41e16c1d3f3b1b0828366ee37a0f2da0": 1}, "band_nos": [12], "fill_fraction": 0.302683, "mid_gaps": [0.7618952566910073]}