{"gap_ranges": [[0.647405594390827, 0.6507051496000442]], "gap_range_of_max": [0.647405594390827, 0.6507051496000442], "mid_gaps": [0.6490553719954356], "mid_gap_of_max": 0.6490553719954356, "band_nos": [4], "fill_fraction": 0.3837, "gap": [0.5083626685151071], "max_gap": 0.5083626685151071}