{"max_gap": 23.630459321929486, "mid_gap_of_max": 0.3496366507593589, "strict_calculated": true, "fill_fraction": 0.272998, "gap_ranges": [[0.308326277493235, 0.39094702402548276]], "gap": [23.630459321929486], "mid_gaps": [0.3496366507593589], "gap_range_of_max": [0.308326277493235, 0.39094702402548276], "band_nos": [4]}