{"band_nos": [2], "gap_range_of_max": [0.404524513976419, 0.4485944432778889], "max_gap": 10.331485176066229, "mid_gap_of_max": 0.42655947862715393, "gap": [10.331485176066229], "mid_gaps": [0.42655947862715393], "gap_ranges": [[0.404524513976419, 0.4485944432778889]], "fill_fraction": 0.366968}