{"gap_range_of_max": [0.303749138687291, 0.3053007838614919], "gap": [0.5095297172706906], "max_gap": 0.5095297172706906, "strict_calculated": true, "fill_fraction": 0.352333, "gap_ranges": [[0.303749138687291, 0.3053007838614919]], "mid_gaps": [0.30452496127439144], "mid_gap_of_max": 0.30452496127439144, "band_nos": [4]}