{"pointgroup": "422", "gaps_by_band": {"16": [0.7009165074592115, 1.872014705917848, 1.8188903640012137, 0.45000940922501775]}, "lower": true, "priority": 5, "sg_number": 91, "done": true, "mid_gap_stored": 4, "radii": [0.22, 0.23, 0.24, 0.25], "num_jobs": 4, "fill_fraction": [0.266876, 0.213098, 0.164927, 0.122366], "site_symmetries": ["2", "2", "2", "2", "2", "2", "2", "2", "2", "2", "2", "2", "1", "1", "1", "1", "1", "1", "1", "1", "1", "1", "1", "1", "1", "1", "1", "1"], "band_nos": [[16], [16], [16], [16]], "calc": 4, "max_gap": 1.872014705917848, "calculations_done": true, "mid_gaps": [[0.5537078321588392], [0.6007288324793774], [0.6568786456774123], [0.7259911724627017]], "IBZ_sphericity": 0.502861013336411, "gap_stored": 4, "max_data": {"maximum": {"gap": 1.872014705917848, "mid_gap": 0.6007288324793774, "gap_range": [0.595105966436026, 0.6063516985227289], "band_no": 16, "fill_fraction": 0.213098, "radius": 0.23}, "16": {"gap_range": [0.595105966436026, 0.6063516985227289], "fill_fraction": 0.213098, "radius": 0.23, "gap": 1.872014705917848, "mid_gap": 0.6007288324793774}}, "gaps_checked": 0, "original_workspace": "/scratch/sglotzer1_fluxoe/rosecers/Photonics/sym_lvs/analysis/workspace/94cb0276b17d52a394953a86841bd882", "mpb": 4, "_status": {"done/f5fa8269/get_cif/0000/a21fad5d74e9b946cfa76df52c38603e": 1, "done/f5fa8269/get_symmetry/0000/afaa6f0c797c6ffe8bff5dd51bcfae35": 1, "done/f5fa8269/store_band_n/0000/9b6785f04625139e62ddd685589a5079": 1, "done/f5fa8269/fix_document/0000/8b8488d08b6ebf880fa25b13a4eed60f": 1, "done/f5fa8269/get_common_n/0000/02a8c0e9918aea44aae017635456fba2": 1, "done/f5fa8269/restructure/0000/1059e5413f93148390d385a426e3c557": 1, "done/f5fa8269/store_IBZ/0000/517e2edac884073dec7809f513d2239a": 1, "done/f5fa8269/store_gap/0000/86646aa9800c86aa8e4396b4b84d0a69": 1, "done/f5fa8269/store_wyckof/0000/e6413123ab482ca4ff777538e0d49457": 1}, "gaps": [[0.7009165074592115], [1.872014705917848], [1.8188903640012137], [0.45000940922501775]], "common_name": "Inverse Qandilite", "gap_ranges": [[[0.551767317359491, 0.5556483469581874]], [[0.595105966436026, 0.6063516985227289]], [[0.650904694482708, 0.6628525968721164]], [[0.724357658169589, 0.7276246867558145]]], "jobs_finished": false, "ff": 4}