{"_status": {"hR12-O3Xe-14/cfc5180c/store_strict/0000/33c55b45b08ff4b901d58cbfed658626": 1, "hR12-O3Xe-14/cfc5180c/mpb-hR12-O3X/0000/51c894c253580b2a38e1fb04efe0f9ef": 7, "hR12-O3Xe-14/cfc5180c/strict-mpb-h/0000/4bf7c4647071c6b1200071b363ad79e3": 1, "hR12-O3Xe-14/cfc5180c/check_runnin/0000/20def9ab46d515d0dc828c4095bca73e": 1, "hR12-O3Xe-14/cfc5180c/store_data/0000/670dad7279b92db06f371160c936040a": 1, "hR12-O3Xe-14/cfc5180c/store_fill/0000/d55169f55e8575b7fcb499971f1b8703": 1}, "mid_gaps": [0.5601445398599375], "gap_range_of_max": [0.557628398041133, 0.5626606816787421], "gap": [0.8983901974420283], "gap_ranges": [[0.557628398041133, 0.5626606816787421]], "fill_fraction": 0.327145, "run_me": true, "mid_gap_of_max": 0.5601445398599375, "max_gap": 0.8983901974420283, "band_nos": [16]}