{"gap_ranges": [[0.529574157453166, 0.5382479966186681]], "gap": [1.6245849802659096], "mid_gap_of_max": 0.533911077035917, "band_nos": [5], "gap_range_of_max": [0.529574157453166, 0.5382479966186681], "_status": {"hR1-Hg-10/595de949/store_data/0000/6e28e9db3564229bb7b6d914589fe34c": 1, "hR1-Hg-10/595de949/store_fill/0000/0f1c676493706e5aa70320666ca96b60": 1, "hR1-Hg-10/595de949/store_strict/0000/7d3b02958e2d86aec4e199e25fdcb13a": 1, "hR1-Hg-10/595de949/strict-mpb-h/0000/d318104b2c171269216853db774c3d77": 1, "hR1-Hg-10/595de949/mpb-hR1-Hg-1/0000/167598a8aedcf5893607a20003f32cf9": 7, "hR1-Hg-10/595de949/check_runnin/0000/186981d105f6b366ff08c29e5bcba3f6": 1}, "fill_fraction": 0.1749, "max_gap": 1.6245849802659096, "run_me": true, "mid_gaps": [0.533911077035917]}