{"max_gap": 17.241955078606935, "band_nos": [2], "gap_ranges": [[0.448509747983834, 0.5331373213459895]], "fill_fraction": 0.166265, "gap_range_of_max": [0.448509747983834, 0.5331373213459895], "mid_gap_of_max": 0.4908235346649117, "gap": [17.241955078606935], "mid_gaps": [0.4908235346649117]}