{"mid_gap_of_max": 0.38780727105595103, "gap_range_of_max": [0.377750364346624, 0.3978641777652781], "mid_gaps": [0.38780727105595103], "gap_ranges": [[0.377750364346624, 0.3978641777652781]], "_status": {"hP14-RbLiCrO/8070565b/store_data/0000/018b8206523cd06d0c306a1e4d733a20": 1, "hP14-RbLiCrO/8070565b/strict-mpb-h/0000/287aa1091c00ad8c7e0ee21b50bdba25": 1, "hP14-RbLiCrO/8070565b/store_fill/0000/484af676948cb3a1ae8f832a24a406d2": 1, "hP14-RbLiCrO/8070565b/check_runnin/0000/d42687a99f650f7838bf14a6eccc8237": 1, "hP14-RbLiCrO/8070565b/mpb-hP14-RbL/0000/d527b9a137076d17b43f35b084d263f3": 1, "hP14-RbLiCrO/8070565b/store_strict/0000/c91279b0e7586b679fa8433808e90784": 1}, "fill_fraction": 0.265844, "band_nos": [4], "max_gap": 5.186548814282456, "gap": [5.186548814282456]}