{"gap_ranges": [[0.3302620323015452, 0.3563737405402419]], "mid_gap_of_max": 0.34331788642089356, "gap_range_of_max": [0.3302620323015452, 0.3563737405402419], "band_nos": [2], "max_gap": 7.605694102020875, "gap": [7.605694102020875], "fill_fraction": 0.485882, "mid_gaps": [0.34331788642089356]}