{"fill_fraction": 0.452236, "inspect": true, "gap": [0.44395839181325863], "max_gap": 0.44395839181325863, "band_nos": [16], "gap_ranges": [[0.6194433225730184, 0.622199511351797]], "gap_range_of_max": [0.6194433225730184, 0.622199511351797], "mid_gaps": [0.6208214169624077], "mid_gap_of_max": 0.6208214169624077}