{"max_gap": 15.85609949499267, "gap": [15.85609949499267], "fill_fraction": 0.3584, "gap_ranges": [[0.40248331325092, 0.47179666484691735]], "gap_range_of_max": [0.40248331325092, 0.47179666484691735], "mid_gap_of_max": 0.4371399890489187, "mid_gaps": [0.4371399890489187], "band_nos": [8]}