{"band_nos": [4], "mid_gap_of_max": 0.38834177456064556, "gap": [2.726237176062363], "max_gap": 2.726237176062363, "mid_gaps": [0.38834177456064556], "gap_range_of_max": [0.3830482156465192, 0.39363533347477186], "fill_fraction": 0.234047, "gap_ranges": [[0.3830482156465192, 0.39363533347477186]]}