{"run_me": true, "_status": {"cP8-Cu3NbS4-/84217e3d/strict-mpb-c/0000/4f683ae154980e6f9928f32939492472": 1, "cP8-Cu3NbS4-/84217e3d/store_strict/0000/c0e472d05d52dd90c8016b1099c1f052": 1, "cP8-Cu3NbS4-/84217e3d/mpb-cP8-Cu3N/0000/21a4d9dfe52f1f58176ef220b10d76d0": 1, "cP8-Cu3NbS4-/84217e3d/store_data/0000/89b8843590a550aac0bf1ca8ca35cf99": 1, "cP8-Cu3NbS4-/84217e3d/store_fill/0000/2fbdf8e417d93781632e6c29ba484ccd": 1, "cP8-Cu3NbS4-/84217e3d/check_runnin/0000/b70bda752def359cede3abbc717cb8c3": 1}, "mid_gaps": [0.41598866847908517], "max_gap": 0.3048980639085767, "gap": [0.3048980639085767], "band_nos": [8], "mid_gap_of_max": 0.41598866847908517, "gap_range_of_max": [0.415354497780949, 0.4166228391772213], "gap_ranges": [[0.415354497780949, 0.4166228391772213]], "fill_fraction": 0.446666}