{"faces": [[[-0.37984027661621406, -0.5805609393876231], [-0.24662147058564793, -0.517002986785233], [0.37984027661621433, -0.5565971031952011], [0.2466214705856483, -0.620155055797591]], [[-0.6930711502002601, 0.007815140107705676], [-0.5598523441696939, 0.07137309271009579], [-0.24662147058564793, -0.517002986785233], [-0.37984027661621406, -0.5805609393876231]], [[-0.24662147058564793, -0.517002986785233], [-0.5598523441696939, 0.07137309271009579], [-0.24662147058564793, 0.6201550557975909], [0.37984027661621456, 0.5805609393876232], [0.6930711502002603, -0.00781514010770567], [0.37984027661621433, -0.5565971031952011]], [[-0.5598523441696939, 0.07137309271009579], [-0.6930711502002601, 0.007815140107705676], [-0.3798402766162142, 0.5565971031952008], [-0.24662147058564793, 0.6201550557975909]], [[-0.3798402766162142, 0.5565971031952008], [-0.24662147058564793, 0.6201550557975909], [0.37984027661621456, 0.5805609393876232], [0.24662147058564812, 0.517002986785233]], [[-0.37984027661621406, -0.5805609393876231], [-0.6930711502002601, 0.007815140107705676], [-0.3798402766162142, 0.5565971031952008], [0.24662147058564812, 0.517002986785233], [0.5598523441696942, -0.07137309271009572], [0.2466214705856483, -0.620155055797591]], [[0.24662147058564812, 0.517002986785233], [0.37984027661621456, 0.5805609393876232], [0.6930711502002603, -0.00781514010770567], [0.5598523441696942, -0.07137309271009572]], [[0.37984027661621433, -0.5565971031952011], [0.2466214705856483, -0.620155055797591], [0.5598523441696942, -0.07137309271009572], [0.6930711502002603, -0.00781514010770567]]], "labels": {"GAMMA": [0.0, 0.0], "Y": [-2.208718528794109e-18, 0.568579021291412], "C_0": [0.313230873600931, 0.5487819630864281], "SIGMA_0": [0.6264617471849773, -0.03959411640890074], "Z": [-0.06660940301528309, -0.03177897630119502], "A_0": [0.5598523441696941, -0.07137309271009576], "E_0": [0.24662147058564796, 0.5170029867852332], "T": [-0.06660940301528309, 0.536800044990217], "S": [0.46984631039295416, 0.2545939233387637], "R": [0.403236907377671, 0.22281494703756868]}, "label_positions": {"GAMMA": [0.05, 0.05], "Y": [-2.208718528794109e-18, 0.6185790212914121], "C_0": [0.313230873600931, 0.5987819630864282], "SIGMA_0": [0.6264617471849773, 0.010405883591099264], "Z": [-0.06660940301528309, 0.018221023698804982], "A_0": [0.5598523441696941, -0.021373092710095756], "E_0": [0.24662147058564796, 0.5670029867852332], "T": [-0.06660940301528309, 0.5868000449902171], "S": [0.46984631039295416, 0.3045939233387637], "R": [0.453236907377671, 0.2728149470375687]}, "zorder": [1, 1, 1, 1, 1, 1, 1, 1]}