{"gap": [12.129194896686728], "_status": {"tP12-PNO-10/de4cb686/mpb-tP12-PNO/0000/68190cd9dbc299f4dcc49826b856b16d": 1, "tP12-PNO-10/de4cb686/store_strict/0000/b0ec88ec1236f22d75776e92e2bf47a4": 1, "tP12-PNO-10/de4cb686/check_runnin/0000/e3dfa4cafe3bd2a1fe30162ddbc135f7": 1, "tP12-PNO-10/de4cb686/store_fill/0000/3da99c5335ca11802dea41346f872b61": 1, "tP12-PNO-10/de4cb686/strict-mpb-t/0000/3a60601e76396e82eb1e14af359eef48": 1, "tP12-PNO-10/de4cb686/store_data/0000/a890594d9da776aa051fe6e4c453fba7": 1}, "mid_gap_of_max": 0.35544437163470866, "mid_gaps": [0.35544437163470866], "fill_fraction": 0.391251, "gap_ranges": [[0.33388810134227, 0.37700064192714733]], "gap_range_of_max": [0.33388810134227, 0.37700064192714733], "band_nos": [4], "max_gap": 12.129194896686728}