{"mid_gaps": [0.45212152135111366], "mid_gap_of_max": 0.45212152135111366, "gap": [3.990509143566391], "gap_ranges": [[0.4431005460263398, 0.4611424966758875]], "gap_range_of_max": [0.4431005460263398, 0.4611424966758875], "band_nos": [12], "strict_calculated": true, "fill_fraction": 0.459988, "max_gap": 3.990509143566391}