{"gap_ranges": [[0.413558296626864, 0.47569342519727836]], "gap": [13.9746996368936], "mid_gaps": [0.4446258609120712], "mid_gap_of_max": 0.4446258609120712, "gap_range_of_max": [0.413558296626864, 0.47569342519727836], "max_gap": 13.9746996368936, "band_nos": [2], "fill_fraction": 0.156111}