{"band_nos": [8], "max_gap": 1.1739128766717584, "mid_gaps": [0.40027293468141967], "fill_fraction": 0.113897, "gap_range_of_max": [0.3979235069203911, 0.40262236244244826], "strict_calculated": true, "gap": [1.1739128766717584], "mid_gap_of_max": 0.40027293468141967, "gap_ranges": [[0.3979235069203911, 0.40262236244244826]]}