{"fill_fraction": 0.242522, "band_nos": [2], "mid_gaps": [0.41178155901228997], "gap_range_of_max": [0.363961889993591, 0.45960122803098885], "gap_ranges": [[0.363961889993591, 0.45960122803098885]], "mid_gap_of_max": 0.41178155901228997, "gap": [23.225745773268823], "max_gap": 23.225745773268823}