{"gap_range_of_max": [0.43554910376318, 0.5240586753941099], "gap_ranges": [[0.43554910376318, 0.5240586753941099]], "mid_gaps": [0.47980388957864495], "gap": [18.447030871020413], "mid_gap_of_max": 0.47980388957864495, "max_gap": 18.447030871020413, "fill_fraction": 0.132095, "band_nos": [2]}