{"gap": [0.5765209666740558], "max_gap": 0.5765209666740558, "gap_ranges": [[0.307148037726533, 0.3089239297577072]], "mid_gaps": [0.3080359837421201], "band_nos": [4], "mid_gap_of_max": 0.3080359837421201, "gap_range_of_max": [0.307148037726533, 0.3089239297577072], "fill_fraction": 0.501209}