{"mid_gaps": [0.5866650568550477], "fill_fraction": 0.392309, "gap_range_of_max": [0.570346140170044, 0.6029839735400513], "mid_gap_of_max": 0.5866650568550477, "max_gap": 5.563282317336146, "gap_ranges": [[0.570346140170044, 0.6029839735400513]], "band_nos": [8], "gap": [5.563282317336146]}