{"max_gap": 2.0764763142836666, "fill_fraction": 0.247189, "band_nos": [5], "gap_ranges": [[0.500739396474234, 0.5112462172608174]], "gap": [2.0764763142836666], "gap_range_of_max": [0.500739396474234, 0.5112462172608174], "mid_gaps": [0.5059928068675257], "mid_gap_of_max": 0.5059928068675257}