{
  "basis": [
    [
      0.0,
      0.0,
      0.0
    ],
    [
      0.0,
      0.5,
      0.5
    ],
    [
      0.0,
      0.0,
      0.33333
    ],
    [
      0.0,
      0.0,
      0.66667
    ],
    [
      0.0,
      0.5,
      0.16667
    ],
    [
      0.0,
      0.5,
      0.83333
    ],
    [
      0.288,
      0.288,
      0.325
    ],
    [
      0.712,
      0.712,
      0.675
    ],
    [
      0.712,
      0.788,
      0.175
    ],
    [
      0.288,
      0.212,
      0.825
    ],
    [
      0.712,
      0.712,
      0.325
    ],
    [
      0.288,
      0.288,
      0.675
    ],
    [
      0.288,
      0.212,
      0.175
    ],
    [
      0.712,
      0.788,
      0.825
    ],
    [
      0.28,
      0.28,
      0.0
    ],
    [
      0.72,
      0.72,
      0.0
    ],
    [
      0.72,
      0.78,
      0.5
    ],
    [
      0.28,
      0.22,
      0.5
    ]
  ],
  "lattice_vectors": [
    [
      1.0,
      0.0,
      0.0
    ],
    [
      0.0,
      1.002109753,
      0.0
    ],
    [
      -0.0325475085,
      0.0,
      1.9628104936
    ]
  ],
  "nbands": 20,
  "structure": "mP18-Ta2CrO6"
}