{"gap_range_of_max": [0.52657002241169, 0.5490695454934335], "mid_gap_of_max": 0.5378197839525618, "fill_fraction": 0.303075, "gap_ranges": [[0.52657002241169, 0.5490695454934335]], "mid_gaps": [0.5378197839525618], "gap": [4.183468840879847], "band_nos": [8], "max_gap": 4.183468840879847}