{"gap_range_of_max": [0.3141582900785448, 0.32928901425533247], "max_gap": 4.703018902985867, "mid_gaps": [0.32172365216693866], "fill_fraction": 0.567789, "gap_ranges": [[0.3141582900785448, 0.32928901425533247]], "band_nos": [2], "mid_gap_of_max": 0.32172365216693866, "gap": [4.703018902985867]}