{"strict_calculated": true, "mid_gap_of_max": 0.48206246099760475, "gap_range_of_max": [0.44676404491921, 0.5173608770759995], "band_nos": [8], "fill_fraction": 0.377917, "mid_gaps": [0.48206246099760475], "_status": {"tI16-VAg3O4_/5f359222/store_fill/0000/e9a011d778b41a580d6d5708887e54e1": 1, "tI16-VAg3O4_/5f359222/mpb-tI16-VAg/0000/d33ed7a56b82642006485fc972802338": 1, "tI16-VAg3O4_/5f359222/store_data/0000/1f8b65b1ee267fa8074b3cef9f5b26f0": 1, "tI16-VAg3O4_/5f359222/strict-mpb-t/0000/edb14a9c610d0d5340de2ecfa7fcbdda": 1, "tI16-VAg3O4_/5f359222/check_runnin/0000/8cf717984a989fc9324cfe10d81c1b99": 1, "tI16-VAg3O4_/5f359222/store_strict/0000/203c8ad25da84ce6ff7bf6e1cbde0c52": 1}, "gap": [14.644747904802099], "gap_ranges": [[0.44676404491921, 0.5173608770759995]], "max_gap": 14.644747904802099}