{"gap": [25.485276247576166, 0.3739007849531289], "fill_fraction": 0.253417, "mid_gaps": [0.38058006606090367, 0.5765997278604269], "mid_gap_of_max": 0.38058006606090367, "gap_range_of_max": [0.332084125471489, 0.42907600665031825], "gap_ranges": [[0.332084125471489, 0.42907600665031825], [0.57552177240617, 0.5776776833146837]], "max_gap": 25.485276247576166, "band_nos": [2, 8]}