{"std_lattice": [[0.339346439, 0.0, 0.0], [0.0, 1.0354386684, 0.0], [0.0, 0.0, 1.7111010386]], "site_point_groups": {"g": {"name": "16g", "site_symmetry": ["2", "1"]}}, "std_positions": [[0.0, 0.0, 0.666], [0.5, 0.0, 0.834], [0.25, 0.75, 0.084], [0.75, 0.75, 0.916], [0.0, 0.5, 0.166], [0.5, 0.5, 0.334], [0.25, 0.25, 0.584], [0.75, 0.25, 0.416], [0.5, 0.0, 0.166], [0.0, 0.0, 0.334], [0.75, 0.75, 0.584], [0.25, 0.75, 0.416], [0.5, 0.5, 0.666], [0.0, 0.5, 0.834], [0.75, 0.25, 0.084], [0.25, 0.25, 0.916]], "equivalent_atoms": [0, 0, 0, 0], "global_point_groups": ["mmm", "1", "-1", "2", "m", "2/m", "222", "mm2"], "international": "Fddd", "wyckoffs": ["g", "g", "g", "g"], "number": 70}