{"mid_gaps": [0.6304033126425653], "max_gap": 10.426910637131742, "mid_gap_of_max": 0.6304033126425653, "gap_range_of_max": [0.597537517611186, 0.6632691076739446], "gap": [10.426910637131742], "strict_calculated": true, "gap_ranges": [[0.597537517611186, 0.6632691076739446]], "band_nos": [4], "fill_fraction": 0.048975}