{"band_nos": [16], "gap_ranges": [[0.631749752236378, 0.6568303556840479]], "mid_gap_of_max": 0.644290053960213, "mid_gaps": [0.644290053960213], "fill_fraction": 0.229082, "gap": [3.8927503681778717], "max_gap": 3.8927503681778717, "gap_range_of_max": [0.631749752236378, 0.6568303556840479]}