{"max_gap": 0.2858211570018714, "gap_range_of_max": [0.567229692333254, 0.5688532750742272], "gap": [0.2858211570018714], "mid_gaps": [0.5680414837037406], "mid_gap_of_max": 0.5680414837037406, "band_nos": [2], "gap_ranges": [[0.567229692333254, 0.5688532750742272]], "fill_fraction": 0.120943}