{"fill_fraction": 0.212924, "mid_gap_of_max": 0.7166636440568618, "mid_gaps": [0.7166636440568618], "gap_ranges": [[0.711050765002342, 0.7222765231113816]], "gap_range_of_max": [0.711050765002342, 0.7222765231113816], "max_gap": 1.5663914588289238, "gap": [1.5663914588289238], "band_nos": [8]}