{"fill_fraction": 0.114714, "gap_ranges": [[0.562320254603129, 0.5727762299359731]], "mid_gaps": [0.567548242269551], "gap": [1.842306002223071], "gap_range_of_max": [0.562320254603129, 0.5727762299359731], "band_nos": [2], "max_gap": 1.842306002223071, "mid_gap_of_max": 0.567548242269551}