{"band_nos": [10], "mid_gaps": [0.724942661123609], "fill_fraction": 0.188532, "gap_range_of_max": [0.682264528453436, 0.7676207937937819], "mid_gap_of_max": 0.724942661123609, "gap": [11.77420917787477], "max_gap": 11.77420917787477, "gap_ranges": [[0.682264528453436, 0.7676207937937819]]}