{"strict_calculated": true, "mid_gap_of_max": 0.5071448933814047, "fill_fraction": 0.407787, "band_nos": [8], "gap_ranges": [[0.4810368742351628, 0.5332529125276465]], "max_gap": 10.296078886712548, "gap_range_of_max": [0.4810368742351628, 0.5332529125276465], "mid_gaps": [0.5071448933814047], "gap": [10.296078886712548]}