{"gap_ranges": [[0.333207714549693, 0.4207657820165454]], "mid_gap_of_max": 0.3769867482831192, "gap_range_of_max": [0.333207714549693, 0.4207657820165454], "max_gap": 23.225767978744706, "band_nos": [4], "mid_gaps": [0.3769867482831192], "fill_fraction": 0.245381, "gap": [23.225767978744706]}