{"gap": [0.4271138068988261], "gap_range_of_max": [0.67459470456937, 0.6774821580494348], "mid_gap_of_max": 0.6760384313094023, "band_nos": [16], "max_gap": 0.4271138068988261, "run_me": true, "gap_ranges": [[0.67459470456937, 0.6774821580494348]], "mid_gaps": [0.6760384313094023], "fill_fraction": 0.283243}