{"band_nos": [8], "mid_gaps": [0.40673010750831345], "max_gap": 5.154645749956387, "gap_range_of_max": [0.396247359408078, 0.4172128556085489], "gap_ranges": [[0.396247359408078, 0.4172128556085489]], "mid_gap_of_max": 0.40673010750831345, "gap": [5.154645749956387], "fill_fraction": 0.571307, "strict_calculated": true}