{"mid_gaps": [0.7163521654447154], "gap_range_of_max": [0.6604987338329, 0.7722055970565307], "fill_fraction": 0.166677, "gap": [15.59384735777518], "mid_gap_of_max": 0.7163521654447154, "band_nos": [10], "gap_ranges": [[0.6604987338329, 0.7722055970565307]], "max_gap": 15.59384735777518}