{"mid_gap_of_max": 0.745320181739243, "strict_calculated": true, "gap": [9.350430017704987], "band_nos": [8], "gap_range_of_max": [0.710474860738563, 0.780165502739923], "fill_fraction": 0.206966, "gap_ranges": [[0.710474860738563, 0.780165502739923]], "mid_gaps": [0.745320181739243], "max_gap": 9.350430017704987}