{"gap_range_of_max": [0.355600435893884, 0.4156329966772534], "max_gap": 15.567935270449247, "gap": [15.567935270449247], "fill_fraction": 0.362024, "gap_ranges": [[0.355600435893884, 0.4156329966772534]], "band_nos": [2], "mid_gap_of_max": 0.3856167162855687, "mid_gaps": [0.3856167162855687]}