{
  "basis": [
    [
      0.06963,
      0.33773,
      0.45854
    ],
    [
      0.93037,
      0.66227,
      0.45854
    ],
    [
      0.33773,
      0.93037,
      0.54146
    ],
    [
      0.66227,
      0.06963,
      0.54146
    ],
    [
      0.56963,
      0.83773,
      0.95854
    ],
    [
      0.43037,
      0.16227,
      0.95854
    ],
    [
      0.83773,
      0.43037,
      0.04146
    ],
    [
      0.16227,
      0.56963,
      0.04146
    ],
    [
      0.0,
      0.0,
      0.0
    ],
    [
      0.5,
      0.5,
      0.5
    ],
    [
      0.1633,
      0.0855,
      0.2103
    ],
    [
      0.8367,
      0.9145,
      0.2103
    ],
    [
      0.0855,
      0.8367,
      0.7897
    ],
    [
      0.9145,
      0.1633,
      0.7897
    ],
    [
      0.6633,
      0.5855,
      0.7103
    ],
    [
      0.3367,
      0.4145,
      0.7103
    ],
    [
      0.5855,
      0.3367,
      0.2897
    ],
    [
      0.4145,
      0.6633,
      0.2897
    ]
  ],
  "structure": "tI36-VAg3HgO4",
  "nbands": 20,
  "lattice_vectors": [
    [
      1.0,
      0.0,
      0.0
    ],
    [
      0.0,
      1.0,
      0.0
    ],
    [
      0.0,
      0.0,
      0.6059277735
    ]
  ]
}