{"mid_gap_of_max": 0.2795755453458063, "max_gap": 7.201815849054952, "band_nos": [4], "mid_gaps": [0.2795755453458063], "gap_ranges": [[0.2695082873784082, 0.28964280331320436]], "gap_range_of_max": [0.2695082873784082, 0.28964280331320436], "strict_calculated": true, "gap": [7.201815849054952], "fill_fraction": 0.339679}