{"mid_gap_of_max": 0.40966051444792423, "mid_gaps": [0.40966051444792423], "fill_fraction": 0.200052, "gap_ranges": [[0.3827579717213, 0.43656305717454846]], "max_gap": 13.134066759095186, "gap": [13.134066759095186], "band_nos": [4], "gap_range_of_max": [0.3827579717213, 0.43656305717454846], "_status": {"tP12-PNO_r-1/52417ca7/store_strict/0000/500cd6472489006cab6522c456c61cee": 1, "tP12-PNO_r-1/52417ca7/check_runnin/0000/2a6fac0292ee443c2d04dd16a3df26e9": 1, "tP12-PNO_r-1/52417ca7/mpb-tP12-PNO/0000/f444636ccaf37170979c66d57afe3407": 1, "tP12-PNO_r-1/52417ca7/store_fill/0000/d839a1a2fdf6e537e3a85aa0723ec98b": 1, "tP12-PNO_r-1/52417ca7/store_data/0000/2a17b49bbbe1a40d61256b02896d284a": 1, "tP12-PNO_r-1/52417ca7/strict-mpb-t/0000/d860f5aa53d0eea38a1e4c9db752f9f7": 1}}