{"mid_gaps": [0.6053223605547846], "strict_calculated": true, "fill_fraction": 0.243645, "gap_ranges": [[0.569515323877833, 0.6411293972317362]], "max_gap": 11.830733179634661, "gap_range_of_max": [0.569515323877833, 0.6411293972317362], "mid_gap_of_max": 0.6053223605547846, "gap": [11.830733179634661], "band_nos": [10]}