{"fill_fraction": 0.458047, "strict_calculated": true, "gap_range_of_max": [0.657121002420971, 0.6828869348298398], "max_gap": 3.845638774607572, "mid_gaps": [0.6700039686254053], "mid_gap_of_max": 0.6700039686254053, "gap": [3.845638774607572], "band_nos": [12], "gap_ranges": [[0.657121002420971, 0.6828869348298398]]}