{"strict_calculated": true, "gap": [15.93743943680005], "gap_range_of_max": [0.279945342227003, 0.3284246410448111], "mid_gaps": [0.30418499163590706], "gap_ranges": [[0.279945342227003, 0.3284246410448111]], "band_nos": [2], "max_gap": 15.93743943680005, "fill_fraction": 0.365161, "mid_gap_of_max": 0.30418499163590706}