{
  "structure": "aP102-Cu29S16",
  "nbands": 20,
  "basis": [
    [
      0.1369901961,
      0.028,
      -0.0580098039
    ],
    [
      -0.1370098039,
      -0.028,
      0.0579901961
    ],
    [
      0.4259901961,
      0.087,
      -0.1700098039
    ],
    [
      -0.4260098039,
      -0.087,
      0.1699901961
    ],
    [
      0.2989901961,
      -0.129,
      0.3079901961
    ],
    [
      -0.2990098039,
      0.129,
      -0.3080098039
    ],
    [
      0.3639901961,
      -0.196,
      -0.1090098039
    ],
    [
      -0.3640098039,
      0.196,
      0.1089901961
    ],
    [
      0.0729901961,
      -0.252,
      0.0069901961
    ],
    [
      -0.0730098039,
      0.252,
      -0.0070098039
    ],
    [
      0.1939901961,
      0.302,
      -0.1370098039
    ],
    [
      -0.1940098039,
      -0.302,
      0.1369901961
    ],
    [
      0.1349901961,
      0.359,
      0.2769901961
    ],
    [
      -0.1350098039,
      -0.359,
      -0.2770098039
    ],
    [
      0.4339901961,
      0.416,
      0.1619901961
    ],
    [
      -0.4340098039,
      -0.416,
      -0.1620098039
    ],
    [
      0.3019901961,
      -0.472,
      -0.0280098039
    ],
    [
      -0.3020098039,
      0.472,
      0.0279901961
    ],
    [
      0.3619901961,
      0.474,
      -0.4420098039
    ],
    [
      -0.3620098039,
      -0.474,
      0.4419901961
    ],
    [
      0.0699901961,
      0.413,
      -0.3300098039
    ],
    [
      -0.0700098039,
      -0.413,
      0.3299901961
    ],
    [
      0.1979901961,
      -0.374,
      0.1909901961
    ],
    [
      -0.1980098039,
      0.374,
      -0.1910098039
    ],
    [
      0.1409901961,
      -0.306,
      -0.3890098039
    ],
    [
      -0.1410098039,
      0.306,
      0.3889901961
    ],
    [
      0.4319901961,
      -0.248,
      0.4969901961
    ],
    [
      -0.4320098039,
      0.248,
      -0.4970098039
    ],
    [
      0.3049901961,
      0.207,
      -0.3570098039
    ],
    [
      -0.3050098039,
      -0.207,
      0.3569901961
    ],
    [
      0.3509901961,
      0.135,
      0.2259901961
    ],
    [
      -0.3510098039,
      -0.135,
      -0.2260098039
    ],
    [
      0.0669901961,
      0.079,
      0.3449901961
    ],
    [
      -0.0670098039,
      -0.079,
      -0.3450098039
    ],
    [
      0.1939901961,
      -0.038,
      -0.4670098039
    ],
    [
      -0.1940098039,
      0.038,
      0.4669901961
    ],
    [
      0.0839901961,
      -0.287,
      -0.1350098039
    ],
    [
      -0.0840098039,
      0.287,
      0.1349901961
    ],
    [
      0.1989901961,
      0.365,
      0.0149901961
    ],
    [
      -0.1990098039,
      -0.365,
      -0.0150098039
    ],
    [
      0.3609901961,
      0.105,
      0.0809901961
    ],
    [
      -0.3610098039,
      -0.105,
      -0.0810098039
    ],
    [
      0.3579901961,
      -0.162,
      0.0389901961
    ],
    [
      -0.3580098039,
      0.162,
      -0.0390098039
    ],
    [
      0.0969901961,
      -0.225,
      0.1669901961
    ],
    [
      -0.0970098039,
      0.225,
      -0.1660098039
    ],
    [
      0.0179901961,
      -0.109,
      0.0009901961
    ],
    [
      -0.0170098039,
      0.109,
      -0.0010098039
    ],
    [
      0.2679901961,
      0.165,
      -0.1160098039
    ],
    [
      -0.2680098039,
      -0.165,
      0.1159901961
    ],
    [
      0.4559901961,
      -0.233,
      0.2349901961
    ],
    [
      -0.4560098039,
      0.233,
      -0.2350098039
    ],
    [
      0.3029901961,
      -0.046,
      -0.1230098039
    ],
    [
      -0.3030098039,
      0.046,
      0.1229901961
    ],
    [
      0.4249901961,
      -0.013,
      0.2459901961
    ],
    [
      -0.4250098039,
      0.013,
      -0.2460098039
    ],
    [
      0.1719901961,
      -0.057,
      0.3759901961
    ],
    [
      -0.1720098039,
      0.057,
      -0.3760098039
    ],
    [
      0.0779901961,
      0.378,
      -0.4700098039
    ],
    [
      -0.0780098039,
      -0.378,
      0.4699901961
    ],
    [
      0.2019901961,
      -0.301,
      0.3419901961
    ],
    [
      -0.2020098039,
      0.301,
      -0.3420098039
    ],
    [
      0.3569901961,
      0.437,
      0.4099901961
    ],
    [
      -0.3570098039,
      -0.437,
      -0.4100098039
    ],
    [
      0.3569901961,
      -0.494,
      -0.2910098039
    ],
    [
      -0.3570098039,
      0.494,
      0.2909901961
    ],
    [
      0.0869901961,
      0.441,
      -0.1700098039
    ],
    [
      -0.0870098039,
      -0.441,
      0.1699901961
    ],
    [
      0.0159901961,
      -0.443,
      -0.3320098039
    ],
    [
      -0.0160098039,
      0.443,
      0.3319901961
    ],
    [
      0.2649901961,
      0.497,
      0.2139901961
    ],
    [
      -0.2650098039,
      -0.497,
      -0.2140098039
    ],
    [
      0.4599901961,
      0.441,
      -0.0980098039
    ],
    [
      -0.4600098039,
      -0.441,
      0.0979901961
    ],
    [
      0.3009901961,
      0.286,
      0.2099901961
    ],
    [
      -0.3010098039,
      -0.286,
      -0.2100098039
    ],
    [
      0.4269901961,
      -0.342,
      -0.0890098039
    ],
    [
      -0.4270098039,
      0.342,
      0.0889901961
    ],
    [
      0.1689901961,
      -0.389,
      0.0449901961
    ],
    [
      -0.1690098039,
      0.389,
      -0.0450098039
    ],
    [
      0.0799901961,
      0.046,
      0.1939901961
    ],
    [
      -0.0800098039,
      -0.046,
      -0.1940098039
    ],
    [
      0.2139901961,
      0.042,
      -0.3170098039
    ],
    [
      -0.2140098039,
      -0.042,
      0.3169901961
    ],
    [
      0.3619901961,
      -0.227,
      -0.2530098039
    ],
    [
      -0.3620098039,
      0.227,
      0.2529901961
    ],
    [
      0.3619901961,
      0.174,
      0.3749901961
    ],
    [
      -0.3620098039,
      -0.174,
      -0.3750098039
    ],
    [
      0.1049901961,
      0.109,
      -0.4960098039
    ],
    [
      -0.1050098039,
      -0.109,
      0.4959901961
    ],
    [
      0.0159901961,
      0.226,
      0.3329901961
    ],
    [
      -0.0160098039,
      -0.226,
      -0.3330098039
    ],
    [
      0.2259901961,
      -0.172,
      -0.4540098039
    ],
    [
      -0.2260098039,
      0.172,
      0.4539901961
    ],
    [
      0.4659901961,
      0.108,
      -0.4270098039
    ],
    [
      -0.4660098039,
      -0.108,
      0.4269901961
    ],
    [
      0.3009901961,
      -0.381,
      -0.4590098039
    ],
    [
      -0.3010098039,
      0.381,
      0.4589901961
    ],
    [
      0.4259901961,
      0.323,
      -0.4210098039
    ],
    [
      -0.4260098039,
      -0.323,
      0.4209901961
    ],
    [
      0.1709901961,
      0.278,
      -0.2910098039
    ],
    [
      -0.1710098039,
      -0.278,
      0.2909901961
    ]
  ],
  "lattice_vectors": [
    [
      1.0,
      0.0,
      0.0
    ],
    [
      -0.4871720321,
      1.5182735035,
      0.0
    ],
    [
      -0.476878794,
      -0.4228895269,
      1.664356919
    ]
  ]
}