{"mid_gap_of_max": 0.6420964486090803, "strict_calculated": true, "gap": [0.19546743712762676, 0.9613658706432718], "mid_gaps": [0.5887071689791685, 0.6420964486090803], "max_gap": 0.9613658706432718, "gap_range_of_max": [0.63901000055231, 0.6451828966658507], "band_nos": [14, 16], "fill_fraction": 0.185532, "gap_ranges": [[0.588131803571473, 0.5892825343868641], [0.63901000055231, 0.6451828966658507]]}