{"mid_gaps": [1.0291763153582028], "fill_fraction": 0.364914, "max_gap": 0.9116317916017623, "gap_range_of_max": [1.024485166116982, 1.0338674645994232], "band_nos": [12], "mid_gap_of_max": 1.0291763153582028, "gap_ranges": [[1.024485166116982, 1.0338674645994232]], "gap": [0.9116317916017623]}