{"mid_gaps": [0.5608960803243883], "fill_fraction": 0.208238, "strict_calculated": true, "band_nos": [8], "mid_gap_of_max": 0.5608960803243883, "gap_range_of_max": [0.520690160808279, 0.6011019998404976], "gap_ranges": [[0.520690160808279, 0.6011019998404976]], "max_gap": 14.336316806798248, "gap": [14.336316806798248]}