{"faces": [[[-0.6263075330894498, -0.5373550697293384], [-0.6263075330894498, 0.4474526832828696], [0.3133850876964586, 0.38806150866898503], [0.3133850876964586, -0.5967462443432231]], [[-0.6263075330894498, -0.5373550697293384], [-0.3133850876964587, -0.38806150866898514], [0.6263075330894496, -0.44745268328286975], [0.3133850876964586, -0.5967462443432231]], [[-0.6263075330894498, -0.5373550697293384], [-0.6263075330894498, 0.4474526832828696], [-0.31338508769645873, 0.5967462443432231], [-0.3133850876964587, -0.38806150866898514]], [[0.3133850876964586, -0.5967462443432231], [0.3133850876964586, 0.38806150866898503], [0.6263075330894498, 0.5373550697293384], [0.6263075330894496, -0.44745268328286975]], [[-0.6263075330894498, 0.4474526832828696], [-0.31338508769645873, 0.5967462443432231], [0.6263075330894498, 0.5373550697293384], [0.3133850876964586, 0.38806150866898503]], [[-0.3133850876964587, -0.38806150866898514], [-0.31338508769645873, 0.5967462443432231], [0.6263075330894498, 0.5373550697293384], [0.6263075330894496, -0.44745268328286975]]], "labels": {"GAMMA": [0.0, 0.0], "X": [-1.1043592643970545e-18, 0.492403876506104], "M": [0.46984631039295416, 0.4627082891991616], "Z": [-0.1564612226964955, -0.0746467805301767], "R": [-0.1564612226964955, 0.41775709597592725], "A": [0.3133850876964586, 0.38806150866898503]}, "label_positions": {"GAMMA": [0.05, 0.05], "X": [0.05, 0.542403876506104], "M": [0.5198463103929541, 0.5127082891991617], "Z": [-0.1564612226964955, -0.0246467805301767], "R": [-0.10646122269649551, 0.46775709597592724], "A": [0.3133850876964586, 0.438061508668985]}, "zorder": [1, 0, 0, 1, 1, 0]}