{"site_point_groups": {"h": {"site_symmetry": ["1", "m"], "name": "18h"}}, "equivalent_atoms": [0, 0, 0, 0, 0, 0, 6, 6, 6, 6, 6, 6], "global_point_groups": ["-3m", "1", "-1", "3", "2", "m", "-3", "32", "3m", "2/m"], "std_lattice": [[0.9705350281, 0.0, 0.0], [-0.4852675141, 0.8405079896, 0.0], [0.0, 0.0, 2.4847907915]], "international": "R-3m", "number": 166, "std_positions": [[0.2354, 0.1177, 0.1073], [0.4312666667, 0.2156333333, 0.2260333333], [0.8823, 0.7646, 0.1073], [0.7843666667, 0.5687333333, 0.2260333333], [0.8823, 0.1177, 0.1073], [0.7843666667, 0.2156333333, 0.2260333333], [0.0588666667, 0.5294333333, 0.3088333333], [0.6078, 0.8039, 0.0245], [0.4705666667, 0.9411333333, 0.3088333333], [0.1961, 0.3922, 0.0245], [0.4705666667, 0.5294333333, 0.3088333333], [0.1961, 0.8039, 0.0245], [0.9020666667, 0.4510333333, 0.4406333333], [0.0979333333, 0.5489666667, 0.5593666667], [0.5489666667, 0.0979333333, 0.4406333333], [0.4510333333, 0.9020666667, 0.5593666667], [0.5489666667, 0.4510333333, 0.4406333333], [0.4510333333, 0.5489666667, 0.5593666667], [0.7255333333, 0.8627666667, 0.6421666667], [0.2744666667, 0.1372333333, 0.3578333333], [0.1372333333, 0.2744666667, 0.6421666667], [0.8627666667, 0.7255333333, 0.3578333333], [0.1372333333, 0.8627666667, 0.6421666667], [0.8627666667, 0.1372333333, 0.3578333333], [0.5687333333, 0.7843666667, 0.7739666667], [0.7646, 0.8823, 0.8927], [0.2156333333, 0.4312666667, 0.7739666667], [0.1177, 0.2354, 0.8927], [0.2156333333, 0.7843666667, 0.7739666667], [0.1177, 0.8823, 0.8927], [0.3922, 0.1961, 0.9755], [0.9411333333, 0.4705666667, 0.6911666667], [0.8039, 0.6078, 0.9755], [0.5294333333, 0.0588666667, 0.6911666667], [0.8039, 0.1961, 0.9755], [0.5294333333, 0.4705666667, 0.6911666667]], "wyckoffs": ["h", "h", "h", "h", "h", "h", "h", "h", "h", "h", "h", "h"]}