{"gap": [0.8020218149362838], "gap_ranges": [[0.29311755963643, 0.2954778915967367]], "band_nos": [4], "max_gap": 0.8020218149362838, "mid_gaps": [0.29429772561658335], "gap_range_of_max": [0.29311755963643, 0.2954778915967367], "mid_gap_of_max": 0.29429772561658335, "fill_fraction": 0.414525}