{"gap_range_of_max": [0.433387100190309, 0.5171143965133752], "max_gap": 17.617499101985683, "mid_gaps": [0.4752507483518421], "gap": [17.617499101985683], "mid_gap_of_max": 0.4752507483518421, "band_nos": [2], "gap_ranges": [[0.433387100190309, 0.5171143965133752]], "fill_fraction": 0.123589}