{"mid_gap_of_max": 0.3745992610012131, "band_nos": [2], "gap": [1.7066742201973357], "gap_ranges": [[0.371402666492934, 0.37779585550949224]], "max_gap": 1.7066742201973357, "mid_gaps": [0.3745992610012131], "gap_range_of_max": [0.371402666492934, 0.37779585550949224], "fill_fraction": 0.473476}