{"max_gap": 0.09551429088271336, "gap_range_of_max": [0.513702465395388, 0.5141933590992777], "strict_calculated": true, "gap": [0.09551429088271336], "band_nos": [8], "mid_gaps": [0.5139479122473328], "mid_gap_of_max": 0.5139479122473328, "fill_fraction": 0.25041, "gap_ranges": [[0.513702465395388, 0.5141933590992777]]}