{"gap": [0.09535975875901084, 1.3735919110582704], "gap_ranges": [[0.591280016070208, 0.5918441282351228], [0.601503248980876, 0.6098225858225861]], "fill_fraction": 0.289587, "band_nos": [16, 17], "mid_gaps": [0.5915620721526653, 0.6056629174017311], "max_gap": 1.3735919110582704, "_status": {"hR5-Ni3S2-14/84217e3d/store_strict/0000/9ba281e5ea1232f8fdc7fef42ff77447": 1, "hR5-Ni3S2-14/84217e3d/check_runnin/0000/3dfdee11b12390d1e3cc327d5f6ee780": 1, "hR5-Ni3S2-14/84217e3d/store_data/0000/f2e6b8051d5e30274c3a4f9bce62015f": 1, "hR5-Ni3S2-14/84217e3d/strict-mpb-h/0000/702a4d61217e392cab220193d5c821e7": 1, "hR5-Ni3S2-14/84217e3d/mpb-hR5-Ni3S/0000/84708aecb6263fffde8218cec912e5d2": 6, "hR5-Ni3S2-14/84217e3d/store_fill/0000/b054cb351a030cc363f12ebc8fb294f1": 1}, "gap_range_of_max": [0.601503248980876, 0.6098225858225861], "mid_gap_of_max": 0.6056629174017311, "run_me": true}