{"gap_range_of_max": [0.869843935484938, 0.8749952919070462], "gap": [0.5904677452498118], "mid_gap_of_max": 0.8724196136959921, "_status": {"oP16-AgCd2Ga/fcf1a683/store_data/0000/4db317cd4c6680edfb46a9a2c233d243": 1, "oP16-AgCd2Ga/fcf1a683/store_strict/0000/95aff55dfdbed01ce5131ac219490192": 1, "oP16-AgCd2Ga/fcf1a683/check_runnin/0000/486ea07b7ee0dfead50e622cb5d3bb13": 1, "oP16-AgCd2Ga/fcf1a683/strict-mpb-o/0000/b78a7a93370ea7ca5d23476ba1d0509e": 1, "oP16-AgCd2Ga/fcf1a683/mpb-oP16-AgC/0000/e2daf1fffcd6629f87a7d494a8ca9bba": 3, "oP16-AgCd2Ga/fcf1a683/store_fill/0000/45b409f2d70efc8e1bf0ea7c03fcbf72": 1}, "gap_ranges": [[0.869843935484938, 0.8749952919070462]], "mid_gaps": [0.8724196136959921], "max_gap": 0.5904677452498118, "run_me": true, "band_nos": [16], "fill_fraction": 0.181694}