{"fill_fraction": 0.530923, "mid_gap_of_max": 0.35193500875854483, "strict_calculated": true, "gap_ranges": [[0.348109461045476, 0.35576055647161364]], "gap_range_of_max": [0.348109461045476, 0.35576055647161364], "gap": [2.1740080514088245], "mid_gaps": [0.35193500875854483], "band_nos": [8], "max_gap": 2.1740080514088245}