{"gap_ranges": [[0.649982224652346, 0.6617424347562042]], "band_nos": [12], "mid_gaps": [0.6558623297042752], "mid_gap_of_max": 0.6558623297042752, "fill_fraction": 0.248704, "gap_range_of_max": [0.649982224652346, 0.6617424347562042], "max_gap": 1.793091258825703, "gap": [1.793091258825703]}