{"number": 1, "std_positions": [[0.698, 0.322, 0.9696033333], [0.678, 0.376, 0.4696043333], [0.624, 0.302, 0.9696033333], [0.302, 0.678, 0.6356043333], [0.322, 0.624, 0.9696033333], [0.376, 0.698, 0.3026043333], [0.322, 0.698, 0.0356043333], [0.376, 0.678, 0.0356043333], [0.302, 0.624, 0.5356043333], [0.678, 0.302, 0.7026033333], [0.624, 0.322, 0.3696043333], [0.698, 0.376, 0.0356043333], [0.531, 0.117, 0.0356043333], [0.883, 0.414, 0.5356043333], [0.586, 0.469, 0.0356043333], [0.469, 0.883, 0.7016033333], [0.117, 0.586, 0.0356043333], [0.414, 0.531, 0.3686043333], [0.117, 0.531, 0.9696033333], [0.414, 0.883, 0.9696033333], [0.469, 0.586, 0.4696043333], [0.883, 0.469, 0.6366043333], [0.586, 0.117, 0.3036043333], [0.531, 0.414, 0.9696033333], [0.3, 0.903, 0.1516033333], [0.097, 0.396, 0.6516043333], [0.604, 0.7, 0.1516033333], [0.7, 0.097, 0.8186033333], [0.903, 0.604, 0.1516033333], [0.396, 0.3, 0.4846043333], [0.903, 0.3, 0.8536043333], [0.396, 0.097, 0.8536043333], [0.7, 0.604, 0.3536043333], [0.097, 0.7, 0.5206043333], [0.604, 0.903, 0.1866043333], [0.3, 0.396, 0.8536043333], [0.247, 0.913, 0.0506043333], [0.087, 0.334, 0.5506043333], [0.666, 0.753, 0.0506043333], [0.753, 0.087, 0.7176043333], [0.913, 0.666, 0.0506043333], [0.334, 0.247, 0.3846043333], [0.913, 0.247, 0.9546033333], [0.334, 0.087, 0.9546033333], [0.753, 0.666, 0.4546043333], [0.087, 0.753, 0.6206043333], [0.666, 0.913, 0.2876043333], [0.247, 0.334, 0.9546033333], [0.97, 0.849, 0.0366043333], [0.151, 0.121, 0.5366043333], [0.879, 0.03, 0.0366043333], [0.03, 0.151, 0.7026033333], [0.849, 0.879, 0.0366043333], [0.121, 0.97, 0.3696043333], [0.849, 0.97, 0.9686033333], [0.121, 0.151, 0.9686033333], [0.03, 0.879, 0.4686043333], [0.151, 0.03, 0.6356043333], [0.879, 0.849, 0.3026043333], [0.97, 0.121, 0.9686033333], [0.92, 0.92, 0.0026043333], [0.08, 0.0, 0.5026043333], [0.0, 0.08, 0.0026043333], [0.08, 0.08, 0.6696043333], [0.92, 0.0, 0.0026043333], [0.0, 0.92, 0.3356043333], [0.343, 0.761, 0.6696043333], [0.239, 0.581, 0.1696043333], [0.419, 0.658, 0.6696043333], [0.658, 0.239, 0.3366043333], [0.761, 0.419, 0.6696043333], [0.581, 0.343, 0.0026043333], [0.761, 0.343, 0.3356043333], [0.581, 0.239, 0.3356043333], [0.658, 0.419, 0.8356033333], [0.239, 0.658, 0.0026033333], [0.419, 0.761, 0.6686043333], [0.343, 0.581, 0.3356043333], [0.124, 0.91, 0.0306043333], [0.09, 0.213, 0.5306043333], [0.786, 0.876, 0.0306043333], [0.876, 0.09, 0.6976033333], [0.91, 0.786, 0.0306043333], [0.213, 0.124, 0.3636043333], [0.91, 0.124, 0.9746043333], [0.213, 0.09, 0.9746043333], [0.876, 0.786, 0.4746043333], [0.09, 0.876, 0.6416043333], [0.786, 0.91, 0.3076043333], [0.124, 0.213, 0.9746043333], [0.931, 0.069, 0.7526043333], [0.931, 0.863, 0.2526043333], [0.137, 0.069, 0.7526043333], [0.069, 0.931, 0.4196043333], [0.069, 0.137, 0.7526043333], [0.863, 0.931, 0.0856043333], [0.069, 0.931, 0.2526043333], [0.863, 0.931, 0.2526043333], [0.931, 0.069, 0.9196043333], [0.137, 0.069, 0.5856043333], [0.903, 0.696, 0.0236043333], [0.304, 0.207, 0.5236043333], [0.793, 0.097, 0.0236043333], [0.097, 0.304, 0.6906033333], [0.696, 0.793, 0.0236043333], [0.207, 0.903, 0.3566043333], [0.696, 0.903, 0.9816043333], [0.207, 0.304, 0.9816043333], [0.097, 0.793, 0.4816043333], [0.304, 0.097, 0.6486043333], [0.793, 0.696, 0.3146043333], [0.903, 0.207, 0.9816043333], [0.326, 0.674, 0.7526043333], [0.326, 0.651, 0.2526043333], [0.349, 0.674, 0.7526043333], [0.674, 0.326, 0.4196043333], [0.674, 0.349, 0.7526043333], [0.651, 0.326, 0.0856043333], [0.674, 0.326, 0.2526043333], [0.651, 0.326, 0.2526043333], [0.326, 0.674, 0.9196043333], [0.349, 0.674, 0.5856043333], [0.377, 0.045, 0.0356043333], [0.955, 0.332, 0.5356043333], [0.668, 0.623, 0.0356043333], [0.623, 0.955, 0.7016033333], [0.045, 0.668, 0.0356043333], [0.332, 0.377, 0.3686043333], [0.045, 0.377, 0.9696033333], [0.332, 0.955, 0.9696033333], [0.623, 0.668, 0.4696043333], [0.955, 0.623, 0.6366043333], [0.668, 0.045, 0.3036043333], [0.377, 0.332, 0.9696033333], [0.775, 0.466, 0.9886043333], [0.534, 0.309, 0.4886043333], [0.691, 0.225, 0.9886043333], [0.225, 0.534, 0.6556043333], [0.466, 0.691, 0.9886043333], [0.309, 0.775, 0.3216043333], [0.466, 0.775, 0.0166043333], [0.309, 0.534, 0.0166043333], [0.225, 0.691, 0.5166043333], [0.534, 0.225, 0.6836043333], [0.691, 0.466, 0.3496043333], [0.775, 0.309, 0.0166043333], [0.791, 0.263, 0.9696033333], [0.737, 0.528, 0.4696043333], [0.472, 0.209, 0.9696033333], [0.209, 0.737, 0.6356043333], [0.263, 0.472, 0.9696033333], [0.528, 0.791, 0.3026043333], [0.263, 0.791, 0.0356043333], [0.528, 0.737, 0.0356043333], [0.209, 0.472, 0.5356043333], [0.737, 0.209, 0.7026033333], [0.472, 0.263, 0.3696043333], [0.791, 0.528, 0.0356043333], [0.24, 0.912, 0.1046043333], [0.088, 0.328, 0.6046043333], [0.672, 0.76, 0.1046043333], [0.76, 0.088, 0.7716043333], [0.912, 0.672, 0.1046043333], [0.328, 0.24, 0.4386043333], [0.912, 0.24, 0.9006043333], [0.328, 0.088, 0.9006043333], [0.76, 0.672, 0.4006043333], [0.088, 0.76, 0.5666033333], [0.672, 0.912, 0.2336043333], [0.24, 0.328, 0.9006043333], [0.581, 0.023, 0.0186043333], [0.977, 0.558, 0.5186043333], [0.442, 0.419, 0.0186043333], [0.419, 0.977, 0.6856043333], [0.023, 0.442, 0.0186043333], [0.558, 0.581, 0.3516043333], [0.023, 0.581, 0.9866043333], [0.558, 0.977, 0.9866043333], [0.419, 0.442, 0.4866043333], [0.977, 0.419, 0.6536043333], [0.442, 0.023, 0.3196043333], [0.581, 0.558, 0.9866043333], [0.582, 0.418, 0.7526043333], [0.582, 0.163, 0.2526043333], [0.837, 0.418, 0.7526043333], [0.418, 0.582, 0.4196043333], [0.418, 0.837, 0.7526043333], [0.163, 0.582, 0.0856043333], [0.418, 0.582, 0.2526043333], [0.163, 0.582, 0.2526043333], [0.582, 0.418, 0.9196043333], [0.837, 0.418, 0.5856043333]], "international": "P1", "equivalent_atoms": [0, 1, 2, 3, 4, 5, 6, 7, 8, 9, 10, 11, 12, 13, 14, 15, 16, 17, 18, 19, 20, 21, 22, 23, 24, 25, 26, 27, 28, 29, 30, 31, 32, 33, 34, 35, 36, 37, 38, 39, 40, 41, 42, 43, 44, 45, 46, 47, 48, 49, 50, 51, 52, 53, 54, 55, 56, 57, 58, 59, 60, 61, 62, 63, 64, 65, 66, 67, 68, 69, 70, 71, 72, 73, 74, 75, 76, 77, 78, 79, 80, 81, 82, 83, 84, 85, 86, 87, 88, 89, 90, 91, 92, 93, 94, 95, 96, 97, 98, 99, 100, 101, 102, 103, 104, 105, 106, 107, 108, 109, 110, 111, 112, 113, 114, 115, 116, 117, 118, 119, 120, 121, 122, 123, 124, 125, 126, 127, 128, 129, 130, 131, 132, 133, 134, 135, 136, 137, 138, 139, 140, 141, 142, 143, 144, 145, 146, 147, 148, 149, 150, 151, 152, 153, 154, 155, 156, 157, 158, 159, 160, 161, 162, 163, 164, 165, 166, 167, 168, 169, 170, 171, 172, 173, 174, 175, 176, 177, 178, 179, 180, 181, 182, 183, 184, 185, 186, 187, 188, 189, 190, 191], "global_point_groups": ["1"], "site_point_groups": {"a": {"site_symmetry": ["1"], "name": "1a"}}, "std_lattice": [[1.0, 0.0, 0.0], [-0.5, 0.8660254038, 0.0], [0.0, 0.0, 2.4925474395]], "wyckoffs": ["a", "a", "a", "a", "a", "a", "a", "a", "a", "a", "a", "a", "a", "a", "a", "a", "a", "a", "a", "a", "a", "a", "a", "a", "a", "a", "a", "a", "a", "a", "a", "a", "a", "a", "a", "a", "a", "a", "a", "a", "a", "a", "a", "a", "a", "a", "a", "a", "a", "a", "a", "a", "a", "a", "a", "a", "a", "a", "a", "a", "a", "a", "a", "a", "a", "a", "a", "a", "a", "a", "a", "a", "a", "a", "a", "a", "a", "a", "a", "a", "a", "a", "a", "a", "a", "a", "a", "a", "a", "a", "a", "a", "a", "a", "a", "a", "a", "a", "a", "a", "a", "a", "a", "a", "a", "a", "a", "a", "a", "a", "a", "a", "a", "a", "a", "a", "a", "a", "a", "a", "a", "a", "a", "a", "a", "a", "a", "a", "a", "a", "a", "a", "a", "a", "a", "a", "a", "a", "a", "a", "a", "a", "a", "a", "a", "a", "a", "a", "a", "a", "a", "a", "a", "a", "a", "a", "a", "a", "a", "a", "a", "a", "a", "a", "a", "a", "a", "a", "a", "a", "a", "a", "a", "a", "a", "a", "a", "a", "a", "a", "a", "a", "a", "a", "a", "a", "a", "a", "a", "a", "a", "a"]}