{"max_gap": 17.943603044474692, "gap": [17.943603044474692], "gap_range_of_max": [0.284498198396735, 0.34057887256438163], "fill_fraction": 0.401742, "mid_gaps": [0.3125385354805583], "band_nos": [4], "gap_ranges": [[0.284498198396735, 0.34057887256438163]], "mid_gap_of_max": 0.3125385354805583}