{"gap_range_of_max": [0.313004933849695, 0.3800355302225085], "gap_ranges": [[0.313004933849695, 0.3800355302225085]], "mid_gaps": [0.34652023203610177], "gap": [19.343919972277245], "mid_gap_of_max": 0.34652023203610177, "max_gap": 19.343919972277245, "fill_fraction": 0.336758, "band_nos": [2]}