{"gap_range_of_max": [0.892004539264967, 0.9217440132506151], "mid_gap_of_max": 0.906874276257791, "max_gap": 3.279338135862404, "gap_ranges": [[0.892004539264967, 0.9217440132506151]], "mid_gaps": [0.906874276257791], "gap": [3.279338135862404], "fill_fraction": 0.312364, "band_nos": [17]}