{"band_nos": [14], "mid_gap_of_max": 0.7059226015830575, "mid_gaps": [0.7059226015830575], "max_gap": 1.7712350832608272, "gap_ranges": [[0.699670827193104, 0.712174375973011]], "gap_range_of_max": [0.699670827193104, 0.712174375973011], "strict_calculated": true, "gap": [1.7712350832608272], "fill_fraction": 0.204578}