{"number": 7, "international": "Pc", "std_positions": [[0.012, 0.984, 0.3252], [0.012, 0.016, 0.8252], [0.5, 0.474, 0.25], [0.5, 0.526, 0.75], [0.506, 0.583, 0.029], [0.506, 0.417, 0.529], [0.792, 0.296, 0.822], [0.792, 0.704, 0.322], [0.722, 0.779, 0.747], [0.722, 0.221, 0.247], [0.307, 0.202, 0.824], [0.307, 0.798, 0.324], [0.218, 0.717, 0.748], [0.218, 0.283, 0.248], [0.011, 0.067, 0.544], [0.011, 0.933, 0.044]], "equivalent_atoms": [0, 0, 2, 2, 4, 4, 6, 6, 8, 8, 10, 10, 12, 12, 14, 14], "site_point_groups": {"a": {"name": "2a", "site_symmetry": ["1"]}}, "global_point_groups": ["m", "1"], "wyckoffs": ["a", "a", "a", "a", "a", "a", "a", "a", "a", "a", "a", "a", "a", "a", "a", "a"], "std_lattice": [[1.0, 0.0, 0.0], [0.0, 0.9776957732, 0.0], [-0.043299563, 0.0, 1.4529274108]]}