{"fill_fraction": 0.425125, "band_nos": [8], "mid_gap_of_max": 0.385161090409638, "gap_range_of_max": [0.384346849203521, 0.385975331615755], "mid_gaps": [0.385161090409638], "strict_calculated": true, "max_gap": 0.4228055358606171, "gap_ranges": [[0.384346849203521, 0.385975331615755]], "gap": [0.4228055358606171]}