{"gap_ranges": [[0.3172221606676347, 0.3668408994459571]], "fill_fraction": 0.272802, "mid_gaps": [0.3420315300567959], "mid_gap_of_max": 0.3420315300567959, "band_nos": [4], "gap": [14.507065699493529], "gap_range_of_max": [0.3172221606676347, 0.3668408994459571], "max_gap": 14.507065699493529, "_status": {"tP12-PNO_r-1/f2b57ed8/strict-mpb-t/0000/5a3220a5a2cfd03c60240fc7f0e499cb": 1, "tP12-PNO_r-1/f2b57ed8/store_strict/0000/61cb59b4bd70bf2507e65e9ca7614c2a": 1, "tP12-PNO_r-1/f2b57ed8/store_data/0000/104c751ab955377f516131ffa7e87886": 1, "tP12-PNO_r-1/f2b57ed8/store_fill/0000/15922a5ae758b4cfd5d904ab499220e0": 1, "tP12-PNO_r-1/f2b57ed8/mpb-tP12-PNO/0000/8ff0420995addb99598d9d50026bbfcf": 1, "tP12-PNO_r-1/f2b57ed8/check_runnin/0000/7b404588cbc12d6d33190a5f244b8802": 1}}