{"gap_ranges": [[0.558142492081487, 0.5723505738459816]], "gap_range_of_max": [0.558142492081487, 0.5723505738459816], "mid_gaps": [0.5652465329637344], "band_nos": [4], "gap": [2.513607945545078], "fill_fraction": 0.203177, "mid_gap_of_max": 0.5652465329637344, "max_gap": 2.513607945545078}