{"max_gap": 4.704965971340899, "gap_range_of_max": [0.64536425230862, 0.6764599415700933], "gap_ranges": [[0.64536425230862, 0.6764599415700933]], "fill_fraction": 0.144357, "mid_gap_of_max": 0.6609120969393567, "strict_calculated": true, "band_nos": [14], "mid_gaps": [0.6609120969393567], "gap": [4.704965971340899]}