{"gap": [1.109190838278441, 1.182272256461692], "gap_ranges": [[0.284480315618528, 0.28765334267879883], [0.369735740360733, 0.3741330173340894]], "mid_gap_of_max": 0.3719343788474112, "max_gap": 1.182272256461692, "band_nos": [2, 5], "mid_gaps": [0.28606682914866344, 0.3719343788474112], "strict_calculated": true, "fill_fraction": 0.386954, "gap_range_of_max": [0.369735740360733, 0.3741330173340894]}