{"fill_fraction": 0.455813, "mid_gap_of_max": 0.46705486990584905, "max_gap": 11.745596067180513, "band_nos": [8], "gap_range_of_max": [0.4396256806902308, 0.4944840591214673], "gap": [11.745596067180513], "mid_gaps": [0.46705486990584905], "gap_ranges": [[0.4396256806902308, 0.4944840591214673]]}