{"gap_ranges": [[0.300717357507666, 0.36130150179985937]], "mid_gap_of_max": 0.3310094296537627, "gap_range_of_max": [0.300717357507666, 0.36130150179985937], "max_gap": 18.302845437232463, "band_nos": [4], "mid_gaps": [0.3310094296537627], "fill_fraction": 0.331308, "gap": [18.302845437232463]}