{"gap_ranges": [[0.4109982643673595, 0.44770060146844043], [0.623315657022608, 0.6241571058891635]], "max_gap": 8.54836044655941, "mid_gaps": [0.42934943291789995, 0.6237363814558858], "gap_range_of_max": [0.4109982643673595, 0.44770060146844043], "band_nos": [2, 8], "mid_gap_of_max": 0.42934943291789995, "gap": [8.54836044655941, 0.13490456730950343], "strict_calculated": true, "fill_fraction": 0.222428}