{"gap_range_of_max": [0.368934261187954, 0.4625523989971059], "gap_ranges": [[0.368934261187954, 0.4625523989971059]], "mid_gaps": [0.41574333009252995], "gap": [22.51825369953991], "mid_gap_of_max": 0.41574333009252995, "max_gap": 22.51825369953991, "fill_fraction": 0.207365, "band_nos": [2]}