{"gap_ranges": [[0.44543730349328, 0.4520406700349504]], "mid_gap_of_max": 0.44873898676411517, "max_gap": 1.4715384079477398, "band_nos": [8], "fill_fraction": 0.617828, "mid_gaps": [0.44873898676411517], "gap": [1.4715384079477398], "gap_range_of_max": [0.44543730349328, 0.4520406700349504]}