{"mid_gaps": [0.47363455795317705], "band_nos": [4], "gap_ranges": [[0.470682406323913, 0.4765867095824411]], "gap": [1.246594691916685], "_status": {"mP12-SiO2_r-/9acc11a7/store_data/0000/e866cc655b9aa35d5b48bafaaf7a8edc": 1, "mP12-SiO2_r-/9acc11a7/store_fill/0000/15b2949d84db272eee8566a8aef8f167": 1, "mP12-SiO2_r-/9acc11a7/strict-mpb-m/0000/8e51d708af15dd6a85a5e9013d6ea16a": 1, "mP12-SiO2_r-/9acc11a7/mpb-mP12-SiO/0000/b241db8c4a7333e58072ea5b29436e37": 4, "mP12-SiO2_r-/9acc11a7/store_strict/0000/94a6e0e4c145887f403cf4adfabf791a": 1, "mP12-SiO2_r-/9acc11a7/check_runnin/0000/5cbba9be15a2c0822c819922812b14c7": 1}, "max_gap": 1.246594691916685, "gap_range_of_max": [0.470682406323913, 0.4765867095824411], "fill_fraction": 0.208638, "run_me": true, "mid_gap_of_max": 0.47363455795317705}