{"max_gap": 4.510353804340139, "gap_ranges": [[0.996091600042092, 1.04205542089043]], "gap_range_of_max": [0.996091600042092, 1.04205542089043], "mid_gaps": [1.019073510466261], "band_nos": [12], "fill_fraction": 0.05569, "mid_gap_of_max": 1.019073510466261, "gap": [4.510353804340139]}