{"gap": [0.984346765940847], "gap_ranges": [[0.355748138591813, 0.359267254038481]], "max_gap": 0.984346765940847, "mid_gap_of_max": 0.357507696315147, "fill_fraction": 0.663482, "band_nos": [8], "gap_range_of_max": [0.355748138591813, 0.359267254038481], "mid_gaps": [0.357507696315147]}