{"mid_gaps": [0.45357453566065026], "mid_gap_of_max": 0.45357453566065026, "gap_range_of_max": [0.4359217193834979, 0.47122735193780263], "strict_calculated": true, "band_nos": [8], "max_gap": 7.7838656667267605, "fill_fraction": 0.512605, "gap": [7.7838656667267605], "gap_ranges": [[0.4359217193834979, 0.47122735193780263]]}