{"mid_gaps": [0.44055911454977614], "mid_gap_of_max": 0.44055911454977614, "band_nos": [8], "gap": [1.285107394372238], "gap_ranges": [[0.437728285670946, 0.4433899434286062]], "strict_calculated": true, "gap_range_of_max": [0.437728285670946, 0.4433899434286062], "fill_fraction": 0.294624, "max_gap": 1.285107394372238}