{"gap": [12.040782233958886], "band_nos": [8], "gap_ranges": [[0.34850799730337, 0.39315926742672574]], "mid_gaps": [0.37083363236504785], "gap_range_of_max": [0.34850799730337, 0.39315926742672574], "strict_calculated": true, "mid_gap_of_max": 0.37083363236504785, "fill_fraction": 0.509003, "max_gap": 12.040782233958886}