{"mid_gaps": [0.6235909179478804], "fill_fraction": 0.377504, "max_gap": 12.108302780219256, "mid_gap_of_max": 0.6235909179478804, "gap": [12.108302780219256], "gap_range_of_max": [0.585837779720341, 0.6613440561754197], "gap_ranges": [[0.585837779720341, 0.6613440561754197]], "band_nos": [12]}