{"gap_range_of_max": [0.488380878976851, 0.5111094870002572], "gap_ranges": [[0.488380878976851, 0.5111094870002572]], "mid_gap_of_max": 0.4997451829885541, "gap": [4.548039440317344], "band_nos": [4], "mid_gaps": [0.4997451829885541], "fill_fraction": 0.114731, "max_gap": 4.548039440317344}