{"gap_ranges": [[0.4916653875361428, 0.5439588371454762]], "max_gap": 10.098923598549442, "band_nos": [8], "mid_gap_of_max": 0.5178121123408095, "mid_gaps": [0.5178121123408095], "fill_fraction": 0.447371, "gap": [10.098923598549442], "gap_range_of_max": [0.4916653875361428, 0.5439588371454762]}