{"gap": [4.600612377708322], "gap_range_of_max": [0.233816752246115, 0.2448270246690608], "band_nos": [2], "max_gap": 4.600612377708322, "gap_ranges": [[0.233816752246115, 0.2448270246690608]], "mid_gap_of_max": 0.2393218884575879, "fill_fraction": 0.633032, "mid_gaps": [0.2393218884575879]}