{
  "basis": [
    [
      0.0625,
      0.0625,
      -0.0625
    ],
    [
      -0.4375,
      -0.4375,
      0.4375
    ],
    [
      -0.1875,
      0.23,
      0.27
    ],
    [
      0.23,
      0.395,
      -0.3125
    ],
    [
      0.395,
      -0.1875,
      0.105
    ],
    [
      0.3125,
      -0.105,
      -0.395
    ],
    [
      -0.105,
      -0.27,
      0.1875
    ],
    [
      -0.27,
      0.3125,
      -0.23
    ]
  ],
  "lattice_vectors": [
    [
      0.4855579958,
      0.2803370396,
      0.8280365795
    ],
    [
      -0.4855579958,
      0.2803370396,
      0.8280365795
    ],
    [
      0.0,
      -0.5606740792,
      0.8280365795
    ]
  ],
  "structure": "hR8-ZrCoF6",
  "nbands": 20
}