{"mid_gap_of_max": 0.6894871714798088, "mid_gaps": [0.6894871714798088], "run_me": true, "gap": [1.2920739640519632], "_status": {"mP24-SiO2_r-/44e928ca/store_data/0000/ae405b1a4d89cb5e29109e0956d63eb0": 1, "mP24-SiO2_r-/44e928ca/store_strict/0000/fa63930eec0c79e0f741e8260e2f7b99": 1, "mP24-SiO2_r-/44e928ca/store_fill/0000/4d4ab78d485f3df338fde1873316515b": 1, "mP24-SiO2_r-/44e928ca/mpb-mP24-SiO/0000/500f3f1511b88e98130d36f72c41fcc3": 1, "mP24-SiO2_r-/44e928ca/strict-mpb-m/0000/f82f2cd6e035f52c6b21224451b182c7": 1, "mP24-SiO2_r-/44e928ca/check_runnin/0000/4fe3067ec125bc199d4389f52a580541": 1}, "max_gap": 1.2920739640519632, "gap_range_of_max": [0.685032829365724, 0.6939415135938937], "gap_ranges": [[0.685032829365724, 0.6939415135938937]], "fill_fraction": 0.29236, "band_nos": [8]}