{
  "structure": "hP3-Sm_r",
  "basis": [
    [
      0.45,
      0.0,
      0.3333333333333333
    ],
    [
      0.0,
      0.45,
      0.6666666666666666
    ],
    [
      0.55,
      0.55,
      0.0
    ]
  ],
  "nbands": 20,
  "lattice_vectors": [
    [
      1.0,
      0.0,
      0.0
    ],
    [
      -0.5,
      0.8660254038,
      0.0
    ],
    [
      0.0,
      0.0,
      2.3692087587
    ]
  ]
}