{"gap_range_of_max": [0.42789297132836, 0.4493257345769524], "mid_gap_of_max": 0.43860935295265624, "fill_fraction": 0.386042, "gap": [4.8865267245920645], "mid_gaps": [0.43860935295265624], "band_nos": [16], "max_gap": 4.8865267245920645, "gap_ranges": [[0.42789297132836, 0.4493257345769524]]}