{"gap_range_of_max": [0.2407933267981959, 0.25046771765651543], "band_nos": [2], "gap_ranges": [[0.2407933267981959, 0.25046771765651543]], "strict_calculated": true, "gap": [3.9385947522290636], "fill_fraction": 0.540807, "mid_gap_of_max": 0.24563052222735565, "mid_gaps": [0.24563052222735565], "max_gap": 3.9385947522290636}