{"max_gap": 2.3775905045729524, "_status": {"hP20-CsSO3_r/9e6a89d6/strict-mpb-h/0000/97b8cf6194d6127d3e0af879bb0d2d4c": 1, "hP20-CsSO3_r/9e6a89d6/store_strict/0000/d7e688f67408f55f75efffe5964f13aa": 1, "hP20-CsSO3_r/9e6a89d6/store_fill/0000/fdd40c65ba442591ce78359882eb2821": 1, "hP20-CsSO3_r/9e6a89d6/mpb-hP20-CsS/0000/0f7cda268b8d2712df957666536f0e27": 1, "hP20-CsSO3_r/9e6a89d6/store_data/0000/7e2036b365ac8be33c610644b757fe75": 1, "hP20-CsSO3_r/9e6a89d6/check_runnin/0000/82d709cbec172e5c370874720fd4e542": 1}, "band_nos": [12, 18], "gap_range_of_max": [0.528107381360564, 0.5408146760294599], "fill_fraction": 0.229862, "mid_gaps": [0.534461028695012, 0.6223460061563375], "mid_gap_of_max": 0.534461028695012, "gap": [2.3775905045729524, 0.021550605618343724], "gap_ranges": [[0.528107381360564, 0.5408146760294599], [0.622278946489653, 0.622413065823022]]}