{"mid_gap_of_max": 0.45274440517212455, "gap_ranges": [[0.427361967155054, 0.47812684318919507]], "mid_gaps": [0.45274440517212455], "max_gap": 11.21270090899097, "fill_fraction": 0.260045, "gap": [11.21270090899097], "gap_range_of_max": [0.427361967155054, 0.47812684318919507], "band_nos": [2]}