{
  "basis": [
    [
      0.0631,
      0.1826,
      0.999
    ],
    [
      0.9369,
      0.8174,
      0.001
    ],
    [
      0.999,
      0.0631,
      0.1826
    ],
    [
      0.001,
      0.9369,
      0.8174
    ],
    [
      0.1826,
      0.999,
      0.0631
    ],
    [
      0.8174,
      0.001,
      0.9369
    ],
    [
      0.0631,
      0.1826,
      0.99
    ],
    [
      0.9369,
      0.8174,
      0.01
    ],
    [
      0.99,
      0.0631,
      0.1826
    ],
    [
      0.01,
      0.9369,
      0.8174
    ],
    [
      0.1826,
      0.99,
      0.0631
    ],
    [
      0.8174,
      0.01,
      0.9369
    ],
    [
      0.141,
      0.4059,
      0.9983
    ],
    [
      0.859,
      0.5941,
      0.0017
    ],
    [
      0.9983,
      0.141,
      0.4059
    ],
    [
      0.0017,
      0.859,
      0.5941
    ],
    [
      0.4059,
      0.9983,
      0.141
    ],
    [
      0.5941,
      0.0017,
      0.859
    ]
  ],
  "lattice_vectors": [
    [
      1.0,
      0.0,
      0.0
    ],
    [
      -0.0314108123,
      0.9995065587,
      0.0
    ],
    [
      -0.0314108123,
      -0.0324134456,
      0.9989808454
    ]
  ],
  "nbands": 20,
  "structure": "hR18-BNCl"
}