{"strict_calculated": true, "gap_range_of_max": [0.2781945578564084, 0.3702103846745347], "gap": [28.3822101845669], "band_nos": [2], "gap_ranges": [[0.2781945578564084, 0.3702103846745347]], "max_gap": 28.3822101845669, "mid_gaps": [0.3242024712654715], "mid_gap_of_max": 0.3242024712654715, "fill_fraction": 0.315498}