{"max_gap": 1.030776709939192, "fill_fraction": 0.1159, "gap_ranges": [[0.666870415081919, 0.6737799710529134]], "mid_gap_of_max": 0.6703251930674162, "gap_range_of_max": [0.666870415081919, 0.6737799710529134], "gap": [1.030776709939192], "mid_gaps": [0.6703251930674162], "band_nos": [18]}