{"gap": [11.57098439441057], "gap_range_of_max": [0.2454911242006376, 0.2756411937954143], "band_nos": [2], "max_gap": 11.57098439441057, "gap_ranges": [[0.2454911242006376, 0.2756411937954143]], "mid_gap_of_max": 0.26056615899802593, "fill_fraction": 0.53988, "mid_gaps": [0.26056615899802593]}