{"mid_gap_of_max": 0.6713153819883491, "gap_range_of_max": [0.67043808142154, 0.6721926825551581], "fill_fraction": 0.197604, "gap_ranges": [[0.67043808142154, 0.6721926825551581]], "mid_gaps": [0.6713153819883491], "gap": [0.2613676344518019], "_status": {"hP3-MgO2-12/a1f77dab/store_data/0000/526b7f7da1f9315ca280c9cf1edffb5d": 1, "hP3-MgO2-12/a1f77dab/mpb-hP3-MgO2/0000/890d1cea0314a6e570d732826877950f": 1, "hP3-MgO2-12/a1f77dab/strict-mpb-h/0000/bc4cfdd60021a6aaf5067a800ef09bb1": 1, "hP3-MgO2-12/a1f77dab/check_runnin/0000/b30a7b24bbd0747b7845482020d9e879": 1, "hP3-MgO2-12/a1f77dab/store_strict/0000/a3231eddd7bc5c96f05150361c40c1ed": 1, "hP3-MgO2-12/a1f77dab/store_fill/0000/47b4ecd43a98e92983c1294ee04c9d96": 1}, "band_nos": [16], "max_gap": 0.2613676344518019}