{"band_nos": [16], "max_gap": 5.857528443952195, "gap_range_of_max": [0.726959970519125, 0.7708266079509161], "gap_ranges": [[0.726959970519125, 0.7708266079509161]], "fill_fraction": 0.13311, "mid_gaps": [0.7488932892350205], "mid_gap_of_max": 0.7488932892350205, "strict_calculated": true, "gap": [5.857528443952195]}