{"mid_gap_of_max": 0.4533397537092742, "band_nos": [2], "gap": [28.2656373601211], "fill_fraction": 0.130372, "gap_ranges": [[0.389270068312909, 0.5174094391056394]], "gap_range_of_max": [0.389270068312909, 0.5174094391056394], "max_gap": 28.2656373601211, "mid_gaps": [0.4533397537092742]}