{"fill_fraction": 0.217897, "band_nos": [2], "mid_gaps": [0.427052938623878], "gap_range_of_max": [0.37691134136728, 0.477194535880476], "max_gap": 23.482614318577223, "mid_gap_of_max": 0.427052938623878, "gap": [23.482614318577223], "gap_ranges": [[0.37691134136728, 0.477194535880476]]}