{"band_nos": [2], "gap_range_of_max": [0.449175038106773, 0.5053481250641455], "max_gap": 11.769874032342008, "mid_gap_of_max": 0.4772615815854593, "gap_ranges": [[0.449175038106773, 0.5053481250641455]], "mid_gaps": [0.4772615815854593], "gap": [11.769874032342008], "fill_fraction": 0.253417}