{"mid_gap_of_max": 0.5072964473622488, "band_nos": [2], "max_gap": 1.6687863214038736, "fill_fraction": 0.245139, "mid_gaps": [0.5072964473622488], "gap_range_of_max": [0.503063600500974, 0.5115292942235237], "gap_ranges": [[0.503063600500974, 0.5115292942235237]], "gap": [1.6687863214038736]}