{"mid_gap_of_max": 0.337228938687582, "band_nos": [2, 8], "gap": [26.280595730525047, 0.40641498610994176], "fill_fraction": 0.293836, "gap_ranges": [[0.2929160516561702, 0.38154182571899387], [0.508414498551342, 0.5104849786356848]], "gap_range_of_max": [0.2929160516561702, 0.38154182571899387], "max_gap": 26.280595730525047, "mid_gaps": [0.337228938687582, 0.5094497385935134]}