{"gap_ranges": [[0.503976742069277, 0.5561177552278715]], "max_gap": 9.837050053846047, "fill_fraction": 0.072323, "mid_gap_of_max": 0.5300472486485743, "mid_gaps": [0.5300472486485743], "gap": [9.837050053846047], "band_nos": [2], "gap_range_of_max": [0.503976742069277, 0.5561177552278715]}