{"fill_fraction": 0.288478, "inspect": true, "gap": [1.8480462588660949], "max_gap": 1.8480462588660949, "band_nos": [6], "gap_ranges": [[0.6442654601460369, 0.656282827129912]], "gap_range_of_max": [0.6442654601460369, 0.656282827129912], "mid_gaps": [0.6502741436379744], "mid_gap_of_max": 0.6502741436379744}