{"gap_range_of_max": [0.298482064060054, 0.3098079430292802], "gap_ranges": [[0.298482064060054, 0.3098079430292802]], "fill_fraction": 0.447952, "max_gap": 3.7238418639886377, "gap": [3.7238418639886377], "band_nos": [2], "mid_gaps": [0.3041450035446671], "mid_gap_of_max": 0.3041450035446671}