{"mid_gaps": [0.22504937280867643], "strict_calculated": true, "mid_gap_of_max": 0.22504937280867643, "max_gap": 4.69075953480097, "gap_range_of_max": [0.21977111035216, 0.23032763526519284], "gap": [4.69075953480097], "gap_ranges": [[0.21977111035216, 0.23032763526519284]], "fill_fraction": 0.613902, "band_nos": [2]}