{"fill_fraction": 0.304368, "gap_range_of_max": [0.401887703886249, 0.4358061215862225], "mid_gap_of_max": 0.41884691273623575, "gap": [8.098046486338196], "mid_gaps": [0.41884691273623575], "max_gap": 8.098046486338196, "band_nos": [2], "gap_ranges": [[0.401887703886249, 0.4358061215862225]]}