{"mid_gap_of_max": 0.32894595213571126, "band_nos": [2], "gap_range_of_max": [0.299617360365924, 0.3582745439054985], "fill_fraction": 0.38635, "gap": [17.8318605712388], "gap_ranges": [[0.299617360365924, 0.3582745439054985]], "max_gap": 17.8318605712388, "mid_gaps": [0.32894595213571126]}