{"gap": [1.946716692670325], "strict_calculated": true, "mid_gap_of_max": 0.2189105378949287, "max_gap": 1.946716692670325, "gap_range_of_max": [0.2167797539033212, 0.22104132188653625], "mid_gaps": [0.2189105378949287], "gap_ranges": [[0.2167797539033212, 0.22104132188653625]], "fill_fraction": 0.647208, "band_nos": [2]}