{"max_gap": 9.09363337699698, "gap_ranges": [[0.60381291056071, 0.6613369558198204]], "gap_range_of_max": [0.60381291056071, 0.6613369558198204], "gap": [9.09363337699698], "mid_gaps": [0.6325749331902653], "band_nos": [12], "fill_fraction": 0.275995, "mid_gap_of_max": 0.6325749331902653}