{"mid_gap_of_max": 0.3423439724370583, "mid_gaps": [0.3423439724370583], "gap_ranges": [[0.3217955977975495, 0.362892347076567]], "fill_fraction": 0.343482, "gap_range_of_max": [0.3217955977975495, 0.362892347076567], "band_nos": [2], "max_gap": 12.004519602451381, "gap": [12.004519602451381]}