{"gap": [2.0917534583883683], "gap_range_of_max": [0.376811936462385, 0.38477722022423744], "band_nos": [4], "mid_gaps": [0.3807945783433112], "gap_ranges": [[0.376811936462385, 0.38477722022423744]], "max_gap": 2.0917534583883683, "mid_gap_of_max": 0.3807945783433112, "run_me": true, "fill_fraction": 0.245649}