{"gap_ranges": [[0.503902568123408, 0.5856811513344545]], "mid_gaps": [0.5447918597289312], "band_nos": [8], "fill_fraction": 0.388297, "gap": [15.010977449577888], "max_gap": 15.010977449577888, "gap_range_of_max": [0.503902568123408, 0.5856811513344545], "mid_gap_of_max": 0.5447918597289312}