{"max_gap": 31.031793434884985, "fill_fraction": 0.190555, "band_nos": [2], "mid_gaps": [0.3994287932618461], "gap_ranges": [[0.337453834239611, 0.4614037522840812]], "mid_gap_of_max": 0.3994287932618461, "gap": [31.031793434884985], "gap_range_of_max": [0.337453834239611, 0.4614037522840812]}