{"gap_ranges": [[0.25294082163928, 0.25470478462164575], [0.2529408216392801, 0.25470478462164575]], "fill_fraction": 0.663242, "band_nos": [2], "max_gap": 0.6949584358104036, "mid_gap_of_max": 0.2538228031304629, "gap_range_of_max": [0.2529408216392801, 0.25470478462164575], "gap": [0.694958435810272, 0.6949584358104036], "mid_gaps": [0.2538228031304629, 0.2538228031304629]}