{"gap_range_of_max": [0.36103219717446, 0.4098670012343836], "max_gap": 12.669569292773096, "band_nos": [4], "gap": [12.669569292773096], "mid_gap_of_max": 0.3854495992044218, "fill_fraction": 0.278686, "gap_ranges": [[0.36103219717446, 0.4098670012343836]], "mid_gaps": [0.3854495992044218]}