{"gap_ranges": [[0.3360937188187954, 0.3672445677505694]], "gap": [8.85799892501708], "fill_fraction": 0.390003, "max_gap": 8.85799892501708, "gap_range_of_max": [0.3360937188187954, 0.3672445677505694], "mid_gaps": [0.3516691432846824], "mid_gap_of_max": 0.3516691432846824, "band_nos": [4]}