{"max_gap": 0.8414470969800764, "_status": {"oP6-NaO2_r-8/a5a76056/store_fill/0000/58379c093d62a89a08a5f7d4d8835c0b": 1, "oP6-NaO2_r-8/a5a76056/check_runnin/0000/524867e73c7ed1dbffc78b93ff94cc4f": 1, "oP6-NaO2_r-8/a5a76056/mpb-oP6-NaO2/0000/f0568c2a1e0ccec5dfe95913119aa828": 1, "oP6-NaO2_r-8/a5a76056/store_strict/0000/7bdfd8d3cb463bff639842307ff7d82e": 1, "oP6-NaO2_r-8/a5a76056/strict-mpb-o/0000/057a2c9a6b4525b9ca5bafadc729e83f": 1, "oP6-NaO2_r-8/a5a76056/store_data/0000/09c456e25bc727b77459bc5a73185be1": 1}, "gap_ranges": [[0.654194160353504, 0.659722115533605]], "fill_fraction": 0.197209, "gap": [0.8414470969800764], "run_me": true, "mid_gaps": [0.6569581379435545], "mid_gap_of_max": 0.6569581379435545, "band_nos": [8], "gap_range_of_max": [0.654194160353504, 0.659722115533605]}