{"mid_gaps": [0.32407006363751456], "band_nos": [4], "mid_gap_of_max": 0.32407006363751456, "gap": [10.839237809618878], "fill_fraction": 0.385539, "gap_ranges": [[0.3065067012037878, 0.3416334260712413]], "max_gap": 10.839237809618878, "gap_range_of_max": [0.3065067012037878, 0.3416334260712413]}