{
  "nbands": 20,
  "structure": "oP27-U0.75Mo5O16_r",
  "basis": [
    [
      -0.3703703704,
      -0.4259259259,
      -0.4074074074
    ],
    [
      0.5335296296,
      0.3242740741,
      0.2726925926
    ],
    [
      0.5335296296,
      -0.1761259259,
      -0.0875074074
    ],
    [
      -0.2742703704,
      -0.1761259259,
      0.2726925926
    ],
    [
      -0.2742703704,
      0.3242740741,
      -0.0875074074
    ],
    [
      -0.2742703704,
      0.0740740741,
      -0.4074074074
    ],
    [
      0.5335296296,
      0.0740740741,
      -0.4074074074
    ],
    [
      -0.2742703704,
      0.3242740741,
      0.2606925926
    ],
    [
      -0.2742703704,
      -0.1761259259,
      -0.0755074074
    ],
    [
      0.5335296296,
      -0.1761259259,
      0.2606925926
    ],
    [
      0.5335296296,
      0.3242740741,
      -0.0755074074
    ],
    [
      0.1296296296,
      -0.4259259259,
      -0.4074074074
    ],
    [
      0.1296296296,
      0.0740740741,
      -0.4074074074
    ],
    [
      0.6256296296,
      0.2660740741,
      0.4645925926
    ],
    [
      0.6256296296,
      -0.1179259259,
      -0.2794074074
    ],
    [
      -0.3663703704,
      -0.1179259259,
      0.4645925926
    ],
    [
      -0.3663703704,
      0.2660740741,
      -0.2794074074
    ],
    [
      -0.3703703704,
      -0.4259259259,
      0.3385925926
    ],
    [
      -0.3703703704,
      -0.4259259259,
      -0.1534074074
    ],
    [
      -0.3703703704,
      0.0740740741,
      0.2375925926
    ],
    [
      -0.3703703704,
      0.0740740741,
      -0.0524074074
    ],
    [
      0.1276296296,
      0.3270740741,
      0.2745925926
    ],
    [
      0.1276296296,
      -0.1789259259,
      -0.0894074074
    ],
    [
      0.1316296296,
      -0.1789259259,
      0.2745925926
    ],
    [
      0.1316296296,
      0.3270740741,
      -0.0894074074
    ],
    [
      -0.3703703704,
      0.3870740741,
      0.0925925926
    ],
    [
      -0.3703703704,
      -0.2389259259,
      0.0925925926
    ]
  ],
  "lattice_vectors": [
    [
      1.0,
      0.0,
      0.0
    ],
    [
      0.0,
      1.7502312969,
      0.0
    ],
    [
      0.0,
      0.0,
      2.4102838714
    ]
  ]
}