{
  "structure": "tP72-Ce2Te7",
  "nbands": 20,
  "basis": [
    [
      0.3075555556,
      0.0465555556,
      -0.1669722222
    ],
    [
      -0.1964444444,
      0.0645555556,
      -0.1669722222
    ],
    [
      0.0645555556,
      0.3075555556,
      -0.1669722222
    ],
    [
      0.0465555556,
      -0.1964444444,
      -0.1669722222
    ],
    [
      0.2775555556,
      0.0715555556,
      -0.1699722222
    ],
    [
      -0.1664444444,
      0.0395555556,
      -0.1699722222
    ],
    [
      0.0395555556,
      0.2775555556,
      -0.1699722222
    ],
    [
      0.0715555556,
      -0.1664444444,
      -0.1699722222
    ],
    [
      -0.4364444444,
      0.3035555556,
      -0.1679722222
    ],
    [
      0.5475555556,
      -0.1924444444,
      -0.1679722222
    ],
    [
      -0.1924444444,
      -0.4364444444,
      -0.1679722222
    ],
    [
      0.3035555556,
      0.5475555556,
      -0.1679722222
    ],
    [
      0.5335555556,
      0.3455555556,
      -0.1639722222
    ],
    [
      -0.4224444444,
      -0.2344444444,
      -0.1639722222
    ],
    [
      -0.2344444444,
      0.5335555556,
      -0.1639722222
    ],
    [
      0.3455555556,
      -0.4224444444,
      -0.1639722222
    ],
    [
      -0.4244444444,
      0.3015555556,
      0.3330277778
    ],
    [
      0.5355555556,
      -0.1904444444,
      0.3330277778
    ],
    [
      -0.1904444444,
      -0.4244444444,
      0.3330277778
    ],
    [
      0.3015555556,
      0.5355555556,
      0.3330277778
    ],
    [
      0.5505555556,
      0.3195555556,
      0.3300277778
    ],
    [
      -0.4394444444,
      -0.2084444444,
      0.3300277778
    ],
    [
      -0.2084444444,
      0.5505555556,
      0.3300277778
    ],
    [
      0.3195555556,
      -0.4394444444,
      0.3300277778
    ],
    [
      0.5535555556,
      0.2805555556,
      0.3380277778
    ],
    [
      -0.4424444444,
      -0.1694444444,
      0.3380277778
    ],
    [
      -0.1694444444,
      0.5535555556,
      0.3380277778
    ],
    [
      0.2805555556,
      -0.4424444444,
      0.3380277778
    ],
    [
      0.3155555556,
      0.0535555556,
      0.3310277778
    ],
    [
      -0.2044444444,
      0.0575555556,
      0.3310277778
    ],
    [
      0.0575555556,
      0.3155555556,
      0.3310277778
    ],
    [
      0.0535555556,
      -0.2044444444,
      0.3310277778
    ],
    [
      0.2985555556,
      0.0365555556,
      0.3330277778
    ],
    [
      -0.1874444444,
      0.0745555556,
      0.3330277778
    ],
    [
      0.0745555556,
      0.2985555556,
      0.3330277778
    ],
    [
      0.0365555556,
      -0.1874444444,
      0.3330277778
    ],
    [
      0.2865555556,
      0.0685555556,
      0.3430277778
    ],
    [
      -0.1754444444,
      0.0425555556,
      0.3430277778
    ],
    [
      0.0425555556,
      0.2865555556,
      0.3430277778
    ],
    [
      0.0685555556,
      -0.1754444444,
      0.3430277778
    ],
    [
      0.0555555556,
      0.0555555556,
      0.1490277778
    ],
    [
      0.0555555556,
      0.0555555556,
      -0.3509722222
    ],
    [
      -0.4444444444,
      -0.4444444444,
      0.1490277778
    ],
    [
      -0.4444444444,
      -0.4444444444,
      -0.3509722222
    ],
    [
      0.0555555556,
      -0.4444444444,
      0.1500277778
    ],
    [
      -0.4444444444,
      0.0555555556,
      0.1500277778
    ],
    [
      0.0555555556,
      -0.4444444444,
      -0.3509722222
    ],
    [
      -0.4444444444,
      0.0555555556,
      -0.3509722222
    ],
    [
      0.3065555556,
      0.3045555556,
      0.0170277778
    ],
    [
      -0.1954444444,
      -0.1934444444,
      0.0170277778
    ],
    [
      -0.1934444444,
      0.3065555556,
      0.0170277778
    ],
    [
      0.3045555556,
      -0.1954444444,
      0.0170277778
    ],
    [
      0.3055555556,
      0.3045555556,
      -0.4829722222
    ],
    [
      -0.1944444444,
      -0.1934444444,
      -0.4829722222
    ],
    [
      -0.1934444444,
      0.3055555556,
      -0.4829722222
    ],
    [
      0.3045555556,
      -0.1944444444,
      -0.4829722222
    ],
    [
      0.0555555556,
      0.0555555556,
      -0.0309722222
    ],
    [
      0.0555555556,
      0.0555555556,
      -0.5309722222
    ],
    [
      -0.4444444444,
      -0.4444444444,
      -0.0309722222
    ],
    [
      -0.4444444444,
      -0.4444444444,
      -0.5309722222
    ],
    [
      0.0555555556,
      -0.4444444444,
      -0.0309722222
    ],
    [
      -0.4444444444,
      0.0555555556,
      -0.0309722222
    ],
    [
      0.0555555556,
      -0.4444444444,
      -0.5309722222
    ],
    [
      -0.4444444444,
      0.0555555556,
      -0.5309722222
    ],
    [
      0.3075555556,
      0.3025555556,
      0.1950277778
    ],
    [
      -0.1964444444,
      -0.1914444444,
      0.1950277778
    ],
    [
      -0.1914444444,
      0.3075555556,
      0.1950277778
    ],
    [
      0.3025555556,
      -0.1964444444,
      0.1950277778
    ],
    [
      0.3085555556,
      0.3035555556,
      -0.3049722222
    ],
    [
      -0.1974444444,
      -0.1924444444,
      -0.3049722222
    ],
    [
      -0.1924444444,
      0.3085555556,
      -0.3049722222
    ],
    [
      0.3035555556,
      -0.1974444444,
      -0.3049722222
    ]
  ],
  "lattice_vectors": [
    [
      1.0,
      0.0,
      0.0
    ],
    [
      0.0,
      1.0,
      0.0
    ],
    [
      0.0,
      0.0,
      2.0241177042
    ]
  ]
}