{"mid_gap_of_max": 0.37141580747118585, "max_gap": 0.3677383395575846, "gap": [0.3677383395575846], "gap_ranges": [[0.370732888309561, 0.37209872663281074]], "fill_fraction": 0.336155, "gap_range_of_max": [0.370732888309561, 0.37209872663281074], "mid_gaps": [0.37141580747118585], "run_me": true, "band_nos": [4]}