{"gap_ranges": [[0.5518207091847569, 0.5856862579044692]], "max_gap": 5.954345722623753, "band_nos": [8], "gap": [5.954345722623753], "mid_gap_of_max": 0.5687534835446131, "fill_fraction": 0.288948, "mid_gaps": [0.5687534835446131], "gap_range_of_max": [0.5518207091847569, 0.5856862579044692]}