{"max_gap": 4.942224588381037, "gap_ranges": [[0.528935423756683, 0.5557389454459838]], "gap_range_of_max": [0.528935423756683, 0.5557389454459838], "mid_gaps": [0.5423371846013334], "band_nos": [12], "fill_fraction": 0.406106, "mid_gap_of_max": 0.5423371846013334, "gap": [4.942224588381037]}