{"gap_range_of_max": [0.368937494686081, 0.433981475895741], "max_gap": 16.201879291138532, "fill_fraction": 0.346523, "mid_gaps": [0.401459485290911], "gap": [16.201879291138532], "band_nos": [2], "mid_gap_of_max": 0.401459485290911, "gap_ranges": [[0.368937494686081, 0.433981475895741]]}