{"gap_range_of_max": [0.2537272871419148, 0.31835466631414544], "gap": [22.593748599061314], "mid_gap_of_max": 0.2860409767280301, "mid_gaps": [0.2860409767280301], "gap_ranges": [[0.2537272871419148, 0.31835466631414544]], "max_gap": 22.593748599061314, "fill_fraction": 0.376008, "strict_calculated": true, "band_nos": [2]}