{"gap_range_of_max": [0.656389922584192, 0.6788378337888744], "gap_ranges": [[0.656389922584192, 0.6788378337888744]], "gap": [3.3624093114507847], "fill_fraction": 0.455813, "band_nos": [8], "mid_gaps": [0.6676138781865333], "mid_gap_of_max": 0.6676138781865333, "max_gap": 3.3624093114507847}