{"mid_gaps": [0.44567817500357576], "max_gap": 0.026954894100325415, "mid_gap_of_max": 0.44567817500357576, "fill_fraction": 0.203419, "gap": [0.026954894100325415], "gap_range_of_max": [0.4456181089635255, 0.445738241043626], "band_nos": [4], "gap_ranges": [[0.4456181089635255, 0.445738241043626]]}