{"fill_fraction": 0.313298, "band_nos": [8], "mid_gap_of_max": 0.4421859326748422, "gap_range_of_max": [0.433814387782296, 0.4505574775673884], "mid_gaps": [0.4421859326748422], "strict_calculated": true, "max_gap": 3.7864365525630292, "gap_ranges": [[0.433814387782296, 0.4505574775673884]], "gap": [3.7864365525630292]}