{"strict_calculated": true, "mid_gap_of_max": 0.2633491903549965, "max_gap": 1.0152322099384776, "gap_range_of_max": [0.262012387452448, 0.26468599325754505], "mid_gaps": [0.2633491903549965], "fill_fraction": 0.414714, "gap_ranges": [[0.262012387452448, 0.26468599325754505]], "band_nos": [8], "gap": [1.0152322099384776]}