{"gap_ranges": [[0.3190435252086024, 0.41495521046530937]], "band_nos": [2], "fill_fraction": 0.244146, "gap_range_of_max": [0.3190435252086024, 0.41495521046530937], "gap": [26.13401920063167], "mid_gaps": [0.36699936783695586], "mid_gap_of_max": 0.36699936783695586, "max_gap": 26.13401920063167, "strict_calculated": true}