{"mid_gap_of_max": 0.4546632939700309, "mid_gaps": [0.4546632939700309], "gap_ranges": [[0.453029319527831, 0.45629726841223084]], "fill_fraction": 0.317662, "band_nos": [4], "gap": [0.7187624177585068], "max_gap": 0.7187624177585068, "gap_range_of_max": [0.453029319527831, 0.45629726841223084]}