{
  "structure": "mC30-Al4Mo_r",
  "nbands": 20,
  "basis": [
    [
      -0.1925333333,
      -0.1925333333,
      -0.4378666667
    ],
    [
      0.1584666667,
      0.1584666667,
      0.2001333333
    ],
    [
      0.2444666667,
      0.3984666667,
      -0.2528666667
    ],
    [
      0.3984666667,
      0.2444666667,
      -0.2528666667
    ],
    [
      0.3604666667,
      -0.4035333333,
      0.2771333333
    ],
    [
      -0.4035333333,
      0.3604666667,
      0.2771333333
    ],
    [
      -0.2685333333,
      -0.0245333333,
      -0.1208666667
    ],
    [
      -0.0245333333,
      -0.2685333333,
      -0.1208666667
    ],
    [
      0.1204666667,
      -0.4095333333,
      -0.3418666667
    ],
    [
      -0.4095333333,
      0.1204666667,
      -0.3418666667
    ],
    [
      -0.0625333333,
      0.4374666667,
      0.1341333333
    ],
    [
      0.4374666667,
      -0.0625333333,
      0.1341333333
    ],
    [
      -0.3535333333,
      -0.3535333333,
      0.0521333333
    ],
    [
      -0.1395333333,
      0.1344666667,
      0.3971333333
    ],
    [
      0.1344666667,
      -0.1395333333,
      0.3971333333
    ]
  ],
  "lattice_vectors": [
    [
      0.2836123758,
      -0.9589390076,
      0.0
    ],
    [
      0.2836123758,
      0.9589390076,
      0.0
    ],
    [
      -0.1064539328,
      0.0,
      0.5538486841
    ]
  ]
}