{"fill_fraction": 0.104865, "mid_gap_of_max": 0.8062242541721625, "max_gap": 22.0836981906492, "band_nos": [8], "gap_range_of_max": [0.717202188656566, 0.895246319687759], "gap": [22.0836981906492], "mid_gaps": [0.8062242541721625], "gap_ranges": [[0.717202188656566, 0.895246319687759]]}