{"mid_gap_of_max": 0.4344117211111617, "gap_range_of_max": [0.420600116500654, 0.44822332572166945], "max_gap": 6.358762408702605, "fill_fraction": 0.266872, "gap": [6.358762408702605], "band_nos": [4], "gap_ranges": [[0.420600116500654, 0.44822332572166945]], "mid_gaps": [0.4344117211111617]}