{"gap": [3.8266688683098686], "band_nos": [8], "gap_ranges": [[0.542027775217565, 0.5631739809858917]], "max_gap": 3.8266688683098686, "gap_range_of_max": [0.542027775217565, 0.5631739809858917], "mid_gaps": [0.5526008781017283], "mid_gap_of_max": 0.5526008781017283, "fill_fraction": 0.496682}