{"fill_fraction": 0.079589, "band_nos": [2], "strict_calculated": true, "gap_range_of_max": [0.44481403938483, 0.5640775328216815], "mid_gaps": [0.5044457861032557], "mid_gap_of_max": 0.5044457861032557, "max_gap": 23.642479870460658, "gap": [23.642479870460658], "gap_ranges": [[0.44481403938483, 0.5640775328216815]]}