{"mid_gap_of_max": 0.29497538246139526, "max_gap": 2.606398614679531, "band_nos": [4], "gap": [2.606398614679531], "strict_calculated": true, "gap_ranges": [[0.2911312653203355, 0.298819499602455]], "fill_fraction": 0.363412, "gap_range_of_max": [0.2911312653203355, 0.298819499602455], "mid_gaps": [0.29497538246139526]}