{"band_nos": [18], "gap": [0.457648780122954], "strict_calculated": true, "max_gap": 0.457648780122954, "gap_range_of_max": [0.790506830203219, 0.79413287233723], "fill_fraction": 0.164376, "mid_gaps": [0.7923198512702245], "mid_gap_of_max": 0.7923198512702245, "gap_ranges": [[0.790506830203219, 0.79413287233723]]}