{
  "basis": [
    [
      0.0,
      0.5,
      0.2
    ],
    [
      0.5,
      0.0,
      0.8
    ],
    [
      0.0,
      0.25,
      0.75
    ],
    [
      0.5,
      0.75,
      0.25
    ]
  ],
  "lattice_vectors": [
    [
      1.0,
      0.0,
      0.0
    ],
    [
      0.0,
      0.9450261671,
      0.0
    ],
    [
      0.0,
      0.0,
      1.1256545199
    ]
  ],
  "nbands": 20,
  "structure": "oP4-SnO_r"
}