{"strict_calculated": true, "band_nos": [8], "gap": [13.006878614229139], "gap_range_of_max": [0.623218183938965, 0.7099178786507438], "mid_gaps": [0.6665680312948544], "gap_ranges": [[0.623218183938965, 0.7099178786507438]], "mid_gap_of_max": 0.6665680312948544, "fill_fraction": 0.152732, "max_gap": 13.006878614229139}