{"mid_gaps": [0.4753853871734891], "mid_gap_of_max": 0.4753853871734891, "strict_calculated": true, "gap": [14.764153431572739], "gap_range_of_max": [0.440292073196704, 0.5104787011502743], "band_nos": [16], "max_gap": 14.764153431572739, "fill_fraction": 0.245784, "gap_ranges": [[0.440292073196704, 0.5104787011502743]]}