{"fill_fraction": 0.265763, "gap_range_of_max": [0.419681677997689, 0.45771690578442387], "mid_gap_of_max": 0.43869929189105644, "gap": [8.66999981303368], "mid_gaps": [0.43869929189105644], "max_gap": 8.66999981303368, "band_nos": [2], "gap_ranges": [[0.419681677997689, 0.45771690578442387]]}