{"strict_calculated": true, "max_gap": 1.2455778102719173, "mid_gaps": [0.5065257903315805], "gap": [1.2455778102719173], "gap_range_of_max": [0.503371203907743, 0.509680376755418], "gap_ranges": [[0.503371203907743, 0.509680376755418]], "band_nos": [2], "fill_fraction": 0.152311, "mid_gap_of_max": 0.5065257903315805}