{
  "basis": [
    [
      0.2380952381,
      -0.2380952381,
      -0.4642857143
    ],
    [
      0.2380952381,
      -0.2380952381,
      0.0357142857
    ],
    [
      -0.3292714319,
      -0.2609285681,
      -0.2142857143
    ],
    [
      0.2609285681,
      0.2173714219,
      -0.2142857143
    ],
    [
      -0.2173714219,
      0.3292714319,
      -0.2142857143
    ],
    [
      0.2609285681,
      0.3292714319,
      0.2857142857
    ],
    [
      -0.2173714219,
      -0.2609285681,
      0.2857142857
    ],
    [
      -0.3292714319,
      0.2173714219,
      0.2857142857
    ],
    [
      -0.0952380952,
      0.0952380952,
      -0.4642857143
    ],
    [
      -0.0952380952,
      0.0952380952,
      0.0357142857
    ],
    [
      -0.1945714319,
      -0.3832285681,
      -0.2142857143
    ],
    [
      0.3832285681,
      -0.5256285781,
      -0.2142857143
    ],
    [
      0.5256285781,
      0.1945714319,
      -0.2142857143
    ],
    [
      0.3832285681,
      0.1945714319,
      0.2857142857
    ],
    [
      0.5256285781,
      -0.3832285681,
      0.2857142857
    ],
    [
      -0.1945714319,
      -0.5256285781,
      0.2857142857
    ],
    [
      -0.3156714319,
      -0.1129285681,
      -0.3439857143
    ],
    [
      0.1129285681,
      0.0829714219,
      -0.3439857143
    ],
    [
      -0.0829714219,
      0.3156714319,
      -0.3439857143
    ],
    [
      -0.3156714319,
      -0.1129285681,
      -0.0845857143
    ],
    [
      0.1129285681,
      0.0829714219,
      -0.0845857143
    ],
    [
      -0.0829714219,
      0.3156714319,
      -0.0845857143
    ],
    [
      0.1129285681,
      0.3156714319,
      0.1560142857
    ],
    [
      -0.0829714219,
      -0.1129285681,
      0.1560142857
    ],
    [
      -0.3156714319,
      0.0829714219,
      0.1560142857
    ],
    [
      0.1129285681,
      0.3156714319,
      0.4154142857
    ],
    [
      -0.0829714219,
      -0.1129285681,
      0.4154142857
    ],
    [
      -0.3156714319,
      0.0829714219,
      0.4154142857
    ]
  ],
  "structure": "hP28-Ba2Si3Ge5O18",
  "lattice_vectors": [
    [
      1.0,
      0.0,
      0.0
    ],
    [
      -0.5,
      0.8660254038,
      0.0
    ],
    [
      0.0,
      0.0,
      1.4553772324
    ]
  ],
  "nbands": 20
}