{"mid_gaps": [0.7772721666371063], "mid_gap_of_max": 0.7772721666371063, "gap_ranges": [[0.722614405749813, 0.8319299275243998]], "gap_range_of_max": [0.722614405749813, 0.8319299275243998], "band_nos": [8], "max_gap": 14.063995401706428, "fill_fraction": 0.159311, "strict_calculated": true, "gap": [14.063995401706428]}