{"band_nos": [8], "gap_ranges": [[0.571164887735339, 0.5748643781422753]], "gap": [0.6456188366364354], "gap_range_of_max": [0.571164887735339, 0.5748643781422753], "mid_gaps": [0.5730146329388072], "max_gap": 0.6456188366364354, "_status": {"oP6-NaO2_r-1/e0b25b73/store_strict/0000/45d30a04c91e926fa24a7f9f42221a3c": 1, "oP6-NaO2_r-1/e0b25b73/store_fill/0000/0d7633daf8ade5fc803a9c65c7df340c": 1, "oP6-NaO2_r-1/e0b25b73/store_data/0000/bf7d3b866aaa4f7f1711afc48cb9a549": 1, "oP6-NaO2_r-1/e0b25b73/mpb-oP6-NaO2/0000/f29f1da6e8e7aa528471c6c480b1fef5": 6, "oP6-NaO2_r-1/e0b25b73/check_runnin/0000/7f197835b643d853c02e6368b741d173": 1, "oP6-NaO2_r-1/e0b25b73/strict-mpb-o/0000/39162fbbbee5033d7cf645e8de5a466a": 1}, "mid_gap_of_max": 0.5730146329388072, "fill_fraction": 0.179464, "run_me": true}