{"mid_gaps": [0.4608738008370705], "fill_fraction": 0.173296, "mid_gap_of_max": 0.4608738008370705, "gap_range_of_max": [0.454865810847426, 0.46688179082671505], "gap": [2.607216977286255], "band_nos": [12], "gap_ranges": [[0.454865810847426, 0.46688179082671505]], "strict_calculated": true, "max_gap": 2.607216977286255}