{"gap_range_of_max": [0.875250462488931, 0.8864414952767009], "mid_gap_of_max": 0.880845978882816, "gap_ranges": [[0.875250462488931, 0.8864414952767009]], "band_nos": [12], "max_gap": 1.2704869019170653, "gap": [1.2704869019170653], "fill_fraction": 0.100527, "mid_gaps": [0.880845978882816], "_status": {"hP28-Si3N4_r/9033dd5e/check_runnin/0000/ca5371e517acdfb5a7a9db7e227f3916": 1, "hP28-Si3N4_r/9033dd5e/strict-mpb-h/0000/94101e53466b803c3f2a4718c99f55d8": 1, "hP28-Si3N4_r/9033dd5e/store_data/0000/f863048d3abaca4ce35b1115298e94a8": 1, "hP28-Si3N4_r/9033dd5e/store_strict/0000/b65279dce8013284ef0e7da7001cbefe": 1, "hP28-Si3N4_r/9033dd5e/store_fill/0000/1512a45a48f68d9f0ab13a952d479640": 1, "hP28-Si3N4_r/9033dd5e/mpb-hP28-Si3/0000/f7a360b2b4c2c4be2a7f50075c4ea85f": 1}}