{"gap_range_of_max": [0.590963869243259, 0.6016343401196161], "fill_fraction": 0.097005, "gap_ranges": [[0.590963869243259, 0.6016343401196161]], "max_gap": 1.7894494210346248, "band_nos": [5], "mid_gaps": [0.5962991046814377], "mid_gap_of_max": 0.5962991046814377, "gap": [1.7894494210346248]}