{"strict_calculated": true, "fill_fraction": 0.118112, "mid_gaps": [0.5446144161703697, 0.6377414234103065, 0.8183906547707214], "band_nos": [5, 6, 18], "gap_range_of_max": [0.816516567974118, 0.8202647415673249], "gap_ranges": [[0.544275039928792, 0.5449537924119474], [0.637728541552361, 0.637754305268252], [0.816516567974118, 0.8202647415673249]], "gap": [0.12462991485381669, 0.004039837298430318, 0.45799320548896544], "mid_gap_of_max": 0.8183906547707214, "max_gap": 0.45799320548896544}