{"gap": [24.91287429040504], "gap_ranges": [[0.4631707673896417, 0.5949784609159766]], "mid_gap_of_max": 0.5290746141528091, "strict_calculated": true, "max_gap": 24.91287429040504, "band_nos": [8], "gap_range_of_max": [0.4631707673896417, 0.5949784609159766], "mid_gaps": [0.5290746141528091], "fill_fraction": 0.318955}