{"band_nos": [4], "gap": [0.6766419991822883], "gap_range_of_max": [0.380866320025244, 0.3834521699806928], "max_gap": 0.6766419991822883, "fill_fraction": 0.257348, "mid_gap_of_max": 0.3821592450029684, "mid_gaps": [0.3821592450029684], "gap_ranges": [[0.380866320025244, 0.3834521699806928]]}