{"max_gap": 1.85101627934275, "band_nos": [8], "mid_gaps": [0.6143966934355118], "gap": [1.85101627934275], "gap_ranges": [[0.608710402027894, 0.6200829848431296]], "gap_range_of_max": [0.608710402027894, 0.6200829848431296], "mid_gap_of_max": 0.6143966934355118, "fill_fraction": 0.243908}