{"fill_fraction": 0.178827, "max_gap": 9.158524963494893, "gap": [9.158524963494893], "gap_range_of_max": [0.850372191834378, 0.9319912942405746], "mid_gap_of_max": 0.8911817430374762, "gap_ranges": [[0.850372191834378, 0.9319912942405746]], "band_nos": [8], "mid_gaps": [0.8911817430374762], "_status": {"tI16-CoCu2Si/83649ad9/mpb-tI16-CoC/0000/6458ab0c8af5689da800f4286a93ca62": 1, "tI16-CoCu2Si/83649ad9/strict-mpb-t/0000/60f1d3678b401cf1eb22fbe0f9c1a864": 1, "tI16-CoCu2Si/83649ad9/store_data/0000/9c0929bba8bec807654ddbf0f7fdb32d": 1, "tI16-CoCu2Si/83649ad9/check_runnin/0000/accbf8afc3baa927bd6cc31853e3eec2": 1, "tI16-CoCu2Si/83649ad9/store_strict/0000/57b15955bfee8c2029727e6a798bbfd6": 1, "tI16-CoCu2Si/83649ad9/store_fill/0000/dd86c88bd2b4d46672908a8a1e96a88d": 1}}