{"mid_gap_of_max": 0.9995752665260373, "fill_fraction": 0.085913, "gap_ranges": [[0.988033719329941, 1.0111168137221338]], "band_nos": [14], "gap_range_of_max": [0.988033719329941, 1.0111168137221338], "gap": [2.3092902720989033], "max_gap": 2.3092902720989033, "mid_gaps": [0.9995752665260373], "_status": {"cF264-Ca24Mg/f50264c4/mpb-cF264-Ca/0000/5c359f97994f82fa6c950e3ec74cc96b": 1, "cF264-Ca24Mg/f50264c4/check_runnin/0000/92386f12978c1d535a4e76d5e6377646": 1, "cF264-Ca24Mg/f50264c4/store_data/0000/bfeacf4d771b92505eb568e7d267120e": 1, "cF264-Ca24Mg/f50264c4/strict-mpb-c/0000/7b62fdf732c755842e4b7c78f17825fb": 1, "cF264-Ca24Mg/f50264c4/store_fill/0000/c5c1a921f698ff2e337895da5ea41465": 1, "cF264-Ca24Mg/f50264c4/store_strict/0000/ed20b0751d2d3dff5fccb9711cc5bba7": 1}}