{"band_nos": [18, 19], "mid_gaps": [0.7565662325853645, 0.7664930847519015], "_status": {"mC10-ZnO-14/32b46235/store_fill/0000/9fc8344050a7e3f7d833f52ad6096351": 1, "mC10-ZnO-14/32b46235/strict-mpb-m/0000/f63ebf3c9abaedd1938f3674376daa56": 1, "mC10-ZnO-14/32b46235/store_data/0000/ff3f1e8115afefe2a275eb0f592e08e8": 1, "mC10-ZnO-14/32b46235/store_strict/0000/cb76e50d58ca46a69371ccdc1fc4951c": 1, "mC10-ZnO-14/32b46235/mpb-mC10-ZnO/0000/b485872d15d7c77e1525a5c8518a3839": 6, "mC10-ZnO-14/32b46235/check_runnin/0000/ab1dd17e452190a96fd05a92d51edd56": 1}, "run_me": true, "fill_fraction": 0.088039, "gap_range_of_max": [0.749080161253603, 0.764052303917126], "mid_gap_of_max": 0.7565662325853645, "gap": [1.9789599401441966, 0.05508776649181037], "gap_ranges": [[0.749080161253603, 0.764052303917126], [0.766281962791549, 0.7667042067122539]], "max_gap": 1.9789599401441966}