{"mid_gaps": [0.5474821640385072], "fill_fraction": 0.456659, "gap_range_of_max": [0.544203381374211, 0.5507609467028036], "mid_gap_of_max": 0.5474821640385072, "max_gap": 1.197767846941315, "gap_ranges": [[0.544203381374211, 0.5507609467028036]], "band_nos": [8], "gap": [1.197767846941315]}