{"strict_calculated": true, "gap": [33.785590841720946], "gap_range_of_max": [0.3610145024796952, 0.5077778105523625], "mid_gaps": [0.4343961565160288], "gap_ranges": [[0.3610145024796952, 0.5077778105523625]], "band_nos": [2], "max_gap": 33.785590841720946, "fill_fraction": 0.138909, "mid_gap_of_max": 0.4343961565160288}