{"run_me": true, "max_gap": 2.712218620456472, "fill_fraction": 0.428601, "gap_range_of_max": [0.675735737776175, 0.6943151250822613], "mid_gaps": [0.6850254314292181], "gap": [2.712218620456472], "mid_gap_of_max": 0.6850254314292181, "band_nos": [8], "_status": {"mP24-SiO2-8/825269c2/strict-mpb-m/0000/e9a78a6992927817412fb59cc42ccdf0": 1, "mP24-SiO2-8/825269c2/store_data/0000/66ccddd81b26c60ef59ad37e64ead0ff": 1, "mP24-SiO2-8/825269c2/store_strict/0000/539065f4d4634c6fd308f56d3a4d4f2c": 1, "mP24-SiO2-8/825269c2/store_fill/0000/79df9448f27f6e0dc998136a4f04c8f9": 1, "mP24-SiO2-8/825269c2/check_runnin/0000/f928d9d74b9e371c7eee866fd91fe66c": 1, "mP24-SiO2-8/825269c2/mpb-mP24-SiO/0000/92f97a8f8d26be8479dfe02c9ca95cc0": 7}, "gap_ranges": [[0.675735737776175, 0.6943151250822613]]}