{"mid_gap_of_max": 0.4822030305398426, "fill_fraction": 0.528927, "_status": {"aP12-FeS2-14/a81e6140/strict-mpb-a/0000/fc0ac277600755f1a98f9c4aa26b3927": 1, "aP12-FeS2-14/a81e6140/check_runnin/0000/5fb83bfc110ade5c24c1d0fb615fdc24": 1, "aP12-FeS2-14/a81e6140/store_strict/0000/016df2b01f7fbfe0bdf0dd2cd36931f9": 1, "aP12-FeS2-14/a81e6140/store_data/0000/00e8678b64360703805a29318ad0a331": 1, "aP12-FeS2-14/a81e6140/mpb-aP12-FeS/0000/6021b1b39ca49f01fb95c58dd2a72f49": 7, "aP12-FeS2-14/a81e6140/store_fill/0000/e096f669aa9756bba80c989274720841": 1}, "run_me": true, "gap_ranges": [[0.478371783292709, 0.4860342777869762]], "mid_gaps": [0.4822030305398426], "max_gap": 1.589059796179261, "gap": [1.589059796179261], "gap_range_of_max": [0.478371783292709, 0.4860342777869762], "band_nos": [16]}