{
  "basis": [
    [
      -0.315,
      -0.315,
      0.407
    ],
    [
      0.315,
      0.315,
      -0.407
    ],
    [
      -0.416,
      -0.416,
      -0.075
    ],
    [
      0.416,
      0.416,
      0.075
    ],
    [
      -0.335,
      -0.335,
      -0.282
    ],
    [
      0.335,
      0.335,
      0.282
    ],
    [
      -0.002,
      -0.002,
      0.292
    ],
    [
      0.002,
      0.002,
      -0.292
    ],
    [
      0.26,
      -0.184,
      0.263
    ],
    [
      -0.26,
      0.184,
      -0.263
    ],
    [
      0.184,
      -0.26,
      -0.263
    ],
    [
      -0.184,
      0.26,
      0.263
    ],
    [
      -0.016,
      -0.33,
      0.287
    ],
    [
      0.016,
      0.33,
      -0.287
    ],
    [
      0.33,
      0.016,
      -0.287
    ],
    [
      -0.33,
      -0.016,
      0.287
    ],
    [
      -0.072,
      -0.298,
      0.008
    ],
    [
      0.072,
      0.298,
      -0.008
    ],
    [
      0.298,
      0.072,
      -0.008
    ],
    [
      -0.298,
      -0.072,
      0.008
    ],
    [
      0.054,
      -0.212,
      0.225
    ],
    [
      -0.054,
      0.212,
      -0.225
    ],
    [
      0.212,
      -0.054,
      -0.225
    ],
    [
      -0.212,
      0.054,
      0.225
    ],
    [
      -0.295,
      -0.295,
      -0.098
    ],
    [
      0.295,
      0.295,
      0.098
    ],
    [
      0.494,
      0.154,
      0.435
    ],
    [
      -0.494,
      -0.154,
      -0.435
    ],
    [
      -0.154,
      -0.494,
      -0.435
    ],
    [
      0.154,
      0.494,
      0.435
    ],
    [
      0.318,
      -0.318,
      0.0
    ],
    [
      -0.318,
      0.318,
      0.0
    ]
  ],
  "lattice_vectors": [
    [
      0.7136518156,
      -0.7005005968,
      0.0
    ],
    [
      0.7136518156,
      0.7005005968,
      0.0
    ],
    [
      -0.708293614,
      0.0,
      0.9556763966
    ]
  ],
  "nbands": 20,
  "structure": "mC64-Ag3P3O10_r"
}