{"mid_gap_of_max": 0.41852439410468684, "gap": [18.565233744381004], "gap_ranges": [[0.379674378083292, 0.45737441012608165]], "mid_gaps": [0.41852439410468684], "max_gap": 18.565233744381004, "fill_fraction": 0.198086, "gap_range_of_max": [0.379674378083292, 0.45737441012608165], "band_nos": [4]}