{
  "nbands": 20,
  "basis": [
    [
      0.339,
      0.25,
      0.1565
    ],
    [
      0.661,
      0.75,
      0.8435
    ],
    [
      0.7704,
      0.25,
      0.1717
    ],
    [
      0.2296,
      0.75,
      0.8283
    ],
    [
      0.1345,
      0.25,
      0.3406
    ],
    [
      0.8655,
      0.75,
      0.6594
    ],
    [
      0.6605,
      0.25,
      0.4569
    ],
    [
      0.3395,
      0.75,
      0.5431
    ],
    [
      0.0314,
      0.25,
      0.621
    ],
    [
      0.9686,
      0.75,
      0.379
    ],
    [
      0.4719,
      0.25,
      0.6503
    ],
    [
      0.5281,
      0.75,
      0.3497
    ],
    [
      0.3275,
      0.25,
      0.9302
    ],
    [
      0.6725,
      0.75,
      0.0698
    ],
    [
      0.8707,
      0.25,
      0.8958
    ],
    [
      0.1293,
      0.75,
      0.1042
    ]
  ],
  "lattice_vectors": [
    [
      1.0,
      0.0,
      0.0
    ],
    [
      0.0,
      0.7801518507,
      0.0
    ],
    [
      -0.3623168448,
      0.0,
      1.7362804642
    ]
  ],
  "structure": "mP16-Pu"
}