{"gap": [11.338987081420026], "max_gap": 11.338987081420026, "mid_gap_of_max": 0.5263848434729146, "gap_range_of_max": [0.4965414887729412, 0.556228198172888], "fill_fraction": 0.063016, "gap_ranges": [[0.4965414887729412, 0.556228198172888]], "mid_gaps": [0.5263848434729146], "band_nos": [2]}