{"max_gap": 0.1647798242262526, "gap": [0.1647798242262526], "gap_ranges": [[0.617990802907851, 0.6190099667548149]], "mid_gaps": [0.618500384831333], "_status": {"hR1-Hg-12/da9f2cc4/store_fill/0000/483c2d93c8be6409bbb5b099a051509f": 1, "hR1-Hg-12/da9f2cc4/mpb-hR1-Hg-1/0000/e9c3fa0496e69b7d2754be6df7f1fb5b": 1, "hR1-Hg-12/da9f2cc4/strict-mpb-h/0000/580591eb806a0c630253bf53cb14e5c3": 1, "hR1-Hg-12/da9f2cc4/check_runnin/0000/c162d472412a0b0cc3c84c211ec227de": 1, "hR1-Hg-12/da9f2cc4/store_strict/0000/69e04a845be877691c2cb1bb545d2476": 1, "hR1-Hg-12/da9f2cc4/store_data/0000/35d34edcbe6f943a674254ee2a84eddd": 1}, "gap_range_of_max": [0.617990802907851, 0.6190099667548149], "run_me": true, "mid_gap_of_max": 0.618500384831333, "band_nos": [5], "fill_fraction": 0.067284}