{"band_nos": [2], "gap_range_of_max": [0.3680088323640068, 0.38244515873926305], "max_gap": 3.847358144909814, "mid_gap_of_max": 0.3752269955516349, "gap_ranges": [[0.3680088323640068, 0.38244515873926305]], "mid_gaps": [0.3752269955516349], "gap": [3.847358144909814], "fill_fraction": 0.524911}