{"mid_gaps": [0.5260176018274849], "gap_range_of_max": [0.518807989373953, 0.5332272142810168], "mid_gap_of_max": 0.5260176018274849, "fill_fraction": 0.211652, "gap_ranges": [[0.518807989373953, 0.5332272142810168]], "band_nos": [12], "gap": [2.7412057803708296], "max_gap": 2.7412057803708296}