{"gap": [6.697110635997738], "band_nos": [4], "fill_fraction": 0.349349, "mid_gap_of_max": 0.40264516041547593, "mid_gaps": [0.40264516041547593], "max_gap": 6.697110635997738, "gap_ranges": [[0.3891623644837184, 0.41612795634723343]], "gap_range_of_max": [0.3891623644837184, 0.41612795634723343]}