{
  "basis": [
    [
      -0.3611333333,
      -0.3055666667,
      -0.4583333333
    ],
    [
      0.3055666667,
      -0.3055666667,
      0.2083333333
    ],
    [
      0.3055666667,
      0.3611333333,
      -0.125
    ],
    [
      0.3055666667,
      0.0277833333,
      -0.4583333333
    ],
    [
      -0.0277833333,
      0.0277833333,
      0.2083333333
    ],
    [
      -0.0277833333,
      -0.3055666667,
      -0.125
    ],
    [
      0.3055666667,
      -0.3055666667,
      -0.3852333333
    ],
    [
      0.3055666667,
      0.3611333333,
      0.2814333333
    ],
    [
      -0.3611333333,
      -0.3055666667,
      -0.0519
    ],
    [
      0.3055666667,
      -0.3055666667,
      -0.1981
    ],
    [
      -0.3611333333,
      -0.3055666667,
      0.1352333333
    ],
    [
      0.3055666667,
      0.3611333333,
      0.4685666667
    ],
    [
      -0.0277333333,
      0.0277333333,
      -0.3852333333
    ],
    [
      -0.0277333333,
      -0.3054666667,
      0.2814333333
    ],
    [
      0.3054666667,
      0.0277333333,
      -0.0519
    ],
    [
      -0.0277333333,
      0.0277333333,
      -0.1981
    ],
    [
      0.3054666667,
      0.0277333333,
      0.1352333333
    ],
    [
      -0.0277333333,
      -0.3054666667,
      0.4685666667
    ],
    [
      -0.3611333333,
      0.3611333333,
      -0.3852333333
    ],
    [
      -0.3611333333,
      0.0277333333,
      0.2814333333
    ],
    [
      -0.0277333333,
      0.3611333333,
      -0.0519
    ],
    [
      -0.3611333333,
      0.3611333333,
      -0.1981
    ],
    [
      -0.0277333333,
      0.3611333333,
      0.1352333333
    ],
    [
      -0.3611333333,
      0.0277333333,
      0.4685666667
    ]
  ],
  "lattice_vectors": [
    [
      1.0,
      0.0,
      0.0
    ],
    [
      -0.5,
      0.8660254038,
      0.0
    ],
    [
      0.0,
      0.0,
      2.8751869747
    ]
  ],
  "structure": "hP24-CrCl3_r",
  "nbands": 20
}