{"fill_fraction": 0.093195, "band_nos": [2], "mid_gaps": [0.5342737067656405], "gap_range_of_max": [0.499218870841342, 0.5693285426899389], "max_gap": 13.122426007640042, "mid_gap_of_max": 0.5342737067656405, "gap": [13.122426007640042], "gap_ranges": [[0.499218870841342, 0.5693285426899389]]}