{"mid_gaps": [0.4170846047114751], "mid_gap_of_max": 0.4170846047114751, "run_me": true, "fill_fraction": 0.566807, "gap_ranges": [[0.416487705218665, 0.4176815042042853]], "max_gap": 0.28622465853068985, "gap": [0.28622465853068985], "_status": {"cP576-SiO2-1/8aecb006/check_runnin/0000/a9f06a44e2948dee8c810a5ddf0a1255": 1, "cP576-SiO2-1/8aecb006/store_strict/0000/7311adb631a8851cd78412501917c123": 1, "cP576-SiO2-1/8aecb006/mpb-cP576-Si/0000/f96c089dadd1b84294e94fff4bb13229": 1, "cP576-SiO2-1/8aecb006/store_data/0000/4afd622383f3fe96cefe9ee4afd4bf9a": 1, "cP576-SiO2-1/8aecb006/strict-mpb-c/0000/06fd0765489135d72d1e9b8da271993d": 1, "cP576-SiO2-1/8aecb006/store_fill/0000/a776347523438852972f6ebbc491a41b": 1}, "gap_range_of_max": [0.416487705218665, 0.4176815042042853], "band_nos": [8]}