{"gap": [15.535660911481612], "band_nos": [8], "gap_range_of_max": [0.646678463826001, 0.7556055050351708], "mid_gaps": [0.701141984430586], "mid_gap_of_max": 0.701141984430586, "max_gap": 15.535660911481612, "gap_ranges": [[0.646678463826001, 0.7556055050351708]], "fill_fraction": 0.104824}