{"gap": [0.5166582736956814, 2.3424858463035716], "gap_range_of_max": [0.565543351765562, 0.5789481272192473], "gap_ranges": [[0.556796138559105, 0.5596803225642346], [0.565543351765562, 0.5789481272192473]], "max_gap": 2.3424858463035716, "mid_gap_of_max": 0.5722457394924046, "strict_calculated": true, "fill_fraction": 0.289587, "mid_gaps": [0.5582382305616698, 0.5722457394924046], "band_nos": [16, 17]}