{"max_gap": 2.014604294324365, "mid_gap_of_max": 0.5372494524988338, "gap": [2.014604294324365], "mid_gaps": [0.5372494524988338], "gap_range_of_max": [0.531837727228196, 0.5426611777694718], "fill_fraction": 0.337927, "band_nos": [12], "gap_ranges": [[0.531837727228196, 0.5426611777694718]]}