{"gap_range_of_max": [0.278703198582287, 0.3557472395990988], "band_nos": [2], "gap_ranges": [[0.278703198582287, 0.3557472395990988]], "mid_gap_of_max": 0.3172252190906929, "fill_fraction": 0.356597, "mid_gaps": [0.3172252190906929], "max_gap": 24.286858793147946, "gap": [24.286858793147946]}