{"_status": {"cF48-Be4O7Te/b8eb2a6e/check_runnin/0000/18848b13fa12999eaecfc68de63ec361": 1, "cF48-Be4O7Te/b8eb2a6e/store_fill/0000/e6ade3ada6a93faffcc0297244d4ddeb": 1, "cF48-Be4O7Te/b8eb2a6e/store_strict/0000/27bfae60b5f0c48fef59f706e31c17ce": 1, "cF48-Be4O7Te/b8eb2a6e/mpb-cF48-Be4/0000/3886efa3de910715f5f54aa60cfee4d8": 7, "cF48-Be4O7Te/b8eb2a6e/store_data/0000/860998132624c935ac8326a8019bad0b": 1, "cF48-Be4O7Te/b8eb2a6e/strict-mpb-c/0000/adbc299395d773385d2a8b48e4887b39": 1}, "run_me": true, "gap_range_of_max": [0.601556065718043, 0.6033961516906842], "max_gap": 0.3054205712152892, "fill_fraction": 0.082771, "mid_gap_of_max": 0.6024761087043635, "mid_gaps": [0.6024761087043635], "band_nos": [5], "gap_ranges": [[0.601556065718043, 0.6033961516906842]], "gap": [0.3054205712152892]}