{"gap_range_of_max": [0.4570803476684406, 0.5196994092582553], "max_gap": 12.821531393491814, "fill_fraction": 0.124568, "band_nos": [2], "gap": [12.821531393491814], "mid_gap_of_max": 0.4883898784633479, "gap_ranges": [[0.4570803476684406, 0.5196994092582553]], "mid_gaps": [0.4883898784633479]}