{"mid_gaps": [0.6433791310232482], "gap_range_of_max": [0.593680278468679, 0.6930779835778174], "fill_fraction": 0.237025, "gap": [15.44932067520639], "mid_gap_of_max": 0.6433791310232482, "band_nos": [10], "gap_ranges": [[0.593680278468679, 0.6930779835778174]], "max_gap": 15.44932067520639}