{"gap_range_of_max": [0.754244908601791, 0.7705764531913356], "mid_gap_of_max": 0.7624106808965634, "fill_fraction": 0.162279, "gap": [2.142092837726119], "mid_gaps": [0.7624106808965634], "band_nos": [16], "max_gap": 2.142092837726119, "gap_ranges": [[0.754244908601791, 0.7705764531913356]]}