{"gap": [0.05850043027170631], "gap_ranges": [[0.652730887709526, 0.6531128498120893]], "mid_gaps": [0.6529218687608076], "fill_fraction": 0.119087, "band_nos": [8], "mid_gap_of_max": 0.6529218687608076, "strict_calculated": true, "gap_range_of_max": [0.652730887709526, 0.6531128498120893], "max_gap": 0.05850043027170631}