{"mid_gaps": [0.5725231052739845], "gap_range_of_max": [0.56324124802841, 0.5818049625195589], "fill_fraction": 0.274155, "gap": [3.2424393566195118], "mid_gap_of_max": 0.5725231052739845, "gap_ranges": [[0.56324124802841, 0.5818049625195589]], "band_nos": [16], "max_gap": 3.2424393566195118}