{"gap": [16.4818386433652], "mid_gap_of_max": 0.5127607249681232, "band_nos": [2], "max_gap": 16.4818386433652, "mid_gaps": [0.5127607249681232], "gap_ranges": [[0.470504527310225, 0.5550169226260214]], "fill_fraction": 0.114714, "gap_range_of_max": [0.470504527310225, 0.5550169226260214]}