{"fill_fraction": 0.19403, "band_nos": [8], "mid_gap_of_max": 0.5273678126359513, "gap_range_of_max": [0.50953201797913, 0.5452036072927727], "mid_gaps": [0.5273678126359513], "strict_calculated": true, "max_gap": 6.76408162556306, "gap_ranges": [[0.50953201797913, 0.5452036072927727]], "gap": [6.76408162556306]}