{"run_me": true, "band_nos": [5], "fill_fraction": 0.054875, "_status": {"cF4-Cu-14/9033dd5e/strict-mpb-c/0000/cb1444bdc260c9bcd6c3ad2a8fa062f4": 1, "cF4-Cu-14/9033dd5e/store_fill/0000/42cf22508425f37ba40090449080c221": 1, "cF4-Cu-14/9033dd5e/store_data/0000/37fb758167ed594d75869a60a9175de6": 1, "cF4-Cu-14/9033dd5e/mpb-cF4-Cu-1/0000/c546cd120015d454dff9bcf1cf740171": 4, "cF4-Cu-14/9033dd5e/check_runnin/0000/8b6ac129d2dc984fad94378ae4fa6eca": 1, "cF4-Cu-14/9033dd5e/store_strict/0000/9c34e58a2c3ec3efdb609740d6181acf": 1}, "gap_range_of_max": [0.670619651357143, 0.6707737712925654], "max_gap": 0.022979080234016423, "gap_ranges": [[0.670619651357143, 0.6707737712925654]], "gap": [0.022979080234016423], "mid_gaps": [0.6706967113248542], "mid_gap_of_max": 0.6706967113248542}