{"mid_gaps": [0.6274299258532818], "mid_gap_of_max": 0.6274299258532818, "gap_ranges": [[0.55301923407478, 0.7018406176317836]], "strict_calculated": true, "band_nos": [8], "gap": [23.719203918208226], "gap_range_of_max": [0.55301923407478, 0.7018406176317836], "fill_fraction": 0.258827, "max_gap": 23.719203918208226}