{"mid_gaps": [0.4153954134764668], "gap_ranges": [[0.413249971638632, 0.4175408553143016]], "fill_fraction": 0.422287, "max_gap": 1.0329636622029368, "gap_range_of_max": [0.413249971638632, 0.4175408553143016], "band_nos": [2], "gap": [1.0329636622029368], "mid_gap_of_max": 0.4153954134764668}