{"band_nos": [12], "max_gap": 0.20854314090979514, "gap_range_of_max": [0.509119622456192, 0.5101824647502026], "gap_ranges": [[0.509119622456192, 0.5101824647502026]], "gap": [0.20854314090979514], "fill_fraction": 0.480736, "mid_gap_of_max": 0.5096510436031974, "mid_gaps": [0.5096510436031974]}