{"max_gap": 0.4285093057133162, "strict_calculated": true, "band_nos": [16], "gap": [0.4285093057133162], "fill_fraction": 0.092561, "gap_range_of_max": [0.85649446738442, 0.8601725062494883], "gap_ranges": [[0.85649446738442, 0.8601725062494883]], "mid_gap_of_max": 0.8583334868169541, "mid_gaps": [0.8583334868169541]}