{"max_gap": 5.975172373160519, "gap": [5.975172373160519], "fill_fraction": 0.552629, "gap_ranges": [[0.3480128872628, 0.3694476388346538]], "gap_range_of_max": [0.3480128872628, 0.3694476388346538], "mid_gap_of_max": 0.3587302630487269, "mid_gaps": [0.3587302630487269], "band_nos": [8]}