{"gap": [0.27867860196648675], "fill_fraction": 0.119087, "run_me": true, "mid_gap_of_max": 0.6733470056923938, "gap_range_of_max": [0.67240876868147, 0.6742852427033175], "gap_ranges": [[0.67240876868147, 0.6742852427033175]], "band_nos": [8], "max_gap": 0.27867860196648675, "_status": {"oI4-HgO-14/9033dd5e/store_data/0000/083b9f431e0e022e4ad0b0cb2b8964a0": 1, "oI4-HgO-14/9033dd5e/strict-mpb-o/0000/796c712a1e2ee77add4cbb736b12f0a8": 1, "oI4-HgO-14/9033dd5e/check_runnin/0000/2c3bd2e6ffbe89335f8af48432e5cd35": 1, "oI4-HgO-14/9033dd5e/store_strict/0000/4cdbd09236539b865a842b27aa4e7c29": 1, "oI4-HgO-14/9033dd5e/store_fill/0000/9ca335072704b178899c0ae864777c9f": 1, "oI4-HgO-14/9033dd5e/mpb-oI4-HgO-/0000/4414c258ada35aed6151244bcce81482": 6}, "mid_gaps": [0.6733470056923938]}