{"fill_fraction": 0.360183, "band_nos": [8, 11], "mid_gap_of_max": 0.503987559731528, "gap": [0.6936603417113448, 3.08454822687375], "max_gap": 3.08454822687375, "_status": {"tP7-Cu2HgI4_/5e5c66c7/store_data/0000/02d3a61a43382c8be82dbfc75455b1b1": 1, "tP7-Cu2HgI4_/5e5c66c7/mpb-tP7-Cu2H/0000/955f5e8b90f958969abb6cf988daf4b8": 1, "tP7-Cu2HgI4_/5e5c66c7/check_runnin/0000/f1f39020555c1deb1783fe65ff21679f": 1, "tP7-Cu2HgI4_/5e5c66c7/strict-mpb-t/0000/8553c48ffb26eb0aea00047c91b0bfcc": 1, "tP7-Cu2HgI4_/5e5c66c7/store_fill/0000/4fcc54e0ec922f236abff77d920e1e41": 1, "tP7-Cu2HgI4_/5e5c66c7/store_strict/0000/f8d94470bf7d31362ad8cba27942b30f": 1}, "gap_ranges": [[0.4367013021797842, 0.43974106875233965], [0.496214690062846, 0.51176042940021]], "mid_gaps": [0.4382211854660619, 0.503987559731528], "gap_range_of_max": [0.496214690062846, 0.51176042940021]}