{"mid_gap_of_max": 0.5955201010960245, "strict_calculated": true, "gap": [0.16149176054410325, 0.06920901722022019, 0.8565174841962124], "mid_gaps": [0.5357958697964845, 0.5445750370381939, 0.5955201010960245], "max_gap": 0.8565174841962124, "gap_range_of_max": [0.592969734202129, 0.59807046798992], "band_nos": [13, 14, 16], "fill_fraction": 0.237759, "gap_ranges": [[0.535363236704956, 0.536228502888013], [0.544386589522613, 0.5447634845537747], [0.592969734202129, 0.59807046798992]]}