{"mid_gaps": [0.4723333700521085], "gap_ranges": [[0.4671578438509903, 0.4775088962532267]], "band_nos": [8], "gap": [2.191471756715894], "mid_gap_of_max": 0.4723333700521085, "fill_fraction": 0.606186, "max_gap": 2.191471756715894, "gap_range_of_max": [0.4671578438509903, 0.4775088962532267]}