{"gap_range_of_max": [0.36980868819277, 0.4429495227612417], "mid_gaps": [0.40637910547700584], "gap_ranges": [[0.36980868819277, 0.4429495227612417]], "max_gap": 17.998177953222473, "fill_fraction": 0.223719, "gap": [17.998177953222473], "mid_gap_of_max": 0.40637910547700584, "band_nos": [4]}