{"max_gap": 6.238995811254161, "gap": [6.238995811254161], "gap_range_of_max": [0.4783092308800679, 0.5091118095561984], "fill_fraction": 0.14742, "mid_gap_of_max": 0.4937105202181331, "band_nos": [4], "gap_ranges": [[0.4783092308800679, 0.5091118095561984]], "mid_gaps": [0.4937105202181331]}