{"mid_gaps": [0.5130480231707905], "gap_range_of_max": [0.500777279558925, 0.5253187667826559], "gap": [4.783467846159243], "gap_ranges": [[0.500777279558925, 0.5253187667826559]], "max_gap": 4.783467846159243, "band_nos": [8], "mid_gap_of_max": 0.5130480231707905, "fill_fraction": 0.501902}