{"mid_gaps": [0.36172208619979296], "band_nos": [2], "run_me": true, "fill_fraction": 0.392739, "gap_ranges": [[0.361342586851514, 0.3621015855480719]], "_status": {"tI40-B2KO4P-/ed92a4cb/store_strict/0000/89dc458c25e4b02a6406de72a6fa6912": 1, "tI40-B2KO4P-/ed92a4cb/strict-mpb-t/0000/9a41d3d7e85c9455a0136cba89beb906": 1, "tI40-B2KO4P-/ed92a4cb/mpb-tI40-B2K/0000/7e08832c5086be36e92a750e543141e3": 1, "tI40-B2KO4P-/ed92a4cb/store_fill/0000/61f4a96a6d1c13e074df8adcf95e3921": 1, "tI40-B2KO4P-/ed92a4cb/store_data/0000/b392f65b914e45e5aaac4dc50cbbd953": 1, "tI40-B2KO4P-/ed92a4cb/check_runnin/0000/571dfc8055b949eadd8fd51be92ba3c0": 1}, "max_gap": 0.20982923783588805, "gap_range_of_max": [0.361342586851514, 0.3621015855480719], "gap": [0.20982923783588805], "mid_gap_of_max": 0.36172208619979296}