{"fill_fraction": 0.251023, "band_nos": [2], "strict_calculated": true, "gap_range_of_max": [0.304565643504963, 0.4086173485210432], "mid_gaps": [0.3565914960130031], "mid_gap_of_max": 0.3565914960130031, "max_gap": 29.179525081070775, "gap": [29.179525081070775], "gap_ranges": [[0.304565643504963, 0.4086173485210432]]}