{"international": "Cmc2_1", "wyckoffs": ["a", "a", "a", "a", "a", "a"], "equivalent_atoms": [0, 0, 2, 2, 4, 4], "std_positions": [[0.5, 0.833, 0.9166666667], [0.5, 0.167, 0.4166666667], [0.5, 0.561, 0.7826666667], [0.5, 0.439, 0.2826666667], [0.5, 0.895, 0.5506666667], [0.5, 0.105, 0.0506666667], [0.0, 0.333, 0.9166666667], [0.0, 0.667, 0.4166666667], [0.0, 0.061, 0.7826666667], [0.0, 0.939, 0.2826666667], [0.0, 0.395, 0.5506666667], [0.0, 0.605, 0.0506666667]], "site_point_groups": {"a": {"name": "4a", "site_symmetry": ["1", "m"]}}, "std_lattice": [[1.125865118, 0.0, 0.0], [0.0, 1.6530056672, 0.0], [0.0, 0.0, 3.0301450759]], "global_point_groups": ["mm2", "1", "m", "2"], "number": 36}