{"band_nos": [2], "mid_gaps": [0.5680246562473841], "fill_fraction": 0.072605, "gap": [3.861543386194], "max_gap": 3.861543386194, "gap_ranges": [[0.557057396974748, 0.5789919155200202]], "mid_gap_of_max": 0.5680246562473841, "gap_range_of_max": [0.557057396974748, 0.5789919155200202]}