{"max_gap": 3.731665555333521, "gap": [3.731665555333521], "mid_gaps": [0.48051324883432167], "fill_fraction": 0.192996, "mid_gap_of_max": 0.48051324883432167, "gap_range_of_max": [0.471547675136539, 0.48947882253210434], "band_nos": [16], "gap_ranges": [[0.471547675136539, 0.48947882253210434]]}