{"equivalent_atoms": [0, 0, 2, 2, 4, 4, 6, 6, 8, 8, 10, 10, 12, 12, 14, 14, 16, 16, 18, 18, 20, 20, 22, 22], "global_point_groups": ["m", "1"], "number": 7, "wyckoffs": ["a", "a", "a", "a", "a", "a", "a", "a", "a", "a", "a", "a", "a", "a", "a", "a", "a", "a", "a", "a", "a", "a", "a", "a"], "site_point_groups": {"a": {"name": "2a", "site_symmetry": ["1"]}}, "international": "Pc", "std_lattice": [[1.0, 0.0, 0.0], [0.0, 0.9909685274, 0.0], [-0.0006890314, 0.0, 0.9869420999]], "std_positions": [[0.2737, 0.9962, 0.9941], [0.2737, 0.0038, 0.4941], [0.273, 0.4962, 0.0103], [0.273, 0.5038, 0.5103], [0.7251, 0.2498, 0.7526], [0.7251, 0.7502, 0.2526], [0.7252, 0.2504, 0.2525], [0.7252, 0.7496, 0.7525], [0.9994, 0.2421, 0.0009], [0.9994, 0.7579, 0.5009], [0.0006, 0.738, 0.9984], [0.0006, 0.262, 0.4984], [0.9997, 0.998, 0.7331], [0.9997, 0.002, 0.2331], [0.001, 0.4994, 0.7723], [0.001, 0.5006, 0.2723], [0.634, 0.9991, 0.9991], [0.634, 0.0009, 0.4991], [0.6343, 0.4991, 0.0047], [0.6343, 0.5009, 0.5047], [0.3676, 0.2503, 0.7531], [0.3676, 0.7497, 0.2531], [0.3673, 0.2504, 0.2532], [0.3673, 0.7496, 0.7532]]}