{"fill_fraction": 0.219541, "mid_gaps": [0.4233410282530068], "band_nos": [5], "mid_gap_of_max": 0.4233410282530068, "gap": [2.045962629071409], "max_gap": 2.045962629071409, "gap_ranges": [[0.4190103286372152, 0.4276717278687984]], "gap_range_of_max": [0.4190103286372152, 0.4276717278687984]}