{"mid_gaps": [0.524163462918376, 0.6288640971722184], "band_nos": [8, 11], "max_gap": 10.785205476518442, "mid_gap_of_max": 0.6288640971722184, "fill_fraction": 0.250929, "gap_range_of_max": [0.59495195464818, 0.6627762396962567], "gap_ranges": [[0.513841776149831, 0.5344851496869212], [0.59495195464818, 0.6627762396962567]], "gap": [3.938346526893371, 10.785205476518442], "strict_calculated": true}