{"mid_gaps": [0.818262460586931, 0.9392242519419225], "band_nos": [8, 11], "max_gap": 6.2634624530826235, "mid_gap_of_max": 0.9392242519419225, "fill_fraction": 0.07613, "gap_range_of_max": [0.909810272756608, 0.9686382311272371], "gap_ranges": [[0.814756336726659, 0.8217685844472029], [0.909810272756608, 0.9686382311272371]], "gap": [0.8569680338889274, 6.2634624530826235], "strict_calculated": true}