{"gap_range_of_max": [0.3530199415191983, 0.41225518954530405], "band_nos": [4], "mid_gaps": [0.38263756553225114], "gap_ranges": [[0.3530199415191983, 0.41225518954530405]], "max_gap": 15.480771717672072, "fill_fraction": 0.241791, "gap": [15.480771717672072], "mid_gap_of_max": 0.38263756553225114}