{"fill_fraction": 0.288051, "gap_ranges": [[0.4105721843033212, 0.4489407304684751]], "band_nos": [4], "gap_range_of_max": [0.4105721843033212, 0.4489407304684751], "_status": {"tP12-PNO-8/d0fa861f/store_fill/0000/297db9f5f4c09ae216b8bda309bc89d1": 1, "tP12-PNO-8/d0fa861f/store_strict/0000/c83316fa61ed5b2e375f6724855a486a": 1, "tP12-PNO-8/d0fa861f/check_runnin/0000/f259fa60df39e3b2374d1880378fc29f": 1, "tP12-PNO-8/d0fa861f/mpb-tP12-PNO/0000/4310d9e9ab88fa489a193b6d751547b3": 1, "tP12-PNO-8/d0fa861f/strict-mpb-t/0000/4b90db9705306b60264d32dd61bb5fc1": 1, "tP12-PNO-8/d0fa861f/store_data/0000/c2e429a61103e51e1b18945cee1f6505": 1}, "mid_gap_of_max": 0.4297564573858982, "max_gap": 8.92797432260592, "mid_gaps": [0.4297564573858982], "gap": [8.92797432260592]}