{"gap": [2.1304464469674063, 1.3699841432771516], "_status": {"mC20-Ga2Se3_/de4cb686/check_runnin/0000/6319a44bc1d1a81ebcdac4cecc2b74d3": 1, "mC20-Ga2Se3_/de4cb686/strict-mpb-m/0000/28e6bc39d700abfa652ca8d5541bbb89": 1, "mC20-Ga2Se3_/de4cb686/store_fill/0000/40781ab9e0bb26a71e071959e98dc505": 1, "mC20-Ga2Se3_/de4cb686/store_strict/0000/3ae6d32179cbaff4e3f4377bd55ce35f": 1, "mC20-Ga2Se3_/de4cb686/mpb-mC20-Ga2/0000/5f133097259478504667184e74ea9d54": 7, "mC20-Ga2Se3_/de4cb686/store_data/0000/3b53ad9667a600ee9f1a179e6a47254b": 1}, "band_nos": [12, 18], "max_gap": 2.1304464469674063, "mid_gap_of_max": 0.5663580882516782, "gap_ranges": [[0.560325110367543, 0.5723910661358135], [0.684277377044804, 0.6937165260285194]], "fill_fraction": 0.383468, "gap_range_of_max": [0.560325110367543, 0.5723910661358135], "run_me": true, "mid_gaps": [0.5663580882516782, 0.6889969515366616]}