{"gap_ranges": [[0.509070696901348, 0.531514736013829]], "max_gap": 4.3137330972630785, "gap_range_of_max": [0.509070696901348, 0.531514736013829], "fill_fraction": 0.128872, "band_nos": [2], "gap": [4.3137330972630785], "mid_gap_of_max": 0.5202927164575886, "mid_gaps": [0.5202927164575886]}