{"strict_calculated": true, "mid_gaps": [0.23056402008034133], "gap": [7.6790467796266695], "gap_range_of_max": [0.2217114606008627, 0.23941657955981996], "mid_gap_of_max": 0.23056402008034133, "band_nos": [2], "max_gap": 7.6790467796266695, "gap_ranges": [[0.2217114606008627, 0.23941657955981996]], "fill_fraction": 0.595359}