{"gap_ranges": [[0.527618704129998, 0.5736173990671928]], "gap": [8.354011424733981], "mid_gaps": [0.5506180515985954], "fill_fraction": 0.072605, "gap_range_of_max": [0.527618704129998, 0.5736173990671928], "band_nos": [2], "max_gap": 8.354011424733981, "mid_gap_of_max": 0.5506180515985954}