{"mid_gap_of_max": 0.34445085071422066, "mid_gaps": [0.34445085071422066], "gap_range_of_max": [0.3277190088813367, 0.3611826925471046], "gap_ranges": [[0.3277190088813367, 0.3611826925471046]], "band_nos": [4], "max_gap": 9.715082310402405, "fill_fraction": 0.381383, "gap": [9.715082310402405]}