{"gap_range_of_max": [0.615198517344608, 0.6165147793407639], "mid_gap_of_max": 0.6158566483426859, "strict_calculated": true, "gap_ranges": [[0.615198517344608, 0.6165147793407639]], "mid_gaps": [0.6158566483426859], "gap": [0.21372863306713014], "fill_fraction": 0.06866, "max_gap": 0.21372863306713014, "band_nos": [5]}