{
  "basis": [
    [
      0.0655,
      0.1195,
      0.5
    ],
    [
      0.9345,
      0.8805,
      0.5
    ],
    [
      0.4345,
      0.6195,
      0.5
    ],
    [
      0.5655,
      0.3805,
      0.5
    ],
    [
      0.2086,
      0.9631,
      0.5
    ],
    [
      0.7914,
      0.0369,
      0.5
    ],
    [
      0.2914,
      0.4631,
      0.5
    ],
    [
      0.7086,
      0.5369,
      0.5
    ],
    [
      0.1935,
      0.0587,
      0.0
    ],
    [
      0.8065,
      0.9413,
      0.0
    ],
    [
      0.3065,
      0.5587,
      0.0
    ],
    [
      0.6935,
      0.4413,
      0.0
    ],
    [
      0.8988,
      0.1108,
      0.0
    ],
    [
      0.1012,
      0.8892,
      0.0
    ],
    [
      0.6012,
      0.6108,
      0.0
    ],
    [
      0.3988,
      0.3892,
      0.0
    ],
    [
      0.3578,
      0.935,
      0.0
    ],
    [
      0.6422,
      0.065,
      0.0
    ],
    [
      0.1422,
      0.435,
      0.0
    ],
    [
      0.8578,
      0.565,
      0.0
    ],
    [
      0.8275,
      0.1906,
      0.5
    ],
    [
      0.1725,
      0.8094,
      0.5
    ],
    [
      0.6725,
      0.6906,
      0.5
    ],
    [
      0.3275,
      0.3094,
      0.5
    ],
    [
      0.3345,
      0.1004,
      0.5
    ],
    [
      0.6655,
      0.8996,
      0.5
    ],
    [
      0.1655,
      0.6004,
      0.5
    ],
    [
      0.8345,
      0.3996,
      0.5
    ],
    [
      0.1105,
      0.2064,
      0.0
    ],
    [
      0.8895,
      0.7936,
      0.0
    ],
    [
      0.3895,
      0.7064,
      0.0
    ],
    [
      0.6105,
      0.2936,
      0.0
    ],
    [
      0.0,
      0.0,
      0.2451
    ],
    [
      0.0,
      0.0,
      0.7549
    ],
    [
      0.5,
      0.5,
      0.7549
    ],
    [
      0.5,
      0.5,
      0.2451
    ]
  ],
  "lattice_vectors": [
    [
      1.0,
      0.0,
      0.0
    ],
    [
      0.0,
      1.7345282503,
      0.0
    ],
    [
      0.0,
      0.0,
      0.4554859218
    ]
  ],
  "nbands": 20,
  "structure": "oP36-Ta4SiTe4"
}