{"_status": {"cF4-Cu-14/0a903972/store_fill/0000/e22128bd6381d4d8fb46c863624b85f7": 1, "cF4-Cu-14/0a903972/store_data/0000/5f4efdf747914d4f4065c8b8ff025bd0": 1, "cF4-Cu-14/0a903972/mpb-cF4-Cu-1/0000/8bf6ccbd683d957b2f46e2b9fb351ff0": 3, "cF4-Cu-14/0a903972/strict-mpb-c/0000/8b9f61425eed78cef042b79779a1d7cf": 1, "cF4-Cu-14/0a903972/store_strict/0000/1b0db5d545d4df2842d75bf6b5e0d218": 1, "cF4-Cu-14/0a903972/check_runnin/0000/9a44b7373fbe548c96ee76c0179db2e7": 1}, "band_nos": [5], "fill_fraction": 0.104119, "run_me": true, "gap_range_of_max": [0.597995031675508, 0.598273775252406], "max_gap": 0.046602164209842145, "gap_ranges": [[0.597995031675508, 0.598273775252406]], "gap": [0.046602164209842145], "mid_gaps": [0.5981344034639571], "mid_gap_of_max": 0.5981344034639571}