{"max_gap": 0.6090103558768841, "gap": [0.6090103558768841], "mid_gaps": [0.4222013697845252], "fill_fraction": 0.340578, "mid_gap_of_max": 0.4222013697845252, "gap_range_of_max": [0.4209157447522043, 0.42348699481684615], "band_nos": [16], "gap_ranges": [[0.4209157447522043, 0.42348699481684615]]}