{"gap": [21.033485790391833], "max_gap": 21.033485790391833, "fill_fraction": 0.357119, "mid_gaps": [0.3299258007011642], "band_nos": [2], "gap_range_of_max": [0.295228352496506, 0.3646232489058223], "mid_gap_of_max": 0.3299258007011642, "gap_ranges": [[0.295228352496506, 0.3646232489058223]]}