{"gap_ranges": [[0.293840905500672, 0.29488397165015867]], "fill_fraction": 0.47331, "max_gap": 0.35434757047615506, "gap": [0.35434757047615506], "gap_range_of_max": [0.293840905500672, 0.29488397165015867], "band_nos": [4], "mid_gaps": [0.29436243857541533], "mid_gap_of_max": 0.29436243857541533}