{"mid_gaps": [0.7455084402538856], "gap_range_of_max": [0.685426618702676, 0.8055902618050952], "gap": [16.11834777638414], "gap_ranges": [[0.685426618702676, 0.8055902618050952]], "max_gap": 16.11834777638414, "band_nos": [8], "mid_gap_of_max": 0.7455084402538856, "fill_fraction": 0.204253}