{"gap": [5.430628450390035], "fill_fraction": 0.328815, "max_gap": 5.430628450390035, "mid_gaps": [0.6897405161554536], "gap_range_of_max": [0.67101189380335, 0.7084691385075572], "band_nos": [12], "mid_gap_of_max": 0.6897405161554536, "gap_ranges": [[0.67101189380335, 0.7084691385075572]]}