{"mid_gaps": [0.6062729648437184], "run_me": true, "gap_range_of_max": [0.600340322629476, 0.6122056070579607], "fill_fraction": 0.477039, "band_nos": [18], "gap_ranges": [[0.600340322629476, 0.6122056070579607]], "gap": [1.9570861833733235], "_status": {"tI28-Fe2S4Sn/32b46235/strict-mpb-t/0000/433052a6a5d56a21c8dafeb9b05c8943": 1, "tI28-Fe2S4Sn/32b46235/store_fill/0000/9857db1499f466d877b2a91e1ad2a1d8": 1, "tI28-Fe2S4Sn/32b46235/store_strict/0000/d64374c36467bd5c8ef0dcfede9f28e2": 1, "tI28-Fe2S4Sn/32b46235/mpb-tI28-Fe2/0000/dfbf9462d3695edecd78a75fe2898173": 7, "tI28-Fe2S4Sn/32b46235/check_runnin/0000/ab38fffee08ec98bcd288b8a1f43ceec": 1, "tI28-Fe2S4Sn/32b46235/store_data/0000/fd85fba6b73dc79404bee1e3d8e53a7b": 1}, "mid_gap_of_max": 0.6062729648437184, "max_gap": 1.9570861833733235}