{"gap": [2.8725403974661563], "strict_calculated": true, "mid_gaps": [0.29367233526634545], "band_nos": [4], "gap_range_of_max": [0.2894544070329914, 0.2978902634996995], "fill_fraction": 0.374707, "gap_ranges": [[0.2894544070329914, 0.2978902634996995]], "max_gap": 2.8725403974661563, "mid_gap_of_max": 0.29367233526634545}