{"gap_range_of_max": [0.4533053233944406, 0.4721847091823385], "fill_fraction": 0.200131, "band_nos": [2], "gap": [4.07986798849325], "mid_gap_of_max": 0.46274501628838954, "mid_gaps": [0.46274501628838954], "gap_ranges": [[0.4533053233944406, 0.4721847091823385]], "max_gap": 4.07986798849325}