{"fill_fraction": 0.15663, "gap_ranges": [[0.455833716380241, 0.4594947756849883]], "max_gap": 0.7999443558206605, "gap_range_of_max": [0.455833716380241, 0.4594947756849883], "gap": [0.7999443558206605], "mid_gaps": [0.4576642460326147], "mid_gap_of_max": 0.4576642460326147, "band_nos": [4]}