{"gap_range_of_max": [0.628006536299236, 0.7021537505583831], "gap_ranges": [[0.628006536299236, 0.7021537505583831], [0.821122639451772, 0.8334747537352367]], "mid_gaps": [0.6650801434288096, 0.8272986965935043], "band_nos": [8, 14], "fill_fraction": 0.126162, "mid_gap_of_max": 0.6650801434288096, "max_gap": 11.148613440311397, "gap": [11.148613440311397, 1.4930658460270285]}