{"gap_range_of_max": [0.6280065362992365, 0.7021537505583831], "gap_ranges": [[0.6280065362992365, 0.7021537505583831], [0.8211226394517723, 0.8334747537352367]], "mid_gaps": [0.6650801434288098, 0.8272986965935045], "band_nos": [8, 14], "fill_fraction": 0.126162, "mid_gap_of_max": 0.6650801434288098, "max_gap": 11.148613440311397, "gap": [11.148613440311397, 1.4930658460270285]}