{"mid_gap_of_max": 0.720595017243479, "_status": {"hR15-Ni3S2-1/4ad92e3e/strict-mpb-h/0000/4083398d37cf3149266dd5b0e2a94fe4": 1, "hR15-Ni3S2-1/4ad92e3e/store_fill/0000/4c378a8b560d31f7f5410a7bd0a679d6": 1, "hR15-Ni3S2-1/4ad92e3e/check_runnin/0000/b6a45a38db8c2831d51e8da05ced1ed8": 1, "hR15-Ni3S2-1/4ad92e3e/store_data/0000/12cb253068cdded1d38d6c82667bfdd4": 1, "hR15-Ni3S2-1/4ad92e3e/mpb-hR15-Ni3/0000/8c994a3344cb64d47c3b872db0321334": 1, "hR15-Ni3S2-1/4ad92e3e/store_strict/0000/ae43f8f6c9da386503e0f0dec5c704d9": 1}, "gap_range_of_max": [0.716100839951433, 0.725089194535525], "run_me": true, "band_nos": [17], "gap_ranges": [[0.716100839951433, 0.725089194535525]], "gap": [1.247351753620861], "max_gap": 1.247351753620861, "fill_fraction": 0.193972, "mid_gaps": [0.720595017243479]}