{"gap": [1.7139648278657627], "mid_gap_of_max": 0.5523784874140168, "fill_fraction": 0.311459, "gap_ranges": [[0.5476447009185, 0.5571122739095337]], "strict_calculated": true, "max_gap": 1.7139648278657627, "mid_gaps": [0.5523784874140168], "band_nos": [16], "gap_range_of_max": [0.5476447009185, 0.5571122739095337]}