{"gap_range_of_max": [0.469432787813002, 0.4787298690404878], "band_nos": [16], "strict_calculated": true, "mid_gaps": [0.4740813284267449], "mid_gap_of_max": 0.4740813284267449, "gap": [1.9610730627881512], "fill_fraction": 0.317749, "gap_ranges": [[0.469432787813002, 0.4787298690404878]], "max_gap": 1.9610730627881512}