{"gap_range_of_max": [0.4403057213401087, 0.549160136537651], "band_nos": [2], "gap_ranges": [[0.4403057213401087, 0.549160136537651]], "mid_gap_of_max": 0.4947329289388798, "fill_fraction": 0.114293, "mid_gaps": [0.4947329289388798], "max_gap": 22.002662210299373, "gap": [22.002662210299373]}