{"gap": [6.8910495747938025], "fill_fraction": 0.429573, "max_gap": 6.8910495747938025, "gap_ranges": [[0.585409134441402, 0.6271895217107673]], "gap_range_of_max": [0.585409134441402, 0.6271895217107673], "band_nos": [12], "mid_gap_of_max": 0.6062993280760847, "mid_gaps": [0.6062993280760847]}