{"band_nos": [5], "mid_gaps": [0.5686426202201036], "gap": [0.9598531330085608], "gap_range_of_max": [0.565913553217201, 0.5713716872230061], "gap_ranges": [[0.565913553217201, 0.5713716872230061]], "fill_fraction": 0.131871, "max_gap": 0.9598531330085608, "mid_gap_of_max": 0.5686426202201036}