{"strict_calculated": true, "mid_gaps": [0.6189265499151702], "gap_range_of_max": [0.601617831941535, 0.6362352678888054], "fill_fraction": 0.199196, "band_nos": [15], "gap_ranges": [[0.601617831941535, 0.6362352678888054]], "mid_gap_of_max": 0.6189265499151702, "max_gap": 5.593141213931577, "gap": [5.593141213931577]}