{"mid_gap_of_max": 0.42104506531408753, "fill_fraction": 0.14209, "mid_gaps": [0.42104506531408753, 0.7011477863292344], "gap_ranges": [[0.3808215395556042, 0.46126859107257084], [0.7004525388777, 0.7018430337807688]], "max_gap": 19.106518077098322, "gap_range_of_max": [0.3808215395556042, 0.46126859107257084], "gap": [19.106518077098322, 0.19831694974717431], "strict_calculated": true, "band_nos": [2, 12]}