{"band_nos": [16], "gap": [0.09758717537848037], "mid_gaps": [0.5540318597139163], "_status": {"tP16-FeCuSe2/461e6396/store_data/0000/39ddce173f42e2fc857cfd90e4b10ad0": 1, "tP16-FeCuSe2/461e6396/strict-mpb-t/0000/f6ea72d3b1133f29770ce7e6ae8da9a6": 1, "tP16-FeCuSe2/461e6396/store_strict/0000/f5e4a76981eba5584d14209ae39aa40b": 1, "tP16-FeCuSe2/461e6396/mpb-tP16-FeC/0000/20fff9b7cca2e41d40e22fd5a110ae74": 1, "tP16-FeCuSe2/461e6396/store_fill/0000/a20ed63a9138b5f0b3d4d8321909bfe8": 1, "tP16-FeCuSe2/461e6396/check_runnin/0000/5b743316fe3c786a9e5e809792304926": 1}, "max_gap": 0.09758717537848037, "gap_ranges": [[0.55376152769262, 0.5543021917352127]], "gap_range_of_max": [0.55376152769262, 0.5543021917352127], "mid_gap_of_max": 0.5540318597139163, "fill_fraction": 0.224057}