{"mid_gaps": [0.6440787262300351], "max_gap": 1.7652196899379737, "fill_fraction": 0.171433, "gap": [1.7652196899379737], "gap_range_of_max": [0.638394023982978, 0.6497634284770923], "_status": {"tP28-Mg(FeO2/84217e3d/store_data/0000/f380db5d0f94a3b170da568eaa27b94b": 1, "tP28-Mg(FeO2/84217e3d/mpb-tP28-Mg(/0000/b158e20df29fbe8acf0c2c0f8b5e645e": 1, "tP28-Mg(FeO2/84217e3d/store_strict/0000/da5edb09ecd7f6a63e14dea99fca1842": 1, "tP28-Mg(FeO2/84217e3d/strict-mpb-t/0000/a536311a384cc0a726cd769bc653d071": 1, "tP28-Mg(FeO2/84217e3d/check_runnin/0000/d74ba889ae25abd38785665de7758687": 1, "tP28-Mg(FeO2/84217e3d/store_fill/0000/79a421267c5ab47246d7d6ab224f9d3a": 1}, "gap_ranges": [[0.638394023982978, 0.6497634284770923]], "mid_gap_of_max": 0.6440787262300351, "band_nos": [16]}