{"mid_gap_of_max": 0.6269167363487111, "gap_range_of_max": [0.618318569570765, 0.6355149031266574], "band_nos": [16], "gap": [2.743001192797416], "fill_fraction": 0.231033, "gap_ranges": [[0.618318569570765, 0.6355149031266574]], "max_gap": 2.743001192797416, "mid_gaps": [0.6269167363487111]}