{"fill_fraction": 0.321914, "gap_range_of_max": [0.307505510875383, 0.34511597418521917], "gap": [11.525965408982279, 0.7454707745290424], "gap_ranges": [[0.307505510875383, 0.34511597418521917], [0.417905593872425, 0.4210326134483926]], "max_gap": 11.525965408982279, "mid_gap_of_max": 0.3263107425303011, "mid_gaps": [0.3263107425303011, 0.4194691036604088], "strict_calculated": true, "band_nos": [4, 10]}