{"max_gap": 1.2442730532153408, "gap_ranges": [[0.581428704802009, 0.5887085561136121]], "band_nos": [8], "fill_fraction": 0.236712, "mid_gaps": [0.5850686304578105], "gap_range_of_max": [0.581428704802009, 0.5887085561136121], "mid_gap_of_max": 0.5850686304578105, "gap": [1.2442730532153408]}