{"gap_range_of_max": [0.242036839760001, 0.2611578123252039], "gap_ranges": [[0.242036839760001, 0.2611578123252039]], "mid_gaps": [0.25159732604260243], "band_nos": [2], "fill_fraction": 0.581324, "mid_gap_of_max": 0.25159732604260243, "max_gap": 7.599831391675914, "gap": [7.599831391675914]}