{"mid_gaps": [0.2789996221816192], "band_nos": [4], "gap": [0.8192175199868658], "max_gap": 0.8192175199868658, "fill_fraction": 0.448432, "mid_gap_of_max": 0.2789996221816192, "gap_ranges": [[0.2778568152888147, 0.2801424290744237]], "gap_range_of_max": [0.2778568152888147, 0.2801424290744237]}