{"fill_fraction": 0.233411, "gap_range_of_max": [0.582047295618887, 0.6024794293177994], "gap": [3.4498392089894043], "max_gap": 3.4498392089894043, "mid_gaps": [0.5922633624683432], "mid_gap_of_max": 0.5922633624683432, "strict_calculated": true, "gap_ranges": [[0.582047295618887, 0.6024794293177994]], "band_nos": [16]}