{"fill_fraction": 0.466977, "max_gap": 1.624351500379621, "gap_ranges": [[0.3804142319387062, 0.38664409364894115]], "gap": [1.624351500379621], "gap_range_of_max": [0.3804142319387062, 0.38664409364894115], "mid_gaps": [0.38352916279382365], "band_nos": [12], "mid_gap_of_max": 0.38352916279382365, "strict_calculated": true}