{"mid_gap_of_max": 0.31274468041157155, "max_gap": 1.5463545225096762, "band_nos": [4], "gap": [1.5463545225096762], "gap_ranges": [[0.310326609656845, 0.31516275116629816]], "fill_fraction": 0.363412, "gap_range_of_max": [0.310326609656845, 0.31516275116629816], "mid_gaps": [0.31274468041157155]}