{"gap": [0.9156908761446115, 1.1617198372538564], "gap_ranges": [[0.3130900394689687, 0.3159701629082814], [0.4087362454722097, 0.4135123580414905]], "mid_gap_of_max": 0.4111243017568501, "max_gap": 1.1617198372538564, "band_nos": [2, 5], "mid_gaps": [0.314530101188625, 0.4111243017568501], "strict_calculated": true, "fill_fraction": 0.288707, "gap_range_of_max": [0.4087362454722097, 0.4135123580414905]}