{"_status": {"hR15-Ni3S2-1/33546324/store_fill/0000/ae47b88808d311d0d1dc795f8fca3e6f": 1, "hR15-Ni3S2-1/33546324/mpb-hR15-Ni3/0000/d43250ddf7a2c22a9c4e69b186dff9ed": 1, "hR15-Ni3S2-1/33546324/store_strict/0000/3c53500647e2cd15fdced9d9a2a16036": 1, "hR15-Ni3S2-1/33546324/check_runnin/0000/5e2626ecfe55ecf402ed0affe205aaf6": 1, "hR15-Ni3S2-1/33546324/strict-mpb-h/0000/9beb38fda20de5ada409feb95dee8a51": 1, "hR15-Ni3S2-1/33546324/store_data/0000/73b546ba1bc444d6c09b0100756c25b6": 1}, "max_gap": 2.0780638918412633, "gap_ranges": [[0.612391961927032, 0.6141949933880879], [0.620811346507587, 0.6338476543387498]], "mid_gap_of_max": 0.6273295004231684, "mid_gaps": [0.61329347765756, 0.6273295004231684], "band_nos": [16, 17], "gap_range_of_max": [0.620811346507587, 0.6338476543387498], "gap": [0.2939916250115874, 2.0780638918412633], "fill_fraction": 0.254874, "run_me": true}