{"strict_calculated": true, "gap_range_of_max": [0.222273320463314, 0.23969556022616506], "gap": [7.542603188703106], "band_nos": [2], "gap_ranges": [[0.222273320463314, 0.23969556022616506]], "max_gap": 7.542603188703106, "mid_gaps": [0.23098444034473953], "mid_gap_of_max": 0.23098444034473953, "fill_fraction": 0.602673}