{"gap": [7.059366243582448], "mid_gap_of_max": 0.9236940384612053, "gap_range_of_max": [0.891090565888648, 0.9562975110337626], "max_gap": 7.059366243582448, "band_nos": [12], "fill_fraction": 0.134236, "gap_ranges": [[0.891090565888648, 0.9562975110337626]], "mid_gaps": [0.9236940384612053]}