{"mid_gap_of_max": 0.6200954310993285, "gap": [4.4796238476965975], "max_gap": 4.4796238476965975, "gap_range_of_max": [0.606206459694327, 0.6339844025043302], "gap_ranges": [[0.606206459694327, 0.6339844025043302]], "mid_gaps": [0.6200954310993285], "band_nos": [16], "fill_fraction": 0.170246}