{"max_gap": 12.303602394541596, "gap": [12.303602394541596], "mid_gaps": [0.4061456409005155], "fill_fraction": 0.265763, "gap_range_of_max": [0.381160368500934, 0.43113091330009706], "gap_ranges": [[0.381160368500934, 0.43113091330009706]], "mid_gap_of_max": 0.4061456409005155, "band_nos": [2]}