{"mid_gaps": [0.5616909065219391], "mid_gap_of_max": 0.5616909065219391, "band_nos": [7], "gap": [8.552730900777302], "gap_ranges": [[0.53767095065746, 0.5857108623864183]], "gap_range_of_max": [0.53767095065746, 0.5857108623864183], "fill_fraction": 0.188074, "max_gap": 8.552730900777302}