{"gap_range_of_max": [0.600064998770975, 0.6045571182047852], "_status": {"cI80-N3U2_r-/0a387fa5/check_runnin/0000/66a11566faaaa97a49a66519e038cacb": 1, "cI80-N3U2_r-/0a387fa5/store_strict/0000/67e773e506b9e4c4bb8769096c6728e9": 1, "cI80-N3U2_r-/0a387fa5/mpb-cI80-N3U/0000/190e4b402928afc8ed5b45d3ff678974": 1, "cI80-N3U2_r-/0a387fa5/store_fill/0000/10495b77e30d6915b9974c615af66b81": 1, "cI80-N3U2_r-/0a387fa5/strict-mpb-c/0000/e746a634c0571265ef31bbf896c8d43a": 1, "cI80-N3U2_r-/0a387fa5/store_data/0000/b6b535b1b5a517382c2feaa3fbf6e5d9": 1}, "run_me": true, "max_gap": 0.745813873165054, "gap_ranges": [[0.600064998770975, 0.6045571182047852]], "mid_gap_of_max": 0.6023110584878801, "mid_gaps": [0.6023110584878801], "fill_fraction": 0.339222, "gap": [0.745813873165054], "band_nos": [12]}