{"max_gap": 4.20177486737388, "gap": [4.20177486737388], "gap_ranges": [[0.283497347198609, 0.2956648939434216]], "mid_gap_of_max": 0.28958112057101526, "gap_range_of_max": [0.283497347198609, 0.2956648939434216], "fill_fraction": 0.564102, "band_nos": [2], "mid_gaps": [0.28958112057101526]}