{"mid_gap_of_max": 0.47979185598656277, "max_gap": 0.005325968287471403, "band_nos": [4], "gap": [0.005325968287471403], "gap_ranges": [[0.4797790792055149, 0.47980463276761065]], "fill_fraction": 0.132706, "gap_range_of_max": [0.4797790792055149, 0.47980463276761065], "mid_gaps": [0.47979185598656277]}