{"gap_range_of_max": [0.3475307307027069, 0.3602043690928052], "mid_gap_of_max": 0.35386754989775604, "max_gap": 3.5814638538515466, "mid_gaps": [0.35386754989775604, 0.5581688475507496], "band_nos": [2, 8], "gap": [3.5814638538515466, 2.3662752683895683], "gap_ranges": [[0.3475307307027069, 0.3602043690928052], [0.551564941853025, 0.5647727532484741]], "fill_fraction": 0.352451, "strict_calculated": true}