{"gap_ranges": [[0.566134006227704, 0.5775547858211719]], "mid_gap_of_max": 0.5718443960244379, "gap_range_of_max": [0.566134006227704, 0.5775547858211719], "max_gap": 1.997183092615232, "mid_gaps": [0.5718443960244379], "gap": [1.997183092615232], "fill_fraction": 0.208996, "band_nos": [8]}