{"band_nos": [8], "mid_gap_of_max": 0.3989804989024909, "gap_ranges": [[0.3987651977380395, 0.39919580006694233]], "mid_gaps": [0.3989804989024909], "gap": [0.10792565804275896], "max_gap": 0.10792565804275896, "gap_range_of_max": [0.3987651977380395, 0.39919580006694233], "fill_fraction": 0.583345}