{"mid_gap_of_max": 0.2841349773616397, "gap": [8.948517241330498], "gap_ranges": [[0.271422043642711, 0.29684791108056835]], "mid_gaps": [0.2841349773616397], "max_gap": 8.948517241330498, "fill_fraction": 0.48094, "gap_range_of_max": [0.271422043642711, 0.29684791108056835], "band_nos": [4]}