{"gap_range_of_max": [0.3273360388035582, 0.3916622910053166], "mid_gaps": [0.3594991649044374], "band_nos": [2], "fill_fraction": 0.241611, "mid_gap_of_max": 0.3594991649044374, "gap_ranges": [[0.3273360388035582, 0.3916622910053166]], "gap": [17.89329669760362], "strict_calculated": true, "max_gap": 17.89329669760362}