{"fill_fraction": 0.259088, "mid_gap_of_max": 0.6653277066039831, "mid_gaps": [0.6653277066039831], "gap_ranges": [[0.658943371052112, 0.6717120421558541]], "gap_range_of_max": [0.658943371052112, 0.6717120421558541], "max_gap": 1.91915517375887, "gap": [1.91915517375887], "band_nos": [8]}