{"mid_gaps": [0.6590055320050154], "fill_fraction": 0.159314, "band_nos": [8], "gap": [1.3768785353616029], "max_gap": 1.3768785353616029, "strict_calculated": true, "gap_range_of_max": [0.654468679146504, 0.6635423848635268], "mid_gap_of_max": 0.6590055320050154, "gap_ranges": [[0.654468679146504, 0.6635423848635268]]}