{"mid_gap_of_max": 0.5567236102313916, "mid_gaps": [0.5567236102313916], "strict_calculated": true, "max_gap": 20.457738747738723, "gap": [20.457738747738723], "gap_range_of_max": [0.4997770793673329, 0.6136701410954503], "fill_fraction": 0.180179, "gap_ranges": [[0.4997770793673329, 0.6136701410954503]], "band_nos": [8]}