{"gap_range_of_max": [0.50032094159019, 0.5010446624273659], "gap_ranges": [[0.50032094159019, 0.5010446624273659]], "band_nos": [8], "fill_fraction": 0.501615, "mid_gaps": [0.5006828020087779], "mid_gap_of_max": 0.5006828020087779, "gap": [0.14454677377997482], "max_gap": 0.14454677377997482}