{"band_nos": [8], "mid_gaps": [0.7225524470965672], "gap_ranges": [[0.709529495045983, 0.7355753991471514]], "mid_gap_of_max": 0.7225524470965672, "max_gap": 3.6047077559322527, "gap": [3.6047077559322527], "gap_range_of_max": [0.709529495045983, 0.7355753991471514], "strict_calculated": true, "fill_fraction": 0.211977}