{"gap_range_of_max": [0.810646261417519, 0.8415486908853222], "band_nos": [8, 17], "mid_gap_of_max": 0.8260974761514206, "fill_fraction": 0.142179, "strict_calculated": true, "gap_ranges": [[0.61574666245517, 0.6366534254061509], [0.810646261417519, 0.8415486908853222]], "max_gap": 3.740772773180353, "mid_gaps": [0.6262000439306604, 0.8260974761514206], "gap": [3.338671588035357, 3.740772773180353]}