{"gap": [2.369363238064387], "fill_fraction": 0.576059, "mid_gap_of_max": 0.2574907037214683, "max_gap": 2.369363238064387, "mid_gaps": [0.2574907037214683], "band_nos": [2], "gap_range_of_max": [0.2544402586837634, 0.2605411487591732], "gap_ranges": [[0.2544402586837634, 0.2605411487591732]]}