{"max_gap": 2.4772959890778297, "gap": [2.4772959890778297], "mid_gaps": [0.3856589117696395], "fill_fraction": 0.361591, "mid_gap_of_max": 0.3856589117696395, "gap_range_of_max": [0.380881955393244, 0.3904358681460351], "band_nos": [16], "gap_ranges": [[0.380881955393244, 0.3904358681460351]]}