{"max_gap": 1.567550481365823, "fill_fraction": 0.29335, "mid_gap_of_max": 0.755873987047451, "mid_gaps": [0.755873987047451], "gap_ranges": [[0.74994963388621, 0.761798340208692]], "band_nos": [12], "gap_range_of_max": [0.74994963388621, 0.761798340208692], "gap": [1.567550481365823]}