{"mid_gaps": [0.47493811685027654], "mid_gap_of_max": 0.47493811685027654, "fill_fraction": 0.386042, "gap": [3.857686199505515], "gap_range_of_max": [0.465777305755314, 0.484098927945239], "band_nos": [16], "max_gap": 3.857686199505515, "gap_ranges": [[0.465777305755314, 0.484098927945239]]}