{"_status": {"cI144-Ga4Se8/27ba716a/strict-mpb-c/0000/381db7583fb189416acbda0fbd1a223f": 1, "cI144-Ga4Se8/27ba716a/store_strict/0000/9d4f7d907fdd352ea00ac84d3148ffc7": 1, "cI144-Ga4Se8/27ba716a/store_data/0000/1885049007663165d702aadc88684300": 1, "cI144-Ga4Se8/27ba716a/mpb-cI144-Ga/0000/8c47d421c636c5d2f75d83a71a86036c": 7, "cI144-Ga4Se8/27ba716a/check_runnin/0000/6cff4a65c275ef8f7b079d11f1fbc44c": 1, "cI144-Ga4Se8/27ba716a/store_fill/0000/5d1e9ca94b5a215da949f3b7dc2d2056": 1}, "gap": [0.04918474794288926], "max_gap": 0.04918474794288926, "mid_gap_of_max": 0.5479830786483857, "mid_gaps": [0.5479830786483857], "run_me": true, "fill_fraction": 0.325232, "band_nos": [14], "gap_ranges": [[0.547848316600384, 0.5481178406963875]], "gap_range_of_max": [0.547848316600384, 0.5481178406963875]}