{"gap_range_of_max": [0.87623714474825, 0.8815418592138132], "gap": [0.6035701249816177], "band_nos": [16], "fill_fraction": 0.209828, "mid_gap_of_max": 0.8788895019810317, "mid_gaps": [0.8788895019810317], "gap_ranges": [[0.87623714474825, 0.8815418592138132]], "max_gap": 0.6035701249816177}