{"gap": [4.127727368156978, 4.515345881928559], "band_nos": [], "gap_range_of_max": [0.76233436266459, 0.7975514833193084], "gap_ranges": [[0.595158959106815, 0.620243202944906], [0.76233436266459, 0.7975514833193084]], "fill_fraction": 0.245684, "mid_gaps": [0.6077010810258605, 0.7799429229919492], "max_gap": 4.515345881928559, "mid_gap_of_max": 0.7799429229919492}