{"max_gap": 1.8242409799513728, "fill_fraction": 0.278103, "band_nos": [8], "mid_gaps": [0.549584456741524], "gap_ranges": [[0.54457158430186, 0.5545973291811881]], "gap": [1.8242409799513728], "mid_gap_of_max": 0.549584456741524, "gap_range_of_max": [0.54457158430186, 0.5545973291811881]}