{"fill_fraction": 0.130249, "gap_ranges": [[0.646027398373601, 0.6819412434413072]], "max_gap": 5.408839325998398, "band_nos": [11], "mid_gaps": [0.6639843209074541], "gap_range_of_max": [0.646027398373601, 0.6819412434413072], "gap": [5.408839325998398], "strict_calculated": true, "mid_gap_of_max": 0.6639843209074541}