{"gap_ranges": [[0.338298262200399, 0.416110366843455]], "max_gap": 20.628635900327865, "mid_gaps": [0.377204314521927], "band_nos": [4], "mid_gap_of_max": 0.377204314521927, "fill_fraction": 0.255199, "gap_range_of_max": [0.338298262200399, 0.416110366843455], "gap": [20.628635900327865]}