{"gap_range_of_max": [0.523999895711629, 0.5891666177951624], "gap": [11.708351139352843], "mid_gaps": [0.5565832567533957], "band_nos": [12], "fill_fraction": 0.374405, "max_gap": 11.708351139352843, "gap_ranges": [[0.523999895711629, 0.5891666177951624]], "mid_gap_of_max": 0.5565832567533957}