{"mid_gaps": [0.6426000690858658], "run_me": true, "band_nos": [18], "max_gap": 2.6552189336919474, "fill_fraction": 0.477327, "gap_range_of_max": [0.63406884973472, 0.6511312884370115], "mid_gap_of_max": 0.6426000690858658, "gap_ranges": [[0.63406884973472, 0.6511312884370115]], "gap": [2.6552189336919474]}