{
  "structure": "hP20-CsSO3_r",
  "nbands": 20,
  "lattice_vectors": [
    [
      1.0,
      0.0,
      0.0
    ],
    [
      -0.5,
      0.8660254038,
      0.0
    ],
    [
      0.0,
      0.0,
      1.823427133
    ]
  ],
  "basis": [
    [
      -0.45,
      -0.45,
      -0.475
    ],
    [
      -0.45,
      -0.45,
      0.025
    ],
    [
      -0.1166666667,
      0.2166666667,
      -0.225
    ],
    [
      0.2166666667,
      -0.1166666667,
      0.275
    ],
    [
      -0.1166666667,
      0.2166666667,
      0.255
    ],
    [
      -0.1166666667,
      0.2166666667,
      0.295
    ],
    [
      0.2166666667,
      -0.1166666667,
      -0.245
    ],
    [
      0.2166666667,
      -0.1166666667,
      -0.205
    ],
    [
      -0.01,
      -0.11666667,
      -0.35
    ],
    [
      0.21666667,
      -0.34333333,
      -0.35
    ],
    [
      0.44333333,
      0.11,
      -0.35
    ],
    [
      -0.01,
      -0.11666667,
      -0.1
    ],
    [
      0.21666667,
      -0.34333333,
      -0.1
    ],
    [
      0.44333333,
      0.11,
      -0.1
    ],
    [
      -0.11666667,
      -0.01,
      0.15
    ],
    [
      -0.34333333,
      0.21666667,
      0.15
    ],
    [
      0.11,
      0.44333333,
      0.15
    ],
    [
      -0.11666667,
      -0.01,
      0.4
    ],
    [
      -0.34333333,
      0.21666667,
      0.4
    ],
    [
      0.11,
      0.44333333,
      0.4
    ]
  ]
}