{"strict_calculated": true, "fill_fraction": 0.599405, "gap_ranges": [[0.4483057631094, 0.46741257796781044]], "mid_gap_of_max": 0.45785917053860525, "gap": [4.173076807860665], "gap_range_of_max": [0.4483057631094, 0.46741257796781044], "max_gap": 4.173076807860665, "band_nos": [12], "mid_gaps": [0.45785917053860525]}