{"mid_gap_of_max": 0.6707885876985581, "_status": {"hP4-AlAgS2-1/a81e6140/store_strict/0000/f9fd7d0590cd46e4750059b9f24daa05": 1, "hP4-AlAgS2-1/a81e6140/store_data/0000/299c3d6126e58a4bd679a4c0eae1a12e": 1, "hP4-AlAgS2-1/a81e6140/check_runnin/0000/ec128767510748f081cfff00c578e5f6": 1, "hP4-AlAgS2-1/a81e6140/strict-mpb-h/0000/cd17f13567cb1dfc5996addc57c714b5": 1, "hP4-AlAgS2-1/a81e6140/store_fill/0000/5625ee54d69e453932f7142cfe8bee3b": 1, "hP4-AlAgS2-1/a81e6140/mpb-hP4-AlAg/0000/3f48e49cfa708e34710f04b748eb3759": 1}, "gap": [0.22049207330089193, 1.298406335591], "fill_fraction": 0.105422, "gap_ranges": [[0.637197081922258, 0.6386036016114137], [0.666433806938008, 0.6751433684591082]], "band_nos": [16, 18], "mid_gaps": [0.6379003417668359, 0.6707885876985581], "max_gap": 1.298406335591, "gap_range_of_max": [0.666433806938008, 0.6751433684591082]}