{
  "lattice_vectors": [
    [
      1.0,
      0.0,
      0.0
    ],
    [
      0.0,
      1.0,
      0.0
    ],
    [
      0.0,
      0.0,
      1.0
    ]
  ],
  "structure": "cP38-Ta8Cu4.0002O24_r",
  "basis": [
    [
      -0.1578947368,
      -0.1578947368,
      -0.1578947368
    ],
    [
      0.3421052632,
      0.3421052632,
      -0.1578947368
    ],
    [
      -0.1578947368,
      0.3421052632,
      0.3421052632
    ],
    [
      0.3421052632,
      -0.1578947368,
      0.3421052632
    ],
    [
      0.3421052632,
      0.3421052632,
      0.3421052632
    ],
    [
      -0.1578947368,
      -0.1578947368,
      0.3421052632
    ],
    [
      0.3421052632,
      -0.1578947368,
      -0.1578947368
    ],
    [
      -0.1578947368,
      0.3421052632,
      -0.1578947368
    ],
    [
      -0.4078947368,
      0.0921052632,
      0.0921052632
    ],
    [
      0.0921052632,
      -0.4078947368,
      0.0921052632
    ],
    [
      0.0921052632,
      0.0921052632,
      -0.4078947368
    ],
    [
      0.0921052632,
      -0.4078947368,
      -0.4078947368
    ],
    [
      -0.4078947368,
      0.0921052632,
      -0.4078947368
    ],
    [
      -0.4078947368,
      -0.4078947368,
      0.0921052632
    ],
    [
      -0.4078947368,
      -0.1100947368,
      -0.2266947368
    ],
    [
      -0.4078947368,
      0.2943052632,
      -0.2266947368
    ],
    [
      -0.4078947368,
      0.2943052632,
      0.4109052632
    ],
    [
      -0.4078947368,
      -0.1100947368,
      0.4109052632
    ],
    [
      -0.2266947368,
      -0.4078947368,
      -0.1100947368
    ],
    [
      0.4109052632,
      -0.4078947368,
      -0.1100947368
    ],
    [
      -0.2266947368,
      -0.4078947368,
      0.2943052632
    ],
    [
      0.4109052632,
      -0.4078947368,
      0.2943052632
    ],
    [
      -0.1100947368,
      -0.2266947368,
      -0.4078947368
    ],
    [
      -0.1100947368,
      0.4109052632,
      -0.4078947368
    ],
    [
      0.2943052632,
      -0.2266947368,
      -0.4078947368
    ],
    [
      0.2943052632,
      0.4109052632,
      -0.4078947368
    ],
    [
      0.0921052632,
      -0.2228947368,
      -0.1029947368
    ],
    [
      0.0921052632,
      0.4071052632,
      -0.1029947368
    ],
    [
      0.0921052632,
      0.4071052632,
      0.2872052632
    ],
    [
      0.0921052632,
      -0.2228947368,
      0.2872052632
    ],
    [
      -0.1029947368,
      0.0921052632,
      -0.2228947368
    ],
    [
      0.2872052632,
      0.0921052632,
      -0.2228947368
    ],
    [
      -0.1029947368,
      0.0921052632,
      0.4071052632
    ],
    [
      0.2872052632,
      0.0921052632,
      0.4071052632
    ],
    [
      -0.2228947368,
      -0.1029947368,
      0.0921052632
    ],
    [
      -0.2228947368,
      0.2872052632,
      0.0921052632
    ],
    [
      0.4071052632,
      -0.1029947368,
      0.0921052632
    ],
    [
      0.4071052632,
      0.2872052632,
      0.0921052632
    ]
  ],
  "nbands": 20
}