{"fill_fraction": 0.125562, "inspect": true, "gap": [3.7502912812253304], "max_gap": 3.7502912812253304, "band_nos": [12], "gap_ranges": [[0.6140776732168396, 0.6375474674794176]], "gap_range_of_max": [0.6140776732168396, 0.6375474674794176], "mid_gaps": [0.6258125703481285], "mid_gap_of_max": 0.6258125703481285}