{"gap": [4.149139230033428], "mid_gaps": [0.47534812851704156], "band_nos": [2], "_status": {"cI48-Ag3AuSe/37f881c6/mpb-cI48-Ag3/0000/f07eb0a88f9870237db43a1444d447b8": 1, "cI48-Ag3AuSe/37f881c6/store_strict/0000/df962981172d864facb5c7035ed626ed": 1, "cI48-Ag3AuSe/37f881c6/store_data/0000/ed3c741bb51ed94e2d53d3d2ffc64339": 1, "cI48-Ag3AuSe/37f881c6/strict-mpb-c/0000/8d1b0ac26e38ba51b9225e09e1019639": 1, "cI48-Ag3AuSe/37f881c6/check_runnin/0000/153a8ad9a4c4d7d77fcfacde8e4b596c": 1, "cI48-Ag3AuSe/37f881c6/store_fill/0000/834f0cb0ed51e09d9900ebd1916d79f4": 1}, "mid_gap_of_max": 0.47534812851704156, "fill_fraction": 0.131647, "gap_range_of_max": [0.465486700677276, 0.4852095563568071], "max_gap": 4.149139230033428, "gap_ranges": [[0.465486700677276, 0.4852095563568071]], "strict_calculated": true}