{"gap_ranges": [[0.724678840369577, 0.7486006881984786]], "fill_fraction": 0.097396, "max_gap": 3.247428253096299, "band_nos": [11], "mid_gaps": [0.7366397642840278], "gap_range_of_max": [0.724678840369577, 0.7486006881984786], "gap": [3.247428253096299], "strict_calculated": true, "mid_gap_of_max": 0.7366397642840278}