{"gap_range_of_max": [0.3023170544036602, 0.4102073063198297], "mid_gaps": [0.35626218036174495, 0.5271769028522602], "fill_fraction": 0.22745, "gap_ranges": [[0.3023170544036602, 0.4102073063198297], [0.527172320091265, 0.5271814856132553]], "mid_gap_of_max": 0.35626218036174495, "gap": [30.28394757103289, 0.0017386046203013532], "band_nos": [2, 8], "strict_calculated": true, "max_gap": 30.28394757103289}