{"mid_gap_of_max": 0.43094896071361777, "mid_gaps": [0.43094896071361777], "gap_ranges": [[0.3960794560289847, 0.4658184653982509]], "fill_fraction": 0.190541, "gap_range_of_max": [0.3960794560289847, 0.4658184653982509], "band_nos": [2], "max_gap": 16.1826609939571, "gap": [16.1826609939571]}