{"mid_gap_of_max": 0.5719231190561558, "gap": [6.642942646834043], "mid_gaps": [0.5719231190561558], "gap_ranges": [[0.552926856664713, 0.5909193814475987]], "band_nos": [16], "fill_fraction": 0.23103, "gap_range_of_max": [0.552926856664713, 0.5909193814475987], "max_gap": 6.642942646834043}