{"gap_range_of_max": [0.3750909028110294, 0.4372107210511428], "max_gap": 15.294766479662615, "fill_fraction": 0.238321, "band_nos": [2], "gap": [15.294766479662615], "mid_gap_of_max": 0.4061508119310861, "gap_ranges": [[0.3750909028110294, 0.4372107210511428]], "mid_gaps": [0.4061508119310861]}