{"fill_fraction": 0.448321, "band_nos": [2], "mid_gaps": [0.32350636094565854], "gap_range_of_max": [0.301045379505004, 0.34596734238631305], "max_gap": 13.88595969179544, "mid_gap_of_max": 0.32350636094565854, "gap": [13.88595969179544], "gap_ranges": [[0.301045379505004, 0.34596734238631305]]}