{"fill_fraction": 0.23136, "max_gap": 2.6379113799863685, "_status": {"cP4-Li-12/da9f2cc4/store_data/0000/8a8e12c6e8835b7ad7590ffb7602ee0a": 1, "cP4-Li-12/da9f2cc4/mpb-cP4-Li-1/0000/957267fcaa37c9f261fe4c5097a90a1d": 6, "cP4-Li-12/da9f2cc4/strict-mpb-c/0000/ca7e26945883fddaa10921fb006ae750": 1, "cP4-Li-12/da9f2cc4/store_fill/0000/e2d4c9aee493a711aae7e1b0cfcc12f6": 1, "cP4-Li-12/da9f2cc4/check_runnin/0000/ac68dd57f3b765a57c27c7ced6055733": 1, "cP4-Li-12/da9f2cc4/store_strict/0000/63765d5d8a20f32f0d2104b3c61ed0f0": 1}, "band_nos": [16], "gap_range_of_max": [0.649902885159499, 0.6672758895559917], "run_me": true, "mid_gap_of_max": 0.6585893873577453, "gap_ranges": [[0.649902885159499, 0.6672758895559917]], "gap": [2.6379113799863685], "mid_gaps": [0.6585893873577453]}