{"mid_gap_of_max": 0.34376361358867147, "band_nos": [5], "gap": [4.551663819124563], "mid_gaps": [0.34376361358867147], "fill_fraction": 0.442538, "max_gap": 4.551663819124563, "gap_ranges": [[0.3359401315771561, 0.35158709560018686]], "gap_range_of_max": [0.3359401315771561, 0.35158709560018686], "strict_calculated": true}