{"band_nos": [4], "gap_range_of_max": [0.32885543745948, 0.3486490613211075], "gap_ranges": [[0.32885543745948, 0.3486490613211075]], "mid_gaps": [0.33875224939029375], "mid_gap_of_max": 0.33875224939029375, "strict_calculated": true, "max_gap": 5.843097395587485, "gap": [5.843097395587485], "fill_fraction": 0.263074}