{"gap_range_of_max": [0.792535629878577, 0.8585052131143006], "gap_ranges": [[0.792535629878577, 0.8585052131143006]], "gap": [7.9912721136732445], "fill_fraction": 0.228069, "band_nos": [8], "mid_gaps": [0.8255204214964388], "mid_gap_of_max": 0.8255204214964388, "max_gap": 7.9912721136732445}