{"gap_ranges": [[0.65194484858787, 0.6532264498969308]], "_status": {"hP14-N4Si3-1/f536cadc/strict-mpb-h/0000/5872c36de4dacf03f2cde0df140e84bd": 1, "hP14-N4Si3-1/f536cadc/check_runnin/0000/9e2b66125489407108a1a3939a6ad43d": 1, "hP14-N4Si3-1/f536cadc/store_data/0000/cbb9c11185bd2cf84e35ad9715131474": 1, "hP14-N4Si3-1/f536cadc/store_fill/0000/214dc43638d21cb5a9551babb3ebe887": 1, "hP14-N4Si3-1/f536cadc/mpb-hP14-N4S/0000/9ed976f0cb05cb1802889a23c7e9f788": 3, "hP14-N4Si3-1/f536cadc/store_strict/0000/f9ed67508a7b30a90fa326094db0f674": 1}, "max_gap": 0.196388215178774, "mid_gaps": [0.6525856492424005], "fill_fraction": 0.410367, "gap": [0.196388215178774], "mid_gap_of_max": 0.6525856492424005, "gap_range_of_max": [0.65194484858787, 0.6532264498969308], "band_nos": [10], "run_me": true}