{"mid_gaps": [0.5936302699256455], "gap": [8.994851666858002], "band_nos": [12], "gap_ranges": [[0.566932188810955, 0.6203283510403359]], "fill_fraction": 0.395565, "mid_gap_of_max": 0.5936302699256455, "gap_range_of_max": [0.566932188810955, 0.6203283510403359], "max_gap": 8.994851666858002}