{"band_nos": [2], "mid_gaps": [0.31658823384339274], "fill_fraction": 0.462539, "gap": [8.120045162222217], "max_gap": 8.120045162222217, "gap_ranges": [[0.30373468006021, 0.3294417876265755]], "mid_gap_of_max": 0.31658823384339274, "gap_range_of_max": [0.30373468006021, 0.3294417876265755]}