{"strict_calculated": true, "mid_gaps": [0.5255725697864402], "gap_range_of_max": [0.52386726495289, 0.5272778746199903], "fill_fraction": 0.33891, "band_nos": [15], "gap_ranges": [[0.52386726495289, 0.5272778746199903]], "mid_gap_of_max": 0.5255725697864402, "max_gap": 0.6489322052111064, "gap": [0.6489322052111064]}