{"gap_ranges": [[0.3878220697576345, 0.39216789156072934]], "gap_range_of_max": [0.3878220697576345, 0.39216789156072934], "band_nos": [12], "mid_gap_of_max": 0.3899949806591819, "gap": [1.1143276243579696], "max_gap": 1.1143276243579696, "fill_fraction": 0.566669, "strict_calculated": true, "mid_gaps": [0.3899949806591819]}