{"max_gap": 8.78593521354642, "mid_gaps": [0.5441301757291039], "band_nos": [8], "mid_gap_of_max": 0.5441301757291039, "gap": [8.78593521354642], "gap_range_of_max": [0.520226713370646, 0.568033638087562], "gap_ranges": [[0.520226713370646, 0.568033638087562]], "fill_fraction": 0.454201}