{"strict_calculated": true, "gap": [19.824467216642084], "gap_range_of_max": [0.28687857165157, 0.35000828467095046], "mid_gaps": [0.31844342816126026], "gap_ranges": [[0.28687857165157, 0.35000828467095046]], "band_nos": [2], "max_gap": 19.824467216642084, "fill_fraction": 0.332386, "mid_gap_of_max": 0.31844342816126026}