{"gap_ranges": [[0.25772094939338, 0.28151069482639424]], "max_gap": 8.823571720252128, "mid_gaps": [0.2696158221098871], "band_nos": [4], "mid_gap_of_max": 0.2696158221098871, "fill_fraction": 0.474111, "gap_range_of_max": [0.25772094939338, 0.28151069482639424], "strict_calculated": true, "gap": [8.823571720252128]}