{"mid_gap_of_max": 0.36885531956869777, "fill_fraction": 0.356321, "band_nos": [2], "mid_gaps": [0.36885531956869777], "gap": [13.30545703323959], "max_gap": 13.30545703323959, "gap_range_of_max": [0.3443163765386819, 0.39339426259871363], "gap_ranges": [[0.3443163765386819, 0.39339426259871363]]}