{"band_nos": [4], "max_gap": 2.1394858641491226, "gap": [2.1394858641491226], "gap_ranges": [[0.313045535586935, 0.31981552202054353]], "gap_range_of_max": [0.313045535586935, 0.31981552202054353], "fill_fraction": 0.396593, "mid_gaps": [0.31643052880373923], "mid_gap_of_max": 0.31643052880373923}