{"mid_gap_of_max": 0.5084284685303846, "gap_range_of_max": [0.4555826760343207, 0.5612742610264484], "max_gap": 20.787896731595264, "fill_fraction": 0.097391, "gap": [20.787896731595264], "mid_gaps": [0.5084284685303846], "gap_ranges": [[0.4555826760343207, 0.5612742610264484]], "band_nos": [2]}