{"gap_ranges": [[0.318143129879806, 0.4028196681737257]], "max_gap": 23.489849551885474, "mid_gaps": [0.36048139902676585], "band_nos": [4], "mid_gap_of_max": 0.36048139902676585, "fill_fraction": 0.255199, "gap_range_of_max": [0.318143129879806, 0.4028196681737257], "strict_calculated": true, "gap": [23.489849551885474]}