{"gap_range_of_max": [0.31650126112909, 0.38875107217054045], "max_gap": 20.48906685736658, "band_nos": [4], "gap": [20.48906685736658], "mid_gap_of_max": 0.3526261666498152, "fill_fraction": 0.224894, "gap_ranges": [[0.31650126112909, 0.38875107217054045]], "mid_gaps": [0.3526261666498152], "strict_calculated": true}