{"gap": [0.006592888880098729], "mid_gap_of_max": 0.3172369524838583, "mid_gaps": [0.3172369524838583], "band_nos": [4], "gap_range_of_max": [0.317226494943976, 0.3172474100237407], "max_gap": 0.006592888880098729, "gap_ranges": [[0.317226494943976, 0.3172474100237407]], "fill_fraction": 0.413546}