{"gap_range_of_max": [0.343143424999282, 0.42087573527674765], "mid_gaps": [0.38200958013801484], "gap_ranges": [[0.343143424999282, 0.42087573527674765]], "max_gap": 20.348262012010657, "fill_fraction": 0.255316, "gap": [20.348262012010657], "mid_gap_of_max": 0.38200958013801484, "band_nos": [4]}