{
  "nbands": 20,
  "structure": "hP3-Co4Ge3",
  "basis": [
    [
      -0.3333333333,
      -0.3333333333,
      0.3333333333
    ],
    [
      -0.0003333333,
      0.3336666667,
      -0.1666666667
    ],
    [
      0.3336666667,
      -0.0003333333,
      -0.1666666667
    ]
  ],
  "lattice_vectors": [
    [
      0.5,
      -0.8660254038,
      0.0
    ],
    [
      0.5,
      0.8660254038,
      0.0
    ],
    [
      0.0,
      0.0,
      0.6373085616
    ]
  ]
}