{"band_nos": [12], "strict_calculated": true, "fill_fraction": 0.361799, "mid_gaps": [0.3691464318218999], "max_gap": 1.0100795086545171, "gap": [1.0100795086545171], "gap_range_of_max": [0.3672820955895187, 0.37101076805428107], "gap_ranges": [[0.3672820955895187, 0.37101076805428107]], "mid_gap_of_max": 0.3691464318218999}