{"fill_fraction": 0.342383, "gap": [9.598965209985707], "gap_range_of_max": [0.3160322687594232, 0.34789746063088733], "band_nos": [4], "gap_ranges": [[0.3160322687594232, 0.34789746063088733]], "mid_gaps": [0.3319648646951553], "mid_gap_of_max": 0.3319648646951553, "strict_calculated": true, "max_gap": 9.598965209985707}