{"gap_range_of_max": [0.746469796575819, 0.7645454274127607], "_status": {"cI80-N3U2_r-/043d5337/store_strict/0000/0f815c851e244292520b127bfa49d6cf": 1, "cI80-N3U2_r-/043d5337/store_fill/0000/45961a5c7cbdce86b5a5d194aefc1702": 1, "cI80-N3U2_r-/043d5337/check_runnin/0000/69b5ea3a0ac52d1aa80a311ad606955b": 1, "cI80-N3U2_r-/043d5337/store_data/0000/c3177dab22fec0093cf1a4d21b6c1cc1": 1, "cI80-N3U2_r-/043d5337/strict-mpb-c/0000/239a5213beceeb0fd4c09e607e5af947": 1, "cI80-N3U2_r-/043d5337/mpb-cI80-N3U/0000/9b4cd7c7d364bfa9c0d10cffea4026d5": 1}, "run_me": true, "max_gap": 2.3925147212253406, "gap_ranges": [[0.746469796575819, 0.7645454274127607]], "mid_gap_of_max": 0.7555076119942898, "mid_gaps": [0.7555076119942898], "fill_fraction": 0.194605, "gap": [2.3925147212253406], "band_nos": [12]}