{"fill_fraction": 0.156313, "gap": [3.1983624380984956], "band_nos": [4], "mid_gaps": [0.5357808262178194], "max_gap": 3.1983624380984956, "gap_ranges": [[0.527212719869677, 0.5443489325659617]], "mid_gap_of_max": 0.5357808262178194, "gap_range_of_max": [0.527212719869677, 0.5443489325659617]}