{"band_nos": [16], "gap_ranges": [[0.719943057685696, 0.744361639319153]], "gap": [3.33517766942949], "max_gap": 3.33517766942949, "gap_range_of_max": [0.719943057685696, 0.744361639319153], "mid_gaps": [0.7321523485024245], "fill_fraction": 0.157213, "mid_gap_of_max": 0.7321523485024245}