{"fill_fraction": 0.239206, "mid_gaps": [0.45716300662535553], "gap_ranges": [[0.4565857555540106, 0.45774025769670046]], "max_gap": 0.25253621267652543, "gap": [0.25253621267652543], "gap_range_of_max": [0.4565857555540106, 0.45774025769670046], "band_nos": [4], "mid_gap_of_max": 0.45716300662535553}