{"gap_ranges": [[0.657788934657898, 0.6728428862842861]], "mid_gaps": [0.6653159104710921], "fill_fraction": 0.167569, "max_gap": 2.2626772318925306, "gap": [2.2626772318925306], "gap_range_of_max": [0.657788934657898, 0.6728428862842861], "band_nos": [17], "strict_calculated": true, "mid_gap_of_max": 0.6653159104710921}