{"gap": [1.592776043279932, 0.14976791511540166], "mid_gap_of_max": 0.44282343544626535, "band_nos": [5, 8], "mid_gaps": [0.44282343544626535, 0.526416960114549], "max_gap": 1.592776043279932, "gap_range_of_max": [0.4392968426493567, 0.44635002824317405], "gap_ranges": [[0.4392968426493567, 0.44635002824317405], [0.52602275826156, 0.5268111619675381]], "fill_fraction": 0.270477}