{"mid_gap_of_max": 0.3745748194388464, "band_nos": [8], "gap_ranges": [[0.3543264049572056, 0.3948232339204872]], "mid_gaps": [0.3745748194388464], "gap": [10.811412530065471], "gap_range_of_max": [0.3543264049572056, 0.3948232339204872], "max_gap": 10.811412530065471, "fill_fraction": 0.545505}