{"gap_range_of_max": [0.269365083908786, 0.2862226631010671], "mid_gaps": [0.27779387350492657], "gap_ranges": [[0.269365083908786, 0.2862226631010671]], "max_gap": 6.06837687944237, "fill_fraction": 0.572958, "gap": [6.06837687944237], "mid_gap_of_max": 0.27779387350492657, "band_nos": [4]}