{"band_nos": [4], "gap": [23.472568791753925], "gap_ranges": [[0.450541297779845, 0.5703568021836682]], "gap_range_of_max": [0.450541297779845, 0.5703568021836682], "mid_gaps": [0.5104490499817567], "fill_fraction": 0.137175, "mid_gap_of_max": 0.5104490499817567, "max_gap": 23.472568791753925}