{"strict_calculated": true, "band_nos": [2], "gap": [4.8673346504542865], "mid_gaps": [0.2587003001921441], "gap_ranges": [[0.2524043955161033, 0.2649962048681848]], "mid_gap_of_max": 0.2587003001921441, "gap_range_of_max": [0.2524043955161033, 0.2649962048681848], "fill_fraction": 0.655124, "max_gap": 4.8673346504542865}