{"max_gap": 3.2023420860471545, "mid_gaps": [0.367423408812599], "gap_range_of_max": [0.3615403315854, 0.373306486039798], "fill_fraction": 0.290964, "band_nos": [4], "mid_gap_of_max": 0.367423408812599, "gap_ranges": [[0.3615403315854, 0.373306486039798]], "gap": [3.2023420860471545]}