{"mid_gap_of_max": 0.5995572331047564, "run_me": true, "band_nos": [8], "max_gap": 2.1823203651599536, "gap_ranges": [[0.593015103305339, 0.6060993629041738]], "gap_range_of_max": [0.593015103305339, 0.6060993629041738], "gap": [2.1823203651599536], "fill_fraction": 0.29236, "mid_gaps": [0.5995572331047564], "_status": {"mP24-SiO2_r-/5cfdea6d/check_runnin/0000/e4c8a17bf3abb16a99bbdb0c46dbba9e": 1, "mP24-SiO2_r-/5cfdea6d/store_data/0000/8dc2ea5a9578b9a1591eefe1b329f4b2": 1, "mP24-SiO2_r-/5cfdea6d/strict-mpb-m/0000/a7766d18fc564a395de4fdf963513bb4": 1, "mP24-SiO2_r-/5cfdea6d/store_strict/0000/778e4b56dd18be755e223c5e25da2d3c": 1, "mP24-SiO2_r-/5cfdea6d/store_fill/0000/aa10bf0e55060f59f73544de2d9195da": 1, "mP24-SiO2_r-/5cfdea6d/mpb-mP24-SiO/0000/1ffd11d03c141ae2f2218587ca54f5a9": 1}}