{"band_nos": [8], "gap_ranges": [[0.551512392535026, 0.5533407578973771]], "gap": [0.3309698418535785], "gap_range_of_max": [0.551512392535026, 0.5533407578973771], "mid_gaps": [0.5524265752162016], "max_gap": 0.3309698418535785, "mid_gap_of_max": 0.5524265752162016, "_status": {"oP6-NaO2_r-1/ad409682/store_data/0000/eaa217270fff63864dba3fd77656382b": 1, "oP6-NaO2_r-1/ad409682/check_runnin/0000/5af58b259fc8bdefa13fcfe51b3795c2": 1, "oP6-NaO2_r-1/ad409682/mpb-oP6-NaO2/0000/d583da78333600aa9071d06750079a7b": 6, "oP6-NaO2_r-1/ad409682/strict-mpb-o/0000/81734103b8999957c308f3f38fb12f3b": 1, "oP6-NaO2_r-1/ad409682/store_strict/0000/7655373b9f610afd3f343d9e95d91122": 1, "oP6-NaO2_r-1/ad409682/store_fill/0000/1142d5d2c45d8a9177427ad53bb34b26": 1}, "fill_fraction": 0.197209, "run_me": true}