{"mid_gaps": [0.5896423108020774], "fill_fraction": 0.359219, "max_gap": 0.4634425828569717, "strict_calculated": true, "gap_ranges": [[0.588275984024678, 0.5910086375794769]], "gap": [0.4634425828569717], "gap_range_of_max": [0.588275984024678, 0.5910086375794769], "mid_gap_of_max": 0.5896423108020774, "band_nos": [16]}