{"band_nos": [4], "fill_fraction": 0.472715, "max_gap": 8.747672229513414, "gap": [8.747672229513414], "gap_ranges": [[0.2447362990923693, 0.26712424021791087]], "gap_range_of_max": [0.2447362990923693, 0.26712424021791087], "mid_gaps": [0.2559302696551401], "strict_calculated": true, "mid_gap_of_max": 0.2559302696551401}