{"_status": {"tI40-BeSO8_r/7c5a4e54/strict-mpb-t/0000/8ebec3cbd3ddf8bd82b1b7d89b2c01e3": 1, "tI40-BeSO8_r/7c5a4e54/check_runnin/0000/d1ed74bd2c738532080940d1062c8d30": 1, "tI40-BeSO8_r/7c5a4e54/store_data/0000/ca7c46438a9523b1c8f8b85a3ea7daee": 1, "tI40-BeSO8_r/7c5a4e54/store_strict/0000/a7fe58bbb2d2a7ccd3aca1937fd5d385": 1, "tI40-BeSO8_r/7c5a4e54/mpb-tI40-BeS/0000/50d62f4643e1b908c367ec3335690c21": 1, "tI40-BeSO8_r/7c5a4e54/store_fill/0000/23a4e2f56c1a41d63971bcdb1ecb6fe1": 1}, "gap_range_of_max": [1.005623847365211, 1.0445133185096804], "band_nos": [12], "max_gap": 3.7938408992134867, "mid_gaps": [1.0250685829374457], "fill_fraction": 0.061399, "gap": [3.7938408992134867], "mid_gap_of_max": 1.0250685829374457, "gap_ranges": [[1.005623847365211, 1.0445133185096804]]}