{"gap_ranges": [[0.384534116520204, 0.3884163545333054]], "max_gap": 1.0045243928268666, "gap_range_of_max": [0.384534116520204, 0.3884163545333054], "fill_fraction": 0.346881, "band_nos": [2], "gap": [1.0045243928268666], "mid_gap_of_max": 0.38647523552675467, "mid_gaps": [0.38647523552675467]}