{"mid_gaps": [0.784647265306333, 0.971342176303354], "gap": [0.019801995916603244, 1.307378798368523], "gap_ranges": [[0.784569577396615, 0.784724953216051], [0.964992615467053, 0.977691737139655]], "gap_range_of_max": [0.964992615467053, 0.977691737139655], "band_nos": [8, 14], "fill_fraction": 0.144154, "mid_gap_of_max": 0.971342176303354, "max_gap": 1.307378798368523}