{"mid_gap_of_max": 0.6504701494675214, "gap": [2.235594489084026], "mid_gaps": [0.6504701494675214], "gap_ranges": [[0.643199212060205, 0.6577410868748378]], "band_nos": [16], "fill_fraction": 0.153689, "gap_range_of_max": [0.643199212060205, 0.6577410868748378], "max_gap": 2.235594489084026}