{"gap_range_of_max": [0.32006288087909, 0.41472334090140545], "gap_ranges": [[0.32006288087909, 0.41472334090140545]], "band_nos": [2], "fill_fraction": 0.296903, "gap": [25.765442305910135], "mid_gap_of_max": 0.36739311089024773, "max_gap": 25.765442305910135, "mid_gaps": [0.36739311089024773]}