{"max_gap": 17.453800531460537, "gap_ranges": [[0.440333983409869, 0.5245373416395641]], "gap": [17.453800531460537], "mid_gap_of_max": 0.4824356625247166, "gap_range_of_max": [0.440333983409869, 0.5245373416395641], "mid_gaps": [0.4824356625247166], "fill_fraction": 0.171315, "band_nos": [2]}