{"gap": [2.4273638608422736, 0.5944977968265863], "gap_range_of_max": [0.623046250115422, 0.6383556571336929], "mid_gap_of_max": 0.6307009536245575, "mid_gaps": [0.6307009536245575, 0.7393028425551597], "fill_fraction": 0.348752, "_status": {"tI14-Ga2HgSe/4070e05d/store_strict/0000/af8957a93697425ccffeba120f0e429b": 1, "tI14-Ga2HgSe/4070e05d/store_data/0000/aaa4a2aa4397154f7a5b45a5433e7003": 1, "tI14-Ga2HgSe/4070e05d/store_fill/0000/05b3ea12c526c0ece7c68a4f1a9dc84b": 1, "tI14-Ga2HgSe/4070e05d/strict-mpb-t/0000/0055c3696b85865e7d272244bab16cfb": 1, "tI14-Ga2HgSe/4070e05d/check_runnin/0000/6fb0986b3c8c139e0cb7552cba70ecd1": 1, "tI14-Ga2HgSe/4070e05d/mpb-tI14-Ga2/0000/01336868ee985c8c50d651d6c0f0bdb5": 1}, "max_gap": 2.4273638608422736, "band_nos": [8, 11], "gap_ranges": [[0.623046250115422, 0.6383556571336929], [0.737105272999726, 0.7415004121105934]]}