{"gap": [10.913643316875064], "band_nos": [12], "gap_ranges": [[0.781365097959544, 0.8715624038780915]], "fill_fraction": 0.156444, "mid_gap_of_max": 0.8264637509188177, "mid_gaps": [0.8264637509188177], "gap_range_of_max": [0.781365097959544, 0.8715624038780915], "max_gap": 10.913643316875064}