{"mid_gap_of_max": 0.32907131335168227, "band_nos": [5], "gap": [1.0541423145720665], "mid_gaps": [0.32907131335168227], "fill_fraction": 0.496478, "max_gap": 1.0541423145720665, "gap_ranges": [[0.3273368733721032, 0.3308057533312614]], "gap_range_of_max": [0.3273368733721032, 0.3308057533312614], "strict_calculated": true}