{"gap_range_of_max": [0.4744384679304326, 0.5441682818818941], "fill_fraction": 0.09491, "mid_gaps": [0.5093033749061634], "gap": [13.691213800479698], "mid_gap_of_max": 0.5093033749061634, "band_nos": [2], "gap_ranges": [[0.4744384679304326, 0.5441682818818941]], "max_gap": 13.691213800479698}