{"mid_gaps": [0.5204532025510791], "band_nos": [18], "max_gap": 0.48707572057502285, "fill_fraction": 0.611701, "gap_range_of_max": [0.519185701957788, 0.5217207031443702], "mid_gap_of_max": 0.5204532025510791, "gap_ranges": [[0.519185701957788, 0.5217207031443702]], "gap": [0.48707572057502285]}