{"std_lattice": [[1.0, 0.0, 0.0], [0.0, 1.8025125568, 0.0], [0.0, 0.0, 1.0753243444]], "number": 6, "std_positions": [[0.96999, 0.379, 0.653], [0.96999, 0.621, 0.327], [0.96999, 0.379, 0.327], [0.96999, 0.621, 0.653], [0.46999, 0.879, 0.153], [0.46999, 0.121, 0.827], [0.46999, 0.879, 0.827], [0.46999, 0.121, 0.153], [0.96999, 0.298, 0.786], [0.96999, 0.702, 0.194], [0.96999, 0.298, 0.194], [0.96999, 0.702, 0.786], [0.46999, 0.798, 0.286], [0.46999, 0.202, 0.694], [0.46999, 0.798, 0.694], [0.46999, 0.202, 0.286], [0.78699, 0.444, 0.655], [0.15299, 0.556, 0.325], [0.15299, 0.444, 0.325], [0.78699, 0.556, 0.655], [0.15299, 0.556, 0.655], [0.78699, 0.444, 0.325], [0.78699, 0.556, 0.325], [0.15299, 0.444, 0.655], [0.28699, 0.944, 0.155], [0.65299, 0.056, 0.825], [0.65299, 0.944, 0.825], [0.28699, 0.056, 0.155], [0.65299, 0.056, 0.155], [0.28699, 0.944, 0.825], [0.28699, 0.056, 0.825], [0.65299, 0.944, 0.155], [0.78699, 0.3, 0.897], [0.15299, 0.7, 0.083], [0.15299, 0.3, 0.083], [0.78699, 0.7, 0.897], [0.15299, 0.7, 0.897], [0.78699, 0.3, 0.083], [0.78699, 0.7, 0.083], [0.15299, 0.3, 0.897], [0.28699, 0.8, 0.397], [0.65299, 0.2, 0.583], [0.65299, 0.8, 0.583], [0.28699, 0.2, 0.397], [0.65299, 0.2, 0.397], [0.28699, 0.8, 0.583], [0.28699, 0.2, 0.583], [0.65299, 0.8, 0.397], [0.66899, 0.385, 0.797], [0.27099, 0.615, 0.183], [0.27099, 0.385, 0.183], [0.66899, 0.615, 0.797], [0.27099, 0.615, 0.797], [0.66899, 0.385, 0.183], [0.66899, 0.615, 0.183], [0.27099, 0.385, 0.797], [0.16899, 0.885, 0.297], [0.77099, 0.115, 0.683], [0.77099, 0.885, 0.683], [0.16899, 0.115, 0.297], [0.77099, 0.115, 0.297], [0.16899, 0.885, 0.683], [0.16899, 0.115, 0.683], [0.77099, 0.885, 0.297], [0.83099, 0.346, 0.911], [0.10899, 0.654, 0.069], [0.10899, 0.346, 0.069], [0.83099, 0.654, 0.911], [0.10899, 0.654, 0.911], [0.83099, 0.346, 0.069], [0.83099, 0.654, 0.069], [0.10899, 0.346, 0.911], [0.33099, 0.846, 0.411], [0.60899, 0.154, 0.569], [0.60899, 0.846, 0.569], [0.33099, 0.154, 0.411], [0.60899, 0.154, 0.411], [0.33099, 0.846, 0.569], [0.33099, 0.154, 0.569], [0.60899, 0.846, 0.411], [0.84399, 0.275, 0.99], [0.09599, 0.725, 0.99], [0.09599, 0.275, 0.99], [0.84399, 0.725, 0.99], [0.34399, 0.775, 0.49], [0.59599, 0.225, 0.49], [0.59599, 0.775, 0.49], [0.34399, 0.225, 0.49], [0.84599, 0.5, 0.616], [0.09399, 0.5, 0.364], [0.09399, 0.5, 0.616], [0.84599, 0.5, 0.364], [0.34599, 0.0, 0.116], [0.59399, 0.0, 0.864], [0.59399, 0.0, 0.116], [0.34599, 0.0, 0.864], [0.96999, 0.408, 0.724], [0.96999, 0.592, 0.256], [0.96999, 0.408, 0.256], [0.96999, 0.592, 0.724], [0.46999, 0.908, 0.224], [0.46999, 0.092, 0.756], [0.46999, 0.908, 0.756], [0.46999, 0.092, 0.224], [0.96999, 0.34, 0.837], [0.96999, 0.66, 0.143], [0.96999, 0.34, 0.143], [0.96999, 0.66, 0.837], [0.46999, 0.84, 0.337], [0.46999, 0.16, 0.643], [0.46999, 0.84, 0.643], [0.46999, 0.16, 0.337], [0.71899, 0.5, 0.674], [0.22099, 0.5, 0.306], [0.22099, 0.5, 0.674], [0.71899, 0.5, 0.306], [0.21899, 0.0, 0.174], [0.72099, 0.0, 0.806], [0.72099, 0.0, 0.174], [0.21899, 0.0, 0.806], [0.82699, 0.453, 0.73], [0.11299, 0.547, 0.25], [0.11299, 0.453, 0.25], [0.82699, 0.547, 0.73], [0.11299, 0.547, 0.73], [0.82699, 0.453, 0.25], [0.82699, 0.547, 0.25], [0.11299, 0.453, 0.73], [0.32699, 0.953, 0.23], [0.61299, 0.047, 0.75], [0.61299, 0.953, 0.75], [0.32699, 0.047, 0.23], [0.61299, 0.047, 0.23], [0.32699, 0.953, 0.75], [0.32699, 0.047, 0.75], [0.61299, 0.953, 0.23], [0.89399, 0.422, 0.604], [0.04599, 0.578, 0.376], [0.04599, 0.422, 0.376], [0.89399, 0.578, 0.604], [0.04599, 0.578, 0.604], [0.89399, 0.422, 0.376], [0.89399, 0.578, 0.376], [0.04599, 0.422, 0.604], [0.39399, 0.922, 0.104], [0.54599, 0.078, 0.876], [0.54599, 0.922, 0.876], [0.39399, 0.078, 0.104], [0.54599, 0.078, 0.104], [0.39399, 0.922, 0.876], [0.39399, 0.078, 0.876], [0.54599, 0.922, 0.104], [0.71999, 0.313, 0.99], [0.21999, 0.687, 0.99], [0.21999, 0.313, 0.99], [0.71999, 0.687, 0.99], [0.21999, 0.813, 0.49], [0.71999, 0.187, 0.49], [0.71999, 0.813, 0.49], [0.21999, 0.187, 0.49], [0.96999, 0.348, 0.578], [0.96999, 0.652, 0.402], [0.96999, 0.348, 0.402], [0.96999, 0.652, 0.578], [0.46999, 0.848, 0.078], [0.46999, 0.152, 0.902], [0.46999, 0.848, 0.902], [0.46999, 0.152, 0.078], [0.74599, 0.439, 0.577], [0.19399, 0.561, 0.403], [0.19399, 0.439, 0.403], [0.74599, 0.561, 0.577], [0.19399, 0.561, 0.577], [0.74599, 0.439, 0.403], [0.74599, 0.561, 0.403], [0.19399, 0.439, 0.577], [0.24599, 0.939, 0.077], [0.69399, 0.061, 0.903], [0.69399, 0.939, 0.903], [0.24599, 0.061, 0.077], [0.69399, 0.061, 0.077], [0.24599, 0.939, 0.903], [0.24599, 0.061, 0.903], [0.69399, 0.939, 0.077], [0.85199, 0.285, 0.803], [0.08799, 0.715, 0.177], [0.08799, 0.285, 0.177], [0.85199, 0.715, 0.803], [0.08799, 0.715, 0.803], [0.85199, 0.285, 0.177], [0.85199, 0.715, 0.177], [0.08799, 0.285, 0.803], [0.35199, 0.785, 0.303], [0.58799, 0.215, 0.677], [0.58799, 0.785, 0.677], [0.35199, 0.215, 0.303], [0.58799, 0.215, 0.303], [0.35199, 0.785, 0.677], [0.35199, 0.215, 0.677], [0.58799, 0.785, 0.303], [0.72899, 0.325, 0.804], [0.21099, 0.675, 0.176], [0.21099, 0.325, 0.176], [0.72899, 0.675, 0.804], [0.21099, 0.675, 0.804], [0.72899, 0.325, 0.176], [0.72899, 0.675, 0.176], [0.21099, 0.325, 0.804], [0.22899, 0.825, 0.304], [0.71099, 0.175, 0.676], [0.71099, 0.825, 0.676], [0.22899, 0.175, 0.304], [0.71099, 0.175, 0.304], [0.22899, 0.825, 0.676], [0.22899, 0.175, 0.676], [0.71099, 0.825, 0.304], [0.74199, 0.257, 0.887], [0.19799, 0.743, 0.093], [0.19799, 0.257, 0.093], [0.74199, 0.743, 0.887], [0.19799, 0.743, 0.887], [0.74199, 0.257, 0.093], [0.74199, 0.743, 0.093], [0.19799, 0.257, 0.887], [0.24199, 0.757, 0.387], [0.69799, 0.243, 0.593], [0.69799, 0.757, 0.593], [0.24199, 0.243, 0.387], [0.69799, 0.243, 0.387], [0.24199, 0.757, 0.593], [0.24199, 0.243, 0.593], [0.69799, 0.757, 0.387], [0.73699, 0.411, 0.839], [0.20299, 0.589, 0.141], [0.20299, 0.411, 0.141], [0.73699, 0.589, 0.839], [0.20299, 0.589, 0.839], [0.73699, 0.411, 0.141], [0.73699, 0.589, 0.141], [0.20299, 0.411, 0.839], [0.23699, 0.911, 0.339], [0.70299, 0.089, 0.641], [0.70299, 0.911, 0.641], [0.23699, 0.089, 0.339], [0.70299, 0.089, 0.339], [0.23699, 0.911, 0.641], [0.23699, 0.089, 0.641], [0.70299, 0.911, 0.339], [0.85299, 0.391, 0.63], [0.08799, 0.609, 0.35], [0.08799, 0.391, 0.35], [0.85299, 0.609, 0.63], [0.08799, 0.609, 0.63], [0.85299, 0.391, 0.35], [0.85299, 0.609, 0.35], [0.08799, 0.391, 0.63], [0.35199, 0.891, 0.13], [0.58799, 0.109, 0.85], [0.58799, 0.891, 0.85], [0.35199, 0.109, 0.13], [0.58799, 0.109, 0.13], [0.35199, 0.891, 0.85], [0.35199, 0.109, 0.85], [0.58799, 0.891, 0.13], [0.88999, 0.269, 0.862], [0.04999, 0.731, 0.118], [0.04999, 0.269, 0.118], [0.88999, 0.731, 0.862], [0.04999, 0.731, 0.862], [0.88999, 0.269, 0.118], [0.88999, 0.731, 0.118], [0.04999, 0.269, 0.862], [0.38999, 0.769, 0.362], [0.54999, 0.231, 0.618], [0.54999, 0.769, 0.618], [0.38999, 0.231, 0.362], [0.54999, 0.231, 0.362], [0.38999, 0.769, 0.618], [0.38999, 0.231, 0.618], [0.54999, 0.769, 0.362], [0.90399, 0.331, 0.707], [0.03599, 0.669, 0.273], [0.03599, 0.331, 0.273], [0.90399, 0.669, 0.707], [0.03599, 0.669, 0.707], [0.90399, 0.331, 0.273], [0.90399, 0.669, 0.273], [0.03599, 0.331, 0.707], [0.40399, 0.831, 0.207], [0.53599, 0.169, 0.773], [0.53599, 0.831, 0.773], [0.40399, 0.169, 0.207], [0.53599, 0.169, 0.207], [0.40399, 0.831, 0.773], [0.40399, 0.169, 0.773], [0.53599, 0.831, 0.207], [0.68299, 0.329, 0.865], [0.25699, 0.671, 0.115], [0.25699, 0.329, 0.115], [0.68299, 0.671, 0.865], [0.25699, 0.671, 0.865], [0.68299, 0.329, 0.115], [0.68299, 0.671, 0.115], [0.25699, 0.329, 0.865], [0.18299, 0.829, 0.365], [0.75699, 0.171, 0.615], [0.75699, 0.829, 0.615], [0.18299, 0.171, 0.365], [0.75699, 0.171, 0.365], [0.18299, 0.829, 0.615], [0.18299, 0.171, 0.615], [0.75699, 0.829, 0.365], [0.68099, 0.425, 0.703], [0.25899, 0.575, 0.276], [0.25899, 0.425, 0.276], [0.68099, 0.575, 0.703], [0.25899, 0.575, 0.703], [0.68099, 0.425, 0.276], [0.68099, 0.575, 0.276], [0.25899, 0.425, 0.703], 