{"gap": [22.731105789214237], "_status": {"tP12-PNO/37f881c6/strict-mpb-t/0000/128c8d832bdf69bf0d4ae8f2e056045f": 1, "tP12-PNO/37f881c6/check_runnin/0000/618d7cd818e87d69a4426b217e53b0af": 1, "tP12-PNO/37f881c6/store_fill/0000/4815896d84244179922eb838845cf489": 1, "tP12-PNO/37f881c6/store_data/0000/7ca5b28f673e9537d56afc10e3304826": 1, "tP12-PNO/37f881c6/mpb-tP12-PNO/0000/4d970e6f0d588f3351200d9bbfbc3112": 1, "tP12-PNO/37f881c6/store_strict/0000/e83cf966b7b03d7ff0e72e2c689204bb": 1}, "band_nos": [4], "strict_calculated": true, "gap_ranges": [[0.324149161330673, 0.4072801461602084]], "mid_gap_of_max": 0.3657146537454407, "fill_fraction": 0.255348, "max_gap": 22.731105789214237, "mid_gaps": [0.3657146537454407], "gap_range_of_max": [0.324149161330673, 0.4072801461602084]}