{"max_gap": 0.4241087375708736, "mid_gap_of_max": 0.3018193711500257, "fill_fraction": 0.403311, "mid_gaps": [0.3018193711500257], "gap_ranges": [[0.301179349987661, 0.30245939231239044]], "gap_range_of_max": [0.301179349987661, 0.30245939231239044], "band_nos": [4], "gap": [0.4241087375708736]}