{"max_gap": 3.358716966327536, "gap_range_of_max": [0.714166708710257, 0.7385632525521801], "mid_gap_of_max": 0.7263649806312186, "gap": [3.358716966327536], "gap_ranges": [[0.714166708710257, 0.7385632525521801]], "mid_gaps": [0.7263649806312186], "fill_fraction": 0.585132, "band_nos": [12]}