{"gap_range_of_max": [0.2145973467367463, 0.21756926324051315], "gap": [1.3753568346815033], "mid_gap_of_max": 0.2160833049886297, "mid_gaps": [0.2160833049886297], "gap_ranges": [[0.2145973467367463, 0.21756926324051315]], "max_gap": 1.3753568346815033, "fill_fraction": 0.673419, "strict_calculated": true, "band_nos": [2]}