{"mid_gaps": [0.4627559348370419], "max_gap": 27.58146784994331, "mid_gap_of_max": 0.4627559348370419, "gap_range_of_max": [0.39893849514165, 0.5265733745324338], "gap": [27.58146784994331], "strict_calculated": true, "gap_ranges": [[0.39893849514165, 0.5265733745324338]], "band_nos": [4], "fill_fraction": 0.163976}