{
  "nbands": 20,
  "structure": "tP26-Ba2Ti(SiO4)2_r",
  "lattice_vectors": [
    [
      1.0,
      0.0,
      0.0
    ],
    [
      0.0,
      1.0,
      0.0
    ],
    [
      0.0,
      0.0,
      0.61150235
    ]
  ],
  "basis": [
    [
      -0.2693076923,
      0.2306923077,
      -0.4153846154
    ],
    [
      0.3846923077,
      -0.1153076923,
      -0.4153846154
    ],
    [
      0.2306923077,
      0.3846923077,
      -0.4153846154
    ],
    [
      -0.1153076923,
      -0.2693076923,
      -0.4153846154
    ],
    [
      -0.4423076923,
      -0.4423076923,
      0.1246153846
    ],
    [
      0.0576923077,
      0.0576923077,
      0.1246153846
    ],
    [
      0.1876923077,
      -0.3123076923,
      0.1046153846
    ],
    [
      -0.0723076923,
      0.4276923077,
      0.1046153846
    ],
    [
      -0.3123076923,
      -0.0723076923,
      0.1046153846
    ],
    [
      0.4276923077,
      0.1876923077,
      0.1046153846
    ],
    [
      -0.3523076923,
      -0.2363076923,
      0.2396153846
    ],
    [
      0.4676923077,
      0.3516923077,
      0.2396153846
    ],
    [
      0.1476923077,
      -0.1483076923,
      0.2396153846
    ],
    [
      -0.0323076923,
      0.2636923077,
      0.2396153846
    ],
    [
      0.3516923077,
      -0.3523076923,
      0.2396153846
    ],
    [
      -0.2363076923,
      0.4676923077,
      0.2396153846
    ],
    [
      0.2636923077,
      0.1476923077,
      0.2396153846
    ],
    [
      -0.1483076923,
      -0.0323076923,
      0.2396153846
    ],
    [
      0.1756923077,
      -0.3243076923,
      -0.2053846154
    ],
    [
      -0.0603076923,
      0.4396923077,
      -0.2053846154
    ],
    [
      -0.3243076923,
      -0.0603076923,
      -0.2053846154
    ],
    [
      0.4396923077,
      0.1756923077,
      -0.2053846154
    ],
    [
      0.0576923077,
      -0.4423076923,
      0.2046153846
    ],
    [
      -0.4423076923,
      0.0576923077,
      0.2046153846
    ],
    [
      -0.4423076923,
      -0.4423076923,
      -0.2553846154
    ],
    [
      0.0576923077,
      0.0576923077,
      -0.2553846154
    ]
  ]
}