{"fill_fraction": 0.164449, "gap": [1.0101579360712778, 2.569954697350874], "gap_ranges": [[0.4254873993902199, 0.4298073130977174], [0.693118137207297, 0.7111628295417834]], "strict_calculated": true, "mid_gaps": [0.42764735624396866, 0.7021404833745402], "max_gap": 2.569954697350874, "gap_range_of_max": [0.693118137207297, 0.7111628295417834], "band_nos": [2, 12], "mid_gap_of_max": 0.7021404833745402}