{"mid_gaps": [0.3947768922718834], "gap": [5.720527441185625], "gap_range_of_max": [0.3834852320449469, 0.40606855249881985], "gap_ranges": [[0.3834852320449469, 0.40606855249881985]], "max_gap": 5.720527441185625, "mid_gap_of_max": 0.3947768922718834, "band_nos": [2], "fill_fraction": 0.365161}