{"strict_calculated": true, "fill_fraction": 0.187466, "gap_ranges": [[0.574809707018874, 0.5788319021381507]], "mid_gaps": [0.5768208045785124], "max_gap": 0.6973040998781008, "gap": [0.6973040998781008], "mid_gap_of_max": 0.5768208045785124, "band_nos": [18], "gap_range_of_max": [0.574809707018874, 0.5788319021381507]}