{"band_nos": [8], "mid_gaps": [0.7312461250085232], "gap_ranges": [[0.729399199649144, 0.7330930503679023]], "mid_gap_of_max": 0.7312461250085232, "max_gap": 0.5051446554625878, "gap": [0.5051446554625878], "gap_range_of_max": [0.729399199649144, 0.7330930503679023], "fill_fraction": 0.242714}