{"gap_ranges": [[0.386003907738267, 0.39520603423110473]], "max_gap": 2.3558651774552826, "mid_gaps": [0.39060497098468583], "band_nos": [4], "mid_gap_of_max": 0.39060497098468583, "strict_calculated": true, "fill_fraction": 0.130419, "gap_range_of_max": [0.386003907738267, 0.39520603423110473], "gap": [2.3558651774552826]}