{"faces": [[[0.2073011470415999, 0.4982434787653979], [0.419160600160263, 0.5993204474074583], [0.7323914737443088, 0.01094436791212948], [0.5205320206256455, -0.09013260072993093]], [[0.41916060016026274, -0.5378375951753658], [0.20730114704159966, -0.6389145638174262], [0.5205320206256455, -0.09013260072993093], [0.7323914737443088, 0.01094436791212948]], [[-0.20730114704159933, -0.49824347876539793], [-0.5205320206256457, 0.09013260072993093], [-0.20730114704159944, 0.6389145638174262], [0.419160600160263, 0.5993204474074583], [0.7323914737443088, 0.01094436791212948], [0.41916060016026274, -0.5378375951753658]], [[-0.4191606001602626, -0.5993204474074585], [-0.20730114704159933, -0.49824347876539793], [0.41916060016026274, -0.5378375951753658], [0.20730114704159966, -0.6389145638174262]], [[-0.41916060016026263, 0.5378375951753658], [-0.20730114704159944, 0.6389145638174262], [0.419160600160263, 0.5993204474074583], [0.2073011470415999, 0.4982434787653979]], [[-0.4191606001602626, -0.5993204474074585], [-0.7323914737443089, -0.010944367912129487], [-0.41916060016026263, 0.5378375951753658], [0.2073011470415999, 0.4982434787653979], [0.5205320206256455, -0.09013260072993093], [0.20730114704159966, -0.6389145638174262]], [[-0.7323914737443089, -0.010944367912129487], [-0.5205320206256457, 0.09013260072993093], [-0.20730114704159933, -0.49824347876539793], [-0.4191606001602626, -0.5993204474074585]], [[-0.5205320206256457, 0.09013260072993093], [-0.7323914737443089, -0.010944367912129487], [-0.41916060016026263, 0.5378375951753658], [-0.20730114704159944, 0.6389145638174262]]], "labels": {"GAMMA": [0.0, 0.0], "M": [0.46984631039295416, 0.2545939233387637], "K": [0.31323087359530266, 0.5487819630867838], "A": [-0.1059297265593316, -0.050538484321030225], "L": [0.3639165838336226, 0.20405543901773346], "H": [0.2073011470359711, 0.4982434787657536]}, "label_positions": {"GAMMA": [0.05, 0.05], "M": [0.5198463103929541, 0.3045939233387637], "K": [0.36323087359530265, 0.5987819630867839], "A": [-0.1059297265593316, -0.000538484321030222], "L": [0.41391658383362256, 0.2540554390177335], "H": [0.2573011470359711, 0.5482434787657536]}, "zorder": [1, 1, 1, 1, 1, 1, 1, 1]}