{"max_gap": 21.941109986326524, "gap": [21.941109986326524], "gap_range_of_max": [0.3318951331293943, 0.4136899552734537], "fill_fraction": 0.267549, "mid_gaps": [0.372792544201424], "band_nos": [4], "gap_ranges": [[0.3318951331293943, 0.4136899552734537]], "mid_gap_of_max": 0.372792544201424}