{"gap": [22.066556334114427], "band_nos": [8], "max_gap": 22.066556334114427, "fill_fraction": 0.21355, "mid_gaps": [0.5819274104682], "gap_ranges": [[0.51772174054089, 0.6461330803955098]], "gap_range_of_max": [0.51772174054089, 0.6461330803955098], "mid_gap_of_max": 0.5819274104682}