{"gap": [0.361159235169129], "band_nos": [14], "max_gap": 0.361159235169129, "fill_fraction": 0.089824, "gap_range_of_max": [0.779953849641733, 0.7827758209046863], "mid_gaps": [0.7813648352732097], "gap_ranges": [[0.779953849641733, 0.7827758209046863]], "mid_gap_of_max": 0.7813648352732097}