{"gap_range_of_max": [0.549962810365268, 0.5803928499834046], "max_gap": 5.384153091912656, "_status": {"tI16-CoCu2Si/2c868ea7/store_strict/0000/26b8a8401756dc201c9c163572a6468d": 1, "tI16-CoCu2Si/2c868ea7/store_data/0000/7f0cfca3dbe09fe07d078cff6892e68a": 1, "tI16-CoCu2Si/2c868ea7/strict-mpb-t/0000/e2e1c8c7651203b15a74466d3b74e291": 1, "tI16-CoCu2Si/2c868ea7/check_runnin/0000/90350bf3c9fea36cb724ba82cdf78ac6": 1, "tI16-CoCu2Si/2c868ea7/mpb-tI16-CoC/0000/d849d76b56756497471e90aa9a906070": 1, "tI16-CoCu2Si/2c868ea7/store_fill/0000/c17204bdd20cce45ad65ce7825bf0658": 1}, "mid_gaps": [0.5651778301743362], "fill_fraction": 0.535202, "band_nos": [8], "mid_gap_of_max": 0.5651778301743362, "gap": [5.384153091912656], "gap_ranges": [[0.549962810365268, 0.5803928499834046]]}