{"max_gap": 7.371484663957089, "gap": [7.371484663957089], "fill_fraction": 0.528025, "gap_ranges": [[0.353021724318695, 0.3800405093861002]], "gap_range_of_max": [0.353021724318695, 0.3800405093861002], "mid_gap_of_max": 0.3665311168523976, "mid_gaps": [0.3665311168523976], "band_nos": [8]}