{"max_gap": 24.69212047743389, "mid_gap_of_max": 0.36684289942050186, "strict_calculated": true, "fill_fraction": 0.244481, "gap_ranges": [[0.3215522540765909, 0.4121335447644129]], "gap": [24.69212047743389], "mid_gaps": [0.36684289942050186], "gap_range_of_max": [0.3215522540765909, 0.4121335447644129], "band_nos": [4]}