{"gap_ranges": [[0.473953448785352, 0.535603453269948]], "gap": [12.213279778303859], "band_nos": [8], "fill_fraction": 0.471158, "max_gap": 12.213279778303859, "mid_gaps": [0.50477845102765], "gap_range_of_max": [0.473953448785352, 0.535603453269948], "mid_gap_of_max": 0.50477845102765}