{"mid_gap_of_max": 0.2924326513520672, "gap_range_of_max": [0.29234264311805, 0.2925226595860844], "mid_gaps": [0.2924326513520672], "_status": {"cP14-C2N4Si-/ce11b899/store_fill/0000/efa146016605223b2f3daa8502a13777": 1, "cP14-C2N4Si-/ce11b899/strict-mpb-c/0000/4a5360f4e912ecac38937375fcfd8450": 1, "cP14-C2N4Si-/ce11b899/store_strict/0000/351af18cd065505c3b6d38861c231c18": 1, "cP14-C2N4Si-/ce11b899/mpb-cP14-C2N/0000/cb9faa0b6b49c2eb0000522e00cf8343": 7, "cP14-C2N4Si-/ce11b899/check_runnin/0000/de26332e79fb88f1902ca023ed5ff952": 1, "cP14-C2N4Si-/ce11b899/store_data/0000/c8bd0a98c673f7ca88ab27c25a2bfd9b": 1}, "gap_ranges": [[0.29234264311805, 0.2925226595860844]], "gap": [0.06155826553535879], "max_gap": 0.06155826553535879, "run_me": true, "fill_fraction": 0.373331, "band_nos": [2]}