{"gap_range_of_max": [0.405923827786943, 0.4109134295985089], "mid_gaps": [0.40841862869272594], "band_nos": [4], "mid_gap_of_max": 0.40841862869272594, "gap_ranges": [[0.405923827786943, 0.4109134295985089]], "max_gap": 1.2216881065233969, "fill_fraction": 0.264679, "gap": [1.2216881065233969]}