{"mid_gap_of_max": 0.6734210045331859, "strict_calculated": true, "gap": [0.26093947789125793], "mid_gaps": [0.6734210045331859], "max_gap": 0.26093947789125793, "gap_range_of_max": [0.672542393906566, 0.6742996151598057], "band_nos": [14], "fill_fraction": 0.119653, "gap_ranges": [[0.672542393906566, 0.6742996151598057]]}