{"mid_gap_of_max": 0.44430357982107094, "gap": [4.627374582561408], "gap_range_of_max": [0.4340237843600456, 0.4545833752820963], "max_gap": 4.627374582561408, "band_nos": [4], "mid_gaps": [0.44430357982107094], "gap_ranges": [[0.4340237843600456, 0.4545833752820963]], "strict_calculated": true, "fill_fraction": 0.247966}