{"mid_gaps": [0.40297371576365915], "gap_ranges": [[0.368470758714687, 0.43747667281263136]], "_status": {"tP12-PNO_r/9d16b81a/mpb-tP12-PNO/0000/86e2c513ac4132c2446cab034758caaa": 1, "tP12-PNO_r/9d16b81a/store_fill/0000/d013f499800c23f540adebdcaf08f9a0": 1, "tP12-PNO_r/9d16b81a/check_runnin/0000/c488712c1b4129c9b22cf1b260468e0f": 1, "tP12-PNO_r/9d16b81a/store_data/0000/fe80c3ed4773228477df498f33f61c85": 1, "tP12-PNO_r/9d16b81a/strict-mpb-t/0000/beac046368f54f297d9ee73f2f7ed16f": 1, "tP12-PNO_r/9d16b81a/store_strict/0000/0fe5e480f23dd695ff4cf5803822ccb8": 1}, "gap_range_of_max": [0.368470758714687, 0.43747667281263136], "fill_fraction": 0.164482, "mid_gap_of_max": 0.40297371576365915, "max_gap": 17.12417247044851, "gap": [17.12417247044851], "strict_calculated": true, "band_nos": [4]}