{"faces": [[[0.42249521181986693, -0.5362466704694361], [0.2039665353819949, -0.6405054885233563], [0.5171974089660409, -0.09172352543586089], [0.7357260854039129, 0.012535292618059406]], [[0.20396653538199494, 0.49665255405946795], [0.42249521181986677, 0.6009113721133882], [0.7357260854039129, 0.012535292618059406], [0.5171974089660409, -0.09172352543586089]], [[-0.42249521181986754, 0.536246670469436], [-0.2039665353819955, 0.6405054885233563], [0.42249521181986677, 0.6009113721133882], [0.20396653538199494, 0.49665255405946795]], [[-0.20396653538199527, -0.4966525540594682], [-0.5171974089660414, 0.09172352543586088], [-0.2039665353819955, 0.6405054885233563], [0.42249521181986677, 0.6009113721133882], [0.7357260854039129, 0.012535292618059406], [0.42249521181986693, -0.5362466704694361]], [[-0.5171974089660414, 0.09172352543586088], [-0.7357260854039132, -0.012535292618059659], [-0.42249521181986754, 0.536246670469436], [-0.2039665353819955, 0.6405054885233563]], [[-0.42249521181986716, -0.6009113721133884], [-0.7357260854039132, -0.012535292618059659], [-0.42249521181986754, 0.536246670469436], [0.20396653538199494, 0.49665255405946795], [0.5171974089660409, -0.09172352543586089], [0.2039665353819949, -0.6405054885233563]], [[-0.7357260854039132, -0.012535292618059659], [-0.5171974089660414, 0.09172352543586088], [-0.20396653538199527, -0.4966525540594682], [-0.42249521181986716, -0.6009113721133884]], [[-0.42249521181986716, -0.6009113721133884], [-0.20396653538199527, -0.4966525540594682], [0.42249521181986693, -0.5362466704694361], [0.2039665353819949, -0.6405054885233563]]], "labels": {"GAMMA": [0.0, 0.0], "M": [0.46984631039295416, 0.25459392333876374], "K": [0.31323087359530266, 0.548781963086784], "A": [-0.10926433821893598, -0.05212940902696015], "L": [0.3605819721740182, 0.20246451431180357], "H": [0.2039665353763667, 0.4966525540598238]}, "label_positions": {"GAMMA": [0.05, 0.05], "M": [0.5198463103929541, 0.30459392333876373], "K": [0.36323087359530265, 0.598781963086784], "A": [-0.10926433821893598, -0.002129409026960148], "L": [0.4105819721740182, 0.25246451431180356], "H": [0.2539665353763667, 0.5466525540598238]}, "zorder": [1, 1, 1, 1, 1, 1, 1, 1]}