{"strict_calculated": true, "band_nos": [7], "mid_gap_of_max": 0.5993070859838361, "mid_gaps": [0.5993070859838361], "gap": [7.405052814655453], "gap_ranges": [[0.577117582864298, 0.6214965891033741]], "gap_range_of_max": [0.577117582864298, 0.6214965891033741], "fill_fraction": 0.138948, "max_gap": 7.405052814655453}