{"band_nos": [10], "mid_gaps": [0.6528772013852846], "fill_fraction": 0.264546, "gap_range_of_max": [0.619965198929857, 0.6857892038407123], "mid_gap_of_max": 0.6528772013852846, "gap": [10.082141752107237], "max_gap": 10.082141752107237, "gap_ranges": [[0.619965198929857, 0.6857892038407123]]}