{"mid_gaps": [0.7202159556984855], "gap": [1.219068886760687], "mid_gap_of_max": 0.7202159556984855, "max_gap": 1.219068886760687, "run_me": true, "_status": {"hR5-Ni3S2-12/4ad92e3e/check_runnin/0000/5a4c7aae1c93ddb94c641ce5ab1ca02b": 1, "hR5-Ni3S2-12/4ad92e3e/mpb-hR5-Ni3S/0000/10d50129641a03c14507224bc679fa63": 3, "hR5-Ni3S2-12/4ad92e3e/store_strict/0000/96e166e5d71a2f9bb86c34af44e423e0": 1, "hR5-Ni3S2-12/4ad92e3e/strict-mpb-h/0000/2a52362f8ec0259be3734cd892c633d5": 1, "hR5-Ni3S2-12/4ad92e3e/store_fill/0000/6f4c965bb933d6c1308ac46b9697caa7": 1, "hR5-Ni3S2-12/4ad92e3e/store_data/0000/35a12898a6b56d72936de5bd3bb98e22": 1}, "band_nos": [17], "gap_range_of_max": [0.715825991381782, 0.7246059200151891], "fill_fraction": 0.193991, "gap_ranges": [[0.715825991381782, 0.7246059200151891]]}