{"gap_ranges": [[0.715962112309564, 0.7407441539956922]], "gap": [3.4024761558806085], "band_nos": [8], "mid_gap_of_max": 0.7283531331526281, "fill_fraction": 0.41525, "max_gap": 3.4024761558806085, "mid_gaps": [0.7283531331526281], "gap_range_of_max": [0.715962112309564, 0.7407441539956922]}