{"mid_gaps": [0.32511761472629014], "band_nos": [4], "gap": [4.837759137843776], "max_gap": 4.837759137843776, "fill_fraction": 0.312446, "mid_gap_of_max": 0.32511761472629014, "gap_ranges": [[0.3172534111687097, 0.3329818182838706]], "gap_range_of_max": [0.3172534111687097, 0.3329818182838706]}