{"mid_gap_of_max": 0.256821289718464, "band_nos": [2], "gap": [10.664725129575993], "fill_fraction": 0.537667, "gap_ranges": [[0.2431266474071109, 0.27051593202981716]], "gap_range_of_max": [0.2431266474071109, 0.27051593202981716], "max_gap": 10.664725129575993, "mid_gaps": [0.256821289718464]}