{"international": "P4_2cm", "number": 101, "std_lattice": [[1.0, 0.0, 0.0], [0.0, 1.0, 0.0], [0.0, 0.0, 0.95288427]], "global_point_groups": ["4mm", "1", "m", "2", "mm2", "4"], "std_positions": [[0.58601, 0.41399, 0.7323539286], [0.41399, 0.58601, 0.7323539286], [0.58601, 0.58601, 0.2323539286], [0.41399, 0.41399, 0.2323539286], [0.91489, 0.08511, 0.5727439286], [0.08511, 0.91489, 0.5727439286], [0.91489, 0.91489, 0.0727439286], [0.08511, 0.08511, 0.0727439286], [0.0764, 0.6098, 0.8880339286], [0.9236, 0.3902, 0.8880339286], [0.3902, 0.0764, 0.3880339286], [0.6098, 0.9236, 0.3880339286], [0.0764, 0.3902, 0.3880339286], [0.9236, 0.6098, 0.3880339286], [0.3902, 0.9236, 0.8880339286], [0.6098, 0.0764, 0.8880339286], [0.1654, 0.5671, 0.7851339286], [0.8346, 0.4329, 0.7851339286], [0.4329, 0.1654, 0.2851339286], [0.5671, 0.8346, 0.2851339286], [0.1654, 0.4329, 0.2851339286], [0.8346, 0.5671, 0.2851339286], [0.4329, 0.8346, 0.7851339286], [0.5671, 0.1654, 0.7851339286], [0.1272, 0.4805, 0.8920339286], [0.8728, 0.5195, 0.8920339286], [0.5195, 0.1272, 0.3920339286], [0.4805, 0.8728, 0.3920339286], [0.1272, 0.5195, 0.3920339286], [0.8728, 0.4805, 0.3920339286], [0.5195, 0.8728, 0.8920339286], [0.4805, 0.1272, 0.8920339286], [0.8917, 0.5765, 0.6281339286], [0.1083, 0.4235, 0.6281339286], [0.4235, 0.8917, 0.1281339286], [0.5765, 0.1083, 0.1281339286], [0.8917, 0.4235, 0.1281339286], [0.1083, 0.5765, 0.1281339286], [0.4235, 0.1083, 0.6281339286], [0.5765, 0.8917, 0.6281339286], [0.0225, 0.6235, 0.6260339286], [0.9775, 0.3765, 0.6260339286], [0.3765, 0.0225, 0.1260339286], [0.6235, 0.9775, 0.1260339286], [0.0225, 0.3765, 0.1260339286], [0.9775, 0.6235, 0.1260339286], [0.3765, 0.9775, 0.6260339286], [0.6235, 0.0225, 0.6260339286], [0.9348, 0.6665, 0.7300339286], [0.0652, 0.3335, 0.7300339286], [0.3335, 0.9348, 0.2300339286], [0.6665, 0.0652, 0.2300339286], [0.9348, 0.3335, 0.2300339286], [0.0652, 0.6665, 0.2300339286], [0.3335, 0.0652, 0.7300339286], [0.6665, 0.9348, 0.7300339286], [0.6133, 0.6133, 0.5190339286], [0.3867, 0.3867, 0.5190339286], [0.3867, 0.6133, 0.0190339286], [0.6133, 0.3867, 0.0190339286], [0.1142, 0.1142, 0.3592339286], [0.8858, 0.8858, 0.3592339286], [0.8858, 0.1142, 0.8592339286], [0.1142, 0.8858, 0.8592339286], [0.7285, 0.2715, 0.5340339286], [0.2715, 0.7285, 0.5340339286], [0.7285, 0.7285, 0.0340339286], [0.2715, 0.2715, 0.0340339286], [0.1012, 0.5434, 0.8384339286], [0.8988, 0.4566, 0.8384339286], [0.4566, 0.1012, 0.3384339286], [0.5434, 0.8988, 0.3384339286], [0.1012, 0.4566, 0.3384339286], [0.8988, 0.5434, 0.3384339286], [0.4566, 0.8988, 0.8384339286], [0.5434, 0.1012, 0.8384339286], [0.9577, 0.6005, 0.6787339286], [0.0423, 0.3995, 0.6787339286], [0.3995, 0.9577, 0.1787339286], [0.6005, 0.0423, 0.1787339286], [0.9577, 0.3995, 0.1787339286], [0.0423, 0.6005, 0.1787339286], [0.3995, 0.0423, 0.6787339286], [0.6005, 0.9577, 0.6787339286], [0.62252, 0.62252, 0.6750239286], [0.37748, 0.37748, 0.6750239286], [0.37748, 0.62252, 0.1750239286], [0.62252, 0.37748, 0.1750239286], [0.12448, 0.12448, 0.5151939286], [0.87552, 0.87552, 0.5151939286], [0.87552, 0.12448, 0.0151939286], [0.12448, 0.87552, 0.0151939286], [0.80526, 0.19474, 0.4286039286], [0.19474, 0.80526, 0.4286039286], [0.80526, 0.80526, 0.9286039286], [0.19474, 0.19474, 0.9286039286], [0.6093, 0.3907, 0.9109339286], [0.3907, 0.6093, 0.9109339286], [0.6093, 0.6093, 0.4109339286], [0.3907, 0.3907, 0.4109339286], [0.8912, 0.1088, 0.7522339286], [0.1088, 0.8912, 0.7522339286], [0.8912, 0.8912, 0.2522339286], [0.1088, 0.1088, 0.2522339286], [0.6766, 0.3234, 0.6077339286], [0.3234, 0.6766, 0.6077339286], [0.6766, 0.6766, 0.1077339286], [0.3234, 0.3234, 0.1077339286], [0.0, 0.5, 0.7597339286], [0.5, 0.0, 0.2597339286], [0.0, 0.5, 0.2597339286], [0.5, 0.0, 0.7597339286]], "site_point_groups": {"d": {"site_symmetry": ["1", "m"], "name": "4d"}, "c": {"site_symmetry": ["2", "1"], "name": "4c"}, "e": {"site_symmetry": ["1"], "name": "8e"}}, "equivalent_atoms": [0, 0, 0, 0, 4, 4, 4, 4, 8, 8, 8, 8, 8, 8, 8, 8, 16, 16, 16, 16, 16, 16, 16, 16, 24, 24, 24, 24, 24, 24, 24, 24, 32, 32, 32, 32, 32, 32, 32, 32, 40, 40, 40, 40, 40, 40, 40, 40, 48, 48, 48, 48, 48, 48, 48, 48, 56, 56, 56, 56, 60, 60, 60, 60, 64, 64, 64, 64, 68, 68, 68, 68, 68, 68, 68, 68, 76, 76, 76, 76, 76, 76, 76, 76, 84, 84, 84, 84, 88, 88, 88, 88, 92, 92, 92, 92, 96, 96, 96, 96, 100, 100, 100, 100, 104, 104, 104, 104, 108, 108, 108, 108], "wyckoffs": ["d", "d", "d", "d", "d", "d", "d", "d", "e", "e", "e", "e", "e", "e", "e", "e", "e", "e", "e", "e", "e", "e", "e", "e", "e", "e", "e", "e", "e", "e", "e", "e", "e", "e", "e", "e", "e", "e", "e", "e", "e", "e", "e", "e", "e", "e", "e", "e", "e", "e", "e", "e", "e", "e", "e", "e", "d", "d", "d", "d", "d", "d", "d", "d", "d", "d", "d", "d", "e", "e", "e", "e", "e", "e", "e", "e", "e", "e", "e", "e", "e", "e", "e", "e", "d", "d", "d", "d", "d", "d", "d", "d", "d", "d", "d", "d", "d", "d", "d", "d", "d", "d", "d", "d", "d", "d", "d", "d", "c", "c", "c", "c"]}