{"gap_range_of_max": [0.4704074330580923, 0.5290706586024528], "max_gap": 11.738771671702514, "fill_fraction": 0.113467, "band_nos": [2], "gap": [11.738771671702514], "mid_gap_of_max": 0.49973904583027257, "gap_ranges": [[0.4704074330580923, 0.5290706586024528]], "mid_gaps": [0.49973904583027257]}