{"gap_range_of_max": [0.389314459361694, 0.4685787898139412], "max_gap": 18.478833008282255, "mid_gaps": [0.4289466245878176], "fill_fraction": 0.267776, "gap_ranges": [[0.389314459361694, 0.4685787898139412]], "band_nos": [2], "mid_gap_of_max": 0.4289466245878176, "gap": [18.478833008282255]}