{"mid_gap_of_max": 0.692111548926017, "band_nos": [16], "mid_gaps": [0.692111548926017], "fill_fraction": 0.180997, "gap_ranges": [[0.679976994889721, 0.7042461029623132]], "gap_range_of_max": [0.679976994889721, 0.7042461029623132], "max_gap": 3.5065312969059774, "gap": [3.5065312969059774]}