{"_status": {"cP39-Na2Cd11/37f881c6/store_strict/0000/7e743c8fcae52119b929484649317367": 1, "cP39-Na2Cd11/37f881c6/strict-mpb-c/0000/020e6d6cc01f374b05ffc7092956b0d3": 1, "cP39-Na2Cd11/37f881c6/store_fill/0000/db56eb3bd14618c502a6774379a79a63": 1, "cP39-Na2Cd11/37f881c6/store_data/0000/3f9152b72d6ad088c6c58ab8bbe32db4": 1, "cP39-Na2Cd11/37f881c6/mpb-cP39-Na2/0000/354d5ec58f404952407524565015558a": 1, "cP39-Na2Cd11/37f881c6/check_runnin/0000/547dd87160d26bb19b30ae95c0e0becf": 1}, "gap_ranges": [[0.70177590444952, 0.7022899503241037]], "mid_gap_of_max": 0.7020329273868118, "band_nos": [], "mid_gaps": [0.7020329273868118], "max_gap": 0.07322247355209596, "fill_fraction": 0.161733, "gap_range_of_max": [0.70177590444952, 0.7022899503241037], "gap": [0.07322247355209596]}