{"gap": [1.6933961177540855], "max_gap": 1.6933961177540855, "mid_gaps": [0.7671725847255603], "gap_ranges": [[0.760676949342452, 0.7736682201086685]], "gap_range_of_max": [0.760676949342452, 0.7736682201086685], "band_nos": [8], "fill_fraction": 0.0887, "mid_gap_of_max": 0.7671725847255603}