{"gap": [2.7979734325656618], "gap_ranges": [[0.557641484857894, 0.573465521625542]], "mid_gap_of_max": 0.565553503241718, "gap_range_of_max": [0.557641484857894, 0.573465521625542], "mid_gaps": [0.565553503241718], "max_gap": 2.7979734325656618, "band_nos": [12], "fill_fraction": 0.259352}