{
  "basis": [
    [
      0.2369,
      0.2369,
      0.0
    ],
    [
      0.7631,
      0.7631,
      0.0
    ],
    [
      0.7631,
      0.2369,
      0.5
    ],
    [
      0.2369,
      0.7631,
      0.5
    ],
    [
      0.5,
      0.5,
      0.25
    ],
    [
      0.5,
      0.5,
      0.75
    ],
    [
      0.0,
      0.5,
      0.25
    ],
    [
      0.0,
      0.5,
      0.75
    ],
    [
      0.5,
      0.0,
      0.75
    ],
    [
      0.5,
      0.0,
      0.25
    ],
    [
      0.26316,
      0.26316,
      0.34803
    ],
    [
      0.73684,
      0.73684,
      0.65197
    ],
    [
      0.73684,
      0.73684,
      0.34803
    ],
    [
      0.26316,
      0.26316,
      0.65197
    ],
    [
      0.73684,
      0.26316,
      0.84803
    ],
    [
      0.26316,
      0.73684,
      0.15197
    ],
    [
      0.26316,
      0.73684,
      0.84803
    ],
    [
      0.73684,
      0.26316,
      0.15197
    ]
  ],
  "lattice_vectors": [
    [
      1.0,
      0.0,
      0.0
    ],
    [
      0.0,
      1.0,
      0.0
    ],
    [
      0.0,
      0.0,
      2.3470186149
    ]
  ],
  "nbands": 20,
  "structure": "tP18-Rb2TiCu2S4_r"
}