{"mid_gap_of_max": 0.8203523886578765, "max_gap": 8.1311738614757, "gap": [8.1311738614757], "gap_ranges": [[0.787000249158606, 0.853704528157147]], "mid_gaps": [0.8203523886578765], "gap_range_of_max": [0.787000249158606, 0.853704528157147], "band_nos": [12], "fill_fraction": 0.203335}