{"band_nos": [16], "gap_ranges": [[0.54724665878284, 0.5500412233989206]], "gap": [0.5093585122839653], "max_gap": 0.5093585122839653, "fill_fraction": 0.525387, "mid_gap_of_max": 0.5486439410908803, "mid_gaps": [0.5486439410908803], "gap_range_of_max": [0.54724665878284, 0.5500412233989206]}