{"gap_range_of_max": [0.2605495000422587, 0.2896257744935638], "band_nos": [2], "gap_ranges": [[0.2605495000422587, 0.2896257744935638]], "strict_calculated": true, "gap": [10.569822308294908], "fill_fraction": 0.424773, "mid_gap_of_max": 0.27508763726791124, "mid_gaps": [0.27508763726791124], "max_gap": 10.569822308294908}