{
  "structure": "oP28-Fe2SiO4_r",
  "nbands": 20,
  "basis": [
    [
      0.0357142857,
      -0.4642857143,
      -0.4642857143
    ],
    [
      -0.4642857143,
      -0.4642857143,
      0.0357142857
    ],
    [
      0.0357142857,
      0.0357142857,
      -0.4642857143
    ],
    [
      -0.4642857143,
      0.0357142857,
      0.0357142857
    ],
    [
      0.3157142857,
      0.2857142857,
      -0.4502857143
    ],
    [
      -0.2442857143,
      -0.2142857143,
      0.5217142857
    ],
    [
      0.2557142857,
      -0.2142857143,
      0.0497142857
    ],
    [
      -0.1842857143,
      0.2857142857,
      0.0217142857
    ],
    [
      0.1337142857,
      0.2857142857,
      0.1047142857
    ],
    [
      -0.0622857143,
      -0.2142857143,
      -0.0332857143
    ],
    [
      0.4377142857,
      -0.2142857143,
      -0.3952857143
    ],
    [
      -0.3662857143,
      0.2857142857,
      0.4667142857
    ],
    [
      0.1277142857,
      0.2857142857,
      -0.2322857143
    ],
    [
      -0.0562857143,
      -0.2142857143,
      0.3037142857
    ],
    [
      0.4437142857,
      -0.2142857143,
      0.2677142857
    ],
    [
      -0.3722857143,
      0.2857142857,
      -0.1962857143
    ],
    [
      0.4897142857,
      0.2857142857,
      0.3267142857
    ],
    [
      -0.4182857143,
      -0.2142857143,
      -0.2552857143
    ],
    [
      0.0817142857,
      -0.2142857143,
      -0.1732857143
    ],
    [
      -0.0102857143,
      0.2857142857,
      0.2447142857
    ],
    [
      0.2017142857,
      0.4997142857,
      0.2467142857
    ],
    [
      -0.1302857143,
      -0.4282857143,
      -0.1752857143
    ],
    [
      0.3697142857,
      -0.4282857143,
      -0.2532857143
    ],
    [
      -0.2982857143,
      0.4997142857,
      0.3247142857
    ],
    [
      -0.1302857143,
      -0.0002857143,
      -0.1752857143
    ],
    [
      0.2017142857,
      0.0717142857,
      0.2467142857
    ],
    [
      -0.2982857143,
      0.0717142857,
      0.3247142857
    ],
    [
      0.3697142857,
      -0.0002857143,
      -0.2532857143
    ]
  ],
  "lattice_vectors": [
    [
      1.0,
      0.0,
      0.0
    ],
    [
      0.0,
      0.5809157469,
      0.0
    ],
    [
      0.0,
      0.0,
      0.4599286228
    ]
  ]
}