{"_status": {"tP12-PNO_r-1/9c49469f/store_fill/0000/2948c0568e983f96a57f5cc001236fd0": 1, "tP12-PNO_r-1/9c49469f/mpb-tP12-PNO/0000/3bc45855a17308a07b36ec457d3b9c43": 1, "tP12-PNO_r-1/9c49469f/strict-mpb-t/0000/50df9b9510598c3aff91b7a704b2c53b": 1, "tP12-PNO_r-1/9c49469f/check_runnin/0000/57a15a762fb3ece7a0039ec52563aa92": 1, "tP12-PNO_r-1/9c49469f/store_strict/0000/ff7a17c4df9f05d09ea15030e2471661": 1, "tP12-PNO_r-1/9c49469f/store_data/0000/db1b22534f5b3925ecbec8225ceea741": 1}, "fill_fraction": 0.347774, "mid_gap_of_max": 0.3532617427400837, "gap": [8.652624150038836], "band_nos": [4], "max_gap": 8.652624150038836, "gap_ranges": [[0.337978537307495, 0.36854494817267247]], "mid_gaps": [0.3532617427400837], "gap_range_of_max": [0.337978537307495, 0.36854494817267247]}