{"max_gap": 7.135978244641426, "band_nos": [12], "mid_gap_of_max": 0.6548038635794727, "gap": [7.135978244641426], "mid_gaps": [0.6548038635794727], "fill_fraction": 0.347063, "gap_range_of_max": [0.631440532954421, 0.6781671942045244], "gap_ranges": [[0.631440532954421, 0.6781671942045244]]}