{"max_gap": 22.37907421669978, "mid_gaps": [0.3469738597594285], "gap_ranges": [[0.30814909096537, 0.385798628553487]], "mid_gap_of_max": 0.3469738597594285, "gap_range_of_max": [0.30814909096537, 0.385798628553487], "band_nos": [2], "fill_fraction": 0.304613, "gap": [22.37907421669978]}