{"gap_range_of_max": [0.447889353710791, 0.4482181499475959], "mid_gaps": [0.4480537518291935], "gap_ranges": [[0.447889353710791, 0.4482181499475959]], "fill_fraction": 0.349419, "band_nos": [8], "max_gap": 0.0733832124966648, "gap": [0.0733832124966648], "mid_gap_of_max": 0.4480537518291935}