{"gap": [1.0548684288000079], "gap_range_of_max": [0.750258015068376, 0.7582142137177168], "gap_ranges": [[0.750258015068376, 0.7582142137177168]], "max_gap": 1.0548684288000079, "mid_gap_of_max": 0.7542361143930464, "strict_calculated": true, "fill_fraction": 0.102923, "mid_gaps": [0.7542361143930464], "band_nos": [17]}