{"max_gap": 0.7662863239079454, "gap_ranges": [[0.4448350337958747, 0.4482568542950608]], "fill_fraction": 0.293302, "mid_gap_of_max": 0.44654594404546777, "band_nos": [6], "mid_gaps": [0.44654594404546777], "gap_range_of_max": [0.4448350337958747, 0.4482568542950608], "gap": [0.7662863239079454]}