{"band_nos": [19], "mid_gap_of_max": 0.8984793727218756, "max_gap": 1.0756040016676272, "gap_ranges": [[0.893647332678298, 0.9033114127654531]], "gap_range_of_max": [0.893647332678298, 0.9033114127654531], "gap": [1.0756040016676272], "mid_gaps": [0.8984793727218756], "fill_fraction": 0.145497}