{"band_nos": [2], "max_gap": 0.4550698702210897, "mid_gaps": [0.5357285236782192], "gap_ranges": [[0.534509554129499, 0.5369474932269396]], "mid_gap_of_max": 0.5357285236782192, "fill_fraction": 0.147826, "gap_range_of_max": [0.534509554129499, 0.5369474932269396], "gap": [0.4550698702210897]}