{"fill_fraction": 0.283406, "gap_range_of_max": [0.593545517749432, 0.6133203848175812], "gap": [3.2770611923143598], "band_nos": [8], "mid_gaps": [0.6034329512835066], "mid_gap_of_max": 0.6034329512835066, "gap_ranges": [[0.593545517749432, 0.6133203848175812]], "max_gap": 3.2770611923143598}