{"fill_fraction": 0.250321, "mid_gap_of_max": 0.44927144931342977, "max_gap": 0.1278872722761054, "gap_range_of_max": [0.4489841688126086, 0.44955872981425093], "band_nos": [4], "gap_ranges": [[0.4489841688126086, 0.44955872981425093]], "gap": [0.1278872722761054], "mid_gaps": [0.44927144931342977]}