{"gap_ranges": [[0.252394297174683, 0.2595452391355185]], "max_gap": 2.7936666163254054, "band_nos": [2], "gap": [2.7936666163254054], "mid_gap_of_max": 0.25596976815510075, "fill_fraction": 0.642881, "mid_gaps": [0.25596976815510075], "gap_range_of_max": [0.252394297174683, 0.2595452391355185]}