{"max_gap": 8.58941133493465, "gap_range_of_max": [0.469651843154968, 0.5118024147947333], "gap": [8.58941133493465], "mid_gaps": [0.49072712897485066], "mid_gap_of_max": 0.49072712897485066, "band_nos": [2], "fill_fraction": 0.236175, "gap_ranges": [[0.469651843154968, 0.5118024147947333]]}