{"gap_ranges": [[0.239151070261367, 0.24555203701809836]], "mid_gap_of_max": 0.24235155363973268, "max_gap": 2.641190725043428, "gap_range_of_max": [0.239151070261367, 0.24555203701809836], "gap": [2.641190725043428], "fill_fraction": 0.580471, "strict_calculated": true, "band_nos": [4], "mid_gaps": [0.24235155363973268]}