{"band_nos": [2], "fill_fraction": 0.373911, "gap": [15.439800828808778], "gap_ranges": [[0.263466783724043, 0.3075486029242155]], "mid_gap_of_max": 0.28550769332412923, "mid_gaps": [0.28550769332412923], "gap_range_of_max": [0.263466783724043, 0.3075486029242155], "max_gap": 15.439800828808778, "strict_calculated": true}