{"band_nos": [15], "mid_gap_of_max": 0.47220551059738847, "gap_range_of_max": [0.471227908876154, 0.4731831123186229], "gap": [0.414057735157573], "strict_calculated": true, "gap_ranges": [[0.471227908876154, 0.4731831123186229]], "mid_gaps": [0.47220551059738847], "max_gap": 0.414057735157573, "fill_fraction": 0.331376}