{"mid_gap_of_max": 0.35454840177626085, "mid_gaps": [0.35454840177626085], "band_nos": [2], "gap_range_of_max": [0.349185565466181, 0.3599112380863407], "strict_calculated": true, "max_gap": 3.0251645660858557, "gap": [3.0251645660858557], "gap_ranges": [[0.349185565466181, 0.3599112380863407]], "fill_fraction": 0.319761}