{"gap_range_of_max": [0.3989350587129877, 0.4109148423220599], "mid_gaps": [0.40492495051752375], "max_gap": 2.9585194969490285, "mid_gap_of_max": 0.40492495051752375, "band_nos": [5], "fill_fraction": 0.333556, "gap_ranges": [[0.3989350587129877, 0.4109148423220599]], "gap": [2.9585194969490285]}