{"gap_range_of_max": [0.508313212484714, 0.516911413685618], "max_gap": 1.67733021260359, "band_nos": [16], "mid_gaps": [0.512612313085166], "gap": [1.67733021260359], "gap_ranges": [[0.508313212484714, 0.516911413685618]], "_status": {"cP33-RbNO3/81c73404/store_data/0000/53b181fde7799e03cf7fcd18fa246898": 1, "cP33-RbNO3/81c73404/store_fill/0000/c71eabee7ff8a75bce962fa60799c04c": 1, "cP33-RbNO3/81c73404/store_strict/0000/b2943f4922d3c2c8f933bd9341cf39fd": 1, "cP33-RbNO3/81c73404/mpb-cP33-RbN/0000/d6e1090c0247a1761c70ecf7d9e7edf3": 1, "cP33-RbNO3/81c73404/check_runnin/0000/100e8b707a260c6a62fbd975f05aa3a2": 1, "cP33-RbNO3/81c73404/strict-mpb-c/0000/1a89bc345f1f1849d121464af15ce4af": 1}, "mid_gap_of_max": 0.512612313085166, "fill_fraction": 0.349809, "strict_calculated": true}