{"fill_fraction": 0.255041, "gap": [0.5523788655961517], "band_nos": [18], "mid_gap_of_max": 0.6120244246512612, "mid_gaps": [0.6120244246512612], "run_me": true, "gap_range_of_max": [0.610334077864231, 0.6137147714382913], "max_gap": 0.5523788655961517, "gap_ranges": [[0.610334077864231, 0.6137147714382913]]}