{"mid_gap_of_max": 0.6227784766634963, "band_nos": [8], "gap_range_of_max": [0.615309978228466, 0.6302469750985266], "fill_fraction": 0.178603, "gap": [2.398444620322244], "gap_ranges": [[0.615309978228466, 0.6302469750985266]], "max_gap": 2.398444620322244, "mid_gaps": [0.6227784766634963], "strict_calculated": true}