{"mid_gap_of_max": 0.28114457972454976, "gap": [21.64632352806167], "gap_range_of_max": [0.2507158470701571, 0.3115733123789425], "mid_gaps": [0.28114457972454976], "gap_ranges": [[0.2507158470701571, 0.3115733123789425]], "max_gap": 21.64632352806167, "fill_fraction": 0.390399, "strict_calculated": true, "band_nos": [2]}