{"mid_gaps": [0.26231426342254666], "strict_calculated": true, "mid_gap_of_max": 0.26231426342254666, "max_gap": 17.184898326025888, "gap_range_of_max": [0.239775043690632, 0.28485348315446135], "gap": [17.184898326025888], "gap_ranges": [[0.239775043690632, 0.28485348315446135]], "fill_fraction": 0.450341, "band_nos": [2]}