{"gap": [1.0720271536512325], "gap_ranges": [[0.521694646922458, 0.5273174944226177]], "max_gap": 1.0720271536512325, "mid_gap_of_max": 0.5245060706725378, "fill_fraction": 0.429397, "band_nos": [8], "gap_range_of_max": [0.521694646922458, 0.5273174944226177], "mid_gaps": [0.5245060706725378]}