{"gap_range_of_max": [0.2657240400801323, 0.27284198608960786], "band_nos": [4], "mid_gaps": [0.26928301308487007], "gap_ranges": [[0.2657240400801323, 0.27284198608960786]], "max_gap": 2.6432955899940667, "fill_fraction": 0.562983, "gap": [2.6432955899940667], "mid_gap_of_max": 0.26928301308487007}