{"fill_fraction": 0.123342, "mid_gap_of_max": 0.7705822267005054, "max_gap": 24.071646420402008, "band_nos": [8], "gap_range_of_max": [0.677836312205602, 0.8633281411954088], "gap": [24.071646420402008], "mid_gaps": [0.7705822267005054], "gap_ranges": [[0.677836312205602, 0.8633281411954088]]}