{"mid_gap_of_max": 0.5178640954465632, "band_nos": [2], "gap_range_of_max": [0.517724593942073, 0.5180035969510534], "fill_fraction": 0.152311, "gap": [0.053875719794689594], "gap_ranges": [[0.517724593942073, 0.5180035969510534]], "max_gap": 0.053875719794689594, "mid_gaps": [0.5178640954465632]}