{"gap": [2.2706441822518264], "mid_gaps": [0.6140401193164081], "gap_ranges": [[0.607068786193433, 0.6210114524393833]], "max_gap": 2.2706441822518264, "fill_fraction": 0.191645, "mid_gap_of_max": 0.6140401193164081, "band_nos": [16], "gap_range_of_max": [0.607068786193433, 0.6210114524393833], "strict_calculated": true}