{"mid_gap_of_max": 0.510113369252829, "gap_ranges": [[0.499734642483216, 0.520492096022442]], "fill_fraction": 0.175842, "mid_gaps": [0.510113369252829], "gap": [4.069184379470275], "gap_range_of_max": [0.499734642483216, 0.520492096022442], "band_nos": [4], "max_gap": 4.069184379470275}