{"strict_calculated": true, "band_nos": [2], "mid_gap_of_max": 0.374820952160194, "gap": [1.251232340032146], "max_gap": 1.251232340032146, "gap_range_of_max": [0.3724760116748716, 0.3771658926455164], "gap_ranges": [[0.3724760116748716, 0.3771658926455164]], "mid_gaps": [0.374820952160194], "fill_fraction": 0.144008}