{"gap_range_of_max": [0.367645502261166, 0.5038411287651442], "gap": [31.25593018990697], "mid_gap_of_max": 0.4357433155131551, "mid_gaps": [0.4357433155131551], "gap_ranges": [[0.367645502261166, 0.5038411287651442]], "max_gap": 31.25593018990697, "fill_fraction": 0.130372, "strict_calculated": true, "band_nos": [2]}