{"mid_gaps": [0.345891954891125], "max_gap": 11.268969401850509, "gap_range_of_max": [0.326402725611053, 0.3653811841711971], "fill_fraction": 0.419342, "gap_ranges": [[0.326402725611053, 0.3653811841711971]], "band_nos": [2], "mid_gap_of_max": 0.345891954891125, "gap": [11.268969401850509]}