{
  "basis": [
    [
      0.0,
      0.0,
      -0.0
    ]
  ],
  "structure": "cF4-Cu",
  "nbands": 20,
  "lattice_vectors": [
    [
      0.0,
      0.7071067812,
      0.7071067812
    ],
    [
      0.7071067812,
      0.0,
      0.7071067812
    ],
    [
      0.7071067812,
      0.7071067812,
      0.0
    ]
  ]
}