{"gap_ranges": [[0.315206733798121, 0.31962716076387726]], "mid_gaps": [0.3174169472809991], "band_nos": [2], "gap": [1.3926247491260784], "mid_gap_of_max": 0.3174169472809991, "gap_range_of_max": [0.315206733798121, 0.31962716076387726], "fill_fraction": 0.557697, "max_gap": 1.3926247491260784}