{"max_gap": 2.8571086248511803, "gap_ranges": [[0.476321970233982, 0.49012823633740377]], "fill_fraction": 0.234419, "mid_gap_of_max": 0.4832251032856929, "band_nos": [6], "mid_gaps": [0.4832251032856929], "gap_range_of_max": [0.476321970233982, 0.49012823633740377], "gap": [2.8571086248511803]}