{"max_gap": 1.030173881462825, "mid_gaps": [0.46743531070810806], "gap_range_of_max": [0.465027612466283, 0.46984300894993314], "fill_fraction": 0.146395, "band_nos": [4], "mid_gap_of_max": 0.46743531070810806, "gap_ranges": [[0.465027612466283, 0.46984300894993314]], "gap": [1.030173881462825]}