{"gap_range_of_max": [0.62917975437565, 0.6457160313800608], "band_nos": [8], "mid_gaps": [0.6374478928778554], "max_gap": 2.594137840780397, "gap": [2.594137840780397], "fill_fraction": 0.444743, "mid_gap_of_max": 0.6374478928778554, "gap_ranges": [[0.62917975437565, 0.6457160313800608]]}