{"gap_ranges": [[0.3191739219590789, 0.32016633316902454]], "gap_range_of_max": [0.3191739219590789, 0.32016633316902454], "max_gap": 0.3104485293974613, "gap": [0.3104485293974613], "fill_fraction": 0.394747, "band_nos": [4], "mid_gaps": [0.3196701275640517], "mid_gap_of_max": 0.3196701275640517}