{"band_nos": [4], "mid_gap_of_max": 0.43390879038805313, "fill_fraction": 0.273361, "gap": [8.635543642810354], "gap_ranges": [[0.4151735989060777, 0.4526439818700286]], "max_gap": 8.635543642810354, "gap_range_of_max": [0.4151735989060777, 0.4526439818700286], "mid_gaps": [0.43390879038805313]}