{"fill_fraction": 0.498296, "band_nos": [8], "mid_gap_of_max": 0.5928823572507619, "gap_ranges": [[0.58187119673177, 0.6038935177697538]], "max_gap": 3.7144503911529294, "gap": [3.7144503911529294], "mid_gaps": [0.5928823572507619], "gap_range_of_max": [0.58187119673177, 0.6038935177697538]}