{"band_nos": [4], "max_gap": 2.125465463118929, "gap": [2.125465463118929], "gap_ranges": [[0.327722784126657, 0.33476323994649015]], "gap_range_of_max": [0.327722784126657, 0.33476323994649015], "fill_fraction": 0.357524, "mid_gaps": [0.3312430120365736], "mid_gap_of_max": 0.3312430120365736}