{"gap_range_of_max": [0.401347839193706, 0.4496474603625653], "mid_gaps": [0.42549764977813564], "band_nos": [4], "fill_fraction": 0.330761, "max_gap": 11.351325017669017, "mid_gap_of_max": 0.42549764977813564, "gap_ranges": [[0.401347839193706, 0.4496474603625653]], "gap": [11.351325017669017]}