{
  "basis": [
    [
      0.25016,
      0.1875,
      -0.01234
    ],
    [
      0.22484,
      -0.3125,
      0.46234
    ],
    [
      0.0994,
      -0.0175,
      -0.0001
    ],
    [
      0.3756,
      -0.1495,
      0.4081
    ],
    [
      0.4674,
      0.3925,
      0.0419
    ],
    [
      0.0076,
      -0.4755,
      0.4501
    ],
    [
      0.3565,
      -0.3425,
      -0.006
    ],
    [
      0.1185,
      -0.4125,
      -0.174
    ],
    [
      -0.2135,
      -0.2825,
      -0.376
    ],
    [
      -0.3115,
      -0.2125,
      0.456
    ],
    [
      -0.1185,
      0.1755,
      0.441
    ],
    [
      -0.4065,
      -0.4905,
      -0.181
    ],
    [
      -0.2845,
      0.1995,
      -0.369
    ],
    [
      -0.2405,
      -0.1345,
      0.009
    ],
    [
      -0.0462,
      0.1538,
      0.225
    ],
    [
      -0.4788,
      0.2212,
      -0.275
    ],
    [
      0.09343,
      0.11913,
      0.1017
    ],
    [
      0.38157,
      -0.04173,
      -0.4493
    ],
    [
      0.43257,
      0.25587,
      -0.1007
    ],
    [
      0.04243,
      0.41673,
      0.3483
    ],
    [
      -0.11173,
      0.13967,
      0.3438
    ],
    [
      -0.41327,
      0.40553,
      -0.2236
    ],
    [
      -0.34587,
      0.23533,
      -0.3264
    ],
    [
      -0.17913,
      -0.03053,
      0.1062
    ],
    [
      0.43918,
      -0.11834,
      -0.034
    ],
    [
      0.03582,
      -0.52318,
      -0.03252
    ],
    [
      -0.46566,
      -0.50666,
      -0.51748
    ],
    [
      -0.05934,
      -0.10182,
      -0.516
    ],
    [
      0.14851,
      0.23691,
      0.1474
    ],
    [
      0.32649,
      -0.05111,
      -0.3866
    ],
    [
      0.36049,
      0.13809,
      -0.1634
    ],
    [
      0.11451,
      0.42611,
      0.3026
    ],
    [
      -0.02213,
      0.26397,
      0.4291
    ],
    [
      -0.50287,
      0.40123,
      -0.1889
    ],
    [
      -0.38487,
      0.11103,
      -0.3611
    ],
    [
      -0.14013,
      -0.02623,
      0.0209
    ],
    [
      0.026,
      0.226,
      0.225
    ],
    [
      0.449,
      0.149,
      -0.275
    ],
    [
      0.2375,
      -0.3063,
      -0.0188
    ],
    [
      -0.2625,
      -0.3187,
      0.4688
    ]
  ],
  "lattice_vectors": [
    [
      -0.3230336053,
      0.3397211892,
      0.8833112721
    ],
    [
      0.3230336053,
      -0.3397211892,
      0.8833112721
    ],
    [
      0.3230336053,
      0.3397211892,
      -0.8833112721
    ]
  ],
  "nbands": 20,
  "structure": "oI80-Cd4H24C16.24Br8N23.76O4"
}