{"fill_fraction": 0.435898, "max_gap": 9.026434109202656, "mid_gaps": [0.3474869203073916], "band_nos": [2], "gap": [9.026434109202656], "mid_gap_of_max": 0.3474869203073916, "gap_ranges": [[0.331804081357569, 0.3631697592572142]], "gap_range_of_max": [0.331804081357569, 0.3631697592572142]}