{"max_gap": 7.059310038783559, "mid_gap_of_max": 0.5473409925165215, "gap": [7.059310038783559], "strict_calculated": true, "mid_gaps": [0.5473409925165215], "fill_fraction": 0.170718, "gap_range_of_max": [0.528021743700973, 0.5666602413320699], "gap_ranges": [[0.528021743700973, 0.5666602413320699]], "band_nos": [6]}