{"max_gap": 9.471504802268383, "band_nos": [4], "gap_ranges": [[0.394445700415698, 0.43366287201876175]], "mid_gaps": [0.41405428621722984], "gap": [9.471504802268383], "mid_gap_of_max": 0.41405428621722984, "gap_range_of_max": [0.394445700415698, 0.43366287201876175], "fill_fraction": 0.292832}