{"mid_gaps": [0.32457439845802916], "gap": [4.0346385203519315], "mid_gap_of_max": 0.32457439845802916, "gap_ranges": [[0.318026696604335, 0.3311221003117233]], "max_gap": 4.0346385203519315, "band_nos": [2], "fill_fraction": 0.522553, "gap_range_of_max": [0.318026696604335, 0.3311221003117233]}