{"gap_ranges": [[0.4922777957559971, 0.511522988413608]], "mid_gap_of_max": 0.5019003920848025, "mid_gaps": [0.5019003920848025], "band_nos": [4], "fill_fraction": 0.173295, "gap_range_of_max": [0.4922777957559971, 0.511522988413608], "max_gap": 3.834464559326165, "gap": [3.834464559326165]}