{
  "nbands": 20,
  "lattice_vectors": [
    [
      1.0,
      0.0,
      0.0
    ],
    [
      0.0,
      1.0,
      0.0
    ],
    [
      0.0,
      0.0,
      2.4386055162
    ]
  ],
  "structure": "tP32-Ga5Ir3",
  "basis": [
    [
      0.24375,
      -0.17625,
      -0.432875
    ],
    [
      -0.05625,
      0.36375,
      -0.432875
    ],
    [
      -0.17625,
      -0.05625,
      0.464125
    ],
    [
      0.36375,
      0.24375,
      0.464125
    ],
    [
      -0.25625,
      -0.13625,
      0.067125
    ],
    [
      0.44375,
      0.32375,
      0.067125
    ],
    [
      0.32375,
      -0.25625,
      -0.035875
    ],
    [
      -0.13625,
      0.44375,
      -0.035875
    ],
    [
      0.41875,
      -0.08125,
      -0.234375
    ],
    [
      -0.23125,
      0.26875,
      -0.234375
    ],
    [
      -0.08125,
      -0.23125,
      0.265625
    ],
    [
      0.26875,
      0.41875,
      0.265625
    ],
    [
      -0.20625,
      -0.24625,
      -0.334375
    ],
    [
      0.39375,
      0.43375,
      -0.334375
    ],
    [
      -0.24625,
      0.39375,
      0.365625
    ],
    [
      0.43375,
      -0.20625,
      0.365625
    ],
    [
      0.29375,
      -0.06625,
      0.165625
    ],
    [
      -0.10625,
      0.25375,
      0.165625
    ],
    [
      0.25375,
      0.29375,
      -0.134375
    ],
    [
      -0.06625,
      -0.10625,
      -0.134375
    ],
    [
      -0.40625,
      -0.40625,
      -0.155275
    ],
    [
      -0.40625,
      -0.40625,
      0.186525
    ],
    [
      0.09375,
      0.09375,
      0.344725
    ],
    [
      0.09375,
      0.09375,
      -0.313475
    ],
    [
      -0.40625,
      0.09375,
      -0.398275
    ],
    [
      0.09375,
      -0.40625,
      0.429525
    ],
    [
      0.09375,
      -0.40625,
      0.101725
    ],
    [
      -0.40625,
      0.09375,
      -0.070475
    ],
    [
      -0.40625,
      -0.40625,
      -0.484375
    ],
    [
      0.09375,
      0.09375,
      0.015625
    ],
    [
      -0.40625,
      0.09375,
      -0.234375
    ],
    [
      0.09375,
      -0.40625,
      0.265625
    ]
  ]
}