{
  "structure": "oC24-Si_r",
  "nbands": 20,
  "basis": [
    [
      -0.243,
      0.243,
      0.445
    ],
    [
      0.243,
      -0.243,
      -0.445
    ],
    [
      0.243,
      -0.243,
      -0.055
    ],
    [
      -0.243,
      0.243,
      0.055
    ],
    [
      0.429,
      -0.429,
      -0.341
    ],
    [
      -0.429,
      0.429,
      0.341
    ],
    [
      -0.429,
      0.429,
      0.159
    ],
    [
      0.429,
      -0.429,
      -0.159
    ],
    [
      -0.028,
      0.028,
      0.41
    ],
    [
      0.028,
      -0.028,
      -0.41
    ],
    [
      0.028,
      -0.028,
      -0.09
    ],
    [
      -0.028,
      0.028,
      0.09
    ]
  ],
  "lattice_vectors": [
    [
      0.3363895906,
      -0.9417229122,
      0.0
    ],
    [
      0.3363895906,
      0.9417229122,
      0.0
    ],
    [
      0.0,
      0.0,
      2.2222855486
    ]
  ]
}