{"fill_fraction": 0.221182, "band_nos": [15], "gap_ranges": [[0.62460705525251, 0.6345519399541207]], "mid_gaps": [0.6295794976033153], "gap_range_of_max": [0.62460705525251, 0.6345519399541207], "mid_gap_of_max": 0.6295794976033153, "max_gap": 1.5796074585446696, "gap": [1.5796074585446696]}