{"gap_range_of_max": [0.7177474839382, 0.7562739576919905], "mid_gaps": [0.7370107208150952], "fill_fraction": 0.07733, "max_gap": 5.227396653218451, "mid_gap_of_max": 0.7370107208150952, "gap_ranges": [[0.7177474839382, 0.7562739576919905]], "band_nos": [8], "gap": [5.227396653218451]}