{"faces": [[[-0.4190524903892767, -0.599268868836047], [-0.7322833639733233, -0.01089278934071834], [-0.4190524903892772, 0.5378891737467769], [0.20740925681258504, 0.4982950573368087], [0.5206401303966313, -0.09008102215852005], [0.20740925681258507, -0.638862985246015]], [[0.4190524903892771, -0.5378891737467769], [0.20740925681258507, -0.638862985246015], [0.5206401303966313, -0.09008102215852005], [0.7322833639733233, 0.010892789340718039]], [[-0.520640130396631, 0.0900810221585198], [-0.7322833639733233, -0.01089278934071834], [-0.4190524903892772, 0.5378891737467769], [-0.20740925681258532, 0.638862985246015]], [[-0.7322833639733233, -0.01089278934071834], [-0.520640130396631, 0.0900810221585198], [-0.20740925681258504, -0.49829505733680896], [-0.4190524903892767, -0.599268868836047]], [[-0.4190524903892767, -0.599268868836047], [-0.20740925681258504, -0.49829505733680896], [0.4190524903892771, -0.5378891737467769], [0.20740925681258507, -0.638862985246015]], [[-0.20740925681258504, -0.49829505733680896], [-0.520640130396631, 0.0900810221585198], [-0.20740925681258532, 0.638862985246015], [0.4190524903892773, 0.5992688688360474], [0.7322833639733233, 0.010892789340718039], [0.4190524903892771, -0.5378891737467769]], [[0.20740925681258504, 0.4982950573368087], [0.4190524903892773, 0.5992688688360474], [0.7322833639733233, 0.010892789340718039], [0.5206401303966313, -0.09008102215852005]], [[-0.4190524903892772, 0.5378891737467769], [-0.20740925681258532, 0.638862985246015], [0.4190524903892773, 0.5992688688360474], [0.20740925681258504, 0.4982950573368087]]], "labels": {"GAMMA": [0.0, 0.0], "M": [0.46984631039295416, 0.2545939233387637], "K": [0.31323087359530266, 0.5487819630867838], "A": [-0.10582161678834599, -0.05048690574961906], "L": [0.36402469360460815, 0.20410701758914465], "H": [0.20740925680695668, 0.4982950573371647]}, "label_positions": {"GAMMA": [0.05, 0.05], "M": [0.5198463103929541, 0.3045939233387637], "K": [0.36323087359530265, 0.5987819630867839], "A": [-0.10582161678834599, -0.0004869057496190571], "L": [0.41402469360460814, 0.25410701758914467], "H": [0.2574092568069567, 0.5482950573371648]}, "zorder": [1, 1, 1, 1, 1, 1, 1, 1]}