{"strict_calculated": true, "mid_gap_of_max": 0.275748834729421, "max_gap": 0.12635430954887344, "gap_range_of_max": [0.275574624461315, 0.2759230449975271], "mid_gaps": [0.275748834729421], "fill_fraction": 0.375734, "gap_ranges": [[0.275574624461315, 0.2759230449975271]], "band_nos": [8], "gap": [0.12635430954887344]}