{"mid_gaps": [0.5774410050672394], "mid_gap_of_max": 0.5774410050672394, "gap_ranges": [[0.51434490620112, 0.6405371039333587]], "strict_calculated": true, "band_nos": [8], "gap": [21.853695290922204], "gap_range_of_max": [0.51434490620112, 0.6405371039333587], "fill_fraction": 0.312361, "max_gap": 21.853695290922204}