{"gap_ranges": [[0.326704003658469, 0.34293624631977376]], "mid_gaps": [0.3348201249891214], "gap": [4.848048683403287], "mid_gap_of_max": 0.3348201249891214, "max_gap": 4.848048683403287, "band_nos": [4], "gap_range_of_max": [0.326704003658469, 0.34293624631977376], "strict_calculated": true, "fill_fraction": 0.267623}