{"fill_fraction": 0.20904, "band_nos": [12], "run_me": true, "mid_gaps": [0.6293890727266047], "gap_range_of_max": [0.625524383919805, 0.6332537615334043], "max_gap": 1.2280762327369001, "gap_ranges": [[0.625524383919805, 0.6332537615334043]], "_status": {"mC24-Ag2S3Te/0a903972/check_runnin/0000/c2823caf8487c1b8822bae0e028a55b2": 1, "mC24-Ag2S3Te/0a903972/strict-mpb-m/0000/5385677b4264422f60cb39273475142a": 1, "mC24-Ag2S3Te/0a903972/mpb-mC24-Ag2/0000/23ea3303d40daa37855ebcfb088d1760": 7, "mC24-Ag2S3Te/0a903972/store_fill/0000/642287a507d67571d9c4f038dc497fa3": 1, "mC24-Ag2S3Te/0a903972/store_strict/0000/22db0a1d03ac533e14d92dd9b1293937": 1, "mC24-Ag2S3Te/0a903972/store_data/0000/a095ded5df3c7f2e57cd3d24abb4461c": 1}, "mid_gap_of_max": 0.6293890727266047, "gap": [1.2280762327369001]}