{"gap_range_of_max": [0.45305885173511, 0.5048255319092873], "max_gap": 10.808544550486053, "gap": [10.808544550486053], "fill_fraction": 0.152274, "band_nos": [5], "gap_ranges": [[0.45305885173511, 0.5048255319092873]], "mid_gaps": [0.47894219182219866], "mid_gap_of_max": 0.47894219182219866}