{"mid_gaps": [0.3556121947661689], "fill_fraction": 0.376968, "max_gap": 15.032486810730182, "mid_gap_of_max": 0.3556121947661689, "gap_range_of_max": [0.3288835166283826, 0.38234087290395513], "band_nos": [2], "gap_ranges": [[0.3288835166283826, 0.38234087290395513]], "gap": [15.032486810730182]}