{"_status": {"mC20-Ga2Se3_/15472e09/store_strict/0000/df848a75d8cdba5075e647b4bec2cee4": 1, "mC20-Ga2Se3_/15472e09/mpb-mC20-Ga2/0000/8b3340d1b6fb6f7c5e2ee4562c87f3fe": 1, "mC20-Ga2Se3_/15472e09/store_fill/0000/8d7ecfda24b5daa3373e252bcff4b846": 1, "mC20-Ga2Se3_/15472e09/store_data/0000/8c574d07670e6913fd65b483b90f1b44": 1, "mC20-Ga2Se3_/15472e09/check_runnin/0000/aaab8d99c37f2772f5a4dafae8c1f46b": 1, "mC20-Ga2Se3_/15472e09/strict-mpb-m/0000/fbb41e37d6d390ee6aadf679858155fe": 1}, "mid_gap_of_max": 0.7008575991774955, "fill_fraction": 0.275866, "gap": [2.330834084817111, 1.4283727688596684], "max_gap": 2.330834084817111, "mid_gaps": [0.7008575991774955, 0.8499287197210549], "run_me": true, "gap_range_of_max": [0.692689685273665, 0.7090255130813259], "gap_ranges": [[0.692689685273665, 0.7090255130813259], [0.843858644527448, 0.8559987949146618]], "band_nos": [12, 18]}