{"mid_gaps": [0.5995872267441957], "band_nos": [18], "strict_calculated": true, "max_gap": 1.905171658712093, "fill_fraction": 0.442441, "gap_range_of_max": [0.5938756437876, 0.6052988097007913], "mid_gap_of_max": 0.5995872267441957, "gap_ranges": [[0.5938756437876, 0.6052988097007913]], "gap": [1.905171658712093]}