{"mid_gap_of_max": 0.6851457782326689, "_status": {"hP4-AlAgS2-1/41aa0ef2/mpb-hP4-AlAg/0000/269c59f0f0a7587d6d4999243b4d8559": 1, "hP4-AlAgS2-1/41aa0ef2/strict-mpb-h/0000/b4c5dd65aa00e9049da9da24e741ca71": 1, "hP4-AlAgS2-1/41aa0ef2/store_strict/0000/6f8e2d3cdc5be889b9d9f6c3ba3c9646": 1, "hP4-AlAgS2-1/41aa0ef2/store_data/0000/583cbd93c9dee77a7a1eb2f5c5982683": 1, "hP4-AlAgS2-1/41aa0ef2/store_fill/0000/ba97c1f9fc3e49ab05be5f97792c008d": 1, "hP4-AlAgS2-1/41aa0ef2/check_runnin/0000/2af0db915947b934b20ff5fd245087c8": 1}, "gap": [0.4384230188865638, 0.2851904177057392], "fill_fraction": 0.079207, "gap_ranges": [[0.683643859830318, 0.6866476966350198], [0.708435772676407, 0.7104590487103661]], "band_nos": [16, 18], "mid_gaps": [0.6851457782326689, 0.7094474106933866], "max_gap": 0.4384230188865638, "gap_range_of_max": [0.683643859830318, 0.6866476966350198]}