{"gap_ranges": [[0.673525995454155, 0.6749360309233173]], "max_gap": 0.20913239551130408, "gap": [0.20913239551130408], "_status": {"hP4-AlAgS2/b42c1dbf/store_data/0000/0c61d52464dc4c1ad0a6d9c72bf22449": 1, "hP4-AlAgS2/b42c1dbf/check_runnin/0000/677ae864334dfadd198a9c64e3942c5a": 1, "hP4-AlAgS2/b42c1dbf/store_fill/0000/c4c386f504b83922ed9bbe922f2d77e3": 1, "hP4-AlAgS2/b42c1dbf/store_strict/0000/82bc5f99e1c43b08cfa270340b74d1e9": 1, "hP4-AlAgS2/b42c1dbf/strict-mpb-h/0000/0397ef66f63367021b22ff185310e506": 1, "hP4-AlAgS2/b42c1dbf/mpb-hP4-AlAg/0000/62f95939503db4e743e5377ba76e6ace": 1}, "gap_range_of_max": [0.673525995454155, 0.6749360309233173], "mid_gap_of_max": 0.6742310131887361, "fill_fraction": 0.091692, "mid_gaps": [0.6742310131887361], "strict_calculated": true, "band_nos": [18]}