{
  "basis": [
    [
      0.0,
      0.0,
      0.0
    ],
    [
      0.0,
      0.0,
      0.5
    ],
    [
      0.6666666666666666,
      0.3333333333333333,
      0.25
    ],
    [
      0.3333333333333333,
      0.6666666666666666,
      0.75
    ],
    [
      0.3333333333333333,
      0.6666666666666666,
      0.25
    ],
    [
      0.6666666666666666,
      0.3333333333333333,
      0.75
    ],
    [
      0.3333333333333333,
      0.6666666666666666,
      0.41
    ],
    [
      0.6666666666666666,
      0.3333333333333333,
      0.59
    ],
    [
      0.6666666666666666,
      0.3333333333333333,
      0.91
    ],
    [
      0.3333333333333333,
      0.6666666666666666,
      0.09
    ],
    [
      0.212,
      0.788,
      0.188
    ],
    [
      0.788,
      0.212,
      0.812
    ],
    [
      0.212,
      0.424,
      0.188
    ],
    [
      0.788,
      0.576,
      0.812
    ],
    [
      0.576,
      0.788,
      0.188
    ],
    [
      0.424,
      0.212,
      0.812
    ],
    [
      0.788,
      0.212,
      0.688
    ],
    [
      0.212,
      0.788,
      0.312
    ],
    [
      0.788,
      0.576,
      0.688
    ],
    [
      0.212,
      0.424,
      0.312
    ],
    [
      0.424,
      0.212,
      0.688
    ],
    [
      0.576,
      0.788,
      0.312
    ]
  ],
  "structure": "hP22-K4S3O12_r",
  "nbands": 20,
  "lattice_vectors": [
    [
      1.0,
      0.0,
      0.0
    ],
    [
      -0.5,
      0.8660254038,
      0.0
    ],
    [
      0.0,
      0.0,
      1.4082730725
    ]
  ]
}