{"max_gap": 1.0814677984704524, "fill_fraction": 0.18217, "gap": [1.0814677984704524], "gap_ranges": [[0.4607703333293863, 0.46578050782113634]], "run_me": true, "gap_range_of_max": [0.4607703333293863, 0.46578050782113634], "_status": {"mP12-SiO2_r-/ea4ca535/mpb-mP12-SiO/0000/10109a8763fe362cd768c03a3ea3fcc2": 1, "mP12-SiO2_r-/ea4ca535/check_runnin/0000/ac94e1806221d9abbd65e7b52b7f9bd2": 1, "mP12-SiO2_r-/ea4ca535/store_data/0000/8c7d57f71a0516b91d125bd323fa33b2": 1, "mP12-SiO2_r-/ea4ca535/store_strict/0000/cbf4c75de4f12427f7ebaf6e39944324": 1, "mP12-SiO2_r-/ea4ca535/store_fill/0000/e99f673c0ffe0c8cdaf6240b49996daa": 1, "mP12-SiO2_r-/ea4ca535/strict-mpb-m/0000/9f225f76a3210fa8572a0c19b1cec5e0": 1}, "mid_gaps": [0.4632754205752613], "mid_gap_of_max": 0.4632754205752613, "band_nos": [4]}