{"gap_ranges": [[0.528569411954182, 0.5635088219391491]], "gap_range_of_max": [0.528569411954182, 0.5635088219391491], "mid_gaps": [0.5460391169466655], "mid_gap_of_max": 0.5460391169466655, "band_nos": [2], "max_gap": 6.398700917315348, "fill_fraction": 0.140248, "gap": [6.398700917315348]}