{"gap_range_of_max": [0.4459531500527934, 0.47730075093205826], "gap_ranges": [[0.4459531500527934, 0.47730075093205826]], "mid_gap_of_max": 0.46162695049242586, "gap": [6.7906782404765895], "fill_fraction": 0.485595, "band_nos": [12], "strict_calculated": true, "mid_gaps": [0.46162695049242586], "max_gap": 6.7906782404765895}