{"gap_range_of_max": [0.396780098627821, 0.43806078132949977], "mid_gaps": [0.4174204399786604], "mid_gap_of_max": 0.4174204399786604, "band_nos": [2], "max_gap": 9.88947323801132, "fill_fraction": 0.390399, "gap_ranges": [[0.396780098627821, 0.43806078132949977]], "gap": [9.88947323801132]}