{"max_gap": 5.574761887276466, "mid_gap_of_max": 0.3578615594943222, "gap": [5.574761887276466], "fill_fraction": 0.264679, "mid_gaps": [0.3578615594943222], "gap_range_of_max": [0.3478865945803708, 0.3678365244082735], "gap_ranges": [[0.3478865945803708, 0.3678365244082735]], "band_nos": [4]}