{"band_nos": [2], "gap_ranges": [[0.560015003678295, 0.5840696324066643]], "max_gap": 4.205043572769827, "fill_fraction": 0.079034, "mid_gaps": [0.5720423180424796], "gap_range_of_max": [0.560015003678295, 0.5840696324066643], "mid_gap_of_max": 0.5720423180424796, "gap": [4.205043572769827]}