{"gap_ranges": [[0.681537122113773, 0.6871079359675185]], "mid_gap_of_max": 0.6843225290406458, "gap_range_of_max": [0.681537122113773, 0.6871079359675185], "gap": [0.8140626119023617], "band_nos": [16], "max_gap": 0.8140626119023617, "mid_gaps": [0.6843225290406458], "fill_fraction": 0.275504, "_status": {"hR30-FeBiO3_/84217e3d/store_fill/0000/defafcdb398c4b8e18726799264a5ae4": 1, "hR30-FeBiO3_/84217e3d/store_data/0000/490b04e5489fe49067bd148472ae1ba6": 1, "hR30-FeBiO3_/84217e3d/check_runnin/0000/2797d49145593be79b1c91a27fe72ebc": 1, "hR30-FeBiO3_/84217e3d/strict-mpb-h/0000/1c10bb394786568cbe8ed441c5f3b8ef": 1, "hR30-FeBiO3_/84217e3d/mpb-hR30-FeB/0000/3f11371daa453dc6044821e71590ba36": 1, "hR30-FeBiO3_/84217e3d/store_strict/0000/d9f3f11c856510af68312c56611ba1ec": 1}}