{"gap_range_of_max": [0.829100863954723, 0.9235532571703494], "max_gap": 10.778212549432638, "mid_gap_of_max": 0.8763270605625362, "mid_gaps": [0.7418255138398684, 0.8763270605625362], "band_nos": [8, 11], "_status": {"tI14-Ga2HgSe/39473f1e/store_strict/0000/6814b3e30dcc994a31569f4013a48e37": 1, "tI14-Ga2HgSe/39473f1e/strict-mpb-t/0000/6545f2ddd9303be27f35c6b1891e9d13": 1, "tI14-Ga2HgSe/39473f1e/check_runnin/0000/b0238fb0ab4fb53c2b1a6ce88b6d6c16": 1, "tI14-Ga2HgSe/39473f1e/store_fill/0000/d9e8645a071d4794b5f70fe69d97b444": 1, "tI14-Ga2HgSe/39473f1e/store_data/0000/f064263eca6a03db6e28f9672bc31945": 1, "tI14-Ga2HgSe/39473f1e/mpb-tI14-Ga2/0000/58855b447ddfd0c09bbc507bde1e5cb8": 1}, "gap_ranges": [[0.73732626656792, 0.7463247611118168], [0.829100863954723, 0.9235532571703494]], "gap": [1.2130203634164072, 10.778212549432638], "fill_fraction": 0.114232}