{"gap_range_of_max": [0.580437327010694, 0.5989002386606598], "fill_fraction": 0.266702, "band_nos": [8], "strict_calculated": true, "mid_gap_of_max": 0.5896687828356768, "max_gap": 3.131064792200508, "mid_gaps": [0.5896687828356768], "gap_ranges": [[0.580437327010694, 0.5989002386606598]], "gap": [3.131064792200508]}