{"band_nos": [17], "mid_gaps": [0.9424829440863187], "mid_gap_of_max": 0.9424829440863187, "max_gap": 0.4629666631076455, "gap": [0.4629666631076455], "fill_fraction": 0.04457, "gap_range_of_max": [0.940301253168021, 0.9446646350046163], "gap_ranges": [[0.940301253168021, 0.9446646350046163]], "strict_calculated": true}