{"gap": [1.0897367407590648], "mid_gaps": [0.49458375880777017], "mid_gap_of_max": 0.49458375880777017, "gap_ranges": [[0.491888928340992, 0.4972785892745484]], "gap_range_of_max": [0.491888928340992, 0.4972785892745484], "fill_fraction": 0.215738, "max_gap": 1.0897367407590648, "strict_calculated": true, "band_nos": [10]}