{"gap_range_of_max": [0.448312045942002, 0.5256768994533577], "mid_gaps": [0.48699447269767987], "band_nos": [4], "fill_fraction": 0.225073, "max_gap": 15.886187184588822, "mid_gap_of_max": 0.48699447269767987, "gap_ranges": [[0.448312045942002, 0.5256768994533577]], "gap": [15.886187184588822]}