{
  "structure": "tP36-Sr3SiO5_r",
  "lattice_vectors": [
    [
      1.0,
      0.0,
      0.0
    ],
    [
      0.0,
      1.0,
      0.0
    ],
    [
      0.0,
      0.0,
      1.54775604
    ]
  ],
  "nbands": 20,
  "basis": [
    [
      -0.4166666667,
      0.0833333333,
      0.0555555556
    ],
    [
      0.0833333333,
      -0.4166666667,
      -0.4444444444
    ],
    [
      0.0833333333,
      -0.4166666667,
      0.0555555556
    ],
    [
      -0.4166666667,
      0.0833333333,
      -0.4444444444
    ],
    [
      -0.2356666667,
      -0.2356666667,
      -0.1944444444
    ],
    [
      -0.0976666667,
      0.2643333333,
      -0.1944444444
    ],
    [
      0.4023333333,
      0.4023333333,
      -0.1944444444
    ],
    [
      0.2643333333,
      -0.0976666667,
      -0.1944444444
    ],
    [
      -0.0976666667,
      -0.0976666667,
      0.3055555556
    ],
    [
      -0.2356666667,
      0.4023333333,
      0.3055555556
    ],
    [
      0.2643333333,
      0.2643333333,
      0.3055555556
    ],
    [
      0.4023333333,
      -0.2356666667,
      0.3055555556
    ],
    [
      -0.4166666667,
      -0.4166666667,
      0.0555555556
    ],
    [
      0.0833333333,
      0.0833333333,
      0.0555555556
    ],
    [
      0.0833333333,
      0.0833333333,
      -0.4444444444
    ],
    [
      -0.4166666667,
      -0.4166666667,
      -0.4444444444
    ],
    [
      -0.4166666667,
      0.0833333333,
      -0.1944444444
    ],
    [
      0.0833333333,
      -0.4166666667,
      -0.1944444444
    ],
    [
      0.0833333333,
      -0.4166666667,
      0.3055555556
    ],
    [
      -0.4166666667,
      0.0833333333,
      0.3055555556
    ],
    [
      -0.2476666667,
      -0.3246666667,
      0.1435555556
    ],
    [
      -0.0086666667,
      0.2523333333,
      0.1435555556
    ],
    [
      0.4143333333,
      0.4913333333,
      0.1435555556
    ],
    [
      0.1753333333,
      -0.0856666667,
      0.1435555556
    ],
    [
      0.2523333333,
      -0.0086666667,
      0.4675555556
    ],
    [
      -0.3246666667,
      -0.2476666667,
      0.4675555556
    ],
    [
      -0.0856666667,
      0.1753333333,
      0.4675555556
    ],
    [
      0.4913333333,
      0.4143333333,
      0.4675555556
    ],
    [
      -0.0856666667,
      -0.0086666667,
      -0.0324444444
    ],
    [
      -0.3246666667,
      0.4143333333,
      -0.0324444444
    ],
    [
      0.2523333333,
      0.1753333333,
      -0.0324444444
    ],
    [
      0.4913333333,
      -0.2476666667,
      -0.0324444444
    ],
    [
      0.4143333333,
      -0.3246666667,
      -0.3564444444
    ],
    [
      -0.0086666667,
      -0.0856666667,
      -0.3564444444
    ],
    [
      -0.2476666667,
      0.4913333333,
      -0.3564444444
    ],
    [
      0.1753333333,
      0.2523333333,
      -0.3564444444
    ]
  ]
}