{"mid_gap_of_max": 0.6319302173193889, "_status": {"hP4-AlAgS2-1/84217e3d/store_data/0000/188ca3b933f6697dc3ca127e9c10575e": 1, "hP4-AlAgS2-1/84217e3d/strict-mpb-h/0000/573235a9dc3d25f23ade43c6fb311d31": 1, "hP4-AlAgS2-1/84217e3d/check_runnin/0000/f1a892fe1f759db08a74fe43415bb527": 1, "hP4-AlAgS2-1/84217e3d/store_strict/0000/a1217efa3ae71d9f735f483a43dffac6": 1, "hP4-AlAgS2-1/84217e3d/mpb-hP4-AlAg/0000/66004e7020d0db780c3446c9cb4df171": 1, "hP4-AlAgS2-1/84217e3d/store_fill/0000/a6ee7be334bc7658553d5cbdb1dad87a": 1}, "gap": [0.06321213415626965, 1.77798357512762], "fill_fraction": 0.136855, "band_nos": [16, 18], "gap_ranges": [[0.598909242761151, 0.599287945768286], [0.626312409584285, 0.6375480250544928]], "mid_gaps": [0.5990985942647185, 0.6319302173193889], "max_gap": 1.77798357512762, "gap_range_of_max": [0.626312409584285, 0.6375480250544928]}