{"mid_gap_of_max": 1.0530401327864625, "max_gap": 2.7004416122904704, "gap_range_of_max": [1.0388217658165, 1.067258499756425], "gap": [2.7004416122904704], "fill_fraction": 0.0728, "gap_ranges": [[1.0388217658165, 1.067258499756425]], "band_nos": [17], "mid_gaps": [1.0530401327864625]}