{"mid_gap_of_max": 0.559479808043721, "gap_ranges": [[0.558894034049302, 0.5600655820381399]], "band_nos": [18], "gap_range_of_max": [0.558894034049302, 0.5600655820381399], "max_gap": 0.2093995121886527, "mid_gaps": [0.559479808043721], "strict_calculated": true, "fill_fraction": 0.208918, "gap": [0.2093995121886527]}