{"max_gap": 7.0835481839792, "gap": [7.0835481839792], "mid_gaps": [0.3610587989349554], "fill_fraction": 0.320075, "mid_gap_of_max": 0.3610587989349554, "gap_range_of_max": [0.348270911937428, 0.3738466859324829], "band_nos": [16], "gap_ranges": [[0.348270911937428, 0.3738466859324829]], "strict_calculated": true}