{"std_lattice": [[1.7320610737, 0.0, 0.0], [0.0, 1.0000325278, 0.0], [-0.0002440547, 0.0, 1.6130661322]], "equivalent_atoms": [0, 0], "site_point_groups": {"i": {"name": "4i", "site_symmetry": ["1", "m"]}}, "global_point_groups": ["2/m", "1", "-1", "2", "m"], "number": 12, "international": "C2/m", "wyckoffs": ["i", "i"], "std_positions": [[0.167, 0.0, 0.75], [0.333, 0.5, 0.25], [0.667, 0.5, 0.75], [0.833, 0.0, 0.25]]}