{
  "basis": [
    [
      0.0625,
      0.0625,
      -0.46875
    ],
    [
      0.0625,
      0.0625,
      0.03125
    ],
    [
      -0.4375,
      -0.4375,
      -0.21875
    ],
    [
      -0.4375,
      -0.4375,
      0.28125
    ],
    [
      0.2725,
      -0.1475,
      -0.21875
    ],
    [
      -0.1475,
      -0.1475,
      0.28125
    ],
    [
      -0.1475,
      0.2725,
      -0.21875
    ],
    [
      0.2725,
      0.2725,
      0.28125
    ],
    [
      0.2825,
      0.4325,
      -0.35875
    ],
    [
      0.4325,
      -0.1575,
      0.42125
    ],
    [
      -0.1575,
      -0.3075,
      -0.35875
    ],
    [
      -0.3075,
      0.2825,
      0.42125
    ],
    [
      -0.1575,
      0.4325,
      0.14125
    ],
    [
      0.4325,
      0.2825,
      -0.07875
    ],
    [
      0.2825,
      -0.3075,
      0.14125
    ],
    [
      -0.3075,
      -0.1575,
      -0.07875
    ]
  ],
  "lattice_vectors": [
    [
      1.0,
      0.0,
      0.0
    ],
    [
      0.0,
      1.0,
      0.0
    ],
    [
      0.0,
      0.0,
      1.91882622
    ]
  ],
  "structure": "tP16-KBiF6",
  "nbands": 20
}