{"max_gap": 14.489547019684903, "fill_fraction": 0.452304, "strict_calculated": true, "band_nos": [2], "mid_gap_of_max": 0.2728563719552797, "gap_range_of_max": [0.2530885457999464, 0.29262419811061297], "gap_ranges": [[0.2530885457999464, 0.29262419811061297]], "mid_gaps": [0.2728563719552797], "gap": [14.489547019684903]}