{"mid_gaps": [0.27758712757047654], "max_gap": 3.369018891484449, "fill_fraction": 0.508213, "gap_range_of_max": [0.272911146186387, 0.282263108954566], "gap_ranges": [[0.272911146186387, 0.282263108954566]], "mid_gap_of_max": 0.27758712757047654, "band_nos": [4], "gap": [3.369018891484449]}