{"max_gap": 0.28204184138692157, "gap_range_of_max": [0.59371324465086, 0.5953901291766287], "gap_ranges": [[0.59371324465086, 0.5953901291766287]], "fill_fraction": 0.203821, "mid_gap_of_max": 0.5945516869137444, "strict_calculated": true, "band_nos": [14], "mid_gaps": [0.5945516869137444], "gap": [0.28204184138692157]}