{"max_gap": 0.11670079928021275, "mid_gap_of_max": 0.2924301697373074, "gap": [0.11670079928021275], "fill_fraction": 0.432922, "gap_ranges": [[0.2922595355645974, 0.29260080391001736]], "gap_range_of_max": [0.2922595355645974, 0.29260080391001736], "mid_gaps": [0.2924301697373074], "band_nos": [4]}