{"gap": [2.489404121931916], "fill_fraction": 0.106937, "mid_gap_of_max": 0.8182693984838738, "max_gap": 2.489404121931916, "mid_gaps": [0.8182693984838738], "band_nos": [14], "gap_range_of_max": [0.808084382416691, 0.8284544145510566], "gap_ranges": [[0.808084382416691, 0.8284544145510566]]}