{"gap": [4.956682344379573], "max_gap": 4.956682344379573, "gap_ranges": [[0.3754781219304139, 0.39456235203933154]], "gap_range_of_max": [0.3754781219304139, 0.39456235203933154], "mid_gap_of_max": 0.38502023698487275, "mid_gaps": [0.38502023698487275], "band_nos": [4], "fill_fraction": 0.215671}