{"gap": [23.923600734965365], "max_gap": 23.923600734965365, "gap_ranges": [[0.4500804787141806, 0.5723858611084737]], "mid_gaps": [0.5112331699113272], "band_nos": [4], "mid_gap_of_max": 0.5112331699113272, "gap_range_of_max": [0.4500804787141806, 0.5723858611084737], "fill_fraction": 0.136789}