{"gap": [18.00708954583082], "band_nos": [8], "gap_ranges": [[0.616025150684748, 0.7379290207111328]], "mid_gaps": [0.6769770856979404], "gap_range_of_max": [0.616025150684748, 0.7379290207111328], "strict_calculated": true, "mid_gap_of_max": 0.6769770856979404, "fill_fraction": 0.104824, "max_gap": 18.00708954583082}