{"gap": [0.43978492371580624, 2.9694131003818005], "mid_gaps": [0.6305988790577989, 0.7215122386122248], "gap_ranges": [[0.62921223965819, 0.6319855184574078], [0.71079989914512, 0.7322245780793297]], "fill_fraction": 0.116138, "band_nos": [8, 11], "max_gap": 2.9694131003818005, "gap_range_of_max": [0.71079989914512, 0.7322245780793297], "mid_gap_of_max": 0.7215122386122248}