{"gap": [11.159658255181277], "gap_range_of_max": [0.337864924849723, 0.3777976750544485], "fill_fraction": 0.423455, "mid_gap_of_max": 0.35783129995208574, "gap_ranges": [[0.337864924849723, 0.3777976750544485]], "max_gap": 11.159658255181277, "band_nos": [2], "mid_gaps": [0.35783129995208574]}