{"gap": [0.10704697089836551], "mid_gap_of_max": 0.8435522032256051, "gap_ranges": [[0.843100704684855, 0.8440037017663551]], "gap_range_of_max": [0.843100704684855, 0.8440037017663551], "max_gap": 0.10704697089836551, "mid_gaps": [0.8435522032256051], "band_nos": [19], "fill_fraction": 0.145497}