{"gap_range_of_max": [0.565964805855786, 0.5777454080698283], "gap_ranges": [[0.565964805855786, 0.5777454080698283]], "mid_gaps": [0.5718551069628072], "gap": [2.060067676340191], "mid_gap_of_max": 0.5718551069628072, "max_gap": 2.060067676340191, "fill_fraction": 0.064165, "band_nos": [2]}