{"mid_gaps": [0.6048004854594335], "max_gap": 0.7409237688201779, "band_nos": [18], "fill_fraction": 0.209091, "gap_range_of_max": [0.602559930184079, 0.6070410407347879], "mid_gap_of_max": 0.6048004854594335, "gap_ranges": [[0.602559930184079, 0.6070410407347879]], "gap": [0.7409237688201779]}