{"gap": [0.7383757094049884], "band_nos": [8], "fill_fraction": 0.444591, "run_me": true, "max_gap": 0.7383757094049884, "_status": {"cP576-SiO2-1/58039ad6/mpb-cP576-Si/0000/64bf7b4b1f753b5048c5ef41a8bcfb23": 6, "cP576-SiO2-1/58039ad6/strict-mpb-c/0000/1f157500eaa9b390988ecbf263973627": 1, "cP576-SiO2-1/58039ad6/check_runnin/0000/0f11c98ce440f34566b1b1769ab20fc4": 1, "cP576-SiO2-1/58039ad6/store_fill/0000/5c1e5a2ead0d984ad1564c2946361b50": 1, "cP576-SiO2-1/58039ad6/store_strict/0000/a65a8d407da0e9fd84cbb4ea847ba089": 1, "cP576-SiO2-1/58039ad6/store_data/0000/dee00a96146f9ad1200762c92e9eca62": 1}, "gap_range_of_max": [0.439530872673581, 0.4427882878539624], "gap_ranges": [[0.439530872673581, 0.4427882878539624]], "mid_gap_of_max": 0.44115958026377167, "mid_gaps": [0.44115958026377167]}