{"gap_range_of_max": [0.3972530685296643, 0.4411661026808198], "max_gap": 10.475198005731462, "gap": [10.475198005731462], "fill_fraction": 0.245713, "band_nos": [5], "gap_ranges": [[0.3972530685296643, 0.4411661026808198]], "mid_gaps": [0.419209585605242], "mid_gap_of_max": 0.419209585605242}