{"band_nos": [16], "strict_calculated": true, "gap_range_of_max": [0.641782595626169, 0.6732915856321459], "max_gap": 4.791971503208674, "fill_fraction": 0.182043, "mid_gaps": [0.6575370906291574], "mid_gap_of_max": 0.6575370906291574, "gap_ranges": [[0.641782595626169, 0.6732915856321459]], "gap": [4.791971503208674]}