{"max_gap": 2.200976159193807, "fill_fraction": 0.20914, "gap_ranges": [[0.5678265742532, 0.5804633681889875]], "band_nos": [16], "gap": [2.200976159193807], "mid_gaps": [0.5741449712210938], "gap_range_of_max": [0.5678265742532, 0.5804633681889875], "strict_calculated": true, "mid_gap_of_max": 0.5741449712210938}