{"band_nos": [6], "fill_fraction": 0.40539, "mid_gap_of_max": 0.3260605607521464, "strict_calculated": true, "gap_range_of_max": [0.320414715704381, 0.33170640579991184], "mid_gaps": [0.3260605607521464], "gap_ranges": [[0.320414715704381, 0.33170640579991184]], "max_gap": 3.4630652874676757, "gap": [3.4630652874676757]}