{"mid_gaps": [0.8204407055935408], "gap_range_of_max": [0.782612486378614, 0.8582689248084676], "gap": [9.221438906437502], "gap_ranges": [[0.782612486378614, 0.8582689248084676]], "max_gap": 9.221438906437502, "band_nos": [8], "mid_gap_of_max": 0.8204407055935408, "fill_fraction": 0.157023}