{"band_nos": [4], "max_gap": 4.817083247999231, "fill_fraction": 0.390003, "gap": [4.817083247999231], "gap_ranges": [[0.373752092141625, 0.3922003761607409]], "mid_gap_of_max": 0.382976234151183, "gap_range_of_max": [0.373752092141625, 0.3922003761607409], "mid_gaps": [0.382976234151183]}