{"mid_gap_of_max": 0.8038764069466562, "band_nos": [8], "max_gap": 1.5069812125223603, "fill_fraction": 0.08119, "mid_gaps": [0.8038764069466562], "gap": [1.5069812125223603], "gap_ranges": [[0.797819273734363, 0.8099335401589494]], "gap_range_of_max": [0.797819273734363, 0.8099335401589494]}