{"band_nos": [8], "max_gap": 2.181297256051137, "mid_gaps": [0.37790880110646474], "gap_range_of_max": [0.3737871439520092, 0.3820304582609203], "fill_fraction": 0.154781, "gap": [2.181297256051137], "mid_gap_of_max": 0.37790880110646474, "gap_ranges": [[0.3737871439520092, 0.3820304582609203]]}