{
  "basis": [
    [
      -0.2816666667,
      -0.1216666667,
      -0.1236666667
    ],
    [
      0.3603333333,
      -0.1236666667,
      -0.1216666667
    ],
    [
      -0.1236666667,
      0.3603333333,
      -0.2816666667
    ],
    [
      -0.1216666667,
      -0.2816666667,
      0.3603333333
    ],
    [
      0.4483333333,
      0.2883333333,
      0.2903333333
    ],
    [
      -0.1936666667,
      0.2903333333,
      0.2883333333
    ],
    [
      0.2903333333,
      -0.1936666667,
      0.4483333333
    ],
    [
      0.2883333333,
      0.4483333333,
      -0.1936666667
    ],
    [
      0.2083333333,
      0.2083333333,
      0.2083333333
    ],
    [
      -0.0416666667,
      -0.0416666667,
      -0.0416666667
    ],
    [
      -0.2916666667,
      -0.2916666667,
      -0.2916666667
    ],
    [
      -0.5416666667,
      -0.5416666667,
      -0.5416666667
    ]
  ],
  "structure": "oF48-TbAsO4_r",
  "nbands": 20,
  "lattice_vectors": [
    [
      0.0,
      0.7027175587,
      0.7114689261
    ],
    [
      0.4461060416,
      0.0,
      0.7114689261
    ],
    [
      0.4461060416,
      0.7027175587,
      0.0
    ]
  ]
}