{"gap_range_of_max": [0.2692895434956827, 0.30873400674101154], "gap_ranges": [[0.2692895434956827, 0.30873400674101154], [0.449214169220014, 0.44947014067654517]], "mid_gaps": [0.2890117751183471, 0.44934215494827956], "band_nos": [2, 8], "fill_fraction": 0.452304, "mid_gap_of_max": 0.2890117751183471, "max_gap": 13.648047118210593, "gap": [13.648047118210593, 0.056965822973059514]}