{"gap": [1.5674950663972662], "fill_fraction": 0.118701, "max_gap": 1.5674950663972662, "mid_gap_of_max": 0.5486886156775077, "run_me": true, "gap_range_of_max": [0.54438828218719, 0.5529889491678255], "mid_gaps": [0.5486886156775077], "band_nos": [5], "gap_ranges": [[0.54438828218719, 0.5529889491678255]], "_status": {"hR1-Hg-14/843a064a/store_data/0000/35870a4e6e2f686007c4215530db85bd": 1, "hR1-Hg-14/843a064a/store_fill/0000/a6dcabdbf9c53f0cd32935079e458fc2": 1, "hR1-Hg-14/843a064a/store_strict/0000/19d560684db3708c65a2550825f1ab3c": 1, "hR1-Hg-14/843a064a/strict-mpb-h/0000/9a36bccf9c02c031af21997e56424a07": 1, "hR1-Hg-14/843a064a/mpb-hR1-Hg-1/0000/cce646359df9c54233eaf0bc9834955f": 1, "hR1-Hg-14/843a064a/check_runnin/0000/0b6b98c2c067af530fac0e03c71e8ec6": 1}}