{"strict_calculated": true, "mid_gap_of_max": 0.23602065315979376, "max_gap": 0.9901350132205403, "gap_range_of_max": [0.2348521915971103, 0.23718911472247725], "mid_gaps": [0.23602065315979376], "fill_fraction": 0.521903, "gap_ranges": [[0.2348521915971103, 0.23718911472247725]], "band_nos": [8], "gap": [0.9901350132205403]}