{"mid_gap_of_max": 0.34453163463158976, "gap_range_of_max": [0.298878266213753, 0.39018500304942644], "fill_fraction": 0.280474, "gap_ranges": [[0.298878266213753, 0.39018500304942644], [0.51890341028138, 0.5193022343841746]], "max_gap": 26.501699019106898, "gap": [26.501699019106898, 0.07682949998216358], "band_nos": [2, 8], "mid_gaps": [0.34453163463158976, 0.5191028223327773]}