{"mid_gap_of_max": 0.7048628179770642, "mid_gaps": [0.7048628179770642], "gap_range_of_max": [0.70440375301263, 0.7053218829414983], "gap_ranges": [[0.70440375301263, 0.7053218829414983]], "fill_fraction": 0.218012, "band_nos": [12], "strict_calculated": true, "max_gap": 0.13025654147814358, "gap": [0.13025654147814358]}