{"gap_ranges": [[0.570588030939785, 0.5929350767023254]], "mid_gaps": [0.5817615538210552], "strict_calculated": true, "mid_gap_of_max": 0.5817615538210552, "max_gap": 3.841272359055519, "fill_fraction": 0.13343, "gap": [3.841272359055519], "band_nos": [5], "gap_range_of_max": [0.570588030939785, 0.5929350767023254]}