{"gap_range_of_max": [0.277741217545679, 0.3263789562544444], "mid_gaps": [0.3020600869000617], "gap_ranges": [[0.277741217545679, 0.3263789562544444]], "max_gap": 16.102007785244577, "fill_fraction": 0.425774, "gap": [16.102007785244577], "mid_gap_of_max": 0.3020600869000617, "band_nos": [4]}