{"mid_gap_of_max": 0.7843345563966839, "fill_fraction": 0.23922, "mid_gaps": [0.7843345563966839], "band_nos": [12], "gap": [0.3145239177042715], "gap_ranges": [[0.78310109650934, 0.785568016284028]], "gap_range_of_max": [0.78310109650934, 0.785568016284028], "max_gap": 0.3145239177042715}