{"max_gap": 7.22841762757334, "gap": [7.22841762757334], "band_nos": [4], "gap_ranges": [[0.423296203319868, 0.45504114933427536]], "fill_fraction": 0.272998, "mid_gap_of_max": 0.4391686763270717, "mid_gaps": [0.4391686763270717], "gap_range_of_max": [0.423296203319868, 0.45504114933427536]}