{"gap_range_of_max": [0.28754119645208, 0.29386514194663205], "mid_gaps": [0.290703169199356], "gap_ranges": [[0.28754119645208, 0.29386514194663205]], "max_gap": 2.1753961306886285, "fill_fraction": 0.610292, "gap": [2.1753961306886285], "mid_gap_of_max": 0.290703169199356, "band_nos": [4]}