{"strict_calculated": true, "mid_gap_of_max": 0.3101835138357061, "max_gap": 0.0837466947140958, "gap_range_of_max": [0.3100536296155133, 0.3103133980558988], "mid_gaps": [0.3101835138357061], "fill_fraction": 0.2923, "gap_ranges": [[0.3100536296155133, 0.3103133980558988]], "band_nos": [8], "gap": [0.0837466947140958]}