{"mid_gap_of_max": 0.2978058802735083, "gap_ranges": [[0.29778319419949, 0.29782856634752664]], "mid_gaps": [0.2978058802735083], "run_me": true, "gap": [0.015235477551577762], "max_gap": 0.015235477551577762, "gap_range_of_max": [0.29778319419949, 0.29782856634752664], "_status": {"cF4-Cu-14/4b585f81/check_runnin/0000/e347d27bd893242c994f17c7087114bf": 1, "cF4-Cu-14/4b585f81/store_strict/0000/7f494fdd6dd339fcd98088d50a3da2b8": 1, "cF4-Cu-14/4b585f81/strict-mpb-c/0000/e860783582f6907bb96b91ef47b35568": 1, "cF4-Cu-14/4b585f81/store_fill/0000/19eddca41e6286442b8e6feb74882297": 1, "cF4-Cu-14/4b585f81/store_data/0000/09e7019cd5a58501609af902a3fd2045": 1, "cF4-Cu-14/4b585f81/mpb-cF4-Cu-1/0000/83925d335695a4d711e506369f645fc7": 4}, "fill_fraction": 0.504614, "band_nos": [2]}