{"_status": {"oP6-NaO2_r-1/c6ed8f20/store_fill/0000/5be60e87a1f6c7315f917de4110d3acd": 1, "oP6-NaO2_r-1/c6ed8f20/mpb-oP6-NaO2/0000/b15d2df22b3827d8c9eb5f43a921f0f4": 1, "oP6-NaO2_r-1/c6ed8f20/store_data/0000/74280ca5e8af34885cb205befd200c12": 1, "oP6-NaO2_r-1/c6ed8f20/strict-mpb-o/0000/32a7b88bff6a11423435cfc1e2aad586": 1, "oP6-NaO2_r-1/c6ed8f20/check_runnin/0000/4f1cb67f861f477d825156465bf4428d": 1, "oP6-NaO2_r-1/c6ed8f20/store_strict/0000/849858c45dc8510e55b20248fe4ce71c": 1}, "mid_gap_of_max": 0.5968929402874348, "mid_gaps": [0.5968929402874348], "gap": [1.3352937344855482], "max_gap": 1.3352937344855482, "band_nos": [8], "fill_fraction": 0.2156, "gap_range_of_max": [0.592907803270812, 0.6008780773040574], "gap_ranges": [[0.592907803270812, 0.6008780773040574]], "run_me": true}