{"max_gap": 2.8941657986204716, "band_nos": [2], "fill_fraction": 0.064716, "mid_gaps": [0.5770629094537008], "gap_range_of_max": [0.568712330772734, 0.5854134881346674], "gap_ranges": [[0.568712330772734, 0.5854134881346674]], "gap": [2.8941657986204716], "mid_gap_of_max": 0.5770629094537008}