{"gap_ranges": [[0.39092858031475, 0.468647167131584]], "mid_gap_of_max": 0.42978787372316696, "max_gap": 18.083010612552783, "gap_range_of_max": [0.39092858031475, 0.468647167131584], "gap": [18.083010612552783], "fill_fraction": 0.170382, "strict_calculated": true, "band_nos": [4], "mid_gaps": [0.42978787372316696]}