{"fill_fraction": 0.343482, "gap_range_of_max": [0.38682081666104, 0.4154199414559281], "mid_gap_of_max": 0.4011203790584841, "gap": [7.129810971463417], "max_gap": 7.129810971463417, "mid_gaps": [0.4011203790584841], "band_nos": [2], "gap_ranges": [[0.38682081666104, 0.4154199414559281]]}