{"gap": [5.801090991302658], "mid_gap_of_max": 0.45101003416753604, "max_gap": 5.801090991302658, "gap_ranges": [[0.437928282936554, 0.46409178539851803]], "band_nos": [2], "gap_range_of_max": [0.437928282936554, 0.46409178539851803], "mid_gaps": [0.45101003416753604], "fill_fraction": 0.326715}