{"gap": [0.051324325448258594], "max_gap": 0.051324325448258594, "gap_ranges": [[0.296400697906448, 0.2965528626140278]], "gap_range_of_max": [0.296400697906448, 0.2965528626140278], "mid_gap_of_max": 0.29647678026023794, "mid_gaps": [0.29647678026023794], "band_nos": [4], "fill_fraction": 0.413546}