{"fill_fraction": 0.562694, "mid_gap_of_max": 0.8257002461948562, "gap_ranges": [[0.80026362639375, 0.8511368659959623]], "gap": [6.161223741503233], "band_nos": [12], "gap_range_of_max": [0.80026362639375, 0.8511368659959623], "mid_gaps": [0.8257002461948562], "max_gap": 6.161223741503233}