{
  "structure": "hP21-LiAlSiO4",
  "nbands": 20,
  "lattice_vectors": [
    [
      1.0,
      0.0,
      0.0
    ],
    [
      -0.5,
      0.8660254038,
      0.0
    ],
    [
      0.0,
      0.0,
      2.1076105535
    ]
  ],
  "basis": [
    [
      -0.380952381,
      -0.380952381,
      0.2142857143
    ],
    [
      -0.380952381,
      -0.380952381,
      -0.4523809524
    ],
    [
      -0.380952381,
      -0.380952381,
      -0.119047619
    ],
    [
      0.119047619,
      0.119047619,
      -0.2857142857
    ],
    [
      0.119047619,
      -0.380952381,
      0.0476190476
    ],
    [
      -0.380952381,
      0.119047619,
      0.380952381
    ],
    [
      0.119047619,
      0.119047619,
      0.2142857143
    ],
    [
      0.119047619,
      -0.380952381,
      -0.4523809524
    ],
    [
      -0.380952381,
      0.119047619,
      -0.119047619
    ],
    [
      -0.170452381,
      0.424947619,
      0.4686857176
    ],
    [
      -0.186852381,
      0.023647619,
      -0.197980949
    ],
    [
      0.214447619,
      0.408547619,
      0.1353523843
    ],
    [
      0.408547619,
      -0.186852381,
      0.4686857176
    ],
    [
      0.424947619,
      0.214447619,
      -0.197980949
    ],
    [
      0.023647619,
      -0.170452381,
      0.1353523843
    ],
    [
      0.424947619,
      -0.170452381,
      -0.040114289
    ],
    [
      0.023647619,
      -0.186852381,
      -0.3734476224
    ],
    [
      0.408547619,
      0.214447619,
      0.2932190443
    ],
    [
      -0.186852381,
      0.408547619,
      -0.040114289
    ],
    [
      0.214447619,
      0.424947619,
      -0.3734476224
    ],
    [
      -0.170452381,
      0.023647619,
      0.2932190443
    ]
  ]
}