{"max_gap": 21.77811798687287, "mid_gap_of_max": 0.3324785780208152, "strict_calculated": true, "fill_fraction": 0.302327, "mid_gaps": [0.3324785780208152], "gap": [21.77811798687287], "gap_ranges": [[0.29627478951959, 0.3686823665220404]], "gap_range_of_max": [0.29627478951959, 0.3686823665220404], "band_nos": [4]}