{"max_gap": 0.3073486988998981, "mid_gaps": [0.36018230207945967], "gap_range_of_max": [0.3596287942699052, 0.36073580988901416], "gap_ranges": [[0.3596287942699052, 0.36073580988901416]], "gap": [0.3073486988998981], "mid_gap_of_max": 0.36018230207945967, "fill_fraction": 0.504386, "band_nos": [2]}