{"mid_gap_of_max": 0.5872702446675329, "max_gap": 2.764419492748561, "gap": [2.764419492748561], "gap_ranges": [[0.579152938108182, 0.5953875512268837]], "mid_gaps": [0.5872702446675329], "gap_range_of_max": [0.579152938108182, 0.5953875512268837], "band_nos": [12], "fill_fraction": 0.535092}