{"gap": [24.21079991931706], "mid_gaps": [0.4375376422753242], "mid_gap_of_max": 0.4375376422753242, "fill_fraction": 0.16922, "gap_ranges": [[0.3845719607038362, 0.4905033238468122]], "band_nos": [2], "max_gap": 24.21079991931706, "gap_range_of_max": [0.3845719607038362, 0.4905033238468122]}