{"max_gap": 1.399270347617936, "gap": [1.399270347617936], "gap_ranges": [[0.523408095655902, 0.530783591498606]], "mid_gaps": [0.5270958435772539], "_status": {"hR1-Hg-12/461e6396/strict-mpb-h/0000/213113b00208b3c034b33ed9dee979dd": 1, "hR1-Hg-12/461e6396/store_strict/0000/cde134164f253c15b0cb76cee03e1218": 1, "hR1-Hg-12/461e6396/check_runnin/0000/856c105d6d7a679ecf19619442179d5c": 1, "hR1-Hg-12/461e6396/store_data/0000/65ab1b47319ef1982fd9ecf358007ccb": 1, "hR1-Hg-12/461e6396/store_fill/0000/92fc14ed11526e7c00b923f15cbfa4e5": 1, "hR1-Hg-12/461e6396/mpb-hR1-Hg-1/0000/a3074cdc00fdf6162937ba2d62d51632": 7}, "gap_range_of_max": [0.523408095655902, 0.530783591498606], "run_me": true, "mid_gap_of_max": 0.5270958435772539, "band_nos": [5], "fill_fraction": 0.159488}