{"_status": {"hR15-Ni3S2-1/0a387fa5/strict-mpb-h/0000/da6522bce88afed5df32f621043355f2": 1, "hR15-Ni3S2-1/0a387fa5/store_data/0000/1f09e8cde7c87821068eeace69635824": 1, "hR15-Ni3S2-1/0a387fa5/store_strict/0000/6fd359f86f538f899aaa0479467b1dfe": 1, "hR15-Ni3S2-1/0a387fa5/mpb-hR15-Ni3/0000/c494d9085005809bb8475ab0b84ff34d": 1, "hR15-Ni3S2-1/0a387fa5/check_runnin/0000/b140f0ca038525d88d6ff60a5d1cb6c5": 1, "hR15-Ni3S2-1/0a387fa5/store_fill/0000/b64ddd435ea2f94e49bca0b3521e808f": 1}, "max_gap": 0.5945063818417543, "gap_ranges": [[0.887065511579326, 0.8923548955193249]], "mid_gap_of_max": 0.8897102035493254, "mid_gaps": [0.8897102035493254], "band_nos": [17], "gap_range_of_max": [0.887065511579326, 0.8923548955193249], "gap": [0.5945063818417543], "fill_fraction": 0.070708, "run_me": true}