{"mid_gap_of_max": 0.29091709646540576, "mid_gaps": [0.29091709646540576], "gap_ranges": [[0.2845671500643881, 0.29726704286642347]], "fill_fraction": 0.500432, "gap_range_of_max": [0.2845671500643881, 0.29726704286642347], "band_nos": [2], "max_gap": 4.365468016949467, "gap": [4.365468016949467]}