{"gap_ranges": [[0.2437887534276936, 0.2564482024954454]], "mid_gap_of_max": 0.2501184779615695, "max_gap": 5.061380978696387, "gap_range_of_max": [0.2437887534276936, 0.2564482024954454], "gap": [5.061380978696387], "fill_fraction": 0.547698, "strict_calculated": true, "band_nos": [4], "mid_gaps": [0.2501184779615695]}