{"gap_ranges": [[0.33421937368252, 0.4391503110357478]], "band_nos": [2], "max_gap": 27.136035825208907, "mid_gap_of_max": 0.3866848423591339, "gap": [27.136035825208907], "mid_gaps": [0.3866848423591339], "gap_range_of_max": [0.33421937368252, 0.4391503110357478], "strict_calculated": true, "fill_fraction": 0.213213}