{"mid_gaps": [0.7399277702961637], "fill_fraction": 0.230483, "max_gap": 12.31684965951484, "mid_gap_of_max": 0.7399277702961637, "gap": [12.31684965951484], "gap_range_of_max": [0.694359874767974, 0.7854956658243534], "gap_ranges": [[0.694359874767974, 0.7854956658243534]], "band_nos": [12]}