{"gap_ranges": [[0.3181325080211479, 0.35997212043170224]], "max_gap": 12.340164232771775, "mid_gaps": [0.33905231422642507], "band_nos": [4], "mid_gap_of_max": 0.33905231422642507, "fill_fraction": 0.377439, "gap_range_of_max": [0.3181325080211479, 0.35997212043170224], "gap": [12.340164232771775]}