{"max_gap": 0.03721076063862402, "gap": [0.03721076063862402], "band_nos": [4], "mid_gap_of_max": 0.3954964920447086, "gap_ranges": [[0.3954229084182141, 0.39557007567120306]], "gap_range_of_max": [0.3954229084182141, 0.39557007567120306], "fill_fraction": 0.288866, "mid_gaps": [0.3954964920447086]}