{"fill_fraction": 0.159311, "gap_ranges": [[0.850857825273786, 0.8740962510336693]], "mid_gap_of_max": 0.8624770381537277, "mid_gaps": [0.8624770381537277], "band_nos": [8], "gap": [2.694381964026384], "max_gap": 2.694381964026384, "gap_range_of_max": [0.850857825273786, 0.8740962510336693]}