{"mid_gaps": [0.8882071342272263], "gap": [1.4861142742266353], "gap_range_of_max": [0.881607247724001, 0.8948070207304516], "strict_calculated": true, "fill_fraction": 0.106224, "max_gap": 1.4861142742266353, "mid_gap_of_max": 0.8882071342272263, "band_nos": [17], "gap_ranges": [[0.881607247724001, 0.8948070207304516]]}