{"gap_range_of_max": [0.3328352574351437, 0.3700128161295121], "fill_fraction": 0.46012, "band_nos": [2], "mid_gaps": [0.3514240367823279], "mid_gap_of_max": 0.3514240367823279, "gap_ranges": [[0.3328352574351437, 0.3700128161295121]], "gap": [10.579116623543916], "max_gap": 10.579116623543916}