{"mid_gaps": [0.3649035921210892], "mid_gap_of_max": 0.3649035921210892, "gap": [17.400519282316633], "fill_fraction": 0.302126, "gap_ranges": [[0.3331560321666411, 0.3966511520755373]], "band_nos": [4], "max_gap": 17.400519282316633, "gap_range_of_max": [0.3331560321666411, 0.3966511520755373]}