{"mid_gap_of_max": 0.562552630238939, "max_gap": 0.5604447052347684, "mid_gaps": [0.562552630238939], "band_nos": [15], "gap": [0.5604447052347684], "fill_fraction": 0.368481, "gap_range_of_max": [0.560976232023772, 0.5641290284541058], "_status": {"hP3-Se-12/97cbe273/store_fill/0000/10c45a2783f63795927f06417d280e5d": 1, "hP3-Se-12/97cbe273/mpb-hP3-Se-1/0000/fac09a8d2f079da872e529aec735b6ab": 4, "hP3-Se-12/97cbe273/store_data/0000/d54eb88fee6f044d91b50d40715856a5": 1, "hP3-Se-12/97cbe273/strict-mpb-h/0000/805c59c81f56bf73016e582ce5e22086": 1, "hP3-Se-12/97cbe273/check_runnin/0000/3fb04c75ac749b9855f5d5f9539de9f9": 1, "hP3-Se-12/97cbe273/store_strict/0000/f02e6e71cdd081861b102a58a8dc7642": 1}, "gap_ranges": [[0.560976232023772, 0.5641290284541058]], "run_me": true}