{"mid_gap_of_max": 0.43592504112520036, "gap_range_of_max": [0.430604826946765, 0.4412452553036357], "gap_ranges": [[0.430604826946765, 0.4412452553036357]], "fill_fraction": 0.210012, "gap": [2.440884866215939], "band_nos": [4], "max_gap": 2.440884866215939, "mid_gaps": [0.43592504112520036]}