{"band_nos": [2], "strict_calculated": true, "gap": [25.01263063918789], "gap_ranges": [[0.3519969687662015, 0.4526256049703237]], "mid_gap_of_max": 0.4023112868682626, "mid_gaps": [0.4023112868682626], "gap_range_of_max": [0.3519969687662015, 0.4526256049703237], "max_gap": 25.01263063918789, "fill_fraction": 0.147826}