{"mid_gap_of_max": 0.346394744912211, "max_gap": 6.790382356799072, "band_nos": [4], "gap": [6.790382356799072], "strict_calculated": true, "gap_ranges": [[0.334633981090512, 0.35815550873391006]], "fill_fraction": 0.245092, "gap_range_of_max": [0.334633981090512, 0.35815550873391006], "mid_gaps": [0.346394744912211]}