{"mid_gaps": [0.43190883414007886, 0.4583614150944817, 0.5526005244308552, 0.7947126890638174], "gap": [0.019983350367714627, 0.00028868196558217693, 0.06215543217731541, 0.018247297138200835], "gap_ranges": [[0.431865679212281, 0.43195198906787674], [0.4583607534911104, 0.458362076697853], [0.552428788808768, 0.5527722600529422], [0.794640182270933, 0.7947851958567019]], "mid_gap_of_max": 0.5526005244308552, "fill_fraction": 0.130043, "max_gap": 0.06215543217731541, "strict_calculated": true, "band_nos": [2, 3, 5, 18], "gap_range_of_max": [0.552428788808768, 0.5527722600529422]}