{"max_gap": 11.092053527410016, "gap_ranges": [[0.2943120217631833, 0.32887409032742093]], "gap": [11.092053527410016], "mid_gap_of_max": 0.3115930560453021, "gap_range_of_max": [0.2943120217631833, 0.32887409032742093], "mid_gaps": [0.3115930560453021], "fill_fraction": 0.507685, "band_nos": [2]}