{"mid_gap_of_max": 0.7079115882135347, "max_gap": 10.111238673442317, "gap": [10.111238673442317], "gap_ranges": [[0.672122273072921, 0.7437009033541484]], "mid_gaps": [0.7079115882135347], "gap_range_of_max": [0.672122273072921, 0.7437009033541484], "band_nos": [12], "fill_fraction": 0.317221}