{"_status": {"hP21-NaAlSiO/84217e3d/store_data/0000/9005c39937f66016afc627362bf87a1b": 1, "hP21-NaAlSiO/84217e3d/check_runnin/0000/59daeccca3ad74f6a7ce362939d92a62": 1, "hP21-NaAlSiO/84217e3d/store_fill/0000/e9c85660a64a060722d7e500cf9733c7": 1, "hP21-NaAlSiO/84217e3d/store_strict/0000/7604823d10014bfecbff09456330c9cd": 1, "hP21-NaAlSiO/84217e3d/mpb-hP21-NaA/0000/4b8890fd569f7bc4763c6eadd9c6b56c": 1, "hP21-NaAlSiO/84217e3d/strict-mpb-h/0000/f0b8398c0c60b9f4231fb4552e7fbed7": 1}, "gap_range_of_max": [0.2846655631576233, 0.2864320492930315], "fill_fraction": 0.489292, "mid_gaps": [0.2855488062253274], "mid_gap_of_max": 0.2855488062253274, "max_gap": 0.6186284435082531, "gap_ranges": [[0.2846655631576233, 0.2864320492930315]], "band_nos": [6], "gap": [0.6186284435082531]}