{"gap": [12.086550488346626], "max_gap": 12.086550488346626, "fill_fraction": 0.063328, "mid_gaps": [0.5497679459823848], "band_nos": [2], "gap_range_of_max": [0.516543955802431, 0.5829919361623387], "mid_gap_of_max": 0.5497679459823848, "gap_ranges": [[0.516543955802431, 0.5829919361623387]]}