{
  "lattice_vectors": [
    [
      1.0,
      0.0,
      0.0
    ],
    [
      0.0,
      1.19626848,
      0.0
    ],
    [
      0.0,
      0.0,
      1.16767628
    ]
  ],
  "nbands": 20,
  "structure": "oP16-C",
  "basis": [
    [
      0.0257,
      -0.3613,
      -0.1624
    ],
    [
      -0.4743,
      -0.1387,
      -0.1624
    ],
    [
      -0.0257,
      -0.3613,
      0.1624
    ],
    [
      0.4743,
      0.1387,
      -0.1624
    ],
    [
      0.0257,
      0.3613,
      0.1624
    ],
    [
      -0.4743,
      0.1387,
      0.1624
    ],
    [
      -0.0257,
      0.3613,
      -0.1624
    ],
    [
      0.4743,
      -0.1387,
      0.1624
    ],
    [
      0.3312,
      -0.3356,
      -0.3129
    ],
    [
      -0.1688,
      -0.1644,
      -0.3129
    ],
    [
      -0.3312,
      -0.3356,
      0.3129
    ],
    [
      0.1688,
      0.1644,
      -0.3129
    ],
    [
      0.3312,
      0.3356,
      0.3129
    ],
    [
      -0.1688,
      0.1644,
      0.3129
    ],
    [
      -0.3312,
      0.3356,
      -0.3129
    ],
    [
      0.1688,
      -0.1644,
      0.3129
    ]
  ]
}