{"max_gap": 2.9424659365990635, "fill_fraction": 0.538119, "gap_ranges": [[0.3321055115195919, 0.34202352008138387]], "band_nos": [4], "gap_range_of_max": [0.3321055115195919, 0.34202352008138387], "_status": {"tP12-PNO-8/fda753e1/store_data/0000/c7795292d13f88701dd70769850e3007": 1, "tP12-PNO-8/fda753e1/check_runnin/0000/458baf14216fb2f40a510473870011e5": 1, "tP12-PNO-8/fda753e1/mpb-tP12-PNO/0000/0bc438cc2ff31387b48cba0e2d17cfcb": 1, "tP12-PNO-8/fda753e1/store_strict/0000/00d19298d1841bdb783edef882984559": 1, "tP12-PNO-8/fda753e1/store_fill/0000/98057857c1a581a7e57a08cc2ada17bd": 1, "tP12-PNO-8/fda753e1/strict-mpb-t/0000/9013d0c947677b18d8f077519c2f0fa2": 1}, "mid_gap_of_max": 0.3370645158004879, "mid_gaps": [0.3370645158004879], "gap": [2.9424659365990635]}