{
  "basis": [
    [
      0.0,
      0.33896,
      0.50805
    ],
    [
      0.5,
      0.66104,
      0.00805
    ],
    [
      0.25226,
      0.82638,
      0.51089
    ],
    [
      0.24774,
      0.17362,
      0.01089
    ],
    [
      0.75226,
      0.17362,
      0.01089
    ],
    [
      0.74774,
      0.82638,
      0.51089
    ],
    [
      0.5,
      0.32571,
      0.50781
    ],
    [
      0.0,
      0.67429,
      0.00781
    ],
    [
      0.26431,
      0.1725,
      0.3949
    ],
    [
      0.23569,
      0.8275,
      0.8949
    ],
    [
      0.76431,
      0.8275,
      0.8949
    ],
    [
      0.73569,
      0.1725,
      0.3949
    ],
    [
      0.0,
      0.6778,
      0.3619
    ],
    [
      0.5,
      0.3222,
      0.8619
    ],
    [
      0.5,
      0.6394,
      0.3949
    ],
    [
      0.0,
      0.3606,
      0.8949
    ]
  ],
  "lattice_vectors": [
    [
      1.0,
      0.0,
      0.0
    ],
    [
      0.0,
      0.8525585702,
      0.0
    ],
    [
      0.0,
      0.0,
      0.8110326397
    ]
  ],
  "nbands": 20,
  "structure": "oP16-Cd2GaAgS4_r"
}