{"faces": [[[0.35242316117407374, -0.5696776567273052], [0.2740385860277883, -0.6070745022654871], [0.5872694596118344, -0.058292539177991945], [0.6656540347581199, -0.0208956936398101]], [[0.2740385860277882, 0.5300835403173368], [0.3524231611740736, 0.5674803858555186], [0.6656540347581199, -0.0208956936398101], [0.5872694596118344, -0.058292539177991945]], [[-0.35242316117407374, 0.569677656727305], [-0.2740385860277886, 0.6070745022654868], [0.3524231611740736, 0.5674803858555186], [0.2740385860277882, 0.5300835403173368]], [[-0.2740385860277882, -0.5300835403173374], [-0.5872694596118344, 0.058292539177991355], [-0.2740385860277886, 0.6070745022654868], [0.3524231611740736, 0.5674803858555186], [0.6656540347581199, -0.0208956936398101], [0.35242316117407374, -0.5696776567273052]], [[-0.5872694596118344, 0.058292539177991355], [-0.6656540347581199, 0.020895693639809514], [-0.35242316117407374, 0.569677656727305], [-0.2740385860277886, 0.6070745022654868]], [[-0.3524231611740741, -0.5674803858555192], [-0.6656540347581199, 0.020895693639809514], [-0.35242316117407374, 0.569677656727305], [0.2740385860277882, 0.5300835403173368], [0.5872694596118344, -0.058292539177991945], [0.2740385860277883, -0.6070745022654871]], [[-0.6656540347581199, 0.020895693639809514], [-0.5872694596118344, 0.058292539177991355], [-0.2740385860277882, -0.5300835403173374], [-0.3524231611740741, -0.5674803858555192]], [[-0.3524231611740741, -0.5674803858555192], [-0.2740385860277882, -0.5300835403173374], [0.35242316117407374, -0.5696776567273052], [0.2740385860277883, -0.6070745022654871]]], "labels": {"GAMMA": [0.0, 0.0], "M": [0.46984631039295416, 0.2545939233387637], "K": [0.31323087359530266, 0.5487819630867838], "A": [-0.03919228757314273, -0.018698422769090922], "L": [0.43065402281981147, 0.23589550056967282], "H": [0.27403858602215997, 0.5300835403176929]}, "label_positions": {"GAMMA": [0.05, 0.05], "M": [0.5198463103929541, 0.3045939233387637], "K": [0.36323087359530265, 0.5987819630867839], "A": [-0.03919228757314273, 0.03130157723090908], "L": [0.48065402281981146, 0.28589550056967283], "H": [0.32403858602215996, 0.5800835403176929]}, "zorder": [1, 1, 1, 1, 1, 1, 1, 1]}