{"max_gap": 5.274343198823315, "gap": [5.274343198823315], "gap_ranges": [[0.286910044812753, 0.30245254772059893]], "mid_gap_of_max": 0.29468129626667594, "gap_range_of_max": [0.286910044812753, 0.30245254772059893], "fill_fraction": 0.544608, "band_nos": [2], "mid_gaps": [0.29468129626667594]}