{"gap_range_of_max": [0.426740179347979, 0.5093784008609981], "fill_fraction": 0.202533, "band_nos": [2], "mid_gaps": [0.46805929010448855], "mid_gap_of_max": 0.46805929010448855, "gap_ranges": [[0.426740179347979, 0.5093784008609981]], "gap": [17.655502894637603], "max_gap": 17.655502894637603}