{"mid_gaps": [0.5954981520673392, 0.7140868201073154], "fill_fraction": 0.21812, "band_nos": [8, 11], "mid_gap_of_max": 0.5954981520673392, "max_gap": 14.16441491280258, "gap": [14.16441491280258, 0.7754862398104667], "strict_calculated": true, "gap_range_of_max": [0.553323737538894, 0.6376725665957844], "gap_ranges": [[0.553323737538894, 0.6376725665957844], [0.711317997592199, 0.7168556426224316]]}