{
  "basis": [
    [
      0.0,
      0.0,
      0.0
    ],
    [
      0.0,
      0.0,
      0.5
    ],
    [
      0.6,
      0.0,
      0.25
    ],
    [
      0.4,
      0.0,
      0.75
    ],
    [
      0.0,
      0.6,
      0.25
    ],
    [
      0.0,
      0.4,
      0.75
    ],
    [
      0.4,
      0.4,
      0.25
    ],
    [
      0.6,
      0.6,
      0.75
    ],
    [
      0.3333333333333333,
      0.6666666666666666,
      0.0
    ],
    [
      0.6666666666666666,
      0.3333333333333333,
      0.0
    ],
    [
      0.6666666666666666,
      0.3333333333333333,
      0.5
    ],
    [
      0.3333333333333333,
      0.6666666666666666,
      0.5
    ],
    [
      0.27,
      0.0,
      0.25
    ],
    [
      0.73,
      0.0,
      0.75
    ],
    [
      0.0,
      0.27,
      0.25
    ],
    [
      0.0,
      0.73,
      0.75
    ],
    [
      0.73,
      0.73,
      0.25
    ],
    [
      0.27,
      0.27,
      0.75
    ]
  ],
  "lattice_vectors": [
    [
      1.0,
      0.0,
      0.0
    ],
    [
      -0.5,
      0.8660254037919487,
      0.0
    ],
    [
      0.0,
      0.0,
      0.6827723390429994
    ]
  ],
  "structure": "hP18-Hf9CuSn3_r",
  "nbands": 20
}