{"band_nos": [12], "_status": {"cI80-Er2O3_r/bd5aae5b/store_fill/0000/68b070e58ffac4617283b81f350b1d86": 1, "cI80-Er2O3_r/bd5aae5b/store_strict/0000/8ecc6601155f4b68f8d8e47f4ffec383": 1, "cI80-Er2O3_r/bd5aae5b/store_data/0000/2e04ed81ba1405dadfaa481fbde0fad5": 1, "cI80-Er2O3_r/bd5aae5b/mpb-cI80-Er2/0000/092472e96ceb9f9ea00cb0fb9652ec8b": 1, "cI80-Er2O3_r/bd5aae5b/check_runnin/0000/03798bc5a68b161c61bae222e49279c9": 1, "cI80-Er2O3_r/bd5aae5b/strict-mpb-c/0000/b0ef1f6dbe844cd6b244e7306370ffc4": 1}, "fill_fraction": 0.326136, "mid_gaps": [0.5952838573468038], "gap_range_of_max": [0.584138840516486, 0.6064288741771217], "strict_calculated": true, "mid_gap_of_max": 0.5952838573468038, "gap_ranges": [[0.584138840516486, 0.6064288741771217]], "max_gap": 3.7444377813271257, "gap": [3.7444377813271257]}