{"mid_gap_of_max": 0.5834033389146644, "band_nos": [15], "fill_fraction": 0.293756, "gap_range_of_max": [0.578569139389018, 0.5882375384403108], "gap_ranges": [[0.578569139389018, 0.5882375384403108]], "mid_gaps": [0.5834033389146644], "gap": [1.6572409525936165], "max_gap": 1.6572409525936165}