{"fill_fraction": 0.210012, "strict_calculated": true, "max_gap": 9.172770736780272, "gap_range_of_max": [0.34835693500651, 0.3818468967034899], "gap": [9.172770736780272], "gap_ranges": [[0.34835693500651, 0.3818468967034899]], "mid_gaps": [0.36510191585499996], "mid_gap_of_max": 0.36510191585499996, "band_nos": [4]}