{"max_gap": 0.7889188937993826, "_status": {"cP4-X-12/a43bccbe/store_fill/0000/dd8e82166e7aa1c935229a48c1e2c850": 1, "cP4-X-12/a43bccbe/store_strict/0000/f4e4ba7e38292969a9193db0cdc8ceb4": 1, "cP4-X-12/a43bccbe/check_runnin/0000/0041f5a2def55a08766db39a828e35a0": 1, "cP4-X-12/a43bccbe/store_data/0000/89260332fa08f0f41633892a430f75c8": 1, "cP4-X-12/a43bccbe/mpb-cP4-X-12/0000/6db2f467ca26df4a7c9ad8c3e019351a": 1, "cP4-X-12/a43bccbe/strict-mpb-c/0000/170e1c5b21d9cd703a9edda60b91c9a0": 1}, "gap_ranges": [[0.577898815150168, 0.5824760233199607]], "run_me": true, "band_nos": [16], "fill_fraction": 0.34847, "gap_range_of_max": [0.577898815150168, 0.5824760233199607], "gap": [0.7889188937993826], "mid_gap_of_max": 0.5801874192350644, "mid_gaps": [0.5801874192350644]}