{"mid_gap_of_max": 0.6859559540981315, "gap_ranges": [[0.62582865927397, 0.746083248922293]], "gap": [17.530949170989977], "fill_fraction": 0.171313, "strict_calculated": true, "mid_gaps": [0.6859559540981315], "gap_range_of_max": [0.62582865927397, 0.746083248922293], "max_gap": 17.530949170989977, "band_nos": [16]}