{"gap_ranges": [[0.369844321964001, 0.377620442943825]], "gap_range_of_max": [0.369844321964001, 0.377620442943825], "fill_fraction": 0.455442, "mid_gaps": [0.37373238245391305], "mid_gap_of_max": 0.37373238245391305, "gap": [2.0806655630871163], "max_gap": 2.0806655630871163, "band_nos": [4]}