{"gap": [0.3264443733736005], "gap_range_of_max": [0.699905060132092, 0.7021935962184938], "mid_gap_of_max": 0.7010493281752929, "band_nos": [16], "max_gap": 0.3264443733736005, "run_me": true, "gap_ranges": [[0.699905060132092, 0.7021935962184938]], "mid_gaps": [0.7010493281752929], "fill_fraction": 0.256119}