{"fill_fraction": 0.146801, "band_nos": [8, 16, 19], "gap_range_of_max": [0.551352377977739, 0.585218600676622], "mid_gap_of_max": 0.5682854893271805, "mid_gaps": [0.5682854893271805, 0.7149357908679028, 0.7379535190425563], "strict_calculated": true, "max_gap": 5.959367841501354, "gap_ranges": [[0.551352377977739, 0.585218600676622], [0.714927703672411, 0.7149438780633945], [0.736875987815871, 0.7390310502692415]], "gap": [5.959367841501354, 0.002262355751374774, 0.2920322754427653]}