{"mid_gap_of_max": 0.4673164816176422, "gap_range_of_max": [0.4653493816840398, 0.46928358155124467], "band_nos": [2], "gap": [0.8418705570979181], "mid_gaps": [0.4673164816176422], "fill_fraction": 0.442412, "gap_ranges": [[0.4653493816840398, 0.46928358155124467]], "max_gap": 0.8418705570979181}