{"fill_fraction": 0.100314, "gap_ranges": [[0.79679969527864, 0.8821724486226344]], "gap_range_of_max": [0.79679969527864, 0.8821724486226344], "mid_gaps": [0.8394860719506372], "mid_gap_of_max": 0.8394860719506372, "max_gap": 10.169645000258244, "_status": {"tI16-VAg3O4_/843a064a/store_data/0000/130594bf9f7286a72d801128107540eb": 1, "tI16-VAg3O4_/843a064a/store_fill/0000/83dad0445570fdeef0cc364203f4e21d": 1, "tI16-VAg3O4_/843a064a/strict-mpb-t/0000/b932483f6988c03ca0458b6c1769788c": 1, "tI16-VAg3O4_/843a064a/store_strict/0000/3f938a418fb64b912fd941515042a896": 1, "tI16-VAg3O4_/843a064a/mpb-tI16-VAg/0000/63c9e5cb0c264c8e214ef03a673e39c0": 1, "tI16-VAg3O4_/843a064a/check_runnin/0000/39e764b0fae7fc0aa776b39933c87285": 1}, "gap": [10.169645000258244], "band_nos": [8]}