{"mid_gaps": [0.5490574278108266], "gap": [2.9155667375582017], "gap_range_of_max": [0.541053359943154, 0.5570614956784992], "fill_fraction": 0.299267, "max_gap": 2.9155667375582017, "band_nos": [15], "strict_calculated": true, "gap_ranges": [[0.541053359943154, 0.5570614956784992]], "mid_gap_of_max": 0.5490574278108266}