{"gap_range_of_max": [0.439540281012971, 0.5299233813736901], "mid_gap_of_max": 0.4847318311933305, "band_nos": [2], "fill_fraction": 0.092158, "mid_gaps": [0.4847318311933305], "gap_ranges": [[0.439540281012971, 0.5299233813736901]], "gap": [18.64600064291423], "strict_calculated": true, "max_gap": 18.64600064291423}