{"gap_ranges": [[0.493116651376905, 0.49562876642321724]], "gap_range_of_max": [0.493116651376905, 0.49562876642321724], "max_gap": 0.5081419344326868, "gap": [0.5081419344326868], "fill_fraction": 0.116604, "band_nos": [4], "mid_gaps": [0.49437270890006113], "mid_gap_of_max": 0.49437270890006113}