{"mid_gaps": [0.5588211160235577], "mid_gap_of_max": 0.5588211160235577, "band_nos": [7], "gap": [3.8441962918887254], "gap_ranges": [[0.548080025713323, 0.5695622063337923]], "gap_range_of_max": [0.548080025713323, 0.5695622063337923], "fill_fraction": 0.262317, "max_gap": 3.8441962918887254}