{"fill_fraction": 0.189143, "gap_ranges": [[0.497054136461201, 0.5363287317573692]], "mid_gaps": [0.5166914341092851], "gap": [7.601170196264647], "gap_range_of_max": [0.497054136461201, 0.5363287317573692], "band_nos": [2], "max_gap": 7.601170196264647, "mid_gap_of_max": 0.5166914341092851}