{"max_gap": 2.977335322496746, "fill_fraction": 0.194274, "band_nos": [8], "mid_gaps": [0.6099535274440699], "gap": [2.977335322496746], "mid_gap_of_max": 0.6099535274440699, "gap_range_of_max": [0.600873346532366, 0.619033708355774], "gap_ranges": [[0.600873346532366, 0.619033708355774]]}