{"fill_fraction": 0.379475, "mid_gaps": [0.30418316012452407], "gap": [1.4758615515158924], "max_gap": 1.4758615515158924, "band_nos": [4], "gap_range_of_max": [0.3019384989712921, 0.30642782127775603], "gap_ranges": [[0.3019384989712921, 0.30642782127775603]], "mid_gap_of_max": 0.30418316012452407}