{"mid_gaps": [0.5061009908543495], "gap_ranges": [[0.4980646385432205, 0.5141373431654784]], "gap": [3.1757899930457674], "band_nos": [14], "mid_gap_of_max": 0.5061009908543495, "fill_fraction": 0.356569, "gap_range_of_max": [0.4980646385432205, 0.5141373431654784], "strict_calculated": true, "max_gap": 3.1757899930457674}