{"mid_gaps": [0.304778397527068], "band_nos": [4], "mid_gap_of_max": 0.304778397527068, "gap": [6.39889514789829], "fill_fraction": 0.445757, "gap_ranges": [[0.2950271724814671, 0.31452962257266887]], "max_gap": 6.39889514789829, "gap_range_of_max": [0.2950271724814671, 0.31452962257266887]}