{"gap_range_of_max": [0.59465655078881, 0.7235730289066472], "mid_gap_of_max": 0.6591147898477285, "fill_fraction": 0.125779, "gap": [19.559032827592855], "mid_gaps": [0.6591147898477285], "band_nos": [16], "max_gap": 19.559032827592855, "gap_ranges": [[0.59465655078881, 0.7235730289066472]]}