{"fill_fraction": 0.424073, "gap_ranges": [[0.528651956839794, 0.6078482546138342]], "mid_gap_of_max": 0.5682501057268141, "max_gap": 13.936873390062022, "_status": {"tI16-CoCu2Si/467dbef8/check_runnin/0000/f22695a745510b63ba735f2dda6dd631": 1, "tI16-CoCu2Si/467dbef8/store_fill/0000/44dd68805d29c48b7c763bb697979f49": 1, "tI16-CoCu2Si/467dbef8/store_data/0000/888dfa1d6bbb31118ce84aac3c7a1b07": 1, "tI16-CoCu2Si/467dbef8/store_strict/0000/4e880cb469dac2ce45617c8fd53b49be": 1, "tI16-CoCu2Si/467dbef8/mpb-tI16-CoC/0000/071798c2bafd3a7241d34f888e557f5a": 1, "tI16-CoCu2Si/467dbef8/strict-mpb-t/0000/7a000ee113b4ae1cdb3d33b64a032c1b": 1}, "gap": [13.936873390062022], "mid_gaps": [0.5682501057268141], "gap_range_of_max": [0.528651956839794, 0.6078482546138342], "band_nos": [8]}