{"max_gap": 10.63210732773273, "mid_gaps": [0.5607628777353812], "band_nos": [8], "mid_gap_of_max": 0.5607628777353812, "gap": [10.63210732773273], "gap_range_of_max": [0.530952422227927, 0.5905733332428356], "gap_ranges": [[0.530952422227927, 0.5905733332428356]], "fill_fraction": 0.425133}