{"band_nos": [8], "_status": {"hP4-La_r-12/aa9edfc0/strict-mpb-h/0000/ee05d05e0d3d94a884176977ef42782c": 1, "hP4-La_r-12/aa9edfc0/mpb-hP4-La_r/0000/35c9f88a6aa18f53bf76cd14ea159411": 6, "hP4-La_r-12/aa9edfc0/check_runnin/0000/1370e299c1e50dff063ed99eabd70670": 1, "hP4-La_r-12/aa9edfc0/store_strict/0000/a18e06aa8e49c8aef525be4d454299ef": 1, "hP4-La_r-12/aa9edfc0/store_fill/0000/f3f841ce0f287d295748219b23eb6793": 1, "hP4-La_r-12/aa9edfc0/store_data/0000/414a68b5a8652f996ef2ea07351190a4": 1}, "gap_ranges": [[0.297323461149623, 0.30245080734597013]], "gap": [1.7097586427665892], "mid_gaps": [0.29988713424779656], "gap_range_of_max": [0.297323461149623, 0.30245080734597013], "run_me": true, "mid_gap_of_max": 0.29988713424779656, "max_gap": 1.7097586427665892, "fill_fraction": 0.414714}