{"mid_gap_of_max": 0.296928617271719, "band_nos": [4], "fill_fraction": 0.508213, "gap": [1.8898536829532253], "gap_range_of_max": [0.294122859067093, 0.29973437547634496], "mid_gaps": [0.296928617271719], "gap_ranges": [[0.294122859067093, 0.29973437547634496]], "max_gap": 1.8898536829532253}