{"gap": [0.9502139206127919], "mid_gap_of_max": 0.2740435036211418, "fill_fraction": 0.485578, "mid_gaps": [0.2740435036211418], "gap_ranges": [[0.27274150386117, 0.27534550338111363]], "band_nos": [4], "max_gap": 0.9502139206127919, "gap_range_of_max": [0.27274150386117, 0.27534550338111363]}