{"mid_gap_of_max": 0.6270845790178988, "gap_range_of_max": [0.626895106839372, 0.6272740511964257], "gap_ranges": [[0.626895106839372, 0.6272740511964257]], "gap": [0.06042954487038391], "max_gap": 0.06042954487038391, "run_me": true, "_status": {"hP3-Se-14/cfc5180c/store_strict/0000/88e750e8cd9c454d57a615164c6b5f5d": 1, "hP3-Se-14/cfc5180c/check_runnin/0000/a67f93dc3b4b4dfddb67493566e51051": 1, "hP3-Se-14/cfc5180c/strict-mpb-h/0000/bb77d5152af9f5ffb0324a08c3a56ff0": 1, "hP3-Se-14/cfc5180c/mpb-hP3-Se-1/0000/d58e295687b21400cc69352a73d98c1f": 4, "hP3-Se-14/cfc5180c/store_data/0000/9f632ffc337acf5e386c8f983686c989": 1, "hP3-Se-14/cfc5180c/store_fill/0000/40a2e85bf51bd8df6714e9d2accb781d": 1}, "fill_fraction": 0.247773, "mid_gaps": [0.6270845790178988], "band_nos": [15]}