{"gap": [0.6696611122091407], "max_gap": 0.6696611122091407, "mid_gap_of_max": 0.41100853314084795, "band_nos": [16], "fill_fraction": 0.389129, "mid_gaps": [0.41100853314084795], "_status": {"tP12-AlBr4Cu/39473f1e/mpb-tP12-AlB/0000/a5cc6065f1b114952e8e8261832e9d7d": 7, "tP12-AlBr4Cu/39473f1e/store_fill/0000/62bd26eb451b2fdf3b5cdbbbc11dcf04": 1, "tP12-AlBr4Cu/39473f1e/store_strict/0000/155fd086d402fa7e7758027deec9254c": 1, "tP12-AlBr4Cu/39473f1e/store_data/0000/9937b95a0efd3901a0aa33d1b1916850": 1, "tP12-AlBr4Cu/39473f1e/check_runnin/0000/3c607db7a7f1b1d58b341b05bc6e5bf9": 1, "tP12-AlBr4Cu/39473f1e/strict-mpb-t/0000/6cf9d9f3ea25c9bedb09fcd8a3afdf82": 1}, "gap_ranges": [[0.4096323509836952, 0.41238471529800075]], "run_me": true, "gap_range_of_max": [0.4096323509836952, 0.41238471529800075]}