{"strict_calculated": true, "band_nos": [6], "gap_range_of_max": [0.4909654707890941, 0.4957538834262421], "mid_gaps": [0.4933596771076681], "gap": [0.9705723550858754], "mid_gap_of_max": 0.4933596771076681, "max_gap": 0.9705723550858754, "gap_ranges": [[0.4909654707890941, 0.4957538834262421]], "fill_fraction": 0.479924}