{"fill_fraction": 0.207681, "gap_ranges": [[0.486129686962866, 0.5265343233170676]], "mid_gaps": [0.5063320051399668], "gap": [7.979870113687915], "gap_range_of_max": [0.486129686962866, 0.5265343233170676], "band_nos": [2], "max_gap": 7.979870113687915, "mid_gap_of_max": 0.5063320051399668}