{"gap_range_of_max": [0.522904192592314, 0.5687800840498959], "mid_gaps": [0.545842138321105, 0.6636184063018489], "fill_fraction": 0.127872, "max_gap": 8.40460789610091, "mid_gap_of_max": 0.545842138321105, "gap_ranges": [[0.522904192592314, 0.5687800840498959], [0.652591478126894, 0.6746453344768036]], "band_nos": [5, 8], "gap": [8.40460789610091, 3.3232737580033365]}