{"mid_gaps": [0.3660278878463332], "band_nos": [4], "mid_gap_of_max": 0.3660278878463332, "gap": [14.077613003449413], "fill_fraction": 0.295814, "gap_ranges": [[0.3402638930784799, 0.39179188261418657]], "max_gap": 14.077613003449413, "gap_range_of_max": [0.3402638930784799, 0.39179188261418657]}