{"max_gap": 1.053080244224882, "fill_fraction": 0.405648, "gap_ranges": [[0.4398526941988127, 0.44450921447264735]], "gap_range_of_max": [0.4398526941988127, 0.44450921447264735], "band_nos": [8], "gap": [1.053080244224882], "mid_gap_of_max": 0.44218095433573, "mid_gaps": [0.44218095433573]}