{"mid_gap_of_max": 0.6589770336268397, "gap": [0.505555106672471], "fill_fraction": 0.383218, "max_gap": 0.505555106672471, "band_nos": [16], "mid_gaps": [0.6589770336268397], "gap_range_of_max": [0.65731128760419, 0.6606427796494895], "gap_ranges": [[0.65731128760419, 0.6606427796494895]]}