{"gap_ranges": [[0.4667714933628166, 0.48225814965559727]], "mid_gaps": [0.47451482150920693], "fill_fraction": 0.245713, "gap": [3.2636823110234787], "gap_range_of_max": [0.4667714933628166, 0.48225814965559727], "max_gap": 3.2636823110234787, "mid_gap_of_max": 0.47451482150920693, "band_nos": [5]}