{"max_gap": 12.955971680685867, "band_nos": [2], "fill_fraction": 0.46012, "mid_gaps": [0.3202154086841057], "gap_range_of_max": [0.299471899850953, 0.3409589175172584], "gap_ranges": [[0.299471899850953, 0.3409589175172584]], "gap": [12.955971680685867], "mid_gap_of_max": 0.3202154086841057}