{"gap_range_of_max": [0.394194627587904, 0.4348742829212081], "mid_gaps": [0.41453445525455607], "gap_ranges": [[0.394194627587904, 0.4348742829212081]], "max_gap": 9.813335132377073, "fill_fraction": 0.321172, "gap": [9.813335132377073], "mid_gap_of_max": 0.41453445525455607, "band_nos": [4]}