{"fill_fraction": 0.401184, "band_nos": [8, 11], "mid_gap_of_max": 0.4824175085079242, "gap": [0.383313253586213, 0.8597198275607545], "max_gap": 0.8597198275607545, "_status": {"tP7-Cu2HgI4_/67b6f5cd/mpb-tP7-Cu2H/0000/d72b2bcf941e327385bcac76fc3b5884": 1, "tP7-Cu2HgI4_/67b6f5cd/store_fill/0000/8fdbc0ca7933ad589469e4ee0a40852f": 1, "tP7-Cu2HgI4_/67b6f5cd/strict-mpb-t/0000/e46e931a683d315fc346431d10b2faf4": 1, "tP7-Cu2HgI4_/67b6f5cd/check_runnin/0000/7e90c1fd2b0a20ed16e7ccd400f00032": 1, "tP7-Cu2HgI4_/67b6f5cd/store_data/0000/75b2f4453dac4f2bb2b08239e66d6205": 1, "tP7-Cu2HgI4_/67b6f5cd/store_strict/0000/dc2f97bd617c07a46b22c556bccc71c2": 1}, "gap_ranges": [[0.418321527631189, 0.4199280885697065], [0.4803437890217906, 0.48449122799405786]], "mid_gaps": [0.4191248081004477, 0.4824175085079242], "gap_range_of_max": [0.4803437890217906, 0.48449122799405786]}