{"gap_range_of_max": [0.409323797213134, 0.46615626149548506], "mid_gaps": [0.43774002935430956], "gap_ranges": [[0.409323797213134, 0.46615626149548506]], "max_gap": 12.98315449153263, "fill_fraction": 0.193179, "gap": [12.98315449153263], "mid_gap_of_max": 0.43774002935430956, "band_nos": [4]}