{"max_gap": 5.529350864906462, "mid_gap_of_max": 0.3588389443037958, "fill_fraction": 0.227805, "gap_ranges": [[0.348918212168554, 0.3687596764390377]], "strict_calculated": true, "gap": [5.529350864906462], "mid_gaps": [0.3588389443037958], "gap_range_of_max": [0.348918212168554, 0.3687596764390377], "band_nos": [4]}