{"mid_gaps": [0.42702749666372586], "mid_gap_of_max": 0.42702749666372586, "band_nos": [8], "gap": [0.9460714893922304], "gap_ranges": [[0.425007503964825, 0.42904748936262666]], "strict_calculated": true, "gap_range_of_max": [0.425007503964825, 0.42904748936262666], "fill_fraction": 0.315703, "max_gap": 0.9460714893922304}