{"gap_range_of_max": [0.467210977833478, 0.48541617064485926], "max_gap": 3.822102454346445, "band_nos": [4], "gap": [3.822102454346445], "mid_gap_of_max": 0.47631357423916865, "fill_fraction": 0.24269, "gap_ranges": [[0.467210977833478, 0.48541617064485926]], "mid_gaps": [0.47631357423916865]}