{"gap_ranges": [[0.6406890928632, 0.7138443347915128]], "max_gap": 10.801541022870927, "band_nos": [8], "mid_gap_of_max": 0.6772667138273564, "mid_gaps": [0.6772667138273564], "fill_fraction": 0.21434, "gap": [10.801541022870927], "gap_range_of_max": [0.6406890928632, 0.7138443347915128]}