{"mid_gaps": [0.3766892602518379], "fill_fraction": 0.33758, "mid_gap_of_max": 0.3766892602518379, "max_gap": 2.0205675366971123, "strict_calculated": true, "gap_range_of_max": [0.372883629798401, 0.38049489070527476], "gap_ranges": [[0.372883629798401, 0.38049489070527476]], "band_nos": [6], "gap": [2.0205675366971123]}