{"gap": [18.279230890838647], "gap_ranges": [[0.71059560214031, 0.8535527461719324]], "mid_gaps": [0.7820741741561212], "gap_range_of_max": [0.71059560214031, 0.8535527461719324], "mid_gap_of_max": 0.7820741741561212, "max_gap": 18.279230890838647, "fill_fraction": 0.162904, "band_nos": [8]}