{"strict_calculated": true, "gap": [1.6481690397006985], "gap_range_of_max": [0.801156092912014, 0.8144702192491634], "fill_fraction": 0.177962, "mid_gaps": [0.8078131560805887], "gap_ranges": [[0.801156092912014, 0.8144702192491634]], "mid_gap_of_max": 0.8078131560805887, "max_gap": 1.6481690397006985, "band_nos": [8]}