{"mid_gaps": [0.7779682991796145], "_status": {"tI40-BeSO8_r/df4f62ac/strict-mpb-t/0000/4f3a9de49e18dbf2a89142c76e092bdf": 1, "tI40-BeSO8_r/df4f62ac/store_data/0000/c80232a01d3afbaf085f7ca14af5b0ad": 1, "tI40-BeSO8_r/df4f62ac/mpb-tI40-BeS/0000/6c0d8432d2be0ed1a33a656237c3518f": 1, "tI40-BeSO8_r/df4f62ac/store_fill/0000/a09512402aceabad339e469dfad74626": 1, "tI40-BeSO8_r/df4f62ac/check_runnin/0000/371f8934e165480f97100bd96172f14f": 1, "tI40-BeSO8_r/df4f62ac/store_strict/0000/ba8c0d4206d11e6363cd0105f0757ba3": 1}, "max_gap": 8.361095909842259, "gap_ranges": [[0.745444961358326, 0.810491637000903]], "fill_fraction": 0.244049, "gap": [8.361095909842259], "gap_range_of_max": [0.745444961358326, 0.810491637000903], "mid_gap_of_max": 0.7779682991796145, "band_nos": [12]}