{"gap": [3.6480868533460686], "fill_fraction": 0.498436, "mid_gap_of_max": 0.41551592714426555, "max_gap": 3.6480868533460686, "mid_gaps": [0.41551592714426555], "strict_calculated": true, "gap_ranges": [[0.407936736188411, 0.4230951181001202]], "gap_range_of_max": [0.407936736188411, 0.4230951181001202], "band_nos": [8]}