{
  "basis": [
    [
      -0.15625,
      -0.40625,
      0.09375
    ],
    [
      0.34375,
      -0.40625,
      0.09375
    ],
    [
      0.09375,
      -0.15625,
      -0.40625
    ],
    [
      0.09375,
      0.34375,
      -0.40625
    ],
    [
      -0.40625,
      0.09375,
      -0.15625
    ],
    [
      -0.40625,
      0.09375,
      0.34375
    ],
    [
      -0.40625,
      -0.40625,
      -0.40625
    ],
    [
      0.09375,
      0.09375,
      0.09375
    ],
    [
      -0.25765,
      -0.25765,
      -0.25765
    ],
    [
      0.44515,
      0.44515,
      -0.25765
    ],
    [
      0.44515,
      -0.25765,
      0.44515
    ],
    [
      -0.25765,
      0.44515,
      0.44515
    ],
    [
      0.24235,
      0.24235,
      0.24235
    ],
    [
      -0.05485,
      -0.05485,
      0.24235
    ],
    [
      0.24235,
      -0.05485,
      -0.05485
    ],
    [
      -0.05485,
      0.24235,
      -0.05485
    ]
  ],
  "structure": "cP16-Ag3PO4",
  "nbands": 20,
  "lattice_vectors": [
    [
      1.0,
      0.0,
      0.0
    ],
    [
      0.0,
      1.0,
      0.0
    ],
    [
      0.0,
      0.0,
      1.0
    ]
  ]
}