{"global_point_groups": ["mm2", "1", "m", "2"], "std_lattice": [[1.0, 0.0, 0.0], [0.0, 0.5954995737, 0.0], [0.0, 0.0, 0.477178536]], "wyckoffs": ["a", "a", "a", "a", "a", "a", "a", "a", "a", "a", "a", "a", "a", "a", "a", "a", "a", "a", "a", "a", "a", "a", "a", "a"], "std_positions": [[0.33761, 0.00613, 0.94006], [0.66239, 0.99387, 0.44006], [0.83761, 0.49387, 0.94006], [0.16239, 0.50613, 0.44006], [0.40884, 0.74916, 0.0934], [0.59116, 0.25084, 0.5934], [0.90884, 0.75084, 0.0934], [0.09116, 0.24916, 0.5934], [0.42943, 0.25569, 0.0592], [0.57057, 0.74431, 0.5592], [0.92943, 0.24431, 0.0592], [0.07057, 0.75569, 0.5592], [0.33722, 0.9858, 0.55635], [0.66278, 0.0142, 0.05635], [0.83722, 0.5142, 0.55635], [0.16278, 0.4858, 0.05635], [0.16346, 0.02371, 0.0661], [0.83654, 0.97629, 0.5661], [0.66346, 0.47629, 0.0661], [0.33654, 0.52371, 0.5661], [0.41292, 0.75252, 0.4427], [0.58708, 0.24748, 0.9427], [0.91292, 0.74748, 0.4427], [0.08708, 0.25252, 0.9427]], "international": "Pna2_1", "number": 33, "site_point_groups": {"a": {"name": "4a", "site_symmetry": ["1"]}}, "equivalent_atoms": [0, 0, 0, 0, 4, 4, 4, 4, 8, 8, 8, 8, 12, 12, 12, 12, 16, 16, 16, 16, 20, 20, 20, 20]}