{"mid_gaps": [0.5941748580730282], "run_me": true, "band_nos": [18], "max_gap": 2.206668545120777, "fill_fraction": 0.545762, "gap_range_of_max": [0.587619123224971, 0.6007305929210854], "mid_gap_of_max": 0.5941748580730282, "gap_ranges": [[0.587619123224971, 0.6007305929210854]], "gap": [2.206668545120777]}