{"gap_range_of_max": [0.564475500129373, 0.5801460376548183], "band_nos": [2], "gap_ranges": [[0.564475500129373, 0.5801460376548183]], "strict_calculated": true, "gap": [2.738116837427396], "fill_fraction": 0.049196, "mid_gap_of_max": 0.5723107688920956, "mid_gaps": [0.5723107688920956], "max_gap": 2.738116837427396}