{"mid_gap_of_max": 0.35390723985982375, "gap": [30.89041242198901, 0.019107425992321375], "gap_range_of_max": [0.299245536867835, 0.4085689428518125], "mid_gaps": [0.35390723985982375, 0.5246859806005668], "gap_ranges": [[0.299245536867835, 0.4085689428518125], [0.524635853607849, 0.5247361075932847]], "max_gap": 30.89041242198901, "fill_fraction": 0.230139, "strict_calculated": true, "band_nos": [2, 8]}