{"mid_gap_of_max": 0.41645886965455803, "mid_gaps": [0.41645886965455803], "gap": [9.40064203836536], "band_nos": [2], "max_gap": 9.40064203836536, "fill_fraction": 0.348517, "gap_ranges": [[0.396883965867934, 0.436033773441182]], "gap_range_of_max": [0.396883965867934, 0.436033773441182]}