{"gap_range_of_max": [0.512439188600516, 0.5326202390387172], "gap_ranges": [[0.512439188600516, 0.5326202390387172]], "mid_gap_of_max": 0.5225297138196165, "fill_fraction": 0.485595, "mid_gaps": [0.5225297138196165], "gap": [3.8621823610144888], "band_nos": [12], "max_gap": 3.8621823610144888}