{"mid_gaps": [0.48104015811010603], "gap_ranges": [[0.4726962915047696, 0.48938402471544246]], "fill_fraction": 0.265763, "max_gap": 3.469093573441973, "mid_gap_of_max": 0.48104015811010603, "band_nos": [2], "gap": [3.469093573441973], "gap_range_of_max": [0.4726962915047696, 0.48938402471544246]}