{"mid_gap_of_max": 0.3386900462500068, "band_nos": [2], "mid_gaps": [0.3386900462500068], "gap_ranges": [[0.3294220565090572, 0.3479580359909564]], "fill_fraction": 0.47222, "max_gap": 5.472844474507137, "gap": [5.472844474507137], "gap_range_of_max": [0.3294220565090572, 0.3479580359909564]}