{"gap_ranges": [[0.77192302900052, 0.7847536114597544]], "gap_range_of_max": [0.77192302900052, 0.7847536114597544], "band_nos": [17], "gap": [1.648458276528727], "mid_gap_of_max": 0.7783383202301373, "fill_fraction": 0.390135, "mid_gaps": [0.7783383202301373], "max_gap": 1.648458276528727}