{"band_nos": [16], "strict_calculated": true, "gap_range_of_max": [0.538379848201933, 0.5429061849233875], "max_gap": 0.8372135739829993, "fill_fraction": 0.28981, "mid_gaps": [0.5406430165626602], "mid_gap_of_max": 0.5406430165626602, "gap_ranges": [[0.538379848201933, 0.5429061849233875]], "gap": [0.8372135739829993]}