{"gap": [7.505963392535441], "fill_fraction": 0.088216, "gap_range_of_max": [0.4947546079663318, 0.5333387640382037], "gap_ranges": [[0.4947546079663318, 0.5333387640382037]], "mid_gaps": [0.5140466860022678], "band_nos": [4], "max_gap": 7.505963392535441, "mid_gap_of_max": 0.5140466860022678}