{"gap_ranges": [[0.83825222878542, 0.8824367009950674]], "max_gap": 5.135672281599203, "mid_gap_of_max": 0.8603444648902437, "band_nos": [16], "fill_fraction": 0.100058, "mid_gaps": [0.8603444648902437], "gap_range_of_max": [0.83825222878542, 0.8824367009950674], "gap": [5.135672281599203]}