{"mid_gap_of_max": 0.4679909969060159, "max_gap": 10.195065998036169, "strict_calculated": true, "gap_range_of_max": [0.444135001406298, 0.4918469924057338], "mid_gaps": [0.4679909969060159], "gap": [10.195065998036169], "fill_fraction": 0.473294, "band_nos": [8], "gap_ranges": [[0.444135001406298, 0.4918469924057338]]}