{"gap": [7.244407111102848], "max_gap": 7.244407111102848, "mid_gap_of_max": 0.2734726560010772, "gap_range_of_max": [0.263566919731945, 0.2833783922702093], "fill_fraction": 0.478592, "gap_ranges": [[0.263566919731945, 0.2833783922702093]], "mid_gaps": [0.2734726560010772], "band_nos": [2]}