{"gap_ranges": [[0.4555205134126159, 0.5121372496344165]], "band_nos": [2], "max_gap": 11.701809954693404, "gap": [11.701809954693404], "mid_gap_of_max": 0.4838288815235162, "fill_fraction": 0.157238, "gap_range_of_max": [0.4555205134126159, 0.5121372496344165], "mid_gaps": [0.4838288815235162]}