{"max_gap": 28.189246124837467, "mid_gaps": [0.3864779495969056], "gap_ranges": [[0.3320053393818571, 0.4409505598119542]], "mid_gap_of_max": 0.3864779495969056, "gap_range_of_max": [0.3320053393818571, 0.4409505598119542], "band_nos": [2], "fill_fraction": 0.228155, "gap": [28.189246124837467]}