{"gap_ranges": [[0.87364296070089, 0.8795845192206021]], "band_nos": [17], "gap_range_of_max": [0.87364296070089, 0.8795845192206021], "strict_calculated": true, "mid_gap_of_max": 0.8766137399607461, "fill_fraction": 0.062878, "mid_gaps": [0.8766137399607461], "gap": [0.677785237541218], "_status": {"cP33-RbNO3_r/9d16b81a/store_data/0000/8e62cc9eb73cd38d0aec7c84a827053b": 1, "cP33-RbNO3_r/9d16b81a/mpb-cP33-RbN/0000/c7df9267e123016953892a43b3a96422": 1, "cP33-RbNO3_r/9d16b81a/check_runnin/0000/f5e67cd41c249d954028833194d95804": 1, "cP33-RbNO3_r/9d16b81a/strict-mpb-c/0000/6950fdb601c97b55d30630c213f45202": 1, "cP33-RbNO3_r/9d16b81a/store_strict/0000/8947ce569bbee541db8b037d69686444": 1, "cP33-RbNO3_r/9d16b81a/store_fill/0000/5011b7397f14929dc9aa751b3883fc74": 1}, "max_gap": 0.677785237541218}