{"fill_fraction": 0.179171, "gap_range_of_max": [0.49490815923575, 0.4993205261225461], "gap_ranges": [[0.49490815923575, 0.4993205261225461]], "max_gap": 0.88759597299348, "gap": [0.88759597299348], "mid_gaps": [0.49711434267914806], "band_nos": [4], "mid_gap_of_max": 0.49711434267914806}