{"band_nos": [8], "gap_ranges": [[0.67886013984151, 0.8778211443276039]], "gap": [25.562201654179134], "max_gap": 25.562201654179134, "strict_calculated": true, "fill_fraction": 0.104865, "mid_gap_of_max": 0.7783406420845569, "mid_gaps": [0.7783406420845569], "gap_range_of_max": [0.67886013984151, 0.8778211443276039]}