{"gap_range_of_max": [0.68147728822729, 0.6965012332132738], "_status": {"cI80-N3U2_r-/f91ddc3f/mpb-cI80-N3U/0000/ea5d1cf47d0a0e1813f3d1ffefaae8f6": 1, "cI80-N3U2_r-/f91ddc3f/strict-mpb-c/0000/132c9002fb512547a7bdbe543ddfbb73": 1, "cI80-N3U2_r-/f91ddc3f/store_strict/0000/bae9ea8fd346c4c279380ce5c9fb1f1c": 1, "cI80-N3U2_r-/f91ddc3f/check_runnin/0000/817ee6b6d283de581b563cb366aa91e7": 1, "cI80-N3U2_r-/f91ddc3f/store_fill/0000/9d4b85c75bd5a84bc3d18839561e1c40": 1, "cI80-N3U2_r-/f91ddc3f/store_data/0000/183277b1d7a25ba8a0ea483fbfc2a56e": 1}, "run_me": true, "max_gap": 2.1805775274750276, "gap_ranges": [[0.68147728822729, 0.6965012332132738]], "mid_gap_of_max": 0.6889892607202819, "mid_gaps": [0.6889892607202819], "fill_fraction": 0.258836, "gap": [2.1805775274750276], "band_nos": [12]}