{"gap_ranges": [[0.40353720803689, 0.4174639609693557]], "gap_range_of_max": [0.40353720803689, 0.4174639609693557], "band_nos": [12], "mid_gap_of_max": 0.4105005845031229, "gap": [3.3926268215482693], "max_gap": 3.3926268215482693, "fill_fraction": 0.507463, "strict_calculated": true, "mid_gaps": [0.4105005845031229]}