{"gap_ranges": [[0.546208212295101, 0.5528739163161185]], "band_nos": [8], "fill_fraction": 0.25355, "mid_gaps": [0.5495410643056098], "mid_gap_of_max": 0.5495410643056098, "max_gap": 1.2129583126676113, "run_me": true, "gap_range_of_max": [0.546208212295101, 0.5528739163161185], "gap": [1.2129583126676113], "_status": {"oP6-CoTe2_r-/97cbe273/check_runnin/0000/116bb59b94ba7e9357233968da05ba00": 1, "oP6-CoTe2_r-/97cbe273/store_fill/0000/16253f735db165c3dbea0c7775395c5a": 1, "oP6-CoTe2_r-/97cbe273/store_data/0000/dd908921d4a8ba5cd62ad313e92fd7fe": 1, "oP6-CoTe2_r-/97cbe273/strict-mpb-o/0000/b42d8f74e7b94129b51fb4ae4d910879": 1, "oP6-CoTe2_r-/97cbe273/mpb-oP6-CoTe/0000/df42e565726d10fa22c7e467afed3b10": 6, "oP6-CoTe2_r-/97cbe273/store_strict/0000/33c2f0e552d5d51b92e25f049bae0cad": 1}}