{"gap_ranges": [[0.465909233452508, 0.4944537673824145]], "mid_gap_of_max": 0.4801815004174612, "max_gap": 5.944530121441595, "gap": [5.944530121441595], "gap_range_of_max": [0.465909233452508, 0.4944537673824145], "_status": {"cI36-NO2-14/043d5337/mpb-cI36-NO2/0000/a31f12fa5c8199e371572d7c58a713ad": 1, "cI36-NO2-14/043d5337/store_strict/0000/dc9a0b4c6adbcc5e641b8203a977ada4": 1, "cI36-NO2-14/043d5337/check_runnin/0000/ab4abaabc1bc02707171a02bf2c98765": 1, "cI36-NO2-14/043d5337/strict-mpb-c/0000/46128c89947db369ccc6bd830c1aed37": 1, "cI36-NO2-14/043d5337/store_data/0000/cdd5707d9b86dca03d1af80b2f27856c": 1, "cI36-NO2-14/043d5337/store_fill/0000/31fcaccababd155345b71e7e3aea1f98": 1}, "mid_gaps": [0.4801815004174612], "band_nos": [8], "fill_fraction": 0.407742}