{"faces": [[[0.2573736887609186, 0.5397409620930386], [0.3985221064429481, 0.6017284424299281], [0.7264700040272026, 0.02145567778735962], [0.5853215863451733, -0.04053180254952993]], [[0.3985221064429479, -0.5492790244743806], [0.25737368876091843, -0.6112665048112702], [0.5853215863451733, -0.04053180254952993], [0.7264700040272026, 0.02145567778735962]], [[-0.39852210644294805, -0.601728442429928], [-0.2573736887609184, -0.5397409620930385], [0.3985221064429479, -0.5492790244743806], [0.25737368876091843, -0.6112665048112702]], [[-0.39852210644294805, -0.601728442429928], [-0.7264700040272026, -0.021455677787359607], [-0.3985221064429479, 0.5492790244743808], [0.2573736887609186, 0.5397409620930386], [0.5853215863451733, -0.04053180254952993], [0.25737368876091843, -0.6112665048112702]], [[-0.3985221064429479, 0.5492790244743808], [-0.2573736887609187, 0.6112665048112702], [0.3985221064429481, 0.6017284424299281], [0.2573736887609186, 0.5397409620930386]], [[-0.2573736887609184, -0.5397409620930385], [-0.5853215863451734, 0.04053180254952992], [-0.2573736887609187, 0.6112665048112702], [0.3985221064429481, 0.6017284424299281], [0.7264700040272026, 0.02145567778735962], [0.3985221064429479, -0.5492790244743806]], [[-0.7264700040272026, -0.021455677787359607], [-0.5853215863451734, 0.04053180254952992], [-0.2573736887609184, -0.5397409620930385], [-0.39852210644294805, -0.601728442429928]], [[-0.5853215863451734, 0.04053180254952992], [-0.7264700040272026, -0.021455677787359607], [-0.3985221064429479, 0.5492790244743808], [-0.2573736887609187, 0.6112665048112702]]], "labels": {"GAMMA": [0.0, 0.0], "M": [0.4919218463940606, 0.28059831994019907], "K": [0.3279478975960404, 0.570734702261569], "A": [-0.07057420884101477, -0.030993740168444778], "L": [0.42134763755304583, 0.2496045797717543], "H": [0.2573736887550257, 0.539740962093124]}, "label_positions": {"GAMMA": [0.05, 0.05], "M": [0.5419218463940606, 0.33059831994019906], "K": [0.3779478975960404, 0.620734702261569], "A": [-0.07057420884101477, 0.019006259831555225], "L": [0.4713476375530458, 0.2996045797717543], "H": [0.3073736887550257, 0.5897409620931241]}, "zorder": [1, 1, 1, 1, 1, 1, 1, 1]}