{"mid_gap_of_max": 0.501681201129849, "gap": [9.41049306833921], "fill_fraction": 0.213278, "gap_ranges": [[0.478075863801106, 0.525286538458592]], "band_nos": [2], "gap_range_of_max": [0.478075863801106, 0.525286538458592], "mid_gaps": [0.501681201129849], "max_gap": 9.41049306833921}