{"gap_range_of_max": [0.435915585555867, 0.44154657859304136], "fill_fraction": 0.167046, "_status": {"oP4-SnO_r-14/97c57a6d/store_data/0000/47140e3fd8ef33f9f9a0f096d0dac1ab": 1, "oP4-SnO_r-14/97c57a6d/store_fill/0000/53b27bd730c4be2f22541e17c98f881b": 1, "oP4-SnO_r-14/97c57a6d/strict-mpb-o/0000/71d6685e95d23178eb613ec703e25ba0": 1, "oP4-SnO_r-14/97c57a6d/mpb-oP4-SnO_/0000/a5d776b20adbbcfb06db96fb8cebcb1d": 6, "oP4-SnO_r-14/97c57a6d/check_runnin/0000/736239162c1d6ffaecc4e9efefefb5bb": 1, "oP4-SnO_r-14/97c57a6d/store_strict/0000/6f9a4a6b534021ab7536a6698526effd": 1}, "max_gap": 1.283472556935906, "mid_gap_of_max": 0.4387310820744542, "gap_ranges": [[0.435915585555867, 0.44154657859304136]], "band_nos": [4], "mid_gaps": [0.4387310820744542], "gap": [1.283472556935906], "run_me": true}