{"gap_ranges": [[0.3675166476637529, 0.4668808960656716]], "gap": [23.817004052480797], "mid_gaps": [0.41719877186471227], "band_nos": [2], "fill_fraction": 0.209324, "mid_gap_of_max": 0.41719877186471227, "max_gap": 23.817004052480797, "gap_range_of_max": [0.3675166476637529, 0.4668808960656716]}