{"gap_range_of_max": [0.665788969255126, 0.6710481233951382], "band_nos": [12], "run_me": true, "mid_gaps": [0.6684185463251321], "fill_fraction": 0.182271, "max_gap": 0.7868055380757306, "gap_ranges": [[0.665788969255126, 0.6710481233951382]], "_status": {"mC24-Ag2S3Te/b126f2e8/store_fill/0000/a8268ca9578e592f40a109c3cde642d8": 1, "mC24-Ag2S3Te/b126f2e8/store_strict/0000/0779d613cdf75e507610b0722192706c": 1, "mC24-Ag2S3Te/b126f2e8/check_runnin/0000/ef82b660f4a6e6df87db89f2712fde00": 1, "mC24-Ag2S3Te/b126f2e8/store_data/0000/08d1fb9dd7a2c599e65d2f6ed6f7b76f": 1, "mC24-Ag2S3Te/b126f2e8/strict-mpb-m/0000/e9270d464c5139a60cb5cecdd3b9f115": 1, "mC24-Ag2S3Te/b126f2e8/mpb-mC24-Ag2/0000/a56ce8b8f21e9740c3db28e72f1f6cf0": 7}, "mid_gap_of_max": 0.6684185463251321, "gap": [0.7868055380757306]}