{"mid_gaps": [0.29108665750688045], "strict_calculated": true, "_status": {"tP12-PNO_r/52a22894/store_fill/0000/fd5ec27816109294d1fd8ac6b333abd5": 1, "tP12-PNO_r/52a22894/mpb-tP12-PNO/0000/5a91673c39b9312d39a47f91dcf052fd": 1, "tP12-PNO_r/52a22894/store_data/0000/624ed6bc9b97567710e49b801365885c": 1, "tP12-PNO_r/52a22894/check_runnin/0000/17658a9779ccd47b8a9f2ed4384d9b84": 1, "tP12-PNO_r/52a22894/store_strict/0000/2d39e7ba22f21e0013aae315671a64da": 1, "tP12-PNO_r/52a22894/strict-mpb-t/0000/e638e7ef514c15b90b2d4f93be1794b4": 1}, "gap_range_of_max": [0.2721052841253981, 0.3100680308883629], "fill_fraction": 0.347774, "mid_gap_of_max": 0.29108665750688045, "max_gap": 13.041733718786956, "gap": [13.041733718786956], "band_nos": [4], "gap_ranges": [[0.2721052841253981, 0.3100680308883629]]}