{"fill_fraction": 0.111413, "max_gap": 1.34515117380128, "gap": [1.34515117380128], "gap_ranges": [[0.679874996100178, 0.6890822684566905]], "gap_range_of_max": [0.679874996100178, 0.6890822684566905], "mid_gap_of_max": 0.6844786322784342, "mid_gaps": [0.6844786322784342], "strict_calculated": true, "band_nos": [12]}