{"_status": {"hR15-Ni3S2-1/7009c3ff/store_fill/0000/1acf12393fdd47315ec149a5b9affaae": 1, "hR15-Ni3S2-1/7009c3ff/mpb-hR15-Ni3/0000/1d50d85adf25f9effc3bea86feec088e": 4, "hR15-Ni3S2-1/7009c3ff/strict-mpb-h/0000/23d54c67d1c4509132bb168306630876": 1, "hR15-Ni3S2-1/7009c3ff/store_data/0000/a202bfdc68ed02fec6ff17710e4e6ec3": 1, "hR15-Ni3S2-1/7009c3ff/check_runnin/0000/d95bbe1be2fa6ac921a05aa034601e22": 1, "hR15-Ni3S2-1/7009c3ff/store_strict/0000/1f5c047e7ecdfe23ed113b6dd898bf19": 1}, "fill_fraction": 0.057481, "gap_ranges": [[0.944743159723649, 0.9454438516045023]], "gap_range_of_max": [0.944743159723649, 0.9454438516045023], "mid_gaps": [0.9450935056640757], "band_nos": [17], "mid_gap_of_max": 0.9450935056640757, "gap": [0.07413995299444161], "max_gap": 0.07413995299444161, "run_me": true}