{"band_nos": [4], "mid_gaps": [0.35001867831032774], "gap_range_of_max": [0.3420607560873983, 0.35797660053325725], "max_gap": 4.547141461904463, "gap": [4.547141461904463], "mid_gap_of_max": 0.35001867831032774, "gap_ranges": [[0.3420607560873983, 0.35797660053325725]], "fill_fraction": 0.414594}