{"gap": [26.60704683214919], "gap_range_of_max": [0.29590850945724, 0.3867224834431248], "band_nos": [2], "max_gap": 26.60704683214919, "gap_ranges": [[0.29590850945724, 0.3867224834431248]], "mid_gap_of_max": 0.34131549645018244, "fill_fraction": 0.315498, "mid_gaps": [0.34131549645018244]}