{"site_point_groups": {"a": {"name": "2a", "site_symmetry": ["1", "m"]}}, "equivalent_atoms": [0, 0, 2, 2, 4, 4, 6, 6, 8, 8, 10, 10], "std_lattice": [[0.5565106679, 0.0, 0.0], [0.0, 1.0, 0.0], [0.0, 0.0, 2.2397324976]], "international": "Pmn2_1", "number": 31, "global_point_groups": ["mm2", "1", "m", "2"], "wyckoffs": ["a", "a", "a", "a", "a", "a", "a", "a", "a", "a", "a", "a"], "std_positions": [[0.5, 0.0995, 0.0], [0.0, 0.9005, 0.5], [0.0, 0.4586, 0.0149], [0.5, 0.5414, 0.5149], [0.5, 0.7059, 0.9035], [0.0, 0.2941, 0.4035], [0.0, 0.1998, 0.86], [0.5, 0.8002, 0.36], [0.0, 0.6441, 0.6551], [0.5, 0.3559, 0.1551], [0.5, 0.1483, 0.6107], [0.0, 0.8517, 0.1107]]}