{"mid_gaps": [0.5425485516929955], "mid_gap_of_max": 0.5425485516929955, "gap_range_of_max": [0.532383201952792, 0.5527139014331991], "fill_fraction": 0.123589, "max_gap": 3.7472590087957114, "gap_ranges": [[0.532383201952792, 0.5527139014331991]], "gap": [3.7472590087957114], "band_nos": [2]}