{"gap_range_of_max": [0.438128664867041, 0.45872405315692455], "gap_ranges": [[0.438128664867041, 0.45872405315692455]], "mid_gap_of_max": 0.4484263590119828, "gap": [4.592813931647737], "fill_fraction": 0.513316, "band_nos": [12], "strict_calculated": true, "mid_gaps": [0.4484263590119828], "max_gap": 4.592813931647737}