{
  "structure": "tI56-YFe10.12Mo1.88N0.8",
  "nbands": 20,
  "basis": [
    [
      -0.388889,
      -0.388889,
      -0.305555
    ],
    [
      0.111111,
      0.111111,
      0.194445
    ],
    [
      -0.388889,
      -0.388889,
      0.194445
    ],
    [
      0.111111,
      0.111111,
      -0.305555
    ],
    [
      -0.138889,
      -0.138889,
      -0.055555
    ],
    [
      0.361111,
      0.361111,
      0.444445
    ],
    [
      0.361111,
      0.361111,
      -0.055555
    ],
    [
      -0.138889,
      -0.138889,
      0.444445
    ],
    [
      0.361111,
      -0.138889,
      -0.055555
    ],
    [
      -0.138889,
      0.361111,
      0.444445
    ],
    [
      -0.138889,
      0.361111,
      -0.055555
    ],
    [
      0.361111,
      -0.138889,
      0.444445
    ],
    [
      -0.026889,
      -0.388889,
      -0.305555
    ],
    [
      0.249111,
      -0.388889,
      -0.305555
    ],
    [
      -0.388889,
      -0.026889,
      -0.305555
    ],
    [
      -0.388889,
      0.249111,
      -0.305555
    ],
    [
      0.473111,
      0.111111,
      0.194445
    ],
    [
      -0.250889,
      0.111111,
      0.194445
    ],
    [
      0.111111,
      0.473111,
      0.194445
    ],
    [
      0.111111,
      -0.250889,
      0.194445
    ],
    [
      -0.111889,
      0.111111,
      -0.305555
    ],
    [
      0.334111,
      0.111111,
      -0.305555
    ],
    [
      0.111111,
      -0.111889,
      -0.305555
    ],
    [
      0.111111,
      0.334111,
      -0.305555
    ],
    [
      0.388111,
      -0.388889,
      0.194445
    ],
    [
      -0.165889,
      -0.388889,
      0.194445
    ],
    [
      -0.388889,
      0.388111,
      0.194445
    ],
    [
      -0.388889,
      -0.165889,
      0.194445
    ]
  ],
  "lattice_vectors": [
    [
      1.0,
      0.0,
      0.0
    ],
    [
      0.0,
      1.0,
      0.0
    ],
    [
      0.0,
      0.0,
      0.5535281212
    ]
  ]
}