{"gap_range_of_max": [0.801392598901224, 0.879617843668306], "gap_ranges": [[0.801392598901224, 0.879617843668306]], "band_nos": [11], "fill_fraction": 0.155849, "mid_gaps": [0.840505221284765], "mid_gap_of_max": 0.840505221284765, "gap": [9.306931448624375], "max_gap": 9.306931448624375}