{"gap_ranges": [[0.651049151954437, 0.7180903295697828], [0.8401559450322067, 0.8517655822865074]], "max_gap": 9.793184481205808, "band_nos": [8, 14], "gap": [9.793184481205808, 1.3723611960537219], "mid_gap_of_max": 0.6845697407621099, "fill_fraction": 0.144154, "mid_gaps": [0.6845697407621099, 0.8459607636593571], "gap_range_of_max": [0.651049151954437, 0.7180903295697828]}