{"gap": [0.284346797357881], "fill_fraction": 0.186368, "band_nos": [8], "mid_gaps": [0.6200728708562766], "max_gap": 0.284346797357881, "strict_calculated": true, "gap_range_of_max": [0.619191292181494, 0.6209544495310592], "mid_gap_of_max": 0.6200728708562766, "gap_ranges": [[0.619191292181494, 0.6209544495310592]]}