{"gap": [13.509642392839938], "fill_fraction": 0.343482, "max_gap": 13.509642392839938, "gap_ranges": [[0.2995574107526197, 0.3429581907963552]], "gap_range_of_max": [0.2995574107526197, 0.3429581907963552], "mid_gaps": [0.32125780077448746], "mid_gap_of_max": 0.32125780077448746, "band_nos": [2]}