{"mid_gap_of_max": 0.37445943063706244, "run_me": true, "gap": [0.1809752658144736], "gap_range_of_max": [0.37412059116208, 0.3747982701120448], "fill_fraction": 0.343327, "band_nos": [6], "max_gap": 0.1809752658144736, "_status": {"mC108-CsO6Te/0a387fa5/check_runnin/0000/643dc51ebefb411a9406cb088490557d": 1, "mC108-CsO6Te/0a387fa5/store_strict/0000/7e25564c576fa7f2ef13c858524f750e": 1, "mC108-CsO6Te/0a387fa5/strict-mpb-m/0000/253591ed47d94b936afc8f06a1863b20": 1, "mC108-CsO6Te/0a387fa5/store_data/0000/4d515acf81197b8eb261c2a28e844a56": 1, "mC108-CsO6Te/0a387fa5/mpb-mC108-Cs/0000/771e53f5cd2352bdd3c3bed195cf546d": 7, "mC108-CsO6Te/0a387fa5/store_fill/0000/a9e787864fb8bbe0a088dc4c86f022d2": 1}, "mid_gaps": [0.37445943063706244], "gap_ranges": [[0.37412059116208, 0.3747982701120448]]}