{"max_gap": 1.866916625404224, "mid_gap_of_max": 0.31356547340528174, "fill_fraction": 0.329086, "gap_ranges": [[0.310638470428016, 0.31649247638254746]], "strict_calculated": true, "gap": [1.866916625404224], "mid_gaps": [0.31356547340528174], "gap_range_of_max": [0.310638470428016, 0.31649247638254746], "band_nos": [4]}