{"max_gap": 1.009863166924805, "gap_range_of_max": [0.385429952654506, 0.3893420210495535], "gap": [1.009863166924805], "mid_gaps": [0.38738598685202974], "mid_gap_of_max": 0.38738598685202974, "band_nos": [2], "fill_fraction": 0.50001, "gap_ranges": [[0.385429952654506, 0.3893420210495535]]}