{"_status": {"tP28-Mg2TiO4/e2de5f61/strict-mpb-t/0000/b263601f181abbeb446f531459488e11": 1, "tP28-Mg2TiO4/e2de5f61/store_strict/0000/a2bc039fb82a6cfbf6cf46236a8c4b95": 1, "tP28-Mg2TiO4/e2de5f61/store_data/0000/87e296fbc53a154be0e50b4a03ad8126": 1, "tP28-Mg2TiO4/e2de5f61/store_fill/0000/72ea88d87a138490f542f0e410f7d671": 1, "tP28-Mg2TiO4/e2de5f61/mpb-tP28-Mg2/0000/ca98c2a2030e40a6239c6c5f46fa717c": 1, "tP28-Mg2TiO4/e2de5f61/check_runnin/0000/9485a07f36439c82ff27958a63d6b8c4": 1}, "gap_ranges": [[0.51900800280209, 0.5274454632055939]], "mid_gap_of_max": 0.523226733003842, "fill_fraction": 0.266876, "mid_gaps": [0.523226733003842], "gap_range_of_max": [0.51900800280209, 0.5274454632055939], "gap": [1.6125820550230756], "band_nos": [16], "strict_calculated": true, "max_gap": 1.6125820550230756}