{"mid_gaps": [0.39167095842835115], "fill_fraction": 0.516495, "strict_calculated": true, "gap_range_of_max": [0.38540287067902, 0.3979390461776823], "gap_ranges": [[0.38540287067902, 0.3979390461776823]], "mid_gap_of_max": 0.39167095842835115, "max_gap": 3.2006905870572435, "gap": [3.2006905870572435], "band_nos": [12]}