{"band_nos": [4], "mid_gap_of_max": 0.3330413419805156, "_status": {"hP14-RbLiCrO/fcf1a683/strict-mpb-h/0000/bfc6d1c194be5e67cef5c038bf6af429": 1, "hP14-RbLiCrO/fcf1a683/store_fill/0000/7a95df65199a74f14886b27be8bd873a": 1, "hP14-RbLiCrO/fcf1a683/mpb-hP14-RbL/0000/d2b8ab35a964aaf7381acd04d5365194": 1, "hP14-RbLiCrO/fcf1a683/store_data/0000/d833182ce7f72dcf5df2657b7492d526": 1, "hP14-RbLiCrO/fcf1a683/check_runnin/0000/28230010d5c4f646c31ab8ac208e2edf": 1, "hP14-RbLiCrO/fcf1a683/store_strict/0000/a181ea0ac9175e074ec42321a2350df8": 1}, "gap": [0.05982948501320354], "gap_ranges": [[0.3329417135206216, 0.33314097044040963]], "mid_gaps": [0.3330413419805156], "fill_fraction": 0.425028, "gap_range_of_max": [0.3329417135206216, 0.33314097044040963], "max_gap": 0.05982948501320354}