{
  "basis": [
    [
      0.25,
      0.25,
      -0.375
    ],
    [
      -0.25,
      -0.25,
      -0.375
    ],
    [
      -0.25,
      0.25,
      0.125
    ],
    [
      0.25,
      -0.25,
      0.125
    ],
    [
      0.25,
      -0.25,
      -0.375
    ],
    [
      -0.25,
      0.25,
      -0.375
    ],
    [
      0.25,
      0.25,
      0.125
    ],
    [
      -0.25,
      -0.25,
      0.125
    ],
    [
      0.375,
      0.0,
      0.5
    ],
    [
      0.125,
      -0.5,
      -0.25
    ],
    [
      -0.5,
      0.375,
      0.0
    ],
    [
      0.0,
      0.125,
      0.25
    ],
    [
      0.0,
      -0.375,
      0.25
    ],
    [
      0.0,
      0.375,
      0.0
    ],
    [
      0.375,
      0.0,
      0.0
    ],
    [
      -0.375,
      0.0,
      0.25
    ]
  ],
  "lattice_vectors": [
    [
      -0.5759226098,
      0.5759226098,
      0.5801950492
    ],
    [
      0.5759226098,
      -0.5759226098,
      0.5801950492
    ],
    [
      0.5759226098,
      0.5759226098,
      -0.5801950492
    ]
  ],
  "nbands": 20,
  "structure": "tI32-TaD"
}