{"gap": [3.4991691248260723], "max_gap": 3.4991691248260723, "band_nos": [2], "gap_ranges": [[0.547211411881205, 0.566700238149055]], "gap_range_of_max": [0.547211411881205, 0.566700238149055], "fill_fraction": 0.137186, "mid_gap_of_max": 0.5569558250151301, "mid_gaps": [0.5569558250151301]}