{"gap_range_of_max": [0.28687381326237, 0.3226080982054961], "max_gap": 11.726118288584168, "mid_gaps": [0.304740955733933], "gap": [11.726118288584168], "mid_gap_of_max": 0.304740955733933, "band_nos": [2], "gap_ranges": [[0.28687381326237, 0.3226080982054961]], "fill_fraction": 0.385348}