{"gap": [1.417833500998586], "gap_range_of_max": [0.732209891855868, 0.7426655307759028], "band_nos": [18], "run_me": true, "_status": {"mC10-ZnO-12/23dc6bba/store_data/0000/c80f045482bfa7abc672c5c27e760e74": 1, "mC10-ZnO-12/23dc6bba/store_fill/0000/8444d71e13b68611b8d97b703139205b": 1, "mC10-ZnO-12/23dc6bba/check_runnin/0000/3bfa7a28ffb8a79ac7e0f389177ac876": 1, "mC10-ZnO-12/23dc6bba/strict-mpb-m/0000/63e16f55e87a2398b03c60d78fbf6bec": 1, "mC10-ZnO-12/23dc6bba/store_strict/0000/8ade20d452b8bc3df447de9cb14589c2": 1, "mC10-ZnO-12/23dc6bba/mpb-mC10-ZnO/0000/051cdcd01790c5425284aa8815341f18": 6}, "gap_ranges": [[0.732209891855868, 0.7426655307759028]], "mid_gap_of_max": 0.7374377113158854, "mid_gaps": [0.7374377113158854], "fill_fraction": 0.120763, "max_gap": 1.417833500998586}