{"max_gap": 0.025179622648049294, "status": {"b4e6357cfd468c88c5b3d888037e2411-mpb-oP4-Ca": 1, "b4e6357cfd468c88c5b3d888037e2411-strict-mpb-oP4-Ca": 1}, "fill_fraction": 0.37524, "gap_ranges": [[0.547501757582166, 0.547639633817075]], "strict_gap_ranges": [[0.547501757582166, 0.547639633817075]], "mid_gap_of_max": 0.5475706956996205, "gap": [0.025179622648049294], "strict_mid_gap_of_max": 0.5475706956996205, "mid_gaps": [0.5475706956996205], "gap_range_of_max": [0.547501757582166, 0.547639633817075], "band_nos": [8], "strict_mid_gaps": [0.5475706956996205], "strict_gap": [0.025179622648049294], "strict_max_gap": 0.025179622648049294, "recalc_mid_gaps": true, "strict_gap_range_of_max": [0.547501757582166, 0.547639633817075]}