{"gap_ranges": [[0.620857969999254, 0.8182554400882054]], "gap": [27.433205570220405], "band_nos": [8], "fill_fraction": 0.171422, "max_gap": 27.433205570220405, "mid_gaps": [0.7195567050437297], "gap_range_of_max": [0.620857969999254, 0.8182554400882054], "mid_gap_of_max": 0.7195567050437297}