{"gap": [1.6009108845226887], "band_nos": [8], "gap_range_of_max": [0.765896295772284, 0.7782565512732945], "fill_fraction": 0.121892, "mid_gap_of_max": 0.7720764235227893, "max_gap": 1.6009108845226887, "gap_ranges": [[0.765896295772284, 0.7782565512732945]], "mid_gaps": [0.7720764235227893]}