{"gap": [2.691186395561388], "gap_ranges": [[0.308155753869548, 0.3165619122907354]], "gap_range_of_max": [0.308155753869548, 0.3165619122907354], "max_gap": 2.691186395561388, "strict_calculated": true, "fill_fraction": 0.507937, "mid_gap_of_max": 0.3123588330801417, "mid_gaps": [0.3123588330801417], "band_nos": [5]}