{"band_nos": [4], "max_gap": 1.9418319560294943, "strict_calculated": true, "gap_ranges": [[0.284084486767819, 0.2896550152652411]], "mid_gaps": [0.28686975101653006], "gap_range_of_max": [0.284084486767819, 0.2896550152652411], "gap": [1.9418319560294943], "mid_gap_of_max": 0.28686975101653006, "fill_fraction": 0.387213}