{"gap": [5.928516782174692], "gap_range_of_max": [0.311987395945091, 0.33104864576932697], "fill_fraction": 0.538453, "mid_gap_of_max": 0.321518020857209, "gap_ranges": [[0.311987395945091, 0.33104864576932697]], "max_gap": 5.928516782174692, "band_nos": [2], "mid_gaps": [0.321518020857209]}