{"gap": [1.7697405281193355], "max_gap": 1.7697405281193355, "mid_gaps": [0.7257822757040511], "mid_gap_of_max": 0.7257822757040511, "fill_fraction": 0.292894, "band_nos": [16], "gap_ranges": [[0.71936004416453, 0.7322045072435722]], "gap_range_of_max": [0.71936004416453, 0.7322045072435722]}