{"mid_gap_of_max": 0.5376122979875153, "strict_calculated": true, "gap": [5.811697741577741], "band_nos": [8], "gap_range_of_max": [0.521990097097223, 0.5532344988778077], "fill_fraction": 0.424314, "gap_ranges": [[0.521990097097223, 0.5532344988778077]], "mid_gaps": [0.5376122979875153], "max_gap": 5.811697741577741}