{"run_me": true, "fill_fraction": 0.134453, "gap_range_of_max": [0.644216149822404, 0.6442538730627809], "gap": [0.005855509201812599], "_status": {"hP3-Sm-14/5cca192b/store_strict/0000/8e4b59f533de28d6e07eaa522720f7eb": 1, "hP3-Sm-14/5cca192b/store_data/0000/faa06cf307aec79ae0313cea7cfb5031": 1, "hP3-Sm-14/5cca192b/check_runnin/0000/aa8ceb6d1ea237fb2e01eebe606efba3": 1, "hP3-Sm-14/5cca192b/strict-mpb-h/0000/3c0baee55e32b75ff2fdb74c45bbdc4b": 1, "hP3-Sm-14/5cca192b/store_fill/0000/109e2fd24156b3c448b1fb1270513391": 1, "hP3-Sm-14/5cca192b/mpb-hP3-Sm-1/0000/4f6bd51cdb911476c273c43cc87e6030": 3}, "mid_gap_of_max": 0.6442350114425925, "gap_ranges": [[0.644216149822404, 0.6442538730627809]], "mid_gaps": [0.6442350114425925], "max_gap": 0.005855509201812599, "band_nos": [18]}