{"gap_ranges": [[0.557522978232461, 0.5835376021324907]], "gap": [4.559727037754391], "mid_gaps": [0.5705302901824758], "fill_fraction": 0.061621, "gap_range_of_max": [0.557522978232461, 0.5835376021324907], "band_nos": [2], "max_gap": 4.559727037754391, "mid_gap_of_max": 0.5705302901824758}