{
  "basis": [
    [
      0.107,
      0.224,
      0.224
    ],
    [
      -0.107,
      -0.224,
      -0.224
    ],
    [
      -0.127,
      0.388,
      0.149
    ],
    [
      0.127,
      -0.388,
      -0.149
    ],
    [
      0.315,
      0.005,
      0.251
    ],
    [
      -0.315,
      -0.005,
      -0.251
    ],
    [
      0.462,
      -0.408,
      0.336
    ],
    [
      -0.462,
      0.408,
      -0.336
    ],
    [
      -0.078,
      0.187,
      0.442
    ],
    [
      0.078,
      -0.187,
      -0.442
    ],
    [
      0.248,
      0.189,
      -0.045
    ],
    [
      -0.248,
      -0.189,
      0.045
    ]
  ],
  "lattice_vectors": [
    [
      1.0,
      0.0,
      0.0
    ],
    [
      -0.4798486306,
      0.9764715672,
      0.0
    ],
    [
      -0.0240124507,
      -0.5503741979,
      1.3730373604
    ]
  ],
  "structure": "aP12-NbI5",
  "nbands": 20
}