{"gap_range_of_max": [0.2734237073783647, 0.3208203839460894], "max_gap": 15.95192186499885, "band_nos": [4], "gap": [15.95192186499885], "mid_gap_of_max": 0.29712204566222705, "fill_fraction": 0.333785, "gap_ranges": [[0.2734237073783647, 0.3208203839460894]], "mid_gaps": [0.29712204566222705], "strict_calculated": true}