{"max_gap": 0.5409258853213881, "gap_ranges": [[0.550960505277418, 0.5539488757029524]], "band_nos": [8], "fill_fraction": 0.243477, "mid_gaps": [0.5524546904901853], "strict_calculated": true, "gap": [0.5409258853213881], "mid_gap_of_max": 0.5524546904901853, "gap_range_of_max": [0.550960505277418, 0.5539488757029524]}