{"max_gap": 1.598095356265336, "gap": [1.598095356265336], "mid_gaps": [0.3769332287455116], "fill_fraction": 0.383139, "mid_gap_of_max": 0.3769332287455116, "gap_range_of_max": [0.37392135253311, 0.3799451049579132], "band_nos": [16], "gap_ranges": [[0.37392135253311, 0.3799451049579132]]}