{
  "basis": [
    [
      0.34807,
      0.5,
      0.30893
    ],
    [
      0.65193,
      0.5,
      0.69107
    ],
    [
      0.84807,
      0.0,
      0.30893
    ],
    [
      0.15193,
      0.0,
      0.69107
    ],
    [
      0.09496,
      0.5,
      0.38822
    ],
    [
      0.90504,
      0.5,
      0.61178
    ],
    [
      0.59496,
      0.0,
      0.38822
    ],
    [
      0.40504,
      0.0,
      0.61178
    ],
    [
      0.15008,
      0.0,
      0.03813
    ],
    [
      0.84992,
      0.0,
      0.96187
    ],
    [
      0.65008,
      0.5,
      0.03813
    ],
    [
      0.34992,
      0.5,
      0.96187
    ]
  ],
  "lattice_vectors": [
    [
      1.0,
      0.0,
      0.0
    ],
    [
      0.0,
      0.3564442548,
      0.0
    ],
    [
      -0.407286364,
      0.0,
      0.6989458946
    ]
  ],
  "nbands": 20,
  "structure": "mC24-Ti0.79Sb4Mo1.21_r"
}