{"band_nos": [8], "gap_ranges": [[0.495157571919692, 0.49858654571111816]], "gap": [0.6901120178905837], "gap_range_of_max": [0.495157571919692, 0.49858654571111816], "mid_gaps": [0.4968720588154051], "max_gap": 0.6901120178905837, "mid_gap_of_max": 0.4968720588154051, "_status": {"oP6-NaO2_r-1/09cbbb16/mpb-oP6-NaO2/0000/a2c6a0c1432a26dcf1ddabdaf20aa667": 6, "oP6-NaO2_r-1/09cbbb16/store_strict/0000/50c294072dff5011ae3397ad34f8992a": 1, "oP6-NaO2_r-1/09cbbb16/store_data/0000/6f5168361e0cf492f8cc7b67af9c43d2": 1, "oP6-NaO2_r-1/09cbbb16/strict-mpb-o/0000/ae534cf50a1a485c37ba6488c99ace1f": 1, "oP6-NaO2_r-1/09cbbb16/check_runnin/0000/e90de5922273e2ffe45a91ef228e7a6e": 1, "oP6-NaO2_r-1/09cbbb16/store_fill/0000/8975b6855ccc6d2dfdf7fa67145ab061": 1}, "fill_fraction": 0.253988, "run_me": true}