{"mid_gaps": [0.43317144099262506], "gap": [11.141477077315034], "gap_range_of_max": [0.4090405925907908, 0.4573022893944594], "gap_ranges": [[0.4090405925907908, 0.4573022893944594]], "max_gap": 11.141477077315034, "mid_gap_of_max": 0.43317144099262506, "band_nos": [2], "fill_fraction": 0.2774}