{"gap_ranges": [[0.454737652225897, 0.4838670804965532]], "max_gap": 6.206963859252099, "band_nos": [5], "fill_fraction": 0.187689, "mid_gap_of_max": 0.46930236636122513, "gap": [6.206963859252099], "mid_gaps": [0.46930236636122513], "gap_range_of_max": [0.454737652225897, 0.4838670804965532]}