{"mid_gap_of_max": 0.599427373260636, "gap_range_of_max": [0.591507856955341, 0.607346889565931], "mid_gaps": [0.599427373260636], "_status": {"tP32-AgSbO6_/5f359222/store_strict/0000/aa269b5d41bdfe3615d15f42d35671bc": 1, "tP32-AgSbO6_/5f359222/check_runnin/0000/7dc39110fe2e3a5702a651880efe90d2": 1, "tP32-AgSbO6_/5f359222/strict-mpb-t/0000/699f690ddf5a76e5aae1339aa53e2d6e": 1, "tP32-AgSbO6_/5f359222/store_fill/0000/092de8fbfd1291e489b3f09085817a16": 1, "tP32-AgSbO6_/5f359222/mpb-tP32-AgS/0000/62a1bb72214406aa25d8aa271904eab0": 1, "tP32-AgSbO6_/5f359222/store_data/0000/9bcc0cc7ae5731cbbb3ee95c6595b06d": 1}, "band_nos": [12], "gap": [2.6423605789691247], "gap_ranges": [[0.591507856955341, 0.607346889565931]], "max_gap": 2.6423605789691247, "fill_fraction": 0.207644, "strict_calculated": true}