{"gap_range_of_max": [0.2615730069738533, 0.26738419501385646], "mid_gap_of_max": 0.2644786009938549, "max_gap": 2.1972242813467378, "mid_gaps": [0.2644786009938549], "band_nos": [2], "gap": [2.1972242813467378], "gap_ranges": [[0.2615730069738533, 0.26738419501385646]], "fill_fraction": 0.583544, "strict_calculated": true}