{"gap_ranges": [[0.568890271174275, 0.5698524100103453]], "fill_fraction": 0.205197, "gap_range_of_max": [0.568890271174275, 0.5698524100103453], "max_gap": 0.16898265990500283, "gap": [0.16898265990500283], "mid_gap_of_max": 0.5693713405923102, "band_nos": [6], "mid_gaps": [0.5693713405923102]}