{"mid_gap_of_max": 0.5833294618944302, "mid_gaps": [0.5833294618944302], "gap": [11.7352291812597], "gap_ranges": [[0.54910193727687, 0.6175569865119904]], "gap_range_of_max": [0.54910193727687, 0.6175569865119904], "band_nos": [12], "strict_calculated": true, "fill_fraction": 0.251182, "max_gap": 11.7352291812597}