{"mid_gaps": [0.5782276173755739], "gap": [3.2159485467365325], "gap_range_of_max": [0.568929866046664, 0.5875253687044839], "gap_ranges": [[0.568929866046664, 0.5875253687044839]], "max_gap": 3.2159485467365325, "mid_gap_of_max": 0.5782276173755739, "band_nos": [2], "fill_fraction": 0.071857}