{"mid_gap_of_max": 0.5727812324374499, "gap": [5.274411524874565], "band_nos": [2], "mid_gaps": [0.5727812324374499], "fill_fraction": 0.062561, "max_gap": 5.274411524874565, "gap_range_of_max": [0.55767581276945, 0.5878866521054499], "gap_ranges": [[0.55767581276945, 0.5878866521054499]]}