{"gap": [18.215916221276473], "fill_fraction": 0.227794, "max_gap": 18.215916221276473, "gap_ranges": [[0.3468311431586944, 0.4163404964021689]], "gap_range_of_max": [0.3468311431586944, 0.4163404964021689], "mid_gaps": [0.38158581978043166], "mid_gap_of_max": 0.38158581978043166, "band_nos": [2]}