{"mid_gap_of_max": 0.5101361413151423, "gap_range_of_max": [0.5074924758488, 0.5127798067814846], "gap": [1.0364548802691658], "band_nos": [16], "gap_ranges": [[0.5074924758488, 0.5127798067814846]], "fill_fraction": 0.272765, "mid_gaps": [0.5101361413151423], "strict_calculated": true, "max_gap": 1.0364548802691658}