{"gap_range_of_max": [0.3478636965303511, 0.3478740953849411], "mid_gaps": [0.3478688959576461], "band_nos": [4], "mid_gap_of_max": 0.3478688959576461, "gap_ranges": [[0.3478636965303511, 0.3478740953849411]], "max_gap": 0.002989302783537016, "fill_fraction": 0.403311, "gap": [0.002989302783537016]}