{"gap_range_of_max": [0.3386067741916013, 0.42214821374941014], "gap_ranges": [[0.3386067741916013, 0.42214821374941014]], "fill_fraction": 0.276339, "max_gap": 21.96277142629436, "gap": [21.96277142629436], "band_nos": [2], "mid_gaps": [0.3803774939705057], "mid_gap_of_max": 0.3803774939705057}