{"max_gap": 10.05737265431588, "gap_range_of_max": [0.4915015760116321, 0.5435511299133605], "gap": [10.05737265431588], "gap_ranges": [[0.4915015760116321, 0.5435511299133605]], "fill_fraction": 0.143555, "mid_gap_of_max": 0.5175263529624963, "mid_gaps": [0.5175263529624963], "band_nos": [2]}