{"fill_fraction": 0.251104, "gap": [2.900141175616777], "gap_ranges": [[0.354252071240669, 0.36467705098931563]], "strict_calculated": true, "mid_gaps": [0.3594645611149923], "max_gap": 2.900141175616777, "gap_range_of_max": [0.354252071240669, 0.36467705098931563], "band_nos": [2], "mid_gap_of_max": 0.3594645611149923}