{"mid_gaps": [0.7270474276646952], "gap": [7.769250257123523], "fill_fraction": 0.562694, "max_gap": 7.769250257123523, "strict_calculated": true, "band_nos": [12], "mid_gap_of_max": 0.7270474276646952, "gap_ranges": [[0.69880436059307, 0.7552904947363203]], "gap_range_of_max": [0.69880436059307, 0.7552904947363203]}