{"gap": [3.2673709025353364], "gap_range_of_max": [0.4413376676944052, 0.4559972984860327], "fill_fraction": 0.361688, "max_gap": 3.2673709025353364, "mid_gaps": [0.448667483090219], "gap_ranges": [[0.4413376676944052, 0.4559972984860327]], "mid_gap_of_max": 0.448667483090219, "band_nos": [2]}