{"max_gap": 8.987274434403425, "gap_ranges": [[0.476323512275087, 0.5211461816726306]], "gap": [8.987274434403425], "mid_gap_of_max": 0.49873484697385884, "gap_range_of_max": [0.476323512275087, 0.5211461816726306], "band_nos": [2], "fill_fraction": 0.147826, "mid_gaps": [0.49873484697385884]}