{"mid_gap_of_max": 0.6008290183159442, "band_nos": [8], "gap_ranges": [[0.543556141881917, 0.6581018947499712]], "fill_fraction": 0.232532, "mid_gaps": [0.6008290183159442], "gap": [19.064617283151986], "max_gap": 19.064617283151986, "gap_range_of_max": [0.543556141881917, 0.6581018947499712]}