{"gap_range_of_max": [0.4117926890228436, 0.41190375196457624], "_status": {"mC4-Re/689236f9/store_strict/0000/ea16dade10c43b933c7a72f6a8c4f644": 1, "mC4-Re/689236f9/mpb-mC4-Re/0000/d89052e1175a998c48f52ba3d1ae881e": 1, "mC4-Re/689236f9/store_mid_ga/0000/70accb9d8a9b75725e0fc6dca79551f4": 1, "mC4-Re/689236f9/strict-mpb-m/0000/345348d6b8757d4180e2dd2a1904b181": 1, "mC4-Re/689236f9/store_ff/0000/de887576fecce9f73e1f39849f56fb46": 1, "mC4-Re/689236f9/strict_calcu/0000/96f34a4295b469ff784784a17657955e": 1, "mC4-Re/689236f9/store_gap/0000/04a3ea4d50602763ccdd702de5b96739": 1, "mC4-Re/689236f9/store_strict/0000/e35446e9b6279f0246b4d343a0e6c5ef": 1, "mC4-Re/689236f9/calculate/0000/87efec036cc397f721ec786c7be44d84": 1}, "gap": [0.026966959235476932], "mid_gaps": [0.41184822049370995], "strict_mid_gap_of_max": 0.41184822049370995, "strict_mid_gaps": [0.41184822049370995], "strict_gap_ranges": [[0.4117926890228436, 0.41190375196457624]], "gap_ranges": [[0.4117926890228436, 0.41190375196457624]], "strict_gap": [0.026966959235476932], "recalc_mid_gaps": true, "fill_fraction": 0.196507, "band_nos": [6], "run_me": true, "mid_gap_of_max": 0.41184822049370995, "strict_gap_range_of_max": [0.4117926890228436, 0.41190375196457624], "strict_max_gap": 0.026966959235476932, "max_gap": 0.026966959235476932}