{"band_nos": [16], "strict_calculated": true, "max_gap": 6.671171564775484, "mid_gaps": [0.7357276666262784], "gap": [6.671171564775484], "gap_ranges": [[0.711186839181199, 0.760268494071358]], "gap_range_of_max": [0.711186839181199, 0.760268494071358], "mid_gap_of_max": 0.7357276666262784, "fill_fraction": 0.209828}