{"mid_gap_of_max": 0.32099553527322233, "run_me": true, "gap_ranges": [[0.316956380607572, 0.3250346899388727]], "mid_gaps": [0.32099553527322233], "gap_range_of_max": [0.316956380607572, 0.3250346899388727], "gap": [2.5166422718074797], "_status": {"cF88-O7Pr2Zr/c4bcf0d1/store_fill/0000/3352147e7e033711a062491d6cb3cb4e": 1, "cF88-O7Pr2Zr/c4bcf0d1/store_data/0000/afb9cd597f539f7a24e5cf536a3fbc93": 1, "cF88-O7Pr2Zr/c4bcf0d1/check_runnin/0000/b29d45de9d10361d27fe979b38756100": 1, "cF88-O7Pr2Zr/c4bcf0d1/strict-mpb-c/0000/3fcfe9e5cbff7f5bc7da8461cd99f24d": 1, "cF88-O7Pr2Zr/c4bcf0d1/store_strict/0000/80d3183270d60970bc5da94ad5fdc0c1": 1, "cF88-O7Pr2Zr/c4bcf0d1/mpb-cF88-O7P/0000/73f7cb5040fe7961b5a1a08007e8070b": 7}, "max_gap": 2.5166422718074797, "fill_fraction": 0.511997, "band_nos": [2]}