{"fill_fraction": 0.367944, "mid_gap_of_max": 0.6904532460759557, "gap_ranges": [[0.669697334482188, 0.7112091576697234]], "gap": [6.012256937520105], "mid_gaps": [0.6904532460759557], "band_nos": [8], "max_gap": 6.012256937520105, "gap_range_of_max": [0.669697334482188, 0.7112091576697234]}