{"gap": [1.4810303993570266], "max_gap": 1.4810303993570266, "mid_gap_of_max": 0.5101826976956565, "mid_gaps": [0.5101826976956565], "strict_calculated": true, "fill_fraction": 0.343187, "band_nos": [14], "gap_ranges": [[0.50640471727309, 0.513960678118223]], "gap_range_of_max": [0.50640471727309, 0.513960678118223]}