{"mid_gap_of_max": 0.5576691069965041, "strict_calculated": true, "gap": [8.047576310051651], "band_nos": [8], "gap_range_of_max": [0.53522968352494, 0.580108530468068], "fill_fraction": 0.392309, "gap_ranges": [[0.53522968352494, 0.580108530468068]], "mid_gaps": [0.5576691069965041], "max_gap": 8.047576310051651}