{"fill_fraction": 0.456275, "band_nos": [16], "max_gap": 2.326490901048141, "gap": [2.326490901048141], "gap_range_of_max": [0.523805780324774, 0.5361354990351558], "mid_gaps": [0.5299706396799648], "mid_gap_of_max": 0.5299706396799648, "gap_ranges": [[0.523805780324774, 0.5361354990351558]]}