{"gap_ranges": [[0.294736114803706, 0.29562371364740747]], "max_gap": 0.3006975749110869, "mid_gaps": [0.2951799142255567], "band_nos": [4], "mid_gap_of_max": 0.2951799142255567, "strict_calculated": true, "fill_fraction": 0.266434, "gap_range_of_max": [0.294736114803706, 0.29562371364740747], "gap": [0.3006975749110869]}