{"max_gap": 5.368323692726025, "mid_gap_of_max": 0.4176864581791292, "gap_ranges": [[0.40647507763126, 0.4288978387269984]], "gap_range_of_max": [0.40647507763126, 0.4288978387269984], "mid_gaps": [0.4176864581791292], "fill_fraction": 0.419342, "band_nos": [2], "gap": [5.368323692726025]}