{"mid_gap_of_max": 0.4206133759267645, "gap_ranges": [[0.39949259957435, 0.44173415227917895]], "mid_gaps": [0.4206133759267645], "max_gap": 10.042845787237736, "fill_fraction": 0.326589, "gap": [10.042845787237736], "gap_range_of_max": [0.39949259957435, 0.44173415227917895], "band_nos": [2]}