{"fill_fraction": 0.162904, "max_gap": 22.47730234326927, "mid_gap_of_max": 0.7410097730026721, "band_nos": [8], "gap_range_of_max": [0.65773026946718, 0.8242892765381642], "gap_ranges": [[0.65773026946718, 0.8242892765381642]], "mid_gaps": [0.7410097730026721], "gap": [22.47730234326927]}