{"gap": [2.2415952711443605, 2.673514544428972], "gap_range_of_max": [0.813964961437123, 0.8360212724085939], "mid_gap_of_max": 0.8249931169228585, "mid_gaps": [0.7046792332597166, 0.8249931169228585], "fill_fraction": 0.250929, "_status": {"tI14-Ga2HgSe/c85396a9/store_strict/0000/34f9b01bb44b054f4b8ffb4ae1ccd5d0": 1, "tI14-Ga2HgSe/c85396a9/strict-mpb-t/0000/f3c862f789094575a40cd02b6701f364": 1, "tI14-Ga2HgSe/c85396a9/store_fill/0000/73b99191eb0e78e16cf5e948e8264a13": 1, "tI14-Ga2HgSe/c85396a9/store_data/0000/3ca0dc5cde3602a9941ef684e2657c2b": 1, "tI14-Ga2HgSe/c85396a9/mpb-tI14-Ga2/0000/f1c1e7dde6f82b4047532d33acc11d67": 1, "tI14-Ga2HgSe/c85396a9/check_runnin/0000/71ea9d8851df8312fa22cc02f5d80c8a": 1}, "max_gap": 2.673514544428972, "band_nos": [8, 11], "gap_ranges": [[0.69678120507497, 0.7125772614444632], [0.813964961437123, 0.8360212724085939]]}