{"fill_fraction": 0.355434, "max_gap": 5.471466850046943, "mid_gaps": [0.5046619024720825, 0.5955842623573353], "mid_gap_of_max": 0.5046619024720825, "gap_range_of_max": [0.4908556981227944, 0.5184681068213707], "gap": [5.471466850046943, 2.3357683643833473], "band_nos": [8, 11], "gap_ranges": [[0.4908556981227944, 0.5184681068213707], [0.588628527965641, 0.6025399967490297]]}