{"gap_ranges": [[0.535263665006775, 0.5488130228965687]], "mid_gaps": [0.5420383439516718], "strict_calculated": true, "gap": [2.499704687128494], "mid_gap_of_max": 0.5420383439516718, "gap_range_of_max": [0.535263665006775, 0.5488130228965687], "max_gap": 2.499704687128494, "fill_fraction": 0.396716, "band_nos": [11]}