{"gap_range_of_max": [0.539481096614407, 0.5585408306850698], "mid_gap_of_max": 0.5490109636497384, "fill_fraction": 0.064632, "mid_gaps": [0.5490109636497384], "gap": [3.471649080367412], "band_nos": [2], "max_gap": 3.471649080367412, "gap_ranges": [[0.539481096614407, 0.5585408306850698]]}