{"mid_gap_of_max": 0.44321871150294345, "fill_fraction": 0.381236, "gap": [0.50622919824946], "gap_ranges": [[0.442096860238077, 0.44434056276781]], "max_gap": 0.50622919824946, "_status": {"oP6-NaO2_r-1/97cbe273/store_fill/0000/96af26df9e04529c7bba3f29083deaf4": 1, "oP6-NaO2_r-1/97cbe273/check_runnin/0000/f5a327baa9cbac3997f6311fb89e91dd": 1, "oP6-NaO2_r-1/97cbe273/strict-mpb-o/0000/87a98fdd30efcc3c8ebddff4ce39b9d8": 1, "oP6-NaO2_r-1/97cbe273/mpb-oP6-NaO2/0000/66a0cf2e26670592e3af15d9c17e65e6": 6, "oP6-NaO2_r-1/97cbe273/store_strict/0000/816b7ea661f904d41221fd0dff904484": 1, "oP6-NaO2_r-1/97cbe273/store_data/0000/09f93d8d203642ab75b771167018623a": 1}, "gap_range_of_max": [0.442096860238077, 0.44434056276781], "band_nos": [8], "mid_gaps": [0.44321871150294345], "run_me": true}