{"mid_gap_of_max": 0.47448881007076116, "gap_ranges": [[0.468106842008532, 0.4808707781329904]], "gap": [2.6900394389815396], "band_nos": [8], "max_gap": 2.6900394389815396, "strict_calculated": true, "fill_fraction": 0.452839, "mid_gaps": [0.47448881007076116], "gap_range_of_max": [0.468106842008532, 0.4808707781329904]}