{"gap_ranges": [[0.365158134047461, 0.4437168461848749]], "max_gap": 19.424191391072274, "fill_fraction": 0.197843, "mid_gap_of_max": 0.4044374901161679, "mid_gaps": [0.4044374901161679], "gap": [19.424191391072274], "band_nos": [2], "gap_range_of_max": [0.365158134047461, 0.4437168461848749]}