{"fill_fraction": 0.614181, "max_gap": 3.3503806831854135, "gap_range_of_max": [0.263425651455962, 0.2724017808495482], "_status": {"tP12-PNO-12/5e5c66c7/store_fill/0000/fd40edc487210d7357e84af714753ccc": 1, "tP12-PNO-12/5e5c66c7/strict-mpb-t/0000/9e85aa927a25c8b9e58085a397085bb1": 1, "tP12-PNO-12/5e5c66c7/store_data/0000/ae4b6bf4f291f41a6bfdac65202ec13f": 1, "tP12-PNO-12/5e5c66c7/mpb-tP12-PNO/0000/ed7b5ce80c42c0a9022d6093859e9328": 1, "tP12-PNO-12/5e5c66c7/check_runnin/0000/1570d831ddff949dbb465938741b7ab7": 1, "tP12-PNO-12/5e5c66c7/store_strict/0000/dcaa3e28119731f0e477e1638e810e4d": 1}, "mid_gap_of_max": 0.26791371615275505, "mid_gaps": [0.26791371615275505], "gap_ranges": [[0.263425651455962, 0.2724017808495482]], "band_nos": [4], "gap": [3.3503806831854135]}