{"mid_gap_of_max": 0.5102874450313098, "_status": {"hP4-AlAgS2-1/5c538112/strict-mpb-h/0000/25234d3f42bdfda3318cc5952d3dec5b": 1, "hP4-AlAgS2-1/5c538112/store_fill/0000/09f3763b1fbbeca37635e6a70392cbee": 1, "hP4-AlAgS2-1/5c538112/store_data/0000/5209cf5afc8d044a004ae029f5ac99cc": 1, "hP4-AlAgS2-1/5c538112/check_runnin/0000/40c1c3bc6e9ea557a412a9245e758672": 1, "hP4-AlAgS2-1/5c538112/store_strict/0000/ee50aedd434fd8078e503755b1dc9b46": 1, "hP4-AlAgS2-1/5c538112/mpb-hP4-AlAg/0000/af99a0877aeda877daddc2a25ba62961": 1}, "gap": [3.360064143999698], "fill_fraction": 0.294938, "band_nos": [18], "gap_ranges": [[0.501714452295395, 0.5188604377672247]], "mid_gaps": [0.5102874450313098], "max_gap": 3.360064143999698, "gap_range_of_max": [0.501714452295395, 0.5188604377672247]}