{"max_gap": 4.199942870750945, "fill_fraction": 0.190262, "band_nos": [4], "gap_ranges": [[0.477516832148113, 0.49800245860041]], "gap": [4.199942870750945], "mid_gap_of_max": 0.48775964537426153, "mid_gaps": [0.48775964537426153], "gap_range_of_max": [0.477516832148113, 0.49800245860041]}