{"gap_ranges": [[0.550299055472748, 0.5590542199254349], [0.770714132621642, 0.7747117942515233]], "gap_range_of_max": [0.550299055472748, 0.5590542199254349], "fill_fraction": 0.172104, "run_me": true, "_status": {"cF24-AgClO4_/595de949/store_data/0000/c26fa4d2f0b73c6113f0a5462adc8e2e": 1, "cF24-AgClO4_/595de949/check_runnin/0000/8525fd1979d5b58a36c89eecd5e03c05": 1, "cF24-AgClO4_/595de949/store_fill/0000/96e9e95809960acc3cdc717d450fcb44": 1, "cF24-AgClO4_/595de949/strict-mpb-c/0000/40189b0af034e6123c2f738e8038e418": 1, "cF24-AgClO4_/595de949/store_strict/0000/29847a68824914384873af11c2326e79": 1, "cF24-AgClO4_/595de949/mpb-cF24-AgC/0000/858eb225362eb043206f28cf3b1200ef": 7}, "band_nos": [5, 13], "max_gap": 1.5784267549115585, "mid_gaps": [0.5546766376990915, 0.7727129634365826], "mid_gap_of_max": 0.5546766376990915, "gap": [1.5784267549115585, 0.5173540265329214]}