{"gap": [6.184602889250564], "fill_fraction": 0.509182, "gap_range_of_max": [0.2546971900761172, 0.270951842710641], "gap_ranges": [[0.2546971900761172, 0.270951842710641]], "mid_gaps": [0.2628245163933791], "band_nos": [4], "max_gap": 6.184602889250564, "mid_gap_of_max": 0.2628245163933791}