{"band_nos": [8], "_status": {"hP4-La_r-12/0259390a/check_runnin/0000/f48648132292f3586e9757fc166fc156": 1, "hP4-La_r-12/0259390a/mpb-hP4-La_r/0000/8ae4bb4c75833eb62bfe51cebb43f420": 6, "hP4-La_r-12/0259390a/store_strict/0000/d2e656b72246fa0241b48c040325e09e": 1, "hP4-La_r-12/0259390a/store_data/0000/00cc2b3a1c91316d0941fe6e7d27b5e4": 1, "hP4-La_r-12/0259390a/strict-mpb-h/0000/eed908d8d4e93bd93112bf9fe64b15fa": 1, "hP4-La_r-12/0259390a/store_fill/0000/06cd176de8971da3a0ebc9eecdd71c09": 1}, "gap_ranges": [[0.338105561982867, 0.34014682130935403]], "gap": [0.6019173324768926], "mid_gaps": [0.3391261916461105], "gap_range_of_max": [0.338105561982867, 0.34014682130935403], "run_me": true, "mid_gap_of_max": 0.3391261916461105, "max_gap": 0.6019173324768926, "fill_fraction": 0.314109}