{"strict_calculated": true, "band_nos": [2], "gap": [3.8488387462282354], "mid_gaps": [0.24932600448723177], "gap_ranges": [[0.2445279265546681, 0.25412408241979545]], "mid_gap_of_max": 0.24932600448723177, "gap_range_of_max": [0.2445279265546681, 0.25412408241979545], "fill_fraction": 0.688237, "max_gap": 3.8488387462282354}