{"mid_gap_of_max": 0.6735452000920865, "gap_range_of_max": [0.665579514341968, 0.6815108858422051], "gap": [2.365301021825777], "gap_ranges": [[0.665579514341968, 0.6815108858422051]], "fill_fraction": 0.471527, "max_gap": 2.365301021825777, "band_nos": [12], "mid_gaps": [0.6735452000920865]}