{"mid_gap_of_max": 0.3822796409224716, "max_gap": 3.5053888953862096, "band_nos": [4], "gap": [3.5053888953862096], "gap_ranges": [[0.375579446881362, 0.3889798349635812]], "fill_fraction": 0.257446, "gap_range_of_max": [0.375579446881362, 0.3889798349635812], "mid_gaps": [0.3822796409224716]}