{"max_gap": 6.714321129252751, "mid_gap_of_max": 0.24639157736453438, "band_nos": [2], "mid_gaps": [0.24639157736453438], "gap_ranges": [[0.2381198164946913, 0.2546633382343774]], "fill_fraction": 0.580658, "gap": [6.714321129252751], "gap_range_of_max": [0.2381198164946913, 0.2546633382343774]}