{"_status": {"tP28-Mg2TiO4/9572ad78/check_runnin/0000/c54b0bf3ded7bd5ffa615188f00a638e": 1, "tP28-Mg2TiO4/9572ad78/mpb-tP28-Mg2/0000/121f8a032b9484f9b0a3bd81c6c9fc90": 1, "tP28-Mg2TiO4/9572ad78/strict-mpb-t/0000/f9add3b0645f308642757b1959e93769": 1, "tP28-Mg2TiO4/9572ad78/store_data/0000/73386b26c6a80fbb389e6a8321d51e7f": 1, "tP28-Mg2TiO4/9572ad78/store_fill/0000/534ab8fdd70f08bbc4b5504294194498": 1, "tP28-Mg2TiO4/9572ad78/store_strict/0000/2aabcf5ceecbb9cae139d8aabcff24e2": 1}, "gap_ranges": [[0.68630345039199, 0.6991651870242936]], "mid_gap_of_max": 0.6927343187081418, "fill_fraction": 0.122366, "mid_gaps": [0.6927343187081418], "gap_range_of_max": [0.68630345039199, 0.6991651870242936], "gap": [1.8566622563595274], "band_nos": [16], "strict_calculated": true, "max_gap": 1.8566622563595274}