{"max_gap": 0.07514304849215447, "mid_gap_of_max": 0.7323062016284957, "gap_ranges": [[0.732031063026395, 0.7325813402305964]], "gap_range_of_max": [0.732031063026395, 0.7325813402305964], "fill_fraction": 0.266865, "gap": [0.07514304849215447], "strict_calculated": true, "mid_gaps": [0.7323062016284957], "band_nos": [13]}