{"gap_range_of_max": [0.445662042201874, 0.4457137089289239], "_status": {"mC4-Re/5f368635/calculate/0000/85d2ca244f3afd77c3415297de07086a": 1, "mC4-Re/5f368635/store_strict/0000/12231c63d7efda43b34467214c42f60e": 1, "mC4-Re/5f368635/store_ff/0000/1045b13879d3921b2477e09a0d580c7f": 1, "mC4-Re/5f368635/strict-mpb-m/0000/f43f82289b908b386499d39e6a2edf4d": 1, "mC4-Re/5f368635/strict_calcu/0000/04889bfc93132775d3dc6ec624abce27": 1, "mC4-Re/5f368635/store_mid_ga/0000/6862cbf70d809cd75ee099e395c0c669": 1, "mC4-Re/5f368635/store_gap/0000/a88217f3c75e76cfc021b422730ce896": 1, "mC4-Re/5f368635/mpb-mC4-Re/0000/67d5b1c0b0f6580ed020d0bac647003a": 1, "mC4-Re/5f368635/store_strict/0000/da1f6bdd2aebc54db6f2a622d6f1783f": 1}, "gap": [0.011592580790734337], "mid_gaps": [0.44568787556539896], "strict_mid_gap_of_max": 0.44568787556539896, "strict_mid_gaps": [0.44568787556539896], "strict_gap_ranges": [[0.445662042201874, 0.4457137089289239]], "gap_ranges": [[0.445662042201874, 0.4457137089289239]], "strict_gap": [0.011592580790734337], "recalc_mid_gaps": true, "fill_fraction": 0.146273, "band_nos": [6], "run_me": true, "mid_gap_of_max": 0.44568787556539896, "strict_gap_range_of_max": [0.445662042201874, 0.4457137089289239], "strict_max_gap": 0.011592580790734337, "max_gap": 0.011592580790734337}