{"mid_gap_of_max": 0.44200014900570794, "gap": [4.011378938414953, 0.3391118402048201], "gap_ranges": [[0.4331349985632191, 0.4508652994481968], [0.67430013066115, 0.6765906459470069]], "gap_range_of_max": [0.4331349985632191, 0.4508652994481968], "max_gap": 4.011378938414953, "mid_gaps": [0.44200014900570794, 0.6754453883040785], "band_nos": [2, 13], "fill_fraction": 0.236267}