{"max_gap": 1.5946338334189103, "mid_gaps": [0.32076542252357987], "gap_range_of_max": [0.3182079055468448, 0.323322939500315], "band_nos": [6], "mid_gap_of_max": 0.32076542252357987, "_status": {"hP21-NaAlSiO/fcf1a683/store_fill/0000/653511321cba88dd929c0dc46e273a15": 1, "hP21-NaAlSiO/fcf1a683/store_strict/0000/9c59958f2a07ebffe5cf28f629e9d2de": 1, "hP21-NaAlSiO/fcf1a683/check_runnin/0000/9c2efb00a3775d2e02e6bcada80a6715": 1, "hP21-NaAlSiO/fcf1a683/store_data/0000/7dcc7325b379e789ab42a30b6647bd30": 1, "hP21-NaAlSiO/fcf1a683/strict-mpb-h/0000/1573fe4edd834250f299ee12a8b4a11f": 1, "hP21-NaAlSiO/fcf1a683/mpb-hP21-NaA/0000/143066b598a34e68fa643f0d35e4b534": 1}, "gap_ranges": [[0.3182079055468448, 0.323322939500315]], "gap": [1.5946338334189103], "fill_fraction": 0.444345}