{"gap": [0.46928130748449526], "max_gap": 0.46928130748449526, "mid_gap_of_max": 0.43028420837519377, "band_nos": [16], "fill_fraction": 0.345166, "mid_gaps": [0.43028420837519377], "_status": {"tP12-AlBr4Cu/5c538112/store_strict/0000/3a8a9752203015084afc36c67b1d5144": 1, "tP12-AlBr4Cu/5c538112/store_data/0000/2f02c67590d3366a14e4eaa879c4ace9": 1, "tP12-AlBr4Cu/5c538112/strict-mpb-t/0000/0d8c6fbfc4892ab9e4cbaff5736b045a": 1, "tP12-AlBr4Cu/5c538112/store_fill/0000/2108a5fef6a578a38fa130cefe1ada8d": 1, "tP12-AlBr4Cu/5c538112/mpb-tP12-AlB/0000/dcdcf6e11cdd8a7f5ec040243e54692e": 7, "tP12-AlBr4Cu/5c538112/check_runnin/0000/b40291ec781304e7fb79d7913aab754a": 1}, "gap_ranges": [[0.4292745866957125, 0.431293830054675]], "run_me": true, "gap_range_of_max": [0.4292745866957125, 0.431293830054675]}