{"mid_gap_of_max": 0.35420207100425405, "fill_fraction": 0.220981, "mid_gaps": [0.35420207100425405], "gap_ranges": [[0.325490074391784, 0.3829140676167241]], "max_gap": 16.212212724258777, "gap_range_of_max": [0.325490074391784, 0.3829140676167241], "gap": [16.212212724258777], "strict_calculated": true, "band_nos": [2]}