{"max_gap": 0.5577330402235335, "mid_gap_of_max": 0.6869828396682149, "band_nos": [12], "gap_range_of_max": [0.685067074529467, 0.6888986048069627], "gap_ranges": [[0.685067074529467, 0.6888986048069627]], "fill_fraction": 0.464058, "gap": [0.5577330402235335], "mid_gaps": [0.6869828396682149]}