{"gap_ranges": [[0.448788855831211, 0.4525026235479134]], "gap": [0.8240991514221324], "mid_gap_of_max": 0.4506457396895622, "band_nos": [5], "gap_range_of_max": [0.448788855831211, 0.4525026235479134], "_status": {"hR1-Hg-10/59ac654e/mpb-hR1-Hg-1/0000/bce0eb8cf41490c09386e26c9788dcce": 1, "hR1-Hg-10/59ac654e/store_data/0000/41f476e95bfec62631f6d2c6a12f4a69": 1, "hR1-Hg-10/59ac654e/store_fill/0000/da53ffaa2dc7408d40edd086a8c6b6fa": 1, "hR1-Hg-10/59ac654e/strict-mpb-h/0000/ec75659b9b6830c5ad9ec926bd972695": 1, "hR1-Hg-10/59ac654e/store_strict/0000/ffa0251074f56f6d80781ac5b4e15406": 1, "hR1-Hg-10/59ac654e/check_runnin/0000/dbf3269519c7a9fe093d609578163cc2": 1}, "fill_fraction": 0.335439, "max_gap": 0.8240991514221324, "run_me": true, "mid_gaps": [0.4506457396895622]}