{"strict_calculated": true, "gap_range_of_max": [0.465990393253363, 0.5046062983587765], "gap": [7.957147482395224], "gap_ranges": [[0.465990393253363, 0.5046062983587765]], "max_gap": 7.957147482395224, "fill_fraction": 0.133088, "mid_gap_of_max": 0.48529834580606973, "band_nos": [5], "mid_gaps": [0.48529834580606973]}