{"gap_ranges": [[0.496615099165568, 0.5488381252232514]], "gap": [9.990504565751989], "band_nos": [8], "mid_gap_of_max": 0.5227266121944096, "fill_fraction": 0.472429, "max_gap": 9.990504565751989, "mid_gaps": [0.5227266121944096], "gap_range_of_max": [0.496615099165568, 0.5488381252232514]}