{"fill_fraction": 0.249527, "mid_gaps": [0.3607642036203112], "gap": [6.94919131950436], "max_gap": 6.94919131950436, "band_nos": [4], "gap_range_of_max": [0.34822910625938, 0.3732993009812424], "gap_ranges": [[0.34822910625938, 0.3732993009812424]], "mid_gap_of_max": 0.3607642036203112}