{"mid_gaps": [0.3612127549687496], "gap": [0.6913840118178695], "mid_gap_of_max": 0.3612127549687496, "fill_fraction": 0.21722, "gap_range_of_max": [0.3599640713504992, 0.36246143858700003], "max_gap": 0.6913840118178695, "band_nos": [2], "gap_ranges": [[0.3599640713504992, 0.36246143858700003]]}