{"fill_fraction": 0.104796, "gap": [5.731436790999904], "max_gap": 5.731436790999904, "gap_range_of_max": [0.519969913353438, 0.5506508906806937], "mid_gaps": [0.5353104020170658], "band_nos": [4], "strict_calculated": true, "mid_gap_of_max": 0.5353104020170658, "gap_ranges": [[0.519969913353438, 0.5506508906806937]]}