{"max_gap": 3.463103921957151, "fill_fraction": 0.4334, "gap_range_of_max": [0.576780028498917, 0.5971064834156371], "gap_ranges": [[0.576780028498917, 0.5971064834156371]], "band_nos": [8], "gap": [3.463103921957151], "mid_gap_of_max": 0.586943255957277, "mid_gaps": [0.586943255957277]}