{"mid_gaps": [0.6682640002706373], "mid_gap_of_max": 0.6682640002706373, "gap": [15.344317524827904], "gap_ranges": [[0.616993725217815, 0.7195342753234594]], "gap_range_of_max": [0.616993725217815, 0.7195342753234594], "band_nos": [12], "strict_calculated": true, "fill_fraction": 0.179416, "max_gap": 15.344317524827904}