{"faces": [[[-0.6321819606124803, -0.5639030337744698], [-0.6321819606124803, 0.3757895870114388], [-0.30751066017342804, 0.6808808122149805], [-0.3075106601734281, -0.25881180857092767]], [[-0.6321819606124803, 0.3757895870114388], [-0.30751066017342804, 0.6808808122149805], [0.6321819606124802, 0.5639030337744696], [0.3075106601734281, 0.2588118085709278]], [[0.30751066017342804, -0.6808808122149806], [0.3075106601734281, 0.2588118085709278], [0.6321819606124802, 0.5639030337744696], [0.6321819606124803, -0.3757895870114387]], [[-0.6321819606124803, -0.5639030337744698], [-0.3075106601734281, -0.25881180857092767], [0.6321819606124803, -0.3757895870114387], [0.30751066017342804, -0.6808808122149806]], [[-0.6321819606124803, -0.5639030337744698], [-0.6321819606124803, 0.3757895870114388], [0.3075106601734281, 0.2588118085709278], [0.30751066017342804, -0.6808808122149806]], [[-0.3075106601734281, -0.25881180857092767], [-0.30751066017342804, 0.6808808122149805], [0.6321819606124802, 0.5639030337744696], [0.6321819606124803, -0.3757895870114387]]], "labels": {"GAMMA": [0.0, 0.0], "X": [0.0, 0.4698463103929542], "M": [0.4698463103929542, 0.41135742117269875], "Z": [-0.162335650219526, -0.15254561260177094], "R": [-0.162335650219526, 0.3173006977911833], "A": [0.30751066017342815, 0.2588118085709278]}, "label_positions": {"GAMMA": [0.05, 0.05], "X": [0.05, 0.5198463103929543], "M": [0.5198463103929543, 0.46135742117269873], "Z": [-0.112335650219526, -0.20254561260177095], "R": [-0.112335650219526, 0.3673006977911833], "A": [0.30751066017342815, 0.3088118085709278]}, "zorder": [0, 1, 1, 0, 1, 0]}
