{"gap": [3.5874739893000336], "gap_ranges": [[0.458166729386537, 0.4749035562867458]], "mid_gap_of_max": 0.46653514283664144, "gap_range_of_max": [0.458166729386537, 0.4749035562867458], "mid_gaps": [0.46653514283664144], "max_gap": 3.5874739893000336, "band_nos": [12], "fill_fraction": 0.421004}