{"mid_gaps": [0.4851569686742627], "strict_calculated": true, "band_nos": [4], "gap": [0.35407476612915717], "gap_range_of_max": [0.484298059473166, 0.4860158778753595], "gap_ranges": [[0.484298059473166, 0.4860158778753595]], "fill_fraction": 0.189411, "max_gap": 0.35407476612915717, "mid_gap_of_max": 0.4851569686742627}