{
  "basis": [
    [
      0.148,
      0.097,
      0.0
    ],
    [
      0.352,
      0.903,
      0.5
    ],
    [
      0.648,
      0.903,
      0.5
    ],
    [
      0.852,
      0.097,
      0.0
    ],
    [
      0.148,
      0.45,
      0.92
    ],
    [
      0.352,
      0.55,
      0.42
    ],
    [
      0.648,
      0.55,
      0.42
    ],
    [
      0.852,
      0.45,
      0.92
    ],
    [
      0.2,
      0.03,
      0.46
    ],
    [
      0.3,
      0.97,
      0.96
    ],
    [
      0.7,
      0.97,
      0.96
    ],
    [
      0.8,
      0.03,
      0.46
    ],
    [
      0.0,
      0.08,
      0.89
    ],
    [
      0.5,
      0.92,
      0.39
    ]
  ],
  "lattice_vectors": [
    [
      1.0,
      0.0,
      0.0
    ],
    [
      0.0,
      0.3798139494,
      0.0
    ],
    [
      0.0,
      0.0,
      0.309223667
    ]
  ],
  "nbands": 20,
  "structure": "oP14-V2O5_r"
}