{"fill_fraction": 0.374519, "band_nos": [2], "strict_calculated": true, "gap_range_of_max": [0.274657213250513, 0.31738278422669575], "mid_gaps": [0.2960199987386044], "mid_gap_of_max": 0.2960199987386044, "max_gap": 14.433339354855777, "gap": [14.433339354855777], "gap_ranges": [[0.274657213250513, 0.31738278422669575]]}