{"mid_gap_of_max": 0.5582500200615035, "band_nos": [14], "gap_range_of_max": [0.552730353222621, 0.5637696869003861], "gap": [1.9774891681237279], "mid_gaps": [0.5582500200615035], "max_gap": 1.9774891681237279, "gap_ranges": [[0.552730353222621, 0.5637696869003861]], "fill_fraction": 0.308066}