{
  "structure": "hP20-H3O_r",
  "basis": [
    [
      0.3333333333333333,
      0.6666666666666666,
      0.0614
    ],
    [
      0.6666666666666666,
      0.3333333333333333,
      0.9386
    ],
    [
      0.6666666666666666,
      0.3333333333333333,
      0.5614
    ],
    [
      0.3333333333333333,
      0.6666666666666666,
      0.4386
    ],
    [
      0.3333333333333333,
      0.6666666666666666,
      0.1964
    ],
    [
      0.6666666666666666,
      0.3333333333333333,
      0.8036
    ],
    [
      0.6666666666666666,
      0.3333333333333333,
      0.6964
    ],
    [
      0.3333333333333333,
      0.6666666666666666,
      0.3036
    ],
    [
      0.451,
      0.9019,
      0.0179
    ],
    [
      0.549,
      0.0981,
      0.9821
    ],
    [
      0.0981,
      0.5491,
      0.0179
    ],
    [
      0.9019,
      0.4509,
      0.9821
    ],
    [
      0.4509,
      0.549,
      0.0179
    ],
    [
      0.5491,
      0.451,
      0.9821
    ],
    [
      0.549,
      0.0981,
      0.5179
    ],
    [
      0.451,
      0.9019,
      0.4821
    ],
    [
      0.9019,
      0.4509,
      0.5179
    ],
    [
      0.0981,
      0.5491,
      0.4821
    ],
    [
      0.5491,
      0.451,
      0.5179
    ],
    [
      0.4509,
      0.549,
      0.4821
    ]
  ],
  "nbands": 20,
  "lattice_vectors": [
    [
      1.0,
      0.0,
      0.0
    ],
    [
      -0.5,
      0.8660254038,
      0.0
    ],
    [
      0.0,
      0.0,
      1.6281081102
    ]
  ]
}