{"gap_range_of_max": [0.580471252598088, 0.6744983421141035], "band_nos": [8], "fill_fraction": 0.252689, "max_gap": 14.984759776204585, "mid_gaps": [0.6274847973560957], "gap": [14.984759776204585], "gap_ranges": [[0.580471252598088, 0.6744983421141035]], "mid_gap_of_max": 0.6274847973560957}