{"strict_calculated": true, "max_gap": 19.727782045578742, "fill_fraction": 0.38635, "gap": [19.727782045578742], "gap_range_of_max": [0.28172737907396, 0.3433880874594206], "gap_ranges": [[0.28172737907396, 0.3433880874594206]], "band_nos": [2], "mid_gaps": [0.31255773326669034], "mid_gap_of_max": 0.31255773326669034}