{"strict_calculated": true, "mid_gaps": [0.25820187095110747], "gap": [16.543448312298594], "gap_range_of_max": [0.236844124420015, 0.27955961748219993], "mid_gap_of_max": 0.25820187095110747, "band_nos": [2], "max_gap": 16.543448312298594, "gap_ranges": [[0.236844124420015, 0.27955961748219993]], "fill_fraction": 0.477424}