{"gap": [11.945030661238325], "mid_gap_of_max": 0.5384976502464205, "band_nos": [2], "max_gap": 11.945030661238325, "mid_gaps": [0.5384976502464205], "gap_ranges": [[0.506335795530429, 0.5706595049624119]], "fill_fraction": 0.090565, "gap_range_of_max": [0.506335795530429, 0.5706595049624119]}