{"mid_gap_of_max": 0.889644888451995, "run_me": true, "_status": {"hR15-Ni3S2-1/0a387fa5/mpb-hR15-Ni3/0000/92646deb86b465948ba63b21815272f7": 7, "hR15-Ni3S2-1/0a387fa5/check_runnin/0000/2b77ed49e94b81f3d5d99d9ba6957e08": 1, "hR15-Ni3S2-1/0a387fa5/store_fill/0000/a1e3ec9126d502216996e398cc92380f": 1, "hR15-Ni3S2-1/0a387fa5/store_strict/0000/0cd915c7c3544a668fc6bb172898d0a2": 1, "hR15-Ni3S2-1/0a387fa5/store_data/0000/0135451df9cfb2e8071d36eeb26da7ee": 1, "hR15-Ni3S2-1/0a387fa5/strict-mpb-h/0000/4431b375b781283d428edee89471ff57": 1}, "band_nos": [17], "gap": [0.5927550968612408], "gap_range_of_max": [0.88700818074186, 0.8922815961621298], "mid_gaps": [0.889644888451995], "fill_fraction": 0.070716, "gap_ranges": [[0.88700818074186, 0.8922815961621298]], "max_gap": 0.5927550968612408}