{"mid_gaps": [0.30086041849196743], "gap_range_of_max": [0.294011000464797, 0.3077098365191378], "max_gap": 4.553219769820243, "fill_fraction": 0.582145, "gap": [4.553219769820243], "mid_gap_of_max": 0.30086041849196743, "gap_ranges": [[0.294011000464797, 0.3077098365191378]], "band_nos": [4]}