{"gap": [18.420437828108824], "max_gap": 18.420437828108824, "mid_gap_of_max": 0.3310006990097948, "gap_range_of_max": [0.300514810023942, 0.36148658799564765], "fill_fraction": 0.296017, "gap_ranges": [[0.300514810023942, 0.36148658799564765]], "mid_gaps": [0.3310006990097948], "band_nos": [2]}