{"mid_gaps": [0.4126516209443497], "max_gap": 25.327788340712555, "gap_ranges": [[0.360393856375697, 0.46490938551300237]], "gap_range_of_max": [0.360393856375697, 0.46490938551300237], "gap": [25.327788340712555], "strict_calculated": true, "mid_gap_of_max": 0.4126516209443497, "band_nos": [4], "fill_fraction": 0.22458}