{"max_gap": 3.2220301518606576, "gap_range_of_max": [0.556159481882812, 0.5743725229183766], "band_nos": [16], "gap": [3.2220301518606576], "mid_gaps": [0.5652660024005942], "gap_ranges": [[0.556159481882812, 0.5743725229183766]], "fill_fraction": 0.283522, "mid_gap_of_max": 0.5652660024005942}