{"band_nos": [8], "gap": [4.9147145559670715], "max_gap": 4.9147145559670715, "mid_gaps": [0.4351253079631492], "gap_ranges": [[0.424432724539568, 0.44581789138673034]], "gap_range_of_max": [0.424432724539568, 0.44581789138673034], "fill_fraction": 0.485392, "mid_gap_of_max": 0.4351253079631492}