{"_status": {"hP4-AlAgS2-1/97cbe273/mpb-hP4-AlAg/0000/afe21d7166fb8aadf558100613c9b96d": 1, "hP4-AlAgS2-1/97cbe273/strict-mpb-h/0000/cf79cdda0089b03282868a7b7272f966": 1, "hP4-AlAgS2-1/97cbe273/store_data/0000/95877d96d6c952e1666cead05ba4b1d3": 1, "hP4-AlAgS2-1/97cbe273/store_fill/0000/33dbd43fd84a7fb0cf29980b92035780": 1, "hP4-AlAgS2-1/97cbe273/check_runnin/0000/9f816635a664ec15cd054534417dfd95": 1, "hP4-AlAgS2-1/97cbe273/store_strict/0000/e4c29bc424c7f28651b11bea0c3f77e6": 1}, "mid_gap_of_max": 0.5370248632878509, "gap_ranges": [[0.53276525707963, 0.5412844694960719]], "band_nos": [18], "gap": [1.5863720655837716], "mid_gaps": [0.5370248632878509], "fill_fraction": 0.294938, "max_gap": 1.5863720655837716, "gap_range_of_max": [0.53276525707963, 0.5412844694960719]}