{
  "structure": "cP96-Y4CdMo3O16_r",
  "lattice_vectors": [
    [
      1.0,
      0.0,
      0.0
    ],
    [
      0.0,
      1.0,
      0.0
    ],
    [
      0.0,
      0.0,
      1.0
    ]
  ],
  "nbands": 20,
  "basis": [
    [
      0.3055666667,
      -0.4583333333,
      -0.4583333333
    ],
    [
      -0.2222333333,
      -0.4583333333,
      -0.4583333333
    ],
    [
      -0.1944333333,
      0.0416666667,
      0.0416666667
    ],
    [
      0.2777666667,
      0.0416666667,
      0.0416666667
    ],
    [
      -0.4583333333,
      -0.4583333333,
      0.3055666667
    ],
    [
      -0.4583333333,
      -0.4583333333,
      -0.2222333333
    ],
    [
      0.0416666667,
      0.0416666667,
      -0.1944333333
    ],
    [
      0.0416666667,
      0.0416666667,
      0.2777666667
    ],
    [
      -0.4583333333,
      0.3055666667,
      -0.4583333333
    ],
    [
      -0.4583333333,
      -0.2222333333,
      -0.4583333333
    ],
    [
      0.0416666667,
      -0.1944333333,
      0.0416666667
    ],
    [
      0.0416666667,
      0.2777666667,
      0.0416666667
    ],
    [
      0.2916666667,
      0.2916666667,
      0.2916666667
    ],
    [
      0.2916666667,
      -0.2083333333,
      -0.2083333333
    ],
    [
      -0.2083333333,
      0.2916666667,
      -0.2083333333
    ],
    [
      -0.2083333333,
      -0.2083333333,
      0.2916666667
    ],
    [
      -0.2083333333,
      -0.2083333333,
      -0.2083333333
    ],
    [
      -0.2083333333,
      0.2916666667,
      0.2916666667
    ],
    [
      0.2916666667,
      -0.2083333333,
      0.2916666667
    ],
    [
      0.2916666667,
      0.2916666667,
      -0.2083333333
    ],
    [
      0.2916666667,
      0.0416666667,
      -0.4583333333
    ],
    [
      -0.2083333333,
      0.0416666667,
      -0.4583333333
    ],
    [
      0.0416666667,
      -0.4583333333,
      0.2916666667
    ],
    [
      0.0416666667,
      -0.4583333333,
      -0.2083333333
    ],
    [
      -0.4583333333,
      0.2916666667,
      0.0416666667
    ],
    [
      -0.4583333333,
      -0.2083333333,
      0.0416666667
    ],
    [
      0.2916666667,
      -0.4583333333,
      0.0416666667
    ],
    [
      -0.2083333333,
      -0.4583333333,
      0.0416666667
    ],
    [
      -0.4583333333,
      0.0416666667,
      0.2916666667
    ],
    [
      -0.4583333333,
      0.0416666667,
      -0.2083333333
    ],
    [
      0.0416666667,
      0.2916666667,
      -0.4583333333
    ],
    [
      0.0416666667,
      -0.2083333333,
      -0.4583333333
    ],
    [
      -0.3803333333,
      0.3790666667,
      0.1561666667
    ],
    [
      -0.3803333333,
      -0.2957333333,
      -0.0728333333
    ],
    [
      0.4636666667,
      0.3790666667,
      -0.0728333333
    ],
    [
      0.4636666667,
      -0.2957333333,
      0.1561666667
    ],
    [
      0.1196666667,
      -0.3438333333,
      -0.1209333333
    ],
    [
      0.1196666667,
      0.4271666667,
      0.2042666667
    ],
    [
      -0.0363333333,
      -0.3438333333,
      0.2042666667
    ],
    [
      -0.0363333333,
      0.4271666667,
      -0.1209333333
    ],
    [
      0.3790666667,
      0.1561666667,
      -0.3803333333
    ],
    [
      -0.2957333333,
      -0.0728333333,
      -0.3803333333
    ],
    [
      0.3790666667,
      -0.0728333333,
      0.4636666667
    ],
    [
      -0.2957333333,
      0.1561666667,
      0.4636666667
    ],
    [
      -0.3438333333,
      -0.1209333333,
      0.1196666667
    ],
    [
      0.4271666667,
      0.2042666667,
      0.1196666667
    ],
    [
      -0.3438333333,
      0.2042666667,
      -0.0363333333
    ],
    [
      0.4271666667,
      -0.1209333333,
      -0.0363333333
    ],
    [
      0.1561666667,
      -0.3803333333,
      0.3790666667
    ],
    [
      -0.0728333333,
      -0.3803333333,
      -0.2957333333
    ],
    [
      -0.0728333333,
      0.4636666667,
      0.3790666667
    ],
    [
      0.1561666667,
      0.4636666667,
      -0.2957333333
    ],
    [
      -0.1209333333,
      0.1196666667,
      -0.3438333333
    ],
    [
      0.2042666667,
      0.1196666667,
      0.4271666667
    ],
    [
      0.2042666667,
      -0.0363333333,
      -0.3438333333
    ],
    [
      -0.1209333333,
      -0.0363333333,
      0.4271666667
    ],
    [
      -0.0363333333,
      0.2042666667,
      0.4271666667
    ],
    [
      -0.0363333333,
      -0.1209333333,
      -0.3438333333
    ],
    [
      0.1196666667,
      0.2042666667,
      -0.3438333333
    ],
    [
      0.1196666667,
      -0.1209333333,
      0.4271666667
    ],
    [
      0.4636666667,
      -0.0728333333,
      -0.2957333333
    ],
    [
      0.4636666667,
      0.1561666667,
      0.3790666667
    ],
    [
      -0.3803333333,
      -0.0728333333,
      0.3790666667
    ],
    [
      -0.3803333333,
      0.1561666667,
      -0.2957333333
    ],
    [
      0.2042666667,
      0.4271666667,
      -0.0363333333
    ],
    [
      -0.1209333333,
      -0.3438333333,
      -0.0363333333
    ],
    [
      0.2042666667,
      -0.3438333333,
      0.1196666667
    ],
    [
      -0.1209333333,
      0.4271666667,
      0.1196666667
    ],
    [
      -0.0728333333,
      -0.2957333333,
      0.4636666667
    ],
    [
      0.1561666667,
      0.3790666667,
      0.4636666667
    ],
    [
      -0.0728333333,
      0.3790666667,
      -0.3803333333
    ],
    [
      0.1561666667,
      -0.2957333333,
      -0.3803333333
    ],
    [
      0.4271666667,
      -0.0363333333,
      0.2042666667
    ],
    [
      -0.3438333333,
      -0.0363333333,
      -0.1209333333
    ],
    [
      -0.3438333333,
      0.1196666667,
      0.2042666667
    ],
    [
      0.4271666667,
      0.1196666667,
      -0.1209333333
    ],
    [
      -0.2957333333,
      0.4636666667,
      -0.0728333333
    ],
    [
      0.3790666667,
      0.4636666667,
      0.1561666667
    ],
    [
      0.3790666667,
      -0.3803333333,
      -0.0728333333
    ],
    [
      -0.2957333333,
      -0.3803333333,
      0.1561666667
    ],
    [
      0.4112666667,
      0.4112666667,
      0.4112666667
    ],
    [
      0.4112666667,
      -0.3279333333,
      -0.3279333333
    ],
    [
      -0.3279333333,
      0.4112666667,
      -0.3279333333
    ],
    [
      -0.3279333333,
      -0.3279333333,
      0.4112666667
    ],
    [
      -0.0887333333,
      -0.0887333333,
      -0.0887333333
    ],
    [
      -0.0887333333,
      0.1720666667,
      0.1720666667
    ],
    [
      0.1720666667,
      -0.0887333333,
      0.1720666667
    ],
    [
      0.1720666667,
      0.1720666667,
      -0.0887333333
    ],
    [
      0.1720666667,
      0.1720666667,
      0.1720666667
    ],
    [
      0.1720666667,
      -0.0887333333,
      -0.0887333333
    ],
    [
      -0.0887333333,
      0.1720666667,
      -0.0887333333
    ],
    [
      -0.0887333333,
      -0.0887333333,
      0.1720666667
    ],
    [
      -0.3279333333,
      -0.3279333333,
      -0.3279333333
    ],
    [
      -0.3279333333,
      0.4112666667,
      0.4112666667
    ],
    [
      0.4112666667,
      -0.3279333333,
      0.4112666667
    ],
    [
      0.4112666667,
      0.4112666667,
      -0.3279333333
    ]
  ]
}