{"strict_calculated": true, "mid_gaps": [0.250310733337358], "gap": [14.281304520337825], "gap_range_of_max": [0.2324369142998585, 0.26818455237485744], "mid_gap_of_max": 0.250310733337358, "band_nos": [2], "max_gap": 14.281304520337825, "gap_ranges": [[0.2324369142998585, 0.26818455237485744]], "fill_fraction": 0.50733}