{
  "basis": [
    [
      -0.3571428571,
      0.1428571429,
      0.2142857143
    ],
    [
      0.1428571429,
      -0.3571428571,
      0.2142857143
    ],
    [
      -0.3571428571,
      -0.3571428571,
      -0.2857142857
    ],
    [
      -0.0001428571,
      -0.0001428571,
      0.1904857143
    ],
    [
      0.2858571429,
      -0.2379428571,
      -0.2857142857
    ],
    [
      0.5236571429,
      0.5236571429,
      0.2380857143
    ],
    [
      -0.2379428571,
      0.2858571429,
      -0.2857142857
    ]
  ],
  "lattice_vectors": [
    [
      -0.4295238652,
      0.4295238652,
      0.794366728
    ],
    [
      0.4295238652,
      -0.4295238652,
      0.794366728
    ],
    [
      0.4295238652,
      0.4295238652,
      -0.794366728
    ]
  ],
  "nbands": 20,
  "structure": "tI14-Cu2WS4"
}