{"gap_range_of_max": [0.2377505382996065, 0.2515226631347454], "gap_ranges": [[0.2377505382996065, 0.2515226631347454]], "mid_gaps": [0.24463660071717597], "band_nos": [2], "fill_fraction": 0.612407, "mid_gap_of_max": 0.24463660071717597, "max_gap": 5.6296256548548005, "gap": [5.6296256548548005]}