{
  "basis": [
    [
      0.03125,
      0.03125,
      -0.4375
    ],
    [
      -0.46875,
      -0.46875,
      -0.4375
    ],
    [
      -0.30575,
      0.19425,
      0.3885
    ],
    [
      0.36825,
      -0.13175,
      -0.2635
    ],
    [
      0.19425,
      0.36825,
      0.0625
    ],
    [
      -0.13175,
      -0.30575,
      0.0625
    ],
    [
      0.28125,
      -0.21875,
      0.0625
    ],
    [
      -0.21875,
      0.28125,
      0.0625
    ],
    [
      0.32925,
      -0.17075,
      0.3445
    ],
    [
      -0.26675,
      0.23325,
      -0.2195
    ],
    [
      0.04725,
      -0.45275,
      -0.2195
    ],
    [
      0.01525,
      0.51525,
      0.3445
    ],
    [
      -0.17075,
      0.04725,
      0.0625
    ],
    [
      0.23325,
      0.01525,
      0.0625
    ],
    [
      -0.45275,
      0.32925,
      0.0625
    ],
    [
      0.51525,
      -0.26675,
      0.0625
    ]
  ],
  "structure": "tI32-Cs3CoCl5",
  "nbands": 20,
  "lattice_vectors": [
    [
      -0.4700584149,
      0.4700584149,
      0.7470543308
    ],
    [
      0.4700584149,
      -0.4700584149,
      0.7470543308
    ],
    [
      0.4700584149,
      0.4700584149,
      -0.7470543308
    ]
  ]
}