{
  "structure": "oC16-PrTe3_r",
  "nbands": 20,
  "basis": [
    [
      -0.25,
      0.419,
      0.081
    ],
    [
      0.25,
      0.081,
      0.419
    ],
    [
      -0.25,
      -0.458,
      -0.05
    ],
    [
      0.25,
      -0.05,
      -0.458
    ],
    [
      0.25,
      0.323,
      0.183
    ],
    [
      -0.25,
      0.183,
      0.323
    ],
    [
      0.25,
      -0.319,
      -0.179
    ],
    [
      -0.25,
      -0.179,
      -0.319
    ]
  ],
  "lattice_vectors": [
    [
      1.0,
      0.0,
      0.0
    ],
    [
      0.0,
      2.9683989038,
      0.4995413261
    ],
    [
      0.0,
      -2.9683989038,
      0.4995413261
    ]
  ]
}