{"international": "Ama2", "std_positions": [[0.25, 0.831, 0.25], [0.75, 0.669, 0.75], [0.25, 0.704, 0.246], [0.75, 0.796, 0.746], [0.75, 0.93, 0.253], [0.25, 0.57, 0.753], [0.75, 0.57, 0.251], [0.25, 0.93, 0.751], [0.25, 0.331, 0.75], [0.75, 0.169, 0.25], [0.25, 0.204, 0.746], [0.75, 0.296, 0.246], [0.75, 0.43, 0.753], [0.25, 0.07, 0.253], [0.75, 0.07, 0.751], [0.25, 0.43, 0.251]], "wyckoffs": ["b", "b", "b", "b", "b", "b", "b", "b"], "global_point_groups": ["mm2", "1", "m", "2"], "site_point_groups": {"b": {"site_symmetry": ["1", "m"], "name": "4b"}}, "std_lattice": [[1.0, 0.0, 0.0], [0.0, 5.9367978076, 0.0], [0.0, 0.0, 0.9990826522]], "equivalent_atoms": [0, 0, 2, 2, 4, 4, 6, 6], "number": 40}