{"band_nos": [4], "mid_gap_of_max": 0.4065353732360588, "fill_fraction": 0.331308, "gap": [7.39227626682039], "gap_ranges": [[0.391509264280079, 0.4215614821920386]], "max_gap": 7.39227626682039, "gap_range_of_max": [0.391509264280079, 0.4215614821920386], "mid_gaps": [0.4065353732360588]}