{"gap_ranges": [[0.367141408424407, 0.38494340294391677]], "gap_range_of_max": [0.367141408424407, 0.38494340294391677], "max_gap": 4.734039100489503, "gap": [4.734039100489503], "fill_fraction": 0.263059, "band_nos": [4], "mid_gaps": [0.3760424056841619], "mid_gap_of_max": 0.3760424056841619}