{
  "basis": [
    [
      0.087,
      0.25,
      -0.352
    ],
    [
      -0.087,
      -0.25,
      0.352
    ],
    [
      0.413,
      -0.25,
      0.148
    ],
    [
      -0.413,
      0.25,
      -0.148
    ],
    [
      0.029,
      0.25,
      0.268
    ],
    [
      -0.029,
      -0.25,
      -0.268
    ],
    [
      0.471,
      -0.25,
      -0.232
    ],
    [
      -0.471,
      0.25,
      0.232
    ],
    [
      0.149,
      0.25,
      0.007
    ],
    [
      -0.149,
      -0.25,
      -0.007
    ],
    [
      0.351,
      -0.25,
      -0.493
    ],
    [
      -0.351,
      0.25,
      0.493
    ],
    [
      0.308,
      0.25,
      0.057
    ],
    [
      -0.308,
      -0.25,
      -0.057
    ],
    [
      0.192,
      -0.25,
      -0.443
    ],
    [
      -0.192,
      0.25,
      0.443
    ],
    [
      0.088,
      0.25,
      0.134
    ],
    [
      -0.088,
      -0.25,
      -0.134
    ],
    [
      0.412,
      -0.25,
      -0.366
    ],
    [
      -0.412,
      0.25,
      0.366
    ],
    [
      0.232,
      0.25,
      0.054
    ],
    [
      -0.232,
      -0.25,
      -0.054
    ],
    [
      0.268,
      -0.25,
      -0.446
    ],
    [
      -0.268,
      0.25,
      0.446
    ]
  ],
  "lattice_vectors": [
    [
      1.0,
      0.0,
      0.0
    ],
    [
      0.0,
      0.2411209931,
      0.0
    ],
    [
      0.0,
      0.0,
      0.4348538584
    ]
  ],
  "nbands": 20,
  "structure": "oP24-NaC2N3_r"
}