{"strict_calculated": true, "max_gap": 1.7678215593254136, "fill_fraction": 0.186027, "band_nos": [5], "gap_ranges": [[0.45163347121739, 0.45968874653759156]], "gap": [1.7678215593254136], "gap_range_of_max": [0.45163347121739, 0.45968874653759156], "mid_gaps": [0.4556611088774908], "mid_gap_of_max": 0.4556611088774908}