{"gap_range_of_max": [0.304884959867979, 0.3058130054717034], "max_gap": 0.30392948933688974, "fill_fraction": 0.517875, "band_nos": [2], "gap": [0.30392948933688974], "mid_gap_of_max": 0.30534898266984123, "gap_ranges": [[0.304884959867979, 0.3058130054717034]], "mid_gaps": [0.30534898266984123]}