{"max_gap": 3.057246610818159, "mid_gap_of_max": 0.3567238781791033, "gap_range_of_max": [0.351270913841298, 0.36217684251690857], "fill_fraction": 0.463906, "mid_gaps": [0.3567238781791033], "gap_ranges": [[0.351270913841298, 0.36217684251690857]], "gap": [3.057246610818159], "band_nos": [2]}