{"gap_range_of_max": [0.251624359263341, 0.254496404132675], "max_gap": 1.1349247361684787, "mid_gaps": [0.253060381698008], "gap": [1.1349247361684787], "mid_gap_of_max": 0.253060381698008, "band_nos": [2], "gap_ranges": [[0.251624359263341, 0.254496404132675]], "fill_fraction": 0.57839}