{"max_gap": 0.16429118126552286, "band_nos": [16], "mid_gap_of_max": 0.9030773276798192, "gap": [0.16429118126552286], "_status": {"cP16-Ag3O4P_/2f6faf16/strict-mpb-c/0000/529e68fa279a82e9fc7a284ee82fabf3": 1, "cP16-Ag3O4P_/2f6faf16/store_data/0000/ef748a3bb8e20dc4cef4cc5e6f80b619": 1, "cP16-Ag3O4P_/2f6faf16/store_fill/0000/ed891620c913b624b184d18f62fd4946": 1, "cP16-Ag3O4P_/2f6faf16/mpb-cP16-Ag3/0000/586ff4d884d38d4677f6368f6d21bce0": 6, "cP16-Ag3O4P_/2f6faf16/check_runnin/0000/bcb0e77b5ea1189633cbe73ae04c29d1": 1, "cP16-Ag3O4P_/2f6faf16/store_strict/0000/c8724986faa833dbbb861e9a2880d649": 1}, "fill_fraction": 0.086596, "mid_gaps": [0.9030773276798192], "gap_range_of_max": [0.902335489475126, 0.9038191658845125], "run_me": true, "gap_ranges": [[0.902335489475126, 0.9038191658845125]]}