{"max_gap": 2.957905452548526, "fill_fraction": 0.417257, "gap_range_of_max": [0.3848767254768725, 0.39643191085451185], "gap_ranges": [[0.3848767254768725, 0.39643191085451185]], "band_nos": [2], "gap": [2.957905452548526], "mid_gap_of_max": 0.3906543181656922, "mid_gaps": [0.3906543181656922]}