{"mid_gap_of_max": 0.46388786429974166, "gap": [0.39175640370800013], "run_me": true, "fill_fraction": 0.294156, "mid_gaps": [0.46388786429974166], "max_gap": 0.39175640370800013, "gap_range_of_max": [0.4629792090925324, 0.46479651950695094], "_status": {"mP12-SiO2_r-/5ca1d6ca/store_strict/0000/f1c2f2efb0c2b5da704bff7e40f75957": 1, "mP12-SiO2_r-/5ca1d6ca/strict-mpb-m/0000/b3689926040cffb5bcb2a1e6a552a9f0": 1, "mP12-SiO2_r-/5ca1d6ca/store_data/0000/fb2122b458af70bde6d40efbde655a78": 1, "mP12-SiO2_r-/5ca1d6ca/check_runnin/0000/533eba3e48d31a097f9c46411a8319b9": 1, "mP12-SiO2_r-/5ca1d6ca/store_fill/0000/db63faf6b1b716e48822f1a789335419": 1, "mP12-SiO2_r-/5ca1d6ca/mpb-mP12-SiO/0000/934785ed33d9d72b1841c718fb9a9af3": 7}, "band_nos": [4], "gap_ranges": [[0.4629792090925324, 0.46479651950695094]]}