{
  "lattice_vectors": [
    [
      1.0,
      0.0,
      0.0
    ],
    [
      0.0,
      0.60661977,
      0.0
    ],
    [
      0.0,
      0.0,
      1.32048791
    ]
  ],
  "structure": "oP24-SiO2",
  "nbands": 20,
  "basis": [
    [
      0.55278,
      0.4465166667,
      -0.3155366667
    ],
    [
      0.19722,
      -0.1131833333,
      -0.3155366667
    ],
    [
      0.05278,
      -0.1131833333,
      -0.0177966667
    ],
    [
      -0.30278,
      0.4465166667,
      -0.0177966667
    ],
    [
      -0.30278,
      -0.1131833333,
      0.4822033333
    ],
    [
      0.05278,
      0.4465166667,
      0.4822033333
    ],
    [
      0.19722,
      0.4465166667,
      0.1844633333
    ],
    [
      0.55278,
      -0.1131833333,
      0.1844633333
    ],
    [
      -0.375,
      -0.3333333333,
      -0.4166666667
    ],
    [
      0.125,
      -0.3333333333,
      -0.4166666667
    ],
    [
      0.125,
      -0.3333333333,
      0.0833333333
    ],
    [
      -0.375,
      -0.3333333333,
      0.0833333333
    ],
    [
      0.125,
      -0.0172733333,
      -0.1666666667
    ],
    [
      -0.375,
      0.3506066667,
      -0.1666666667
    ],
    [
      0.125,
      0.3506066667,
      0.3333333333
    ],
    [
      -0.375,
      -0.0172733333,
      0.3333333333
    ],
    [
      0.375,
      -0.3333333333,
      -0.2827066667
    ],
    [
      -0.125,
      -0.3333333333,
      -0.0506266667
    ],
    [
      -0.125,
      -0.3333333333,
      0.4493733333
    ],
    [
      0.375,
      -0.3333333333,
      0.2172933333
    ],
    [
      -0.375,
      0.1666666667,
      -0.4166666667
    ],
    [
      0.125,
      0.1666666667,
      -0.4166666667
    ],
    [
      0.125,
      0.1666666667,
      0.0833333333
    ],
    [
      -0.375,
      0.1666666667,
      0.0833333333
    ]
  ]
}