{"gap_ranges": [[0.682756624013562, 0.6830916795047214]], "gap": [0.049061889273650405], "gap_range_of_max": [0.682756624013562, 0.6830916795047214], "band_nos": [], "mid_gap_of_max": 0.6829241517591417, "max_gap": 0.049061889273650405, "fill_fraction": 0.223031, "mid_gaps": [0.6829241517591417], "_status": {"hP8-Zr3O_r/3dfc5976/store_strict/0000/475f3ff8765ca01fe25479161b2223c6": 1, "hP8-Zr3O_r/3dfc5976/strict-mpb-h/0000/99e1a5a2a8df1b849b520da55ab2effe": 1, "hP8-Zr3O_r/3dfc5976/store_data/0000/be8cb6d11b92055b78ba30f7760c654b": 1, "hP8-Zr3O_r/3dfc5976/mpb-hP8-Zr3O/0000/65af15734d321b48999aa2835353bda0": 1, "hP8-Zr3O_r/3dfc5976/store_fill/0000/3fc2f5958ab0af34deafb1670ea9d7c5": 1, "hP8-Zr3O_r/3dfc5976/check_runnin/0000/802a22e49645fb788eb556ba523052d2": 1}, "run_me": true}