{"gap": [22.88124772476224], "mid_gaps": [0.4621729872784891], "mid_gap_of_max": 0.4621729872784891, "fill_fraction": 0.141567, "gap_ranges": [[0.4092975142104266, 0.5150484603465516]], "band_nos": [2], "max_gap": 22.88124772476224, "gap_range_of_max": [0.4092975142104266, 0.5150484603465516]}