{"gap": [25.29185486222216], "band_nos": [8], "gap_ranges": [[0.4913920171897888, 0.6336660430449385]], "mid_gaps": [0.5625290301173637], "gap_range_of_max": [0.4913920171897888, 0.6336660430449385], "strict_calculated": true, "mid_gap_of_max": 0.5625290301173637, "fill_fraction": 0.177904, "max_gap": 25.29185486222216}