{"mid_gap_of_max": 0.6021640548976621, "max_gap": 4.4614975779142965, "gap": [4.4614975779142965], "gap_ranges": [[0.588731287535497, 0.6155968222598274]], "mid_gaps": [0.6021640548976621], "gap_range_of_max": [0.588731287535497, 0.6155968222598274], "band_nos": [12], "fill_fraction": 0.502779}