{"strict_calculated": true, "fill_fraction": 0.177396, "gap_ranges": [[0.683792894886627, 0.7931390334049637]], "mid_gap_of_max": 0.7384659641457954, "gap": [14.807200849780525], "gap_range_of_max": [0.683792894886627, 0.7931390334049637], "max_gap": 14.807200849780525, "band_nos": [12], "mid_gaps": [0.7384659641457954]}