{"max_gap": 2.921993102338023, "gap_range_of_max": [0.532474356965353, 0.5482639057102072], "mid_gaps": [0.5403691313377801], "fill_fraction": 0.121079, "gap": [2.921993102338023], "gap_ranges": [[0.532474356965353, 0.5482639057102072]], "band_nos": [5], "mid_gap_of_max": 0.5403691313377801}