{
  "basis": [
    [
      0.0,
      0.0,
      0.0
    ],
    [
      0.339,
      0.339,
      0.0
    ],
    [
      -0.339,
      -0.339,
      0.0
    ]
  ],
  "structure": "oI6-Si2Re",
  "nbands": 20,
  "lattice_vectors": [
    [
      -0.3528096194,
      0.3546142758,
      0.8658949635
    ],
    [
      0.3528096194,
      -0.3546142758,
      0.8658949635
    ],
    [
      0.3528096194,
      0.3546142758,
      -0.8658949635
    ]
  ]
}