{"mid_gaps": [1.0805600523260184], "gap_range_of_max": [1.077003374461364, 1.0841167301906727], "fill_fraction": 0.046146, "gap": [0.6583026749874881], "mid_gap_of_max": 1.0805600523260184, "band_nos": [13], "gap_ranges": [[1.077003374461364, 1.0841167301906727]], "max_gap": 0.6583026749874881}