{"mid_gap_of_max": 0.9549658352022959, "max_gap": 1.8593681053544742, "gap": [1.8593681053544742], "gap_ranges": [[0.946087670123904, 0.9638440002806878]], "mid_gaps": [0.9549658352022959], "gap_range_of_max": [0.946087670123904, 0.9638440002806878], "band_nos": [12], "fill_fraction": 0.128386}