{"gap_range_of_max": [0.413638499848816, 0.48230944834916833], "max_gap": 15.329227247736634, "fill_fraction": 0.172257, "band_nos": [2], "gap": [15.329227247736634], "mid_gap_of_max": 0.4479739740989922, "gap_ranges": [[0.413638499848816, 0.48230944834916833]], "mid_gaps": [0.4479739740989922]}