{"max_gap": 14.968952706107448, "mid_gaps": [0.5832364378936796], "band_nos": [8], "gap_ranges": [[0.539584244617134, 0.6268886311702253]], "fill_fraction": 0.243999, "gap_range_of_max": [0.539584244617134, 0.6268886311702253], "mid_gap_of_max": 0.5832364378936796, "gap": [14.968952706107448]}