{"gap": [2.322493127076025, 0.027894798732426385], "gap_ranges": [[0.565732988546915, 0.5790264684015054], [0.713015980480275, 0.7132149025974223]], "band_nos": [5, 8], "max_gap": 2.322493127076025, "gap_range_of_max": [0.565732988546915, 0.5790264684015054], "mid_gap_of_max": 0.5723797284742103, "mid_gaps": [0.5723797284742103, 0.7131154415388486], "fill_fraction": 0.129739}