{"gap_ranges": [[0.33776031101692, 0.34724627439018424], [0.54608643989408, 0.5482188515834169]], "gap_range_of_max": [0.33776031101692, 0.34724627439018424], "fill_fraction": 0.398538, "band_nos": [4, 16], "gap": [2.769597716383872, 0.3897288454955695], "mid_gaps": [0.3425032927035521, 0.5471526457387484], "max_gap": 2.769597716383872, "mid_gap_of_max": 0.3425032927035521}