{"mid_gaps": [0.3285866253662055], "status": {"5f35922251b2096967913afc61cf7454-mpb-cP6-Ag2O": 1, "5f35922251b2096967913afc61cf7454-user-cmd": 1, "5f35922251b2096967913afc61cf7454-strict-mpb-cP6-Ag2O": 1}, "strict_gap": [0.0010103875236159108], "gap_ranges": [[0.32858496536707, 0.32858828536534096]], "max_gap": 0.0010103875236159108, "gap_range_of_max": [0.32858496536707, 0.32858828536534096], "band_nos": [2], "recalc_mid_gaps": true, "strict_max_gap": 0.0010103875236159108, "mid_gap_of_max": 0.3285866253662055, "gap": [0.0010103875236159108], "strict_gap_range_of_max": [0.32858496536707, 0.32858828536534096], "strict_gap_ranges": [[0.32858496536707, 0.32858828536534096]], "fill_fraction": 0.303438, "strict_mid_gaps": [0.3285866253662055], "strict_mid_gap_of_max": 0.3285866253662055}