{"gap": [0.17181732877027034], "fill_fraction": 0.067284, "max_gap": 0.17181732877027034, "mid_gap_of_max": 0.6121059823411099, "run_me": true, "gap_range_of_max": [0.611580130267059, 0.6126318344151607], "mid_gaps": [0.6121059823411099], "band_nos": [5], "gap_ranges": [[0.611580130267059, 0.6126318344151607]], "_status": {"hR1-Hg-14/84217e3d/check_runnin/0000/e733c63986d73c3012d5344810ec2fb8": 1, "hR1-Hg-14/84217e3d/store_strict/0000/001921e2f7ab6caa6574fd734382beef": 1, "hR1-Hg-14/84217e3d/store_data/0000/86ae818bd45d6c81cabe214d7ad6d26c": 1, "hR1-Hg-14/84217e3d/mpb-hR1-Hg-1/0000/375d6cb8a7aaf5a4ed4ea0c600179aa5": 1, "hR1-Hg-14/84217e3d/store_fill/0000/31bda505c39c61268cd89fea9f10109e": 1, "hR1-Hg-14/84217e3d/strict-mpb-h/0000/6ce13d50ea4e5b4827a28a327f249902": 1}}