{"mid_gaps": [0.5261806624167572], "gap_ranges": [[0.4849608384631136, 0.5674004863704009]], "gap_range_of_max": [0.4849608384631136, 0.5674004863704009], "mid_gap_of_max": 0.5261806624167572, "band_nos": [8], "_status": {"tI16-CoCu2Si/49cd285d/strict-mpb-t/0000/7ba9645b0160d6a77ee96f6e1d50fab2": 1, "tI16-CoCu2Si/49cd285d/mpb-tI16-CoC/0000/451c93889cd3638053373e5c92385b34": 1, "tI16-CoCu2Si/49cd285d/check_runnin/0000/ade1ba18ef3913de6d3dd32c22ca6a7f": 1, "tI16-CoCu2Si/49cd285d/store_fill/0000/5cbd54151f6b60e50f6ad03613dc19c3": 1, "tI16-CoCu2Si/49cd285d/store_data/0000/3c52b20e6154a6ef8b3facda0f8177c4": 1, "tI16-CoCu2Si/49cd285d/store_strict/0000/4e8fb89dd07470906d57b14424dfb22e": 1}, "max_gap": 15.667555612675008, "fill_fraction": 0.424073, "gap": [15.667555612675008]}