{"gap_ranges": [[0.28470799270764, 0.3035927600891724]], "fill_fraction": 0.527075, "band_nos": [2], "max_gap": 6.420106481845924, "mid_gap_of_max": 0.29415037639840624, "gap_range_of_max": [0.28470799270764, 0.3035927600891724], "gap": [6.420106481845924], "mid_gaps": [0.29415037639840624]}