{"gap_range_of_max": [0.400371731874183, 0.5200826285589902], "gap_ranges": [[0.400371731874183, 0.5200826285589902]], "band_nos": [2], "fill_fraction": 0.161176, "gap": [26.01126179215882], "mid_gap_of_max": 0.4602271802165866, "max_gap": 26.01126179215882, "mid_gaps": [0.4602271802165866]}