{"strict_calculated": true, "gap": [4.15330655598212], "gap_ranges": [[0.52929515621005, 0.5517446038231674]], "max_gap": 4.15330655598212, "mid_gap_of_max": 0.5405198800166087, "fill_fraction": 0.299433, "band_nos": [8], "gap_range_of_max": [0.52929515621005, 0.5517446038231674], "mid_gaps": [0.5405198800166087]}