{"gap_range_of_max": [0.4022784382901349, 0.48848412318207274], "max_gap": 19.35548003936344, "band_nos": [4], "gap": [19.35548003936344], "mid_gap_of_max": 0.44538128073610384, "fill_fraction": 0.123673, "gap_ranges": [[0.4022784382901349, 0.48848412318207274]], "mid_gaps": [0.44538128073610384], "strict_calculated": true}