{"gap": [10.901310942240324], "band_nos": [8], "gap_range_of_max": [0.371249350291655, 0.41405350324268814], "mid_gaps": [0.3926514267671716], "mid_gap_of_max": 0.3926514267671716, "max_gap": 10.901310942240324, "gap_ranges": [[0.371249350291655, 0.41405350324268814]], "fill_fraction": 0.509003}