{"mid_gap_of_max": 0.37480223427766096, "gap_range_of_max": [0.321384714921831, 0.4282197536334909], "fill_fraction": 0.22745, "gap_ranges": [[0.321384714921831, 0.4282197536334909], [0.557685973190638, 0.5588046869501949]], "max_gap": 28.504376159218303, "gap": [28.504376159218303, 0.20039822982762945], "band_nos": [2, 8], "mid_gaps": [0.37480223427766096, 0.5582453300704164]}