{"fill_fraction": 0.179611, "gap_ranges": [[0.629990344503976, 0.7485229795845242]], "gap_range_of_max": [0.629990344503976, 0.7485229795845242], "mid_gaps": [0.6892566620442501], "mid_gap_of_max": 0.6892566620442501, "max_gap": 17.19716929960379, "_status": {"tI16-VAg3O4_/cfc5180c/check_runnin/0000/5d4b946c95b0c3d6d0ee646faa5947e5": 1, "tI16-VAg3O4_/cfc5180c/mpb-tI16-VAg/0000/633069b9a959bf81b34ce7d5bba37528": 1, "tI16-VAg3O4_/cfc5180c/store_data/0000/ee7f4d639d71fc3a237f83e114f1ebd3": 1, "tI16-VAg3O4_/cfc5180c/strict-mpb-t/0000/852fc5c540834dbd0cd6dfe9f95863b1": 1, "tI16-VAg3O4_/cfc5180c/store_fill/0000/78fd3b996be61893fd2fed2a58e9f02c": 1, "tI16-VAg3O4_/cfc5180c/store_strict/0000/c6e08b2d3f987ae6d2c37313fa3f843f": 1}, "gap": [17.19716929960379], "band_nos": [8]}