{"mid_gap_of_max": 0.4749167165646252, "mid_gaps": [0.4749167165646252], "fill_fraction": 0.568983, "gap": [5.179125188451673], "strict_calculated": true, "band_nos": [12], "gap_range_of_max": [0.462618450918742, 0.48721498221050835], "max_gap": 5.179125188451673, "gap_ranges": [[0.462618450918742, 0.48721498221050835]]}