{
  "basis": [
    [
      -0.1666666667,
      0.0,
      -0.0
    ],
    [
      -0.1666666667,
      -0.333,
      -0.333
    ],
    [
      0.3333333333,
      0.333,
      0.333
    ]
  ],
  "nbands": 20,
  "lattice_vectors": [
    [
      1.0,
      0.0,
      0.0
    ],
    [
      0.0,
      0.5865633199,
      1.0159574719
    ],
    [
      0.0,
      -0.5865633199,
      1.0159574719
    ]
  ],
  "structure": "hP3-Hg_r"
}