{"band_nos": [16], "mid_gaps": [0.6799707760144239], "fill_fraction": 0.29441, "gap_range_of_max": [0.67960666933899, 0.6803348826898578], "mid_gap_of_max": 0.6799707760144239, "max_gap": 0.1070948012110236, "gap": [0.1070948012110236], "strict_calculated": true, "gap_ranges": [[0.67960666933899, 0.6803348826898578]]}