{"mid_gap_of_max": 0.6985031625741505, "gap_range_of_max": [0.6919084808224, 0.705097844325901], "mid_gaps": [0.6985031625741505], "band_nos": [8], "gap_ranges": [[0.6919084808224, 0.705097844325901]], "fill_fraction": 0.156349, "max_gap": 1.888232467680464, "gap": [1.888232467680464]}