{"mid_gaps": [0.3716391424535903], "fill_fraction": 0.252358, "max_gap": 0.19431580679403734, "mid_gap_of_max": 0.3716391424535903, "gap_range_of_max": [0.3712780656545797, 0.3720002192526009], "band_nos": [4], "strict_calculated": true, "gap": [0.19431580679403734], "gap_ranges": [[0.3712780656545797, 0.3720002192526009]]}