{"max_gap": 22.80076990399766, "band_nos": [2], "fill_fraction": 0.22745, "mid_gaps": [0.4216788526192787], "gap_range_of_max": [0.373605840159509, 0.46975186507904837], "gap_ranges": [[0.373605840159509, 0.46975186507904837]], "gap": [22.80076990399766], "mid_gap_of_max": 0.4216788526192787}