{"band_nos": [12], "gap_range_of_max": [0.956004528012419, 0.971434708025558], "gap": [1.6011067663909113], "fill_fraction": 0.105556, "gap_ranges": [[0.956004528012419, 0.971434708025558]], "mid_gap_of_max": 0.9637196180189884, "max_gap": 1.6011067663909113, "mid_gaps": [0.9637196180189884]}