{"mid_gap_of_max": 0.4693741725987882, "band_nos": [8], "gap_ranges": [[0.416290548893456, 0.5224577963041205]], "mid_gaps": [0.4693741725987882], "gap": [22.618894180488528], "gap_range_of_max": [0.416290548893456, 0.5224577963041205], "max_gap": 22.618894180488528, "fill_fraction": 0.349932}