{"faces": [[[0.34758367715261407, -0.5320838706818225], [0.34758367715261407, 0.46577505255678087], [0.5921089436332942, 0.5097146830485817], [0.5921089436332942, -0.48814424019002156]], [[-0.5921089436332942, -0.5097146830485816], [-0.5921089436332942, 0.4881442401900217], [-0.34758367715261407, 0.5320838706818225], [-0.34758367715261407, -0.4657750525567808]], [[-0.5921089436332942, -0.5097146830485816], [-0.34758367715261407, -0.4657750525567808], [0.5921089436332942, -0.48814424019002156], [0.34758367715261407, -0.5320838706818225]], [[-0.5921089436332942, 0.4881442401900217], [-0.34758367715261407, 0.5320838706818225], [0.5921089436332942, 0.5097146830485817], [0.34758367715261407, 0.46577505255678087]], [[-0.5921089436332942, -0.5097146830485816], [-0.5921089436332942, 0.4881442401900217], [0.34758367715261407, 0.46577505255678087], [0.34758367715261407, -0.5320838706818225]], [[-0.34758367715261407, -0.4657750525567808], [-0.34758367715261407, 0.5320838706818225], [0.5921089436332942, 0.5097146830485817], [0.5921089436332942, -0.48814424019002156]]], "labels": {"GAMMA": [0.0, 0.0], "X": [-1.1043592643970545e-18, 0.4989294616193017], "M": [0.4698463103929542, 0.48774486780268134], "Z": [-0.12226263324034008, -0.021969815245900384], "R": [-0.1222626332403401, 0.47695964637340127], "A": [0.34758367715261407, 0.46577505255678087]}, "label_positions": {"GAMMA": [0.05, 0.05], "X": [0.05, 0.5489294616193017], "M": [0.5198463103929543, 0.5377448678026814], "Z": [-0.07226263324034007, -0.07196981524590039], "R": [-0.0722626332403401, 0.5269596463734013], "A": [0.34758367715261407, 0.5157750525567809]}, "zorder": [1, 0, 0, 1, 1, 0]}
