{"mid_gaps": [0.24190173938508863], "gap_ranges": [[0.2326724946208861, 0.25113098414929114]], "mid_gap_of_max": 0.24190173938508863, "fill_fraction": 0.632274, "strict_calculated": true, "gap": [7.630573296135135], "band_nos": [2], "gap_range_of_max": [0.2326724946208861, 0.25113098414929114], "max_gap": 7.630573296135135}