{"gap_ranges": [[0.35669713906814, 0.3583222312302713]], "gap": [0.4545589195565612], "fill_fraction": 0.602673, "mid_gap_of_max": 0.35750968514920567, "gap_range_of_max": [0.35669713906814, 0.3583222312302713], "mid_gaps": [0.35750968514920567], "band_nos": [2], "max_gap": 0.4545589195565612}