{"mid_gap_of_max": 0.358838211014424, "gap": [3.5352114027201575], "fill_fraction": 0.188702, "mid_gaps": [0.358838211014424], "band_nos": [2], "gap_ranges": [[0.3524953663378745, 0.3651810556909735]], "max_gap": 3.5352114027201575, "gap_range_of_max": [0.3524953663378745, 0.3651810556909735]}