{"mid_gap_of_max": 0.36481385848392117, "band_nos": [2, 8], "gap": [28.67366067002573, 0.46133055577634163], "fill_fraction": 0.242522, "gap_ranges": [[0.312511114554467, 0.41711660241337534], [0.545260201809837, 0.5477814694182092]], "gap_range_of_max": [0.312511114554467, 0.41711660241337534], "max_gap": 28.67366067002573, "mid_gaps": [0.36481385848392117, 0.5465208356140231]}