{"gap": [19.855284566674854], "max_gap": 19.855284566674854, "mid_gap_of_max": 0.34422175365682695, "gap_range_of_max": [0.310048649292346, 0.37839485802130784], "fill_fraction": 0.266676, "gap_ranges": [[0.310048649292346, 0.37839485802130784]], "mid_gaps": [0.34422175365682695], "band_nos": [2]}