{"gap": [4.7435156390327915], "band_nos": [2], "mid_gaps": [0.2544200347974599], "max_gap": 4.7435156390327915, "gap_ranges": [[0.2483858077277348, 0.260454261867185]], "fill_fraction": 0.577508, "strict_calculated": true, "gap_range_of_max": [0.2483858077277348, 0.260454261867185], "mid_gap_of_max": 0.2544200347974599}