{"_status": {"mC20-Ga2Se3_/fda753e1/store_strict/0000/8fd60d0dbfcb53a84663e9fb3916fff2": 1, "mC20-Ga2Se3_/fda753e1/strict-mpb-m/0000/6804c461257376911c914d292484e6e7": 1, "mC20-Ga2Se3_/fda753e1/check_runnin/0000/207f47647c92a8ed7da7e1ef09e4681d": 1, "mC20-Ga2Se3_/fda753e1/mpb-mC20-Ga2/0000/7176c4f3cf493c1278276ed6883c00b6": 1, "mC20-Ga2Se3_/fda753e1/store_data/0000/c404610d705eb668020c5950772be44e": 1, "mC20-Ga2Se3_/fda753e1/store_fill/0000/4aea70eb5712b99f183bfef6b1eb9212": 1}, "mid_gap_of_max": 0.8252734674979857, "fill_fraction": 0.170321, "gap": [2.6861059811399635], "max_gap": 2.6861059811399635, "mid_gaps": [0.8252734674979857], "run_me": true, "gap_range_of_max": [0.814189607512373, 0.8363573274835984], "gap_ranges": [[0.814189607512373, 0.8363573274835984]], "band_nos": [12]}