{"fill_fraction": 0.218416, "gap_ranges": [[0.627300887428041, 0.6302874890033545]], "band_nos": [16], "gap_range_of_max": [0.627300887428041, 0.6302874890033545], "mid_gaps": [0.6287941882156978], "max_gap": 0.47497283392322015, "mid_gap_of_max": 0.6287941882156978, "gap": [0.47497283392322015], "_status": {"tP28-Mg(FeO2/fcf1a683/store_fill/0000/680cc6a4e3c38c3154bda0a21c5e8fb0": 1, "tP28-Mg(FeO2/fcf1a683/check_runnin/0000/14ec5ce61c4bef6450e5144506dfcdcb": 1, "tP28-Mg(FeO2/fcf1a683/mpb-tP28-Mg(/0000/3d7cce73fba8af9e13f6622e64fcd783": 1, "tP28-Mg(FeO2/fcf1a683/store_strict/0000/6625cdfd8c1c0b972e8df69734c926d3": 1, "tP28-Mg(FeO2/fcf1a683/strict-mpb-t/0000/b3982c07a645eb018c6134bc5b5d9cb8": 1, "tP28-Mg(FeO2/fcf1a683/store_data/0000/47505e57a14c34b050ed189988b56305": 1}}