{"strict_calculated": true, "gap_range_of_max": [0.401525173090526, 0.4477951967923138], "max_gap": 10.895776280079044, "mid_gaps": [0.4246601849414199], "band_nos": [2], "mid_gap_of_max": 0.4246601849414199, "gap": [10.895776280079044], "gap_ranges": [[0.401525173090526, 0.4477951967923138]], "fill_fraction": 0.266397}