{
  "lattice_vectors": [
    [
      1.0,
      0.0,
      0.0
    ],
    [
      0.0,
      1.42765504,
      0.0
    ],
    [
      0.0,
      0.0,
      0.55547419
    ]
  ],
  "structure": "oP14-Na2S5",
  "basis": [
    [
      0.1112542857,
      0.3252342857,
      -0.2786285714
    ],
    [
      -0.0398257143,
      -0.2538057143,
      -0.2786285714
    ],
    [
      0.4601742857,
      -0.1747657143,
      -0.2786285714
    ],
    [
      -0.3887457143,
      0.2461942857,
      -0.2786285714
    ],
    [
      0.2664742857,
      0.0342542857,
      0.1394714286
    ],
    [
      -0.1950457143,
      0.0371742857,
      0.1394714286
    ],
    [
      0.3049542857,
      0.5342542857,
      0.1394714286
    ],
    [
      -0.2335257143,
      -0.4628257143,
      0.1394714286
    ],
    [
      0.3383742857,
      0.2157642857,
      0.2142714286
    ],
    [
      -0.2669457143,
      -0.1443357143,
      0.2142714286
    ],
    [
      0.2330542857,
      -0.2842357143,
      0.2142714286
    ],
    [
      -0.1616257143,
      0.3556642857,
      0.2142714286
    ],
    [
      0.0357142857,
      0.0357142857,
      -0.1502285714
    ],
    [
      -0.4642857143,
      -0.4642857143,
      -0.1502285714
    ]
  ],
  "nbands": 20
}