{"gap": [13.418288129664942], "gap_range_of_max": [0.3614581467697969, 0.41344769613723403], "fill_fraction": 0.350008, "mid_gap_of_max": 0.38745292145351545, "gap_ranges": [[0.3614581467697969, 0.41344769613723403]], "max_gap": 13.418288129664942, "band_nos": [2], "mid_gaps": [0.38745292145351545]}