{"max_gap": 1.0492083761275437, "gap": [1.0492083761275437], "gap_ranges": [[0.468424051265121, 0.47336471457342416]], "mid_gaps": [0.47089438291927255], "_status": {"hR1-Hg-12/a6efbb7c/store_strict/0000/30bb06dec9cb1f27b61ce3b276c84cea": 1, "hR1-Hg-12/a6efbb7c/store_fill/0000/234ab7a243cf792c8b97c3d38eec4968": 1, "hR1-Hg-12/a6efbb7c/mpb-hR1-Hg-1/0000/0ff8d612764f19100592d1bf30108cff": 1, "hR1-Hg-12/a6efbb7c/store_data/0000/bbfad28b325e8ddb785635f5b6aba0c8": 1, "hR1-Hg-12/a6efbb7c/strict-mpb-h/0000/23b5743b129bdeef27ca4b8e44baff34": 1, "hR1-Hg-12/a6efbb7c/check_runnin/0000/03e19e78681d254691e956f92baa65b2": 1}, "gap_range_of_max": [0.468424051265121, 0.47336471457342416], "run_me": true, "mid_gap_of_max": 0.47089438291927255, "band_nos": [5], "fill_fraction": 0.246526}