{"gap": [2.9705579592417153], "gap_ranges": [[0.512425096349593, 0.527876476942364]], "max_gap": 2.9705579592417153, "mid_gap_of_max": 0.5201507866459785, "fill_fraction": 0.384789, "band_nos": [8], "gap_range_of_max": [0.512425096349593, 0.527876476942364], "mid_gaps": [0.5201507866459785]}