{"gap_range_of_max": [0.389366368276682, 0.42540838832835043], "mid_gaps": [0.4073873783025162], "mid_gap_of_max": 0.4073873783025162, "band_nos": [2], "max_gap": 8.847112593877211, "fill_fraction": 0.418966, "gap_ranges": [[0.389366368276682, 0.42540838832835043]], "gap": [8.847112593877211]}