{"max_gap": 1.809176403935729, "fill_fraction": 0.260822, "band_nos": [8], "mid_gaps": [0.5616188356995164], "gap_ranges": [[0.556538497971749, 0.5666991734272839]], "gap": [1.809176403935729], "mid_gap_of_max": 0.5616188356995164, "gap_range_of_max": [0.556538497971749, 0.5666991734272839]}