{"band_nos": [2], "strict_calculated": true, "gap": [17.38179599398937], "gap_ranges": [[0.2702571432122819, 0.32170387115271926]], "mid_gap_of_max": 0.2959805071825006, "mid_gaps": [0.2959805071825006], "gap_range_of_max": [0.2702571432122819, 0.32170387115271926], "max_gap": 17.38179599398937, "fill_fraction": 0.342007}