{"mid_gaps": [0.4143979000216963], "mid_gap_of_max": 0.4143979000216963, "band_nos": [8], "max_gap": 0.5087447410734705, "gap_ranges": [[0.4133437862599566, 0.41545201378343594]], "strict_calculated": true, "gap": [0.5087447410734705], "fill_fraction": 0.337168, "gap_range_of_max": [0.4133437862599566, 0.41545201378343594]}