{"gap_range_of_max": [0.3161502105559449, 0.3323431068622347], "fill_fraction": 0.557588, "band_nos": [2], "mid_gaps": [0.3242466587090898], "mid_gap_of_max": 0.3242466587090898, "gap_ranges": [[0.3161502105559449, 0.3323431068622347]], "gap": [4.994005603868952], "max_gap": 4.994005603868952}