{
  "basis": [
    [
      0.0454545455,
      0.0454545455,
      0.1363636364
    ],
    [
      0.3694545455,
      -0.2785454545,
      0.1363636364
    ],
    [
      -0.2785454545,
      0.3694545455,
      0.1363636364
    ],
    [
      -0.4545454545,
      -0.4545454545,
      0.1363636364
    ],
    [
      0.0454545455,
      0.0454545455,
      -0.3636363636
    ],
    [
      0.3474545455,
      -0.2565454545,
      -0.3636363636
    ],
    [
      -0.2565454545,
      0.3474545455,
      -0.3636363636
    ],
    [
      0.0404545455,
      -0.2635454545,
      0.2863636364
    ],
    [
      0.0504545455,
      0.3544545455,
      0.2863636364
    ],
    [
      0.3544545455,
      0.0504545455,
      -0.0136363636
    ],
    [
      -0.2635454545,
      0.0404545455,
      -0.0136363636
    ]
  ],
  "lattice_vectors": [
    [
      0.5221708504,
      -0.8528409013,
      0.0
    ],
    [
      0.5221708504,
      0.8528409013,
      0.0
    ],
    [
      0.0,
      0.0,
      0.6214372559
    ]
  ],
  "nbands": 20,
  "structure": "oC22-W3O8_r"
}