{"_status": {"cF264-Ca24Mg/bd5aae5b/mpb-cF264-Ca/0000/20f2b54d869df90c5533dd62f66a5407": 1, "cF264-Ca24Mg/bd5aae5b/store_strict/0000/dea896e23ab31acef3c634c03ebbdb69": 1, "cF264-Ca24Mg/bd5aae5b/store_fill/0000/728209e6f6976f7ab70fcf07ddb68b64": 1, "cF264-Ca24Mg/bd5aae5b/store_data/0000/cc548e0c74497de6552ee5474c435604": 1, "cF264-Ca24Mg/bd5aae5b/check_runnin/0000/3d484a0b5f904838063b84731f6d98cb": 1, "cF264-Ca24Mg/bd5aae5b/strict-mpb-c/0000/b8f4163e7e8a60c6e9114a9afba03da7": 1}, "mid_gaps": [0.5805850090408484], "gap_ranges": [[0.580572772809049, 0.5805972452726478]], "max_gap": 0.004215138733665372, "mid_gap_of_max": 0.5805850090408484, "band_nos": [8], "gap": [0.004215138733665372], "gap_range_of_max": [0.580572772809049, 0.5805972452726478], "fill_fraction": 0.180577, "strict_calculated": true}