{"gap": [24.912208068447853, 24.912208068447434], "max_gap": 24.912208068447853, "fill_fraction": 0.12112, "mid_gaps": [0.4799871304642517, 0.47998713046425157], "band_nos": [2], "gap_range_of_max": [0.420199434142738, 0.5397748267857653], "mid_gap_of_max": 0.4799871304642517, "gap_ranges": [[0.420199434142738, 0.5397748267857653], [0.420199434142739, 0.539774826785764]]}