{"strict_calculated": true, "band_nos": [12, 18], "max_gap": 2.4683024036774643, "mid_gap_of_max": 0.4200715772838196, "fill_fraction": 0.317449, "mid_gaps": [0.4200715772838196, 0.497194392721094], "gap_ranges": [[0.414887258864188, 0.4252558957034513], [0.491743140771923, 0.5026456446702651]], "gap": [2.4683024036774643, 2.1928050794525036], "gap_range_of_max": [0.414887258864188, 0.4252558957034513]}