{"fill_fraction": 0.081045, "mid_gaps": [0.5102409306727055], "gap_range_of_max": [0.45100704137601, 0.569474819969401], "mid_gap_of_max": 0.5102409306727055, "gap": [23.218007704164698], "gap_ranges": [[0.45100704137601, 0.569474819969401]], "band_nos": [2], "max_gap": 23.218007704164698}