{"band_nos": [14], "mid_gap_of_max": 0.9446918606603338, "gap_ranges": [[0.93554480464183, 0.9538389166788377]], "fill_fraction": 0.129004, "gap": [1.936516318053182], "mid_gaps": [0.9446918606603338], "run_me": true, "max_gap": 1.936516318053182, "gap_range_of_max": [0.93554480464183, 0.9538389166788377], "_status": {"cF88-O7Pr2Zr/467dbef8/strict-mpb-c/0000/1d035e8431902ce27483d7e1e75fb986": 1, "cF88-O7Pr2Zr/467dbef8/mpb-cF88-O7P/0000/66488d927cac259cc89b7e64fbf890ae": 4, "cF88-O7Pr2Zr/467dbef8/check_runnin/0000/13e32bb0e0a80ecd20149c8c32983548": 1, "cF88-O7Pr2Zr/467dbef8/store_data/0000/ec68703d239616185d982e72e5596e98": 1, "cF88-O7Pr2Zr/467dbef8/store_strict/0000/8f7e7bcbba0fd1e999664d4126582c0b": 1, "cF88-O7Pr2Zr/467dbef8/store_fill/0000/b8d83230d1f8dd26133f585c699fa520": 1}}