{
  "structure": "mC48-RbAg3S2_r",
  "nbands": 20,
  "basis": [
    [
      0.188,
      -0.25,
      -0.079
    ],
    [
      -0.188,
      -0.25,
      0.079
    ],
    [
      -0.312,
      0.25,
      -0.079
    ],
    [
      0.312,
      0.25,
      0.079
    ],
    [
      0.098,
      -0.25,
      -0.079
    ],
    [
      -0.098,
      -0.25,
      0.079
    ],
    [
      -0.402,
      0.25,
      -0.079
    ],
    [
      0.402,
      0.25,
      0.079
    ],
    [
      -0.444,
      -0.25,
      -0.103
    ],
    [
      0.444,
      -0.25,
      0.103
    ],
    [
      0.056,
      0.25,
      -0.103
    ],
    [
      -0.056,
      0.25,
      0.103
    ],
    [
      -0.366,
      -0.25,
      -0.456
    ],
    [
      0.366,
      -0.25,
      0.456
    ],
    [
      0.134,
      0.25,
      -0.456
    ],
    [
      -0.134,
      0.25,
      0.456
    ],
    [
      -0.302,
      -0.25,
      0.198
    ],
    [
      0.302,
      -0.25,
      -0.198
    ],
    [
      0.198,
      0.25,
      0.198
    ],
    [
      -0.198,
      0.25,
      -0.198
    ],
    [
      0.017,
      -0.25,
      -0.276
    ],
    [
      -0.017,
      -0.25,
      0.276
    ],
    [
      -0.483,
      0.25,
      -0.276
    ],
    [
      0.483,
      0.25,
      0.276
    ]
  ],
  "lattice_vectors": [
    [
      1.0,
      0.0,
      0.0
    ],
    [
      0.0,
      0.266956011,
      0.0
    ],
    [
      -0.2263349483,
      0.0,
      0.494358438
    ]
  ]
}