{"gap_ranges": [[0.403024714075015, 0.4641383777269663]], "fill_fraction": 0.19282, "mid_gap_of_max": 0.43358154590099063, "max_gap": 14.0950795138098, "gap": [14.0950795138098], "gap_range_of_max": [0.403024714075015, 0.4641383777269663], "mid_gaps": [0.43358154590099063], "_status": {"tP12-PNO-14/32b46235/mpb-tP12-PNO/0000/b2ddf4f0fdc42d4f50bee13fdb56b5e8": 1, "tP12-PNO-14/32b46235/check_runnin/0000/ae6d791c3a6c474f498cdc6f73bf5102": 1, "tP12-PNO-14/32b46235/store_fill/0000/e37169bc313826e6fb57b77122be5628": 1, "tP12-PNO-14/32b46235/store_strict/0000/b2ce44f9afdee262d5a0a2ecc0ed1b0a": 1, "tP12-PNO-14/32b46235/strict-mpb-t/0000/6b9dcf63c97d43d64db1fd6a0e39246d": 1, "tP12-PNO-14/32b46235/store_data/0000/af1a66bd1ec51cbdecc96d442df8c04d": 1}, "band_nos": [4]}