{"mid_gap_of_max": 0.8749853161909468, "band_nos": [18], "mid_gaps": [0.8749853161909468], "strict_calculated": true, "fill_fraction": 0.172543, "gap": [2.8722722286108144], "gap_ranges": [[0.862419336070259, 0.8875512963116345]], "max_gap": 2.8722722286108144, "gap_range_of_max": [0.862419336070259, 0.8875512963116345]}