{"mid_gap_of_max": 0.5891128998636126, "gap": [2.6129663572671213], "fill_fraction": 0.193652, "gap_range_of_max": [0.581416238923734, 0.5968095608034912], "max_gap": 2.6129663572671213, "strict_calculated": true, "band_nos": [13], "gap_ranges": [[0.581416238923734, 0.5968095608034912]], "mid_gaps": [0.5891128998636126]}