{"gap": [8.07071100636677, 0.4302194323792507], "gap_ranges": [[0.31557084137818, 0.34211062669342523], [0.558771805799922, 0.5611809329577223]], "gap_range_of_max": [0.31557084137818, 0.34211062669342523], "mid_gap_of_max": 0.3288407340358026, "fill_fraction": 0.21722, "mid_gaps": [0.3288407340358026, 0.5599763693788222], "band_nos": [2, 13], "max_gap": 8.07071100636677, "strict_calculated": true}