{"fill_fraction": 0.501893, "mid_gaps": [0.30019973998192284], "max_gap": 3.9735610955396625, "gap_range_of_max": [0.294235429943506, 0.30616405002033975], "gap_ranges": [[0.294235429943506, 0.30616405002033975]], "gap": [3.9735610955396625], "mid_gap_of_max": 0.30019973998192284, "band_nos": [2]}