{"fill_fraction": 0.207681, "band_nos": [2], "strict_calculated": true, "gap_range_of_max": [0.3209988526166853, 0.4428279495671908], "mid_gaps": [0.38191340109193805], "mid_gap_of_max": 0.38191340109193805, "max_gap": 31.89966536973587, "gap": [31.89966536973587], "gap_ranges": [[0.3209988526166853, 0.4428279495671908]]}