{"gap_ranges": [[0.3606045539654096, 0.4631131661199248]], "strict_calculated": true, "mid_gaps": [0.4118588600426672], "gap_range_of_max": [0.3606045539654096, 0.4631131661199248], "fill_fraction": 0.225073, "mid_gap_of_max": 0.4118588600426672, "max_gap": 24.88925748590078, "band_nos": [4], "gap": [24.88925748590078]}