{"gap_ranges": [[0.4923881194984241, 0.4961188988625307]], "band_nos": [16], "max_gap": 0.7548311331754735, "gap": [0.7548311331754735], "gap_range_of_max": [0.4923881194984241, 0.4961188988625307], "mid_gap_of_max": 0.4942535091804774, "fill_fraction": 0.558241, "mid_gaps": [0.4942535091804774]}