{"gap_range_of_max": [0.41659417220491, 0.44944208842983063], "mid_gap_of_max": 0.43301813031737035, "fill_fraction": 0.339008, "gap": [7.585806211126652], "mid_gaps": [0.43301813031737035], "band_nos": [16], "max_gap": 7.585806211126652, "gap_ranges": [[0.41659417220491, 0.44944208842983063]]}