{"_status": {"mC20-Ga2Se3_/2b40cda5/store_data/0000/99d1fe0c1c8de0b15d3c4e351b3c4d82": 1, "mC20-Ga2Se3_/2b40cda5/store_strict/0000/80b0d803c69a519b095b5dfd8248fa26": 1, "mC20-Ga2Se3_/2b40cda5/mpb-mC20-Ga2/0000/8640e68467ae79f1ca34808572aad90f": 7, "mC20-Ga2Se3_/2b40cda5/store_fill/0000/e2d6da06d6fd68388d30078bd0d3d9e4": 1, "mC20-Ga2Se3_/2b40cda5/check_runnin/0000/796cc0967e7b960ada27c9695a410312": 1, "mC20-Ga2Se3_/2b40cda5/strict-mpb-m/0000/9e7d208edde64a47b0fe942dd1f05234": 1}, "mid_gap_of_max": 0.6254993855397333, "fill_fraction": 0.383468, "gap_ranges": [[0.620472296274735, 0.6305264748047316]], "max_gap": 1.6073842376872436, "mid_gaps": [0.6254993855397333], "run_me": true, "gap_range_of_max": [0.620472296274735, 0.6305264748047316], "band_nos": [12], "gap": [1.6073842376872436]}