{"gap_range_of_max": [0.4140237223586472, 0.42884172388143343], "gap_ranges": [[0.4140237223586472, 0.42884172388143343], [0.4917947562461, 0.4981152733353651]], "strict_calculated": true, "band_nos": [8, 11], "fill_fraction": 0.450274, "mid_gaps": [0.4214327231200403, 0.49495501479073256], "mid_gap_of_max": 0.4214327231200403, "gap": [3.516101315788293, 1.2769881909230383], "max_gap": 3.516101315788293}