{"mid_gap_of_max": 0.6543958553650469, "strict_calculated": true, "gap_range_of_max": [0.594257553723279, 0.7145341570068148], "band_nos": [8], "fill_fraction": 0.179611, "mid_gaps": [0.6543958553650469], "_status": {"tI16-VAg3O4_/26db56c3/store_fill/0000/8743fcd19c5c87bc7e05b113f5d8bf67": 1, "tI16-VAg3O4_/26db56c3/check_runnin/0000/8a3d2ac8df375172c1b118c721f1b585": 1, "tI16-VAg3O4_/26db56c3/strict-mpb-t/0000/ecf1fd257f5d38df9c3589dec38735e6": 1, "tI16-VAg3O4_/26db56c3/mpb-tI16-VAg/0000/663e7c6ada1cc547bc9a32f3904b106a": 1, "tI16-VAg3O4_/26db56c3/store_strict/0000/3afb143c3abc70d4ccb9a8c2a96d008e": 1, "tI16-VAg3O4_/26db56c3/store_data/0000/f0d743f663a531d5fc601258326f6aa1": 1}, "gap": [18.37979294909194], "gap_ranges": [[0.594257553723279, 0.7145341570068148]], "max_gap": 18.37979294909194}