{"mid_gap_of_max": 0.4719411229533659, "gap": [2.289785601493992], "band_nos": [2], "mid_gaps": [0.4719411229533659], "gap_ranges": [[0.4665379030129082, 0.4773443428938235]], "fill_fraction": 0.310996, "gap_range_of_max": [0.4665379030129082, 0.4773443428938235], "max_gap": 2.289785601493992}