{"gap": [1.2817573704970597], "gap_ranges": [[0.639735820152461, 0.6479885713020399]], "band_nos": [5], "max_gap": 1.2817573704970597, "gap_range_of_max": [0.639735820152461, 0.6479885713020399], "mid_gap_of_max": 0.6438621957272505, "mid_gaps": [0.6438621957272505], "fill_fraction": 0.071154}