{"mid_gaps": [0.37935026359576374], "fill_fraction": 0.318099, "max_gap": 17.587865656195177, "mid_gap_of_max": 0.37935026359576374, "gap_range_of_max": [0.3459904562319411, 0.41271007095958634], "band_nos": [2], "gap_ranges": [[0.3459904562319411, 0.41271007095958634]], "gap": [17.587865656195177]}