{"gap_range_of_max": [0.3091217319574094, 0.39439263434559024], "gap_ranges": [[0.3091217319574094, 0.39439263434559024]], "band_nos": [2], "fill_fraction": 0.326581, "gap": [24.24141040254325], "mid_gap_of_max": 0.35175718315149984, "max_gap": 24.24141040254325, "mid_gaps": [0.35175718315149984]}