{
  "nbands": 20,
  "basis": [
    [
      0.56392,
      0.35352,
      0.04634
    ],
    [
      0.56392,
      0.64648,
      0.54634
    ],
    [
      0.0072,
      0.1659,
      0.74082
    ],
    [
      0.0072,
      0.8341,
      0.24082
    ],
    [
      0.0,
      0.0072,
      0.99999
    ],
    [
      0.0,
      0.9928,
      0.49999
    ],
    [
      0.4927,
      0.1583,
      0.72796
    ],
    [
      0.4927,
      0.8417,
      0.22796
    ],
    [
      0.2374,
      0.3632,
      0.22517
    ],
    [
      0.2374,
      0.6368,
      0.72517
    ],
    [
      0.7824,
      0.1506,
      0.55319
    ],
    [
      0.7824,
      0.8494,
      0.05319
    ],
    [
      0.0059,
      0.3633,
      0.0388
    ],
    [
      0.0059,
      0.6367,
      0.5388
    ],
    [
      0.3285,
      0.1099,
      0.54215
    ],
    [
      0.3285,
      0.8901,
      0.04215
    ],
    [
      0.3294,
      0.0178,
      0.30967
    ],
    [
      0.3294,
      0.9822,
      0.80967
    ],
    [
      0.0973,
      0.508,
      0.32329
    ],
    [
      0.0973,
      0.492,
      0.82329
    ],
    [
      0.5703,
      0.4948,
      0.28064
    ],
    [
      0.5703,
      0.5052,
      0.78064
    ],
    [
      0.8169,
      0.0307,
      0.30402
    ],
    [
      0.8169,
      0.9693,
      0.80402
    ]
  ],
  "lattice_vectors": [
    [
      1.0,
      0.0,
      0.0
    ],
    [
      0.0,
      0.8539317524,
      0.0
    ],
    [
      -0.9999488798,
      0.0,
      1.6485135643
    ]
  ],
  "structure": "mP24-BaGa4Se7_r"
}