{"strict_calculated": true, "fill_fraction": 0.148805, "max_gap": 1.2751139194261614, "mid_gaps": [0.6108429966212007], "gap_ranges": [[0.606948524583322, 0.6147374686590793]], "gap": [1.2751139194261614], "mid_gap_of_max": 0.6108429966212007, "band_nos": [18], "gap_range_of_max": [0.606948524583322, 0.6147374686590793]}