{"mid_gaps": [0.3960445637952029], "band_nos": [4], "max_gap": 17.33265218838157, "mid_gap_of_max": 0.3960445637952029, "gap_range_of_max": [0.361722050418395, 0.4303670771720108], "gap": [17.33265218838157], "fill_fraction": 0.2563, "gap_ranges": [[0.361722050418395, 0.4303670771720108]]}