{"equivalent_atoms": [0, 0, 0, 0, 0, 0, 0, 0, 8, 8, 8, 8, 12, 12, 14, 14, 14, 14, 14, 14, 14, 14, 22, 22, 22, 22, 22, 22, 22, 22, 30, 30, 30, 30, 30, 30, 30, 30, 38, 38, 40, 40, 40, 40, 40, 40, 40, 40, 48, 48, 48, 48, 48, 48, 48, 48, 56, 56, 56, 56, 56, 56, 56, 56, 64, 64, 64, 64, 64, 64, 64, 64, 72, 72, 72, 72, 72, 72, 72, 72, 80, 80, 80, 80, 80, 80, 80, 80, 88, 88, 88, 88, 88, 88, 88, 88, 96, 96, 96, 96, 96, 96, 96, 96], "number": 114, "global_point_groups": ["-42/m", "1", "2", "m", "-4", "mm2", "222"], "international": "P-42_1c", "std_positions": [[0.24135, 0.42251, 0.09314], [0.75865, 0.57749, 0.09314], [0.42251, 0.75865, 0.90686], [0.57749, 0.24135, 0.90686], [0.74135, 0.07749, 0.40686], [0.25865, 0.92251, 0.40686], [0.92251, 0.74135, 0.59314], [0.07749, 0.25865, 0.59314], [0.0, 0.5, 0.3156], [0.5, 0.0, 0.6844], [0.5, 0.0, 0.1844], [0.0, 0.5, 0.8156], [0.5, 0.5, 0.0], [0.0, 0.0, 0.5], [0.37775, 0.32097, 0.63747], [0.62225, 0.67903, 0.63747], [0.32097, 0.62225, 0.36253], [0.67903, 0.37775, 0.36253], [0.87775, 0.17903, 0.86253], [0.12225, 0.82097, 0.86253], [0.82097, 0.87775, 0.13747], [0.17903, 0.12225, 0.13747], [0.25793, 0.62752, 0.8499], [0.74207, 0.37248, 0.8499], [0.62752, 0.74207, 0.1501], [0.37248, 0.25793, 0.1501], [0.75793, 0.87248, 0.6501], [0.24207, 0.12752, 0.6501], [0.12752, 0.75793, 0.3499], [0.87248, 0.24207, 0.3499], [0.20012, 0.46166, 0.60041], [0.79988, 0.53834, 0.60041], [0.46166, 0.79988, 0.39959], [0.53834, 0.20012, 0.39959], [0.70012, 0.03834, 0.89959], [0.29988, 0.96166, 0.89959], [0.96166, 0.70012, 0.10041], [0.03834, 0.29988, 0.10041], [0.5, 0.5, 0.5], [0.0, 0.0, 0.0], [0.10064, 0.42717, 0.56], [0.89936, 0.57283, 0.56], [0.42717, 0.89936, 0.44], [0.57283, 0.10064, 0.44], [0.60064, 0.07283, 0.94], [0.39936, 0.92717, 0.94], [0.92717, 0.60064, 0.06], [0.07283, 0.39936, 0.06], [0.18677, 0.54197, 0.7882], [0.81323, 0.45803, 0.7882], [0.54197, 0.81323, 0.2118], [0.45803, 0.18677, 0.2118], [0.68677, 0.95803, 0.7118], [0.31323, 0.04197, 0.7118], [0.04197, 0.68677, 0.2882], [0.95803, 0.31323, 0.2882], [0.26379, 0.38751, 0.7038], [0.73621, 0.61249, 0.7038], [0.38751, 0.73621, 0.2962], [0.61249, 0.26379, 0.2962], [0.76379, 0.11249, 0.7962], [0.23621, 0.88751, 0.7962], [0.88751, 0.76379, 0.2038], [0.11249, 0.23621, 0.2038], [0.24419, 0.51085, 0.4067], [0.75581, 0.48915, 0.4067], [0.51085, 0.75581, 0.5933], [0.48915, 0.24419, 0.5933], [0.74419, 0.98915, 0.0933], [0.25581, 0.01085, 0.0933], [0.01085, 0.74419, 0.9067], [0.98915, 0.25581, 0.9067], [0.19478, 0.71136, 0.8791], [0.80522, 0.28864, 0.8791], [0.71136, 0.80522, 0.1209], [0.28864, 0.19478, 0.1209], [0.69478, 0.78864, 0.6209], [0.30522, 0.21136, 0.6209], [0.21136, 0.69478, 0.3791], [0.78864, 0.30522, 0.3791], [0.30737, 0.59683, 0.0575], [0.69263, 0.40317, 0.0575], [0.59683, 0.69263, 0.9425], [0.40317, 0.30737, 0.9425], [0.80737, 0.90317, 0.4425], [0.19263, 0.09683, 0.4425], [0.09683, 0.80737, 0.5575], [0.90317, 0.19263, 0.5575], [0.33148, 0.63718, 0.6721], [0.66852, 0.36282, 0.6721], [0.63718, 0.66852, 0.3279], [0.36282, 0.33148, 0.3279], [0.83148, 0.86282, 0.8279], [0.16852, 0.13718, 0.8279], [0.13718, 0.83148, 0.1721], [0.86282, 0.16852, 0.1721], [0.44753, 0.43148, 0.6522], [0.55247, 0.56852, 0.6522], [0.43148, 0.55247, 0.3478], [0.56852, 0.44753, 0.3478], [0.94753, 0.06852, 0.8478], [0.05247, 0.93148, 0.8478], [0.93148, 0.94753, 0.1522], [0.06852, 0.05247, 0.1522]], "wyckoffs": ["e", "e", "e", "e", "e", "e", "e", "e", "d", "d", "d", "d", "b", "b", "e", "e", "e", "e", "e", "e", "e", "e", "e", "e", "e", "e", "e", "e", "e", "e", "e", "e", "e", "e", "e", "e", "e", "e", "a", "a", "e", "e", "e", "e", "e", "e", "e", "e", "e", "e", "e", "e", "e", "e", "e", "e", "e", "e", "e", "e", "e", "e", "e", "e", "e", "e", "e", "e", "e", "e", "e", "e", "e", "e", "e", "e", "e", "e", "e", "e", "e", "e", "e", "e", "e", "e", "e", "e", "e", "e", "e", "e", "e", "e", "e", "e", "e", "e", "e", "e", "e", "e", "e", "e"], "std_lattice": [[1.0, 0.0, 0.0], [0.0, 1.0, 0.0], [0.0, 0.0, 0.4391490095]], "site_point_groups": {"a": {"site_symmetry": ["2", "1", "-4"], "name": "2a"}, "e": {"site_symmetry": ["1"], "name": "8e"}, "d": {"site_symmetry": ["2", "1"], "name": "4d"}, "b": {"site_symmetry": ["2", "1", "-4"], "name": "2b"}}}