{"strict_calculated": true, "fill_fraction": 0.292804, "mid_gap_of_max": 0.472604375100413, "gap_range_of_max": [0.462637168932271, 0.482571581268555], "max_gap": 4.217991492788972, "mid_gaps": [0.472604375100413], "gap": [4.217991492788972], "gap_ranges": [[0.462637168932271, 0.482571581268555]], "band_nos": [8]}