{"max_gap": 6.739718265992511, "gap": [6.739718265992511], "mid_gaps": [0.33867309144206337], "fill_fraction": 0.422287, "gap_range_of_max": [0.327260285339102, 0.35008589754502467], "gap_ranges": [[0.327260285339102, 0.35008589754502467]], "mid_gap_of_max": 0.33867309144206337, "band_nos": [2]}