{"faces": [[[-0.4862227141517246, -0.6313154096015156], [-0.7994535877357706, -0.042939330106186724], [-0.4534699066341838, 0.12212756292398821], [-0.1402390330501377, -0.46624851657134064]], [[-0.7994535877357706, -0.042939330106186724], [-0.4862227141517248, 0.5058426329813086], [-0.14023903305013785, 0.6709095260114835], [-0.4534699066341838, 0.12212756292398821]], [[-0.4862227141517246, -0.6313154096015156], [-0.7994535877357706, -0.042939330106186724], [-0.4862227141517248, 0.5058426329813086], [0.14023903305013782, 0.4662485165713408], [0.4534699066341835, -0.12212756292398821], [0.14023903305013757, -0.6709095260114836]], [[0.14023903305013757, -0.6709095260114836], [0.4534699066341835, -0.12212756292398821], [0.7994535877357706, 0.042939330106186745], [0.4862227141517245, -0.5058426329813087]], [[-0.4862227141517246, -0.6313154096015156], [-0.1402390330501377, -0.46624851657134064], [0.4862227141517245, -0.5058426329813087], [0.14023903305013757, -0.6709095260114836]], [[-0.1402390330501377, -0.46624851657134064], [-0.4534699066341838, 0.12212756292398821], [-0.14023903305013785, 0.6709095260114835], [0.48622271415172474, 0.6313154096015157], [0.7994535877357706, 0.042939330106186745], [0.4862227141517245, -0.5058426329813087]], [[0.4534699066341835, -0.12212756292398821], [0.14023903305013782, 0.4662485165713408], [0.48622271415172474, 0.6313154096015157], [0.7994535877357706, 0.042939330106186745]], [[-0.4862227141517248, 0.5058426329813086], [-0.14023903305013785, 0.6709095260114835], [0.48622271415172474, 0.6313154096015157], [0.14023903305013782, 0.4662485165713408]]], "labels": {"GAMMA": [0.0, 0.0], "X": [0.46984631039295416, 0.2545939233387637], "Y": [-2.208718528794109e-18, 0.568579021291412], "Z": [-0.17299184055079347, -0.08253344651508747], "R_2": [-0.6428381509437476, -0.9057063911452632], "T_2": [-0.17299184055079342, -0.6511124678064995], "U_2": [-0.6428381509437476, -0.33712736985385117], "V_2": [0.4698463103929542, -0.3139850979526484]}, "label_positions": {"GAMMA": [0.05, 0.05], "X": [0.5198463103929541, 0.3045939233387637], "Y": [-2.208718528794109e-18, 0.6185790212914121], "Z": [-0.17299184055079347, -0.032533446515087466], "R_2": [-0.6428381509437476, -0.8557063911452631], "T_2": [-0.17299184055079342, -0.6011124678064994], "U_2": [-0.6428381509437476, -0.2871273698538512], "V_2": [0.4698463103929542, -0.2639850979526484]}, "zorder": [1, 1, 1, 1, 1, 1, 1, 1]}