{"band_nos": [2], "mid_gaps": [0.45102829096685626], "fill_fraction": 0.18006, "gap": [18.55887398551129], "max_gap": 18.55887398551129, "mid_gap_of_max": 0.45102829096685626, "gap_ranges": [[0.4091754048870842, 0.4928811770466283]], "gap_range_of_max": [0.4091754048870842, 0.4928811770466283]}