{"gap_range_of_max": [0.71080362319283, 0.7108164303277135], "band_nos": [12], "run_me": true, "mid_gaps": [0.7108100267602717], "fill_fraction": 0.156938, "max_gap": 0.0018017662105056487, "gap_ranges": [[0.71080362319283, 0.7108164303277135]], "_status": {"mC24-Ag2S3Te/cfc5180c/check_runnin/0000/5a3b2853bb92db10d981a3932e92d5c8": 1, "mC24-Ag2S3Te/cfc5180c/store_strict/0000/fb855fd304941cff9a41872ac7aa87f4": 1, "mC24-Ag2S3Te/cfc5180c/mpb-mC24-Ag2/0000/9e6dcdae146aabe6790c69d14b16e8ae": 7, "mC24-Ag2S3Te/cfc5180c/store_fill/0000/5f9eba47a0c1f3be6abb186ae908bab4": 1, "mC24-Ag2S3Te/cfc5180c/store_data/0000/e51c6f97bfd137f2e90ab0d7c54eb845": 1, "mC24-Ag2S3Te/cfc5180c/strict-mpb-m/0000/dab62b16b6225dbe1f4df89cb55e6d31": 1}, "mid_gap_of_max": 0.7108100267602717, "gap": [0.0018017662105056487]}