{"max_gap": 2.750769246533238, "band_nos": [2], "mid_gap_of_max": 0.4525758607538851, "fill_fraction": 0.268631, "gap_range_of_max": [0.4463512019564596, 0.4588005195513106], "gap_ranges": [[0.4463512019564596, 0.4588005195513106]], "mid_gaps": [0.4525758607538851], "gap": [2.750769246533238]}