{
  "structure": "hP28-Si3N5",
  "nbands": 20,
  "basis": [
    [
      0.0,
      0.0,
      0.5
    ],
    [
      0.0,
      0.0,
      0.0
    ],
    [
      0.333333,
      0.666667,
      0.6351
    ],
    [
      0.666667,
      0.333333,
      0.1351
    ],
    [
      0.6533,
      0.6109,
      0.4592
    ],
    [
      0.3891,
      0.0424,
      0.4592
    ],
    [
      0.9576,
      0.3467,
      0.4592
    ],
    [
      0.6109,
      0.6533,
      0.9592
    ],
    [
      0.0424,
      0.3891,
      0.9592
    ],
    [
      0.3467,
      0.9576,
      0.9592
    ],
    [
      0.3169,
      0.3198,
      0.7288
    ],
    [
      0.6802,
      0.9971,
      0.7288
    ],
    [
      0.0029,
      0.6831,
      0.7288
    ],
    [
      0.3198,
      0.3169,
      0.2288
    ],
    [
      0.9971,
      0.6802,
      0.2288
    ],
    [
      0.6831,
      0.0029,
      0.2288
    ],
    [
      0.0821,
      0.5089,
      0.6828
    ],
    [
      0.4911,
      0.5732,
      0.6828
    ],
    [
      0.4268,
      0.9179,
      0.6828
    ],
    [
      0.5089,
      0.0821,
      0.1828
    ],
    [
      0.5732,
      0.4911,
      0.1828
    ],
    [
      0.9179,
      0.4268,
      0.1828
    ],
    [
      0.2563,
      0.1712,
      0.4726
    ],
    [
      0.8288,
      0.0851,
      0.4726
    ],
    [
      0.9149,
      0.7437,
      0.4726
    ],
    [
      0.1712,
      0.2563,
      0.9726
    ],
    [
      0.0851,
      0.8288,
      0.9726
    ],
    [
      0.7437,
      0.9149,
      0.9726
    ]
  ],
  "lattice_vectors": [
    [
      1.0,
      0.0,
      0.0
    ],
    [
      -0.5,
      0.8660254038,
      0.0
    ],
    [
      0.0,
      0.0,
      0.724920378
    ]
  ]
}