{"mid_gap_of_max": 0.42715714118203996, "gap_ranges": [[0.403707113018597, 0.45060716934548284]], "fill_fraction": 0.299927, "mid_gaps": [0.42715714118203996], "gap": [10.979579130317802], "gap_range_of_max": [0.403707113018597, 0.45060716934548284], "band_nos": [4], "max_gap": 10.979579130317802}