{"fill_fraction": 0.073749, "band_nos": [8, 11], "gap_range_of_max": [0.766543804742952, 0.7937832865944685], "mid_gap_of_max": 0.7801635456687103, "mid_gaps": [0.6862595044800779, 0.7801635456687103], "strict_calculated": true, "max_gap": 3.491509184547731, "gap_ranges": [[0.676491063512886, 0.6960279454472696], [0.766543804742952, 0.7937832865944685]], "gap": [2.8468650425737843, 3.491509184547731]}