{"mid_gaps": [0.5718707017921147], "mid_gap_of_max": 0.5718707017921147, "fill_fraction": 0.245784, "gap": [10.265692693791108], "gap_range_of_max": [0.542517457366212, 0.6012239462180174], "band_nos": [16], "max_gap": 10.265692693791108, "gap_ranges": [[0.542517457366212, 0.6012239462180174]]}