{"max_gap": 14.735031186900809, "gap": [14.735031186900809], "gap_range_of_max": [0.3954514211103185, 0.4583558013641293], "gap_ranges": [[0.3954514211103185, 0.4583558013641293]], "fill_fraction": 0.28335, "mid_gap_of_max": 0.42690361123722387, "mid_gaps": [0.42690361123722387], "band_nos": [2]}