{"mid_gaps": [0.37660446568721395], "max_gap": 8.975587011617945, "gap_ranges": [[0.3597032349335166, 0.3935056964409114]], "gap_range_of_max": [0.3597032349335166, 0.3935056964409114], "band_nos": [2], "fill_fraction": 0.419342, "mid_gap_of_max": 0.37660446568721395, "gap": [8.975587011617945]}