{"strict_calculated": true, "gap_range_of_max": [0.725544996905441, 0.7742307882384685], "gap": [6.492409307482618], "max_gap": 6.492409307482618, "mid_gaps": [0.7498878925719548], "mid_gap_of_max": 0.7498878925719548, "fill_fraction": 0.131842, "gap_ranges": [[0.725544996905441, 0.7742307882384685]], "band_nos": [16]}