{"gap_range_of_max": [0.397978530896562, 0.5067296728690346], "gap_ranges": [[0.397978530896562, 0.5067296728690346]], "fill_fraction": 0.136583, "strict_calculated": true, "max_gap": 24.04115305240416, "mid_gap_of_max": 0.4523541018827983, "mid_gaps": [0.4523541018827983], "gap": [24.04115305240416], "band_nos": [2]}