{"gap_range_of_max": [0.398047580985971, 0.43627246386850516], "mid_gaps": [0.41716002242723804], "gap": [9.163122261841709], "max_gap": 9.163122261841709, "mid_gap_of_max": 0.41716002242723804, "band_nos": [2], "gap_ranges": [[0.398047580985971, 0.43627246386850516]], "fill_fraction": 0.350008}