{"band_nos": [4], "gap": [0.16940320023124994], "gap_range_of_max": [0.4358136737579292, 0.4365525819353702], "max_gap": 0.16940320023124994, "fill_fraction": 0.174805, "mid_gap_of_max": 0.4361831278466497, "mid_gaps": [0.4361831278466497], "gap_ranges": [[0.4358136737579292, 0.4365525819353702]]}