{"fill_fraction": 0.08568, "strict_calculated": true, "mid_gaps": [0.40721610964673194], "mid_gap_of_max": 0.40721610964673194, "band_nos": [4], "gap_range_of_max": [0.406142545714319, 0.4082896735791449], "gap": [0.5272698731608849], "max_gap": 0.5272698731608849, "gap_ranges": [[0.406142545714319, 0.4082896735791449]]}