{"band_nos": [8], "_status": {"hP4-La_r-12/b0b8beff/check_runnin/0000/a7a0e1c83aa7aa77e48f200a7fc18e09": 1, "hP4-La_r-12/b0b8beff/store_strict/0000/bf173c05c767a0a61872704d5ebb3d6f": 1, "hP4-La_r-12/b0b8beff/strict-mpb-h/0000/4a3e8224a19de8e0e26f46a0d6cf02f9": 1, "hP4-La_r-12/b0b8beff/mpb-hP4-La_r/0000/fafaea53c90892232e5003b922dae840": 6, "hP4-La_r-12/b0b8beff/store_fill/0000/fc35c3c69b03634eb1e7da59a2d53699": 1, "hP4-La_r-12/b0b8beff/store_data/0000/17a1ceec58516cd3e2c85e38aab7521a": 1}, "gap_ranges": [[0.3280872009162411, 0.33104889622644157]], "gap": [0.8986597223363088], "mid_gaps": [0.32956804857134137], "gap_range_of_max": [0.3280872009162411, 0.33104889622644157], "run_me": true, "mid_gap_of_max": 0.32956804857134137, "max_gap": 0.8986597223363088, "fill_fraction": 0.335074}