{"band_nos": [12], "max_gap": 6.301136583168825, "gap_range_of_max": [0.611049586462207, 0.6508051827054493], "gap_ranges": [[0.611049586462207, 0.6508051827054493]], "gap": [6.301136583168825], "fill_fraction": 0.297735, "mid_gap_of_max": 0.6309273845838281, "mid_gaps": [0.6309273845838281]}