{"mid_gap_of_max": 0.37528851067752356, "gap_range_of_max": [0.3741248265003931, 0.37645219485465403], "gap_ranges": [[0.3741248265003931, 0.37645219485465403]], "fill_fraction": 0.319747, "gap": [0.6201544379973696], "band_nos": [4], "max_gap": 0.6201544379973696, "mid_gaps": [0.37528851067752356]}