{"gap_ranges": [[0.4119827699248817, 0.4127372471234921]], "gap": [0.18296565695363068], "gap_range_of_max": [0.4119827699248817, 0.4127372471234921], "mid_gap_of_max": 0.41236000852418686, "band_nos": [6, 9, 15], "max_gap": 0.18296565695363068, "fill_fraction": 0.200703, "strict_calculated": true, "mid_gaps": [0.41236000852418686]}