{"strict_calculated": true, "gap": [25.12226872739823], "gap_range_of_max": [0.444595189633799, 0.5723328924002893], "mid_gaps": [0.5084640410170441], "gap_ranges": [[0.444595189633799, 0.5723328924002893]], "band_nos": [2], "max_gap": 25.12226872739823, "fill_fraction": 0.071857, "mid_gap_of_max": 0.5084640410170441}