{
  "basis": [
    [
      -0.175,
      0.493,
      0.089
    ],
    [
      0.089,
      -0.407,
      -0.175
    ],
    [
      0.493,
      -0.175,
      -0.407
    ],
    [
      -0.407,
      0.089,
      0.493
    ],
    [
      0.325,
      -0.133,
      0.205
    ],
    [
      0.205,
      -0.397,
      0.325
    ],
    [
      -0.133,
      0.325,
      -0.397
    ],
    [
      -0.397,
      0.205,
      -0.133
    ],
    [
      -0.25,
      -0.25,
      -0.25
    ],
    [
      0.0,
      0.0,
      0.0
    ],
    [
      0.481,
      0.019,
      0.481
    ],
    [
      0.019,
      0.481,
      0.019
    ],
    [
      0.206,
      -0.206,
      0.206
    ],
    [
      -0.206,
      0.206,
      -0.206
    ],
    [
      0.25,
      0.25,
      0.25
    ],
    [
      -0.5,
      -0.5,
      -0.5
    ]
  ],
  "lattice_vectors": [
    [
      0.0,
      0.7021665155,
      0.7120127699
    ],
    [
      0.5185017909,
      0.0,
      0.7120127699
    ],
    [
      0.5185017909,
      0.7021665155,
      0.0
    ]
  ],
  "nbands": 20,
  "structure": "oF64-NaAgN2O4"
}