{"_status": {"hR15-Ni3S2-1/9033dd5e/store_strict/0000/bed3e362d39af4a4b960e614e74842a4": 1, "hR15-Ni3S2-1/9033dd5e/store_fill/0000/10e06312b189c6e378a040025d729abe": 1, "hR15-Ni3S2-1/9033dd5e/store_data/0000/a86bbaca7da1954056ac30e7b3859a59": 1, "hR15-Ni3S2-1/9033dd5e/mpb-hR15-Ni3/0000/979a549e6146dbce294d6c3cb9b9d688": 1, "hR15-Ni3S2-1/9033dd5e/check_runnin/0000/fa7685859a013b491cfad0689f5df7d1": 1, "hR15-Ni3S2-1/9033dd5e/strict-mpb-h/0000/cea217d747826992d596891e843a9a38": 1}, "max_gap": 1.8946600484324991, "gap_ranges": [[0.659423888902225, 0.660347358275779], [0.667182959697866, 0.679944704525578]], "mid_gap_of_max": 0.673563832111722, "mid_gaps": [0.659885623589002, 0.673563832111722], "band_nos": [16, 17], "gap_range_of_max": [0.667182959697866, 0.679944704525578], "gap": [0.1399438539864596, 1.8946600484324991], "fill_fraction": 0.193991, "run_me": true}