{"gap": [0.4160723287537549], "mid_gap_of_max": 0.9077975546685279, "gap_ranges": [[0.905909007455488, 0.9096861018815677]], "gap_range_of_max": [0.905909007455488, 0.9096861018815677], "max_gap": 0.4160723287537549, "mid_gaps": [0.9077975546685279], "band_nos": [13], "fill_fraction": 0.097552}