{"gap": [0.22679639918923547, 1.5998553503096602], "gap_range_of_max": [0.548258534297091, 0.5571006079860683], "gap_ranges": [[0.538396371208894, 0.5396188210282481], [0.548258534297091, 0.5571006079860683]], "max_gap": 1.5998553503096602, "mid_gap_of_max": 0.5526795711415797, "strict_calculated": true, "fill_fraction": 0.3273, "mid_gaps": [0.5390075961185711, 0.5526795711415797], "band_nos": [16, 17]}