{"gap": [20.210522502975877], "band_nos": [8], "gap_ranges": [[0.58530040357723, 0.7168901622458854]], "mid_gaps": [0.6510952829115577], "gap_range_of_max": [0.58530040357723, 0.7168901622458854], "strict_calculated": true, "mid_gap_of_max": 0.6510952829115577, "fill_fraction": 0.118325, "max_gap": 20.210522502975877}