{"gap": [2.702285879211148], "mid_gap_of_max": 0.3752239240279242, "fill_fraction": 0.236215, "mid_gaps": [0.3752239240279242], "gap_ranges": [[0.3701541124707099, 0.3802937355851385]], "band_nos": [4], "max_gap": 2.702285879211148, "gap_range_of_max": [0.3701541124707099, 0.3802937355851385]}