{"mid_gap_of_max": 0.6229965392447265, "run_me": true, "band_nos": [8], "max_gap": 2.320506806468482, "gap_ranges": [[0.615768200696108, 0.6302248777933451]], "gap_range_of_max": [0.615768200696108, 0.6302248777933451], "gap": [2.320506806468482], "fill_fraction": 0.266702, "mid_gaps": [0.6229965392447265], "_status": {"mP24-SiO2_r-/41aa0ef2/store_data/0000/aaa916d28aa4ce33736ca09fdd2d0e55": 1, "mP24-SiO2_r-/41aa0ef2/strict-mpb-m/0000/31e98567fd56026ce208e203469a28bb": 1, "mP24-SiO2_r-/41aa0ef2/store_strict/0000/5ea2a8c561dcfbe80e5effbcecd069f5": 1, "mP24-SiO2_r-/41aa0ef2/check_runnin/0000/fffefb8ed17b509a4afaa7147fff724d": 1, "mP24-SiO2_r-/41aa0ef2/mpb-mP24-SiO/0000/3de5c4e70b4e89070450854830183cc2": 1, "mP24-SiO2_r-/41aa0ef2/store_fill/0000/43f31d8540d054581ec166511b1209f3": 1}}