{"gap_ranges": [[0.3608695695323743, 0.46902946529885176]], "mid_gaps": [0.41494951741561303], "max_gap": 26.065796253992158, "band_nos": [2], "gap_range_of_max": [0.3608695695323743, 0.46902946529885176], "mid_gap_of_max": 0.41494951741561303, "gap": [26.065796253992158], "fill_fraction": 0.226594}