{"gap_range_of_max": [0.719220126344828, 0.8162310930715533], "gap": [12.63615092423431], "mid_gap_of_max": 0.7677256097081906, "mid_gaps": [0.7677256097081906], "strict_calculated": true, "band_nos": [16], "fill_fraction": 0.123102, "gap_ranges": [[0.719220126344828, 0.8162310930715533]], "max_gap": 12.63615092423431}