{
  "structure": "hP9-Al2W",
  "nbands": 20,
  "basis": [
    [
      0.3937555556,
      0.2319555556,
      0.0
    ],
    [
      -0.1208444444,
      -0.2826444444,
      0.3333333333
    ],
    [
      0.3937555556,
      -0.2826444444,
      -0.3333333333
    ],
    [
      -0.2826444444,
      -0.1208444444,
      0.0
    ],
    [
      0.2319555556,
      0.3937555556,
      0.3333333333
    ],
    [
      -0.2826444444,
      0.3937555556,
      -0.3333333333
    ],
    [
      0.0555555556,
      -0.4444444444,
      0.0
    ],
    [
      -0.4444444444,
      0.0555555556,
      0.3333333333
    ],
    [
      0.0555555556,
      0.0555555556,
      -0.3333333333
    ]
  ],
  "lattice_vectors": [
    [
      1.0,
      0.0,
      0.0
    ],
    [
      -0.5,
      0.8660254038,
      0.0
    ],
    [
      0.0,
      0.0,
      1.3929610723
    ]
  ]
}