{"band_nos": [2], "gap": [2.7001388756259006], "gap_range_of_max": [0.502858574075223, 0.5166222734216347], "max_gap": 2.7001388756259006, "mid_gap_of_max": 0.5097404237484289, "gap_ranges": [[0.502858574075223, 0.5166222734216347]], "fill_fraction": 0.308347, "mid_gaps": [0.5097404237484289]}