{"gap_ranges": [[0.335663333377729, 0.36586006606685195]], "band_nos": [2], "max_gap": 8.60890248651164, "gap": [8.60890248651164], "mid_gap_of_max": 0.3507616997222905, "fill_fraction": 0.385348, "gap_range_of_max": [0.335663333377729, 0.36586006606685195], "mid_gaps": [0.3507616997222905]}