{"gap_ranges": [[0.5783785583293654, 0.6311003888791834]], "max_gap": 8.718106366629844, "band_nos": [8], "gap": [8.718106366629844], "mid_gap_of_max": 0.6047394736042744, "fill_fraction": 0.233198, "mid_gaps": [0.6047394736042744], "gap_range_of_max": [0.5783785583293654, 0.6311003888791834]}