{
  "structure": "oF88-BaBe2B2O6",
  "nbands": 20,
  "basis": [
    [
      -0.4081818182,
      0.0218181818,
      -0.4081818182
    ],
    [
      -0.2281818182,
      0.3418181818,
      -0.2281818182
    ],
    [
      0.0218181818,
      -0.4081818182,
      0.0218181818
    ],
    [
      0.3418181818,
      -0.2281818182,
      0.3418181818
    ],
    [
      -0.2911818182,
      -0.0951818182,
      -0.2911818182
    ],
    [
      -0.3451818182,
      0.4588181818,
      -0.3451818182
    ],
    [
      -0.0951818182,
      -0.2911818182,
      -0.0951818182
    ],
    [
      0.4588181818,
      -0.3451818182,
      0.4588181818
    ],
    [
      -0.4191818182,
      0.2108181818,
      0.4868181818
    ],
    [
      -0.2171818182,
      0.1528181818,
      -0.1231818182
    ],
    [
      -0.0511818182,
      0.4868181818,
      0.2108181818
    ],
    [
      0.4148181818,
      -0.1231818182,
      0.1528181818
    ],
    [
      0.2108181818,
      -0.4191818182,
      -0.0511818182
    ],
    [
      0.1528181818,
      -0.2171818182,
      0.4148181818
    ],
    [
      0.4868181818,
      -0.0511818182,
      -0.4191818182
    ],
    [
      -0.1231818182,
      0.4148181818,
      -0.2171818182
    ],
    [
      0.3068181818,
      0.3068181818,
      0.3068181818
    ],
    [
      0.0568181818,
      0.0568181818,
      0.0568181818
    ],
    [
      0.4638181818,
      0.4638181818,
      -0.3501818182
    ],
    [
      -0.1001818182,
      -0.1001818182,
      -0.2861818182
    ],
    [
      -0.3501818182,
      -0.3501818182,
      0.4638181818
    ],
    [
      -0.2861818182,
      -0.2861818182,
      -0.1001818182
    ]
  ],
  "lattice_vectors": [
    [
      0.0,
      0.6696397242,
      0.7426860977
    ],
    [
      0.3590068246,
      0.0,
      0.7426860977
    ],
    [
      0.3590068246,
      0.6696397242,
      0.0
    ]
  ]
}