{"gap_range_of_max": [0.253431398485255, 0.2966244827076745], "mid_gaps": [0.27502794059646474], "gap_ranges": [[0.253431398485255, 0.2966244827076745]], "strict_calculated": true, "max_gap": 15.704980420805313, "fill_fraction": 0.461923, "gap": [15.704980420805313], "mid_gap_of_max": 0.27502794059646474, "band_nos": [4]}