{"mid_gap_of_max": 0.7422374322114358, "gap_ranges": [[0.741648530461332, 0.7428263339615396]], "strict_calculated": true, "mid_gaps": [0.7422374322114358], "fill_fraction": 0.09186, "band_nos": [16], "gap_range_of_max": [0.741648530461332, 0.7428263339615396], "max_gap": 0.15868284851890543, "gap": [0.15868284851890543]}