{"international": "Cmce", "global_point_groups": ["mmm", "1", "-1", "2", "m", "2/m", "222", "mm2"], "std_lattice": [[1.0167996052, 0.0, 0.0], [0.0, 1.7222423068, 0.0], [0.0, 0.0, 1.0170245025]], "equivalent_atoms": [0, 0, 0, 0], "wyckoffs": ["f", "f", "f", "f"], "site_point_groups": {"f": {"site_symmetry": ["1", "m"], "name": "8f"}}, "std_positions": [[0.5, 0.655, 0.919], [0.5, 0.345, 0.081], [0.5, 0.845, 0.419], [0.5, 0.155, 0.581], [0.0, 0.155, 0.919], [0.0, 0.845, 0.081], [0.0, 0.345, 0.419], [0.0, 0.655, 0.581]], "number": 64}