{"gap": [1.252491558833741], "max_gap": 1.252491558833741, "fill_fraction": 0.277499, "gap_ranges": [[0.57382515845903, 0.5810575627578676]], "strict_calculated": true, "mid_gap_of_max": 0.5774413606084488, "mid_gaps": [0.5774413606084488], "band_nos": [16], "gap_range_of_max": [0.57382515845903, 0.5810575627578676]}