{"gap_ranges": [[0.513829498211934, 0.5375015273765161]], "fill_fraction": 0.077024, "mid_gaps": [0.5256655127942251], "mid_gap_of_max": 0.5256655127942251, "band_nos": [4], "gap": [4.503249421623852], "gap_range_of_max": [0.513829498211934, 0.5375015273765161], "max_gap": 4.503249421623852, "_status": {"tP12-PNO_r-1/866de81f/check_runnin/0000/6a59debcc50365135a78586429e4c275": 1, "tP12-PNO_r-1/866de81f/store_fill/0000/e8bbd7851996fd98020a39dc5f44222b": 1, "tP12-PNO_r-1/866de81f/store_strict/0000/14cba397f25a3d453915c60953ec0fde": 1, "tP12-PNO_r-1/866de81f/strict-mpb-t/0000/f96c6cdec3ed09c393aab630053f445f": 1, "tP12-PNO_r-1/866de81f/store_data/0000/291743ed178e146a784f7167737db6bc": 1, "tP12-PNO_r-1/866de81f/mpb-tP12-PNO/0000/2bdf7550dcf379d570e27072dc74fa5b": 1}}