{"gap_range_of_max": [0.306879613253302, 0.31186018249643976], "gap_ranges": [[0.306879613253302, 0.31186018249643976]], "fill_fraction": 0.623992, "mid_gaps": [0.3093698978748709], "band_nos": [2], "mid_gap_of_max": 0.3093698978748709, "max_gap": 1.6099075176188038, "gap": [1.6099075176188038]}