{"gap_ranges": [[0.468182623550722, 0.5005737815597472]], "gap_range_of_max": [0.468182623550722, 0.5005737815597472], "band_nos": [12], "mid_gap_of_max": 0.48437820255523456, "gap": [6.687162601073327], "max_gap": 6.687162601073327, "fill_fraction": 0.337927, "strict_calculated": true, "mid_gaps": [0.48437820255523456]}