{"mid_gap_of_max": 0.7660747643696818, "max_gap": 17.32981579832254, "gap_range_of_max": [0.699695091598332, 0.8324544371410316], "gap": [17.32981579832254], "strict_calculated": true, "mid_gaps": [0.7660747643696818], "fill_fraction": 0.157023, "band_nos": [8], "gap_ranges": [[0.699695091598332, 0.8324544371410316]]}