{"strict_calculated": true, "fill_fraction": 0.471527, "gap_ranges": [[0.4780783621145235, 0.5417150461542396]], "mid_gap_of_max": 0.5098967041343816, "gap": [12.480308957428527], "gap_range_of_max": [0.4780783621145235, 0.5417150461542396], "max_gap": 12.480308957428527, "band_nos": [12], "mid_gaps": [0.5098967041343816]}