{"max_gap": 0.15404322961430536, "band_nos": [12], "gap_ranges": [[1.053406964639365, 1.0550309175434287]], "fill_fraction": 0.05569, "mid_gap_of_max": 1.054218941091397, "mid_gaps": [1.054218941091397], "gap_range_of_max": [1.053406964639365, 1.0550309175434287], "gap": [0.15404322961430536]}