{"gap_range_of_max": [0.264331911881134, 0.2750424148660926], "mid_gaps": [0.2696871633736133], "mid_gap_of_max": 0.2696871633736133, "gap_ranges": [[0.264331911881134, 0.2750424148660926]], "band_nos": [4], "max_gap": 3.971454499716073, "fill_fraction": 0.618617, "gap": [3.971454499716073]}