{"max_gap": 0.6866305626621978, "gap_ranges": [[0.468070341890844, 0.4712953277824114]], "band_nos": [8], "fill_fraction": 0.379341, "mid_gaps": [0.4696828348366277], "strict_calculated": true, "gap": [0.6866305626621978], "mid_gap_of_max": 0.4696828348366277, "gap_range_of_max": [0.468070341890844, 0.4712953277824114]}