{"run_me": true, "max_gap": 0.25342469858855343, "band_nos": [12], "gap_ranges": [[0.4134474728672239, 0.41449658022774283]], "_status": {"hP6-Tb-12/a1991523/mpb-hP6-Tb-1/0000/d54ccdf093051385f966ca8e432653b6": 4, "hP6-Tb-12/a1991523/strict-mpb-h/0000/7a161d11dcebf8899e72f804f46cfae1": 1, "hP6-Tb-12/a1991523/check_runnin/0000/a7e4f262213f4cdd0613d321ba752afa": 1, "hP6-Tb-12/a1991523/store_data/0000/20682ddb48106ba2cdded926ab5ad793": 1, "hP6-Tb-12/a1991523/store_fill/0000/be9ca910b957fa5f511379352856a39e": 1, "hP6-Tb-12/a1991523/store_strict/0000/434b56e083da0a1dad0af456cd9eea3b": 1}, "mid_gap_of_max": 0.41397202654748333, "fill_fraction": 0.23534, "mid_gaps": [0.41397202654748333], "gap_range_of_max": [0.4134474728672239, 0.41449658022774283], "gap": [0.25342469858855343]}