{"gap_range_of_max": [0.4104982182914101, 0.4517151990681571], "mid_gaps": [0.4311067086797836], "gap_ranges": [[0.4104982182914101, 0.4517151990681571]], "max_gap": 9.560737503475503, "fill_fraction": 0.287804, "gap": [9.560737503475503], "mid_gap_of_max": 0.4311067086797836, "band_nos": [4]}