{"gap_ranges": [[0.587406468950765, 0.6037928134819264], [0.61339190162919, 0.6144463533456982]], "mid_gaps": [0.5955996412163457, 0.613919127487444], "gap_range_of_max": [0.587406468950765, 0.6037928134819264], "max_gap": 2.7512347888082025, "gap": [2.7512347888082025, 0.1717574301389988], "fill_fraction": 0.254853, "band_nos": [17, 19], "strict_calculated": true, "mid_gap_of_max": 0.5955996412163457}