{"gap": [0.0711828691992547, 1.24934639474296], "gap_range_of_max": [0.50033018887446, 0.5066203389324608], "strict_calculated": true, "mid_gap_of_max": 0.5034752639034604, "fill_fraction": 0.173623, "gap_ranges": [[0.39263211155635, 0.3929116978675326], [0.50033018887446, 0.5066203389324608]], "band_nos": [3, 7], "max_gap": 1.24934639474296, "mid_gaps": [0.39277190471194134, 0.5034752639034604]}