{"fill_fraction": 0.171978, "gap_ranges": [[0.508686267164972, 0.545266329586525]], "mid_gaps": [0.5269762983757484], "gap": [6.941500506626168], "gap_range_of_max": [0.508686267164972, 0.545266329586525], "band_nos": [2], "max_gap": 6.941500506626168, "mid_gap_of_max": 0.5269762983757484}