{"gap": [3.6172317876069187], "mid_gap_of_max": 0.2491255907574606, "gap_ranges": [[0.2446198657274894, 0.2536313157874318]], "fill_fraction": 0.689891, "max_gap": 3.6172317876069187, "mid_gaps": [0.2491255907574606], "gap_range_of_max": [0.2446198657274894, 0.2536313157874318], "band_nos": [2], "strict_calculated": true}