{"gap_range_of_max": [0.258695359129917, 0.28086311162730176], "gap_ranges": [[0.258695359129917, 0.28086311162730176]], "band_nos": [2], "fill_fraction": 0.566537, "gap": [8.216997303841502], "mid_gap_of_max": 0.26977923537860937, "max_gap": 8.216997303841502, "mid_gaps": [0.26977923537860937]}