{"mid_gaps": [0.29887752770694903], "band_nos": [2], "mid_gap_of_max": 0.29887752770694903, "gap_range_of_max": [0.2980375489222918, 0.2997175064916063], "gap_ranges": [[0.2980375489222918, 0.2997175064916063]], "gap": [0.5620889540285696], "fill_fraction": 0.621856, "max_gap": 0.5620889540285696, "run_me": true}