{"gap_range_of_max": [0.2790797921534839, 0.3304490945670133], "max_gap": 16.855411952636477, "band_nos": [4], "gap": [16.855411952636477], "mid_gap_of_max": 0.3047644433602486, "fill_fraction": 0.315329, "gap_ranges": [[0.2790797921534839, 0.3304490945670133]], "mid_gaps": [0.3047644433602486], "strict_calculated": true}