{"gap": [1.1763190026682961], "mid_gaps": [0.45762778445172003], "gap_ranges": [[0.4549362031567223, 0.46031936574671783]], "fill_fraction": 0.331025, "band_nos": [8], "max_gap": 1.1763190026682961, "gap_range_of_max": [0.4549362031567223, 0.46031936574671783], "mid_gap_of_max": 0.45762778445172003}