{"fill_fraction": 0.489412, "strict_calculated": true, "max_gap": 0.7452135705138102, "gap_range_of_max": [0.2538263020616618, 0.25572492450621354], "gap": [0.7452135705138102], "mid_gap_of_max": 0.25477561328393766, "mid_gaps": [0.25477561328393766], "band_nos": [4], "gap_ranges": [[0.2538263020616618, 0.25572492450621354]]}