{"gap_ranges": [[0.3118958442358147, 0.3382777423814941]], "gap": [8.115339868830358], "mid_gaps": [0.3250867933086544], "band_nos": [2], "fill_fraction": 0.400696, "mid_gap_of_max": 0.3250867933086544, "max_gap": 8.115339868830358, "gap_range_of_max": [0.3118958442358147, 0.3382777423814941]}