{"run_me": true, "mid_gaps": [0.6371998351465529], "gap_range_of_max": [0.633505188191002, 0.6408944821021036], "gap": [1.1596509452017316], "band_nos": [16], "mid_gap_of_max": 0.6371998351465529, "gap_ranges": [[0.633505188191002, 0.6408944821021036]], "max_gap": 1.1596509452017316, "fill_fraction": 0.256161, "_status": {"cP12-RhTe2_r/30b5c6d1/mpb-cP12-RhT/0000/33cfc3ef9d8b1d00c5570eb03e43c74e": 3, "cP12-RhTe2_r/30b5c6d1/store_fill/0000/595e1164db30b6f4dd46ffe6922b5029": 1, "cP12-RhTe2_r/30b5c6d1/store_data/0000/8fd952140a7d53e83540cbca63287a93": 1, "cP12-RhTe2_r/30b5c6d1/strict-mpb-c/0000/9ce6eca43561bd854c8b81a07b1302da": 1, "cP12-RhTe2_r/30b5c6d1/store_strict/0000/d6719e5625648438cf8ba4ad081a66d5": 1, "cP12-RhTe2_r/30b5c6d1/check_runnin/0000/030479fe299dbb50c4d5e1b4fc25d51f": 1}}