{"gap_ranges": [[0.332313406948612, 0.33818853319800535]], "gap_range_of_max": [0.332313406948612, 0.33818853319800535], "fill_fraction": 0.461866, "run_me": true, "band_nos": [4], "gap": [1.752456151911432], "mid_gaps": [0.3352509700733087], "max_gap": 1.752456151911432, "mid_gap_of_max": 0.3352509700733087}