{"mid_gap_of_max": 0.38063544860643583, "mid_gaps": [0.38063544860643583, 0.5586349336607621], "max_gap": 10.27535018565523, "gap": [10.27535018565523, 0.10641473940844935], "fill_fraction": 0.299781, "gap_range_of_max": [0.3610796359689103, 0.40019126124396137], "strict_calculated": true, "gap_ranges": [[0.3610796359689103, 0.40019126124396137], [0.558337698706312, 0.5589321686152122]], "band_nos": [2, 8]}