{"mid_gaps": [0.5101332418245784], "mid_gap_of_max": 0.5101332418245784, "band_nos": [7], "gap": [9.521146315261108], "gap_ranges": [[0.485847975646127, 0.5344185080030299]], "gap_range_of_max": [0.485847975646127, 0.5344185080030299], "fill_fraction": 0.242918, "max_gap": 9.521146315261108}