{"mid_gap_of_max": 0.7631496403977917, "band_nos": [16], "mid_gaps": [0.7631496403977917], "_status": {"hR24-ZrCoF6_/5f368635/check_runnin/0000/3f3fa15db392f4fbbb4f7770c8e94e97": 1, "hR24-ZrCoF6_/5f368635/mpb-hR24-ZrC/0000/b1fcb4972f3af61d6948bde24757df0c": 1, "hR24-ZrCoF6_/5f368635/store_strict/0000/ef421772c8f279a5b95398e4838c499c": 1, "hR24-ZrCoF6_/5f368635/store_data/0000/d5d8b0175f1c5d38ef4408763d159a58": 1, "hR24-ZrCoF6_/5f368635/strict-mpb-h/0000/bd0490223f1c197b40aaf4cc06ea13e2": 1, "hR24-ZrCoF6_/5f368635/store_fill/0000/f7729dcb1434c1a0a13750bc4300f7ea": 1}, "max_gap": 0.5422970030548784, "strict_calculated": true, "gap_ranges": [[0.76108037158344, 0.7652189092121433]], "gap_range_of_max": [0.76108037158344, 0.7652189092121433], "fill_fraction": 0.168381, "gap": [0.5422970030548784]}