{"gap_ranges": [[0.482289720081168, 0.4991590959463951]], "max_gap": 3.4376476062206867, "gap": [3.4376476062206867], "_status": {"hP4-AlAgS2/52a22894/store_strict/0000/137459373644e16a44472e9b698cb3ce": 1, "hP4-AlAgS2/52a22894/store_data/0000/5665015437741069bf4e7a3c38d8437a": 1, "hP4-AlAgS2/52a22894/check_runnin/0000/e6eae2568fbf9d3b15030364f2745de8": 1, "hP4-AlAgS2/52a22894/store_fill/0000/84e0cc564e40c1a92bf6484acfcf9268": 1, "hP4-AlAgS2/52a22894/strict-mpb-h/0000/28e81935ac2be8163479c8ba65124832": 1, "hP4-AlAgS2/52a22894/mpb-hP4-AlAg/0000/c10af7ea6736af6f9317121a0e62c9e3": 1}, "gap_range_of_max": [0.482289720081168, 0.4991590959463951], "mid_gap_of_max": 0.4907244080137816, "fill_fraction": 0.294938, "mid_gaps": [0.4907244080137816], "strict_calculated": true, "band_nos": [18]}