{"gap_range_of_max": [0.6790622994369399, 0.7381652723325814], "gap_ranges": [[0.6790622994369399, 0.7381652723325814], [0.8887960392893333, 0.9069598135379789]], "mid_gaps": [0.7086137858847606, 0.897877926413656], "band_nos": [8, 14], "fill_fraction": 0.094784, "mid_gap_of_max": 0.7086137858847606, "max_gap": 8.34064677726342, "gap": [8.34064677726342, 2.022967010804713]}