{"gap_range_of_max": [0.3103967728573388, 0.36837182560612797], "max_gap": 17.08242039482311, "band_nos": [4], "gap": [17.08242039482311], "mid_gap_of_max": 0.3393842992317334, "fill_fraction": 0.278686, "gap_ranges": [[0.3103967728573388, 0.36837182560612797]], "mid_gaps": [0.3393842992317334]}