{"gap": [5.79824249596872], "fill_fraction": 0.590003, "mid_gaps": [0.2637051851676356], "mid_gap_of_max": 0.2637051851676356, "gap_range_of_max": [0.256060052112404, 0.27135031822286715], "gap_ranges": [[0.256060052112404, 0.27135031822286715]], "max_gap": 5.79824249596872, "band_nos": [2]}