{"gap_range_of_max": [0.518878900553166, 0.5351630737744041], "mid_gaps": [0.527020987163785], "max_gap": 3.0898528935010234, "mid_gap_of_max": 0.527020987163785, "band_nos": [5], "fill_fraction": 0.133088, "gap_ranges": [[0.518878900553166, 0.5351630737744041]], "gap": [3.0898528935010234]}