{"gap": [2.1026367943915973], "gap_ranges": [[0.486657841535962, 0.49699920907434214]], "mid_gaps": [0.4918285253051521], "gap_range_of_max": [0.486657841535962, 0.49699920907434214], "mid_gap_of_max": 0.4918285253051521, "max_gap": 2.1026367943915973, "fill_fraction": 0.5666, "band_nos": [8]}