{"gap_range_of_max": [0.4715237542180432, 0.4741132282612984], "fill_fraction": 0.134174, "_status": {"oP4-SnO_r-14/41939be5/check_runnin/0000/51433960bbf9a4513a582bfd909cc97f": 1, "oP4-SnO_r-14/41939be5/strict-mpb-o/0000/4b4aea3bd4fb75ef7ddcdbff1cddc544": 1, "oP4-SnO_r-14/41939be5/store_data/0000/84dfa3896b9970dc82b986659afce06e": 1, "oP4-SnO_r-14/41939be5/mpb-oP4-SnO_/0000/baa1d6c9d36249e251928ecc09dbca72": 6, "oP4-SnO_r-14/41939be5/store_fill/0000/7d5a41d41cb65928998e08b499873e8d": 1, "oP4-SnO_r-14/41939be5/store_strict/0000/6a2e6587aa42d9b67b5644711ce8ad3a": 1}, "max_gap": 0.5476676761236392, "mid_gap_of_max": 0.4728184912396708, "gap_ranges": [[0.4715237542180432, 0.4741132282612984]], "band_nos": [4], "mid_gaps": [0.4728184912396708], "gap": [0.5476676761236392], "run_me": true}