{"fill_fraction": 0.414906, "mid_gaps": [0.5346243647113281], "gap": [0.7936100227118785], "band_nos": [15], "max_gap": 0.7936100227118785, "mid_gap_of_max": 0.5346243647113281, "gap_range_of_max": [0.5325029484402237, 0.5367457809824325], "gap_ranges": [[0.5325029484402237, 0.5367457809824325]]}