{"max_gap": 23.978273935795478, "gap": [23.978273935795478, 1.1900543478787347], "band_nos": [2, 18], "gap_ranges": [[0.315125532100968, 0.40098046037413126], [0.665953126939303, 0.6739257704768082]], "fill_fraction": 0.266965, "mid_gaps": [0.3580529962375496, 0.6699394487080557], "gap_range_of_max": [0.315125532100968, 0.40098046037413126], "mid_gap_of_max": 0.3580529962375496}