{"wyckoffs": ["c", "c", "c", "c", "c", "c", "c", "c", "c", "c", "c", "c", "c", "c", "c", "c", "c", "c", "c", "c", "c", "c", "c", "c", "c", "c", "c", "c", "c", "c", "c", "c", "c", "c", "c", "b", "c", "c", "a", "c"], "equivalent_atoms": [0, 1, 2, 3, 1, 5, 2, 0, 5, 3, 10, 11, 12, 13, 14, 15, 12, 10, 11, 15, 13, 14, 22, 23, 24, 25, 26, 27, 24, 22, 23, 27, 25, 26, 34, 35, 34, 37, 38, 37], "international": "C2", "std_lattice": [[1.7320508076, 0.0, 0.0], [0.0, 1.0, 0.0], [0.0, 0.0, 0.9885441482]], "std_positions": [[0.38175, 0.14515, 0.25], [0.23655, 5e-05, 0.75], [0.3817, 0.8548, 0.25], [0.11825, 0.35485, 0.5833], [0.26345, 0.50005, 0.25], [0.1183, 0.6452, 0.9167], [0.1183, 0.3548, 0.75], [0.11825, 0.64515, 0.75], [0.3817, 0.1452, 0.0833], [0.38175, 0.85485, 0.4167], [0.46355, 0.14515, 0.1923], [0.19565, 0.12275, 0.6923], [0.3408, 0.7321, 0.1923], [0.03645, 0.35485, 0.5257], [0.30435, 0.37725, 0.1923], [0.1592, 0.7679, 0.859], [0.1592, 0.2321, 0.8077], [0.03645, 0.64515, 0.8077], [0.30435, 0.62275, 0.3077], [0.3408, 0.2679, 0.141], [0.46355, 0.85485, 0.4743], [0.19565, 0.87725, 0.8077], [0.3817, 0.0442, 0.3659], [0.28705, 0.05045, 0.8659], [0.33125, 0.90535, 0.3659], [0.1183, 0.4558, 0.6993], [0.21295, 0.44955, 0.3659], [0.16875, 0.59465, 0.0326], [0.16875, 0.40535, 0.6341], [0.1183, 0.5442, 0.6341], [0.21295, 0.55045, 0.1341], [0.33125, 0.09465, 0.9674], [0.3817, 0.9558, 0.3007], [0.28705, 0.94955, 0.6341], [0.42, 0.58, 0.0], [0.0, 0.84, 0.5], [0.08, 0.08, 0.0], [0.08, 0.92, 0.3333], [0.0, 0.16, 0.0], [0.42, 0.42, 0.6667], [0.88175, 0.64515, 0.25], [0.73655, 0.50005, 0.75], [0.8817, 0.3548, 0.25], [0.61825, 0.85485, 0.5833], [0.76345, 5e-05, 0.25], [0.6183, 0.1452, 0.9167], [0.6183, 0.8548, 0.75], [0.61825, 0.14515, 0.75], [0.8817, 0.6452, 0.0833], [0.88175, 0.35485, 0.4167], [0.96355, 0.64515, 0.1923], [0.69565, 0.62275, 0.6923], [0.8408, 0.2321, 0.1923], [0.53645, 0.85485, 0.5257], [0.80435, 0.87725, 0.1923], [0.6592, 0.2679, 0.859], [0.6592, 0.7321, 0.8077], [0.53645, 0.14515, 0.8077], [0.80435, 0.12275, 0.3077], [0.8408, 0.7679, 0.141], [0.96355, 0.35485, 0.4743], [0.69565, 0.37725, 0.8077], [0.8817, 0.5442, 0.3659], [0.78705, 0.55045, 0.8659], [0.83125, 0.40535, 0.3659], [0.6183, 0.9558, 0.6993], [0.71295, 0.94955, 0.3659], [0.66875, 0.09465, 0.0326], [0.66875, 0.90535, 0.6341], [0.6183, 0.0442, 0.6341], [0.71295, 0.05045, 0.1341], [0.83125, 0.59465, 0.9674], [0.8817, 0.4558, 0.3007], [0.78705, 0.44955, 0.6341], [0.92, 0.08, 0.0], [0.5, 0.34, 0.5], [0.58, 0.58, 0.0], [0.58, 0.42, 0.3333], [0.5, 0.66, 0.0], [0.92, 0.92, 0.6667]], "global_point_groups": ["2", "1"], "site_point_groups": {"c": {"name": "4c", "site_symmetry": ["1"]}, "b": {"name": "2b", "site_symmetry": ["2", "1"]}, "a": {"name": "2a", "site_symmetry": ["2", "1"]}}, "number": 5}