{"gap_ranges": [[0.3713649045787122, 0.4354691839171389]], "fill_fraction": 0.2774, "gap": [15.890324975716812], "band_nos": [2], "gap_range_of_max": [0.3713649045787122, 0.4354691839171389], "mid_gaps": [0.40341704424792557], "max_gap": 15.890324975716812, "mid_gap_of_max": 0.40341704424792557}