{"mid_gaps": [0.2930134157535203], "band_nos": [4], "max_gap": 5.012627289109346, "mid_gap_of_max": 0.2930134157535203, "gap_range_of_max": [0.28566958053411, 0.3003572509729306], "gap": [5.012627289109346], "fill_fraction": 0.514422, "gap_ranges": [[0.28566958053411, 0.3003572509729306]]}