{"fill_fraction": 0.459988, "mid_gap_of_max": 0.48093785537914807, "gap_ranges": [[0.472568647518622, 0.48930706323967416]], "band_nos": [12], "mid_gaps": [0.48093785537914807], "gap": [3.480369767910141], "max_gap": 3.480369767910141, "gap_range_of_max": [0.472568647518622, 0.48930706323967416]}