{"max_gap": 4.661409324544549, "band_nos": [2], "fill_fraction": 0.590003, "gap": [4.661409324544549], "gap_range_of_max": [0.279800834620275, 0.29315473683697824], "gap_ranges": [[0.279800834620275, 0.29315473683697824]], "mid_gaps": [0.2864777857286266], "mid_gap_of_max": 0.2864777857286266}