{"mid_gap_of_max": 0.6460063714881427, "gap_ranges": [[0.61818847545475, 0.6738242675215353]], "band_nos": [16], "fill_fraction": 0.141581, "gap_range_of_max": [0.61818847545475, 0.6738242675215353], "mid_gaps": [0.6460063714881427], "max_gap": 8.612266770468283, "gap": [8.612266770468283]}