{"run_me": true, "fill_fraction": 0.128295, "_status": {"cF60-Cu6O8Pb/5cca192b/check_runnin/0000/2770adf11bff364ed125b0cfc498c2da": 1, "cF60-Cu6O8Pb/5cca192b/store_data/0000/5d62432596f36820aaa209fac03dab38": 1, "cF60-Cu6O8Pb/5cca192b/store_fill/0000/6bc325edea5a60127899d4081e14f79f": 1, "cF60-Cu6O8Pb/5cca192b/mpb-cF60-Cu6/0000/69298cf53e54755f5a09d243757339a3": 1, "cF60-Cu6O8Pb/5cca192b/strict-mpb-c/0000/479e3fcd9ca14690d8607a9b9cd5d266": 1, "cF60-Cu6O8Pb/5cca192b/store_strict/0000/6852634af0edc7f2d23e8ffd0065f4f6": 1}, "gap_range_of_max": [0.836333611431318, 0.841901063749946], "max_gap": 0.6634891294957352, "gap_ranges": [[0.546724411637756, 0.5473521190100981], [0.836333611431318, 0.841901063749946]], "band_nos": [5, 18], "mid_gaps": [0.547038265323927, 0.839117337590632], "mid_gap_of_max": 0.839117337590632, "gap": [0.11474651996601, 0.6634891294957352]}