{"band_nos": [4], "max_gap": 8.239134484721923, "fill_fraction": 0.302126, "gap": [8.239134484721923], "gap_ranges": [[0.4022773817523626, 0.4368456179721295]], "mid_gap_of_max": 0.41956149986224606, "gap_range_of_max": [0.4022773817523626, 0.4368456179721295], "mid_gaps": [0.41956149986224606]}