{"mid_gap_of_max": 0.3763097354982542, "gap_ranges": [[0.336028436917824, 0.4165910340786843]], "gap": [21.40858701255506], "mid_gaps": [0.3763097354982542], "gap_range_of_max": [0.336028436917824, 0.4165910340786843], "fill_fraction": 0.326581, "band_nos": [2], "max_gap": 21.40858701255506}