{"gap": [32.706080308726804], "strict_calculated": true, "mid_gap_of_max": 0.44479490985201364, "max_gap": 32.706080308726804, "gap_range_of_max": [0.3720574196393493, 0.5175324000646779], "mid_gaps": [0.44479490985201364], "gap_ranges": [[0.3720574196393493, 0.5175324000646779]], "fill_fraction": 0.12112, "band_nos": [2]}