{"band_nos": [2], "max_gap": 2.3639724422971833, "mid_gaps": [0.46261563076901635], "gap": [2.3639724422971833], "gap_range_of_max": [0.4571475777564469, 0.46808368378158577], "fill_fraction": 0.205019, "mid_gap_of_max": 0.46261563076901635, "gap_ranges": [[0.4571475777564469, 0.46808368378158577]]}