{"fill_fraction": 0.197681, "mid_gaps": [0.5992332823379478], "gap_range_of_max": [0.59763418010624, 0.6008323845696557], "strict_calculated": true, "gap": [0.5337160931611002], "gap_ranges": [[0.59763418010624, 0.6008323845696557]], "band_nos": [9], "max_gap": 0.5337160931611002, "mid_gap_of_max": 0.5992332823379478}