{"_status": {"oP24-SiO2_r-/c0c684c3/store_strict/0000/ae8ba1bca70d03ec5be94cfa378ae4c6": 1, "oP24-SiO2_r-/c0c684c3/store_data/0000/e98e0d0daecb1b9968688726df0891bf": 1, "oP24-SiO2_r-/c0c684c3/store_fill/0000/2cb6fd7dd02795495b1fca84233d9f2b": 1, "oP24-SiO2_r-/c0c684c3/mpb-oP24-SiO/0000/f8b42492777a9cc457cfe634f13b86f5": 1, "oP24-SiO2_r-/c0c684c3/strict-mpb-o/0000/db37ed2add50a0ee258eb7444784e161": 1, "oP24-SiO2_r-/c0c684c3/check_runnin/0000/cdb7e08e04c0353127b4b4ca813791c2": 1}, "band_nos": [12], "mid_gaps": [0.6575764060593955], "gap_range_of_max": [0.656785314017512, 0.658367498101279], "mid_gap_of_max": 0.6575764060593955, "fill_fraction": 0.310536, "gap": [0.24060840218517376], "gap_ranges": [[0.656785314017512, 0.658367498101279]], "max_gap": 0.24060840218517376}