{"gap": [20.86061775123265], "gap_range_of_max": [0.2699268888694717, 0.3327923691318304], "band_nos": [2], "max_gap": 20.86061775123265, "gap_ranges": [[0.2699268888694717, 0.3327923691318304]], "mid_gap_of_max": 0.30135962900065105, "fill_fraction": 0.409997, "mid_gaps": [0.30135962900065105]}