{"faces": [[[-0.5217883406685437, -0.9675638255944972], [-0.521788340668544, 0.8250557671302777], [0.13595441913711628, 0.7834846041408681], [0.1359544191371163, -1.0091349885839067]], [[-0.5647953510168494, -0.8357455067666044], [-0.5647953510168495, 0.9568740859581705], [-0.521788340668544, 0.8250557671302777], [-0.5217883406685437, -0.9675638255944972]], [[0.1359544191371163, -1.0091349885839067], [0.13595441913711628, 0.7834846041408681], [0.5647953510168495, 0.835745506766605], [0.5647953510168497, -0.9568740859581697]], [[-0.5217883406685437, -0.9675638255944972], [-0.5647953510168494, -0.8357455067666044], [-0.13595441913711598, -0.7834846041408674], [0.5217883406685436, -0.8250557671302771], [0.5647953510168497, -0.9568740859581697], [0.1359544191371163, -1.0091349885839067]], [[0.5217883406685436, -0.8250557671302771], [0.5217883406685437, 0.9675638255944978], [0.5647953510168495, 0.835745506766605], [0.5647953510168497, -0.9568740859581697]], [[-0.521788340668544, 0.8250557671302777], [-0.5647953510168495, 0.9568740859581705], [-0.13595441913711623, 1.0091349885839074], [0.5217883406685437, 0.9675638255944978], [0.5647953510168495, 0.835745506766605], [0.13595441913711628, 0.7834846041408681]], [[-0.5647953510168494, -0.8357455067666044], [-0.5647953510168495, 0.9568740859581705], [-0.13595441913711623, 1.0091349885839074], [-0.13595441913711598, -0.7834846041408674]], [[-0.13595441913711598, -0.7834846041408674], [-0.13595441913711623, 1.0091349885839074], [0.5217883406685437, 0.9675638255944978], [0.5217883406685436, -0.8250557671302771]]], "labels": {"Z": [-2.208718528794109e-18, 0.8963097963623874], "D": [-0.19291696076571366, 0.8042701856355724], "B": [-0.19291696076571374, -0.09203961072681491], "GAMMA": [0.0, 0.0], "A": [-0.5432918458426966, -0.005344869818163786], "E": [-0.5432918458426965, 0.8909649265442234], "C_2": [-0.35037488507698294, 0.9830045372710383], "Y_2": [-0.3503748850769829, 0.0866947409086511]}, "label_positions": {"Z": [-2.208718528794109e-18, 0.9463097963623874], "D": [-0.19291696076571366, 0.8542701856355724], "B": [-0.19291696076571374, -0.042039610726814905], "GAMMA": [0.05, 0.05], "A": [-0.5432918458426966, 0.044655130181836214], "E": [-0.5432918458426965, 0.9409649265442235], "C_2": [-0.35037488507698294, 1.0330045372710384], "Y_2": [-0.3503748850769829, 0.1366947409086511]}, "zorder": [1, 1, 1, 1, 1, 1, 1, 1]}