{"global_point_groups": ["2/m", "1", "-1", "2", "m"], "number": 14, "wyckoffs": ["e", "e", "e", "e", "e", "e", "e", "e", "e", "e", "e", "e", "e", "e", "e", "e", "e", "e", "e", "e", "e", "e", "e", "e"], "site_point_groups": {"e": {"site_symmetry": ["1"], "name": "4e"}}, "equivalent_atoms": [0, 0, 0, 0, 4, 4, 4, 4, 8, 8, 8, 8, 12, 12, 12, 12, 16, 16, 16, 16, 20, 20, 20, 20], "std_positions": [[0.8725, 0.269, 0.158], [0.1275, 0.731, 0.842], [0.1275, 0.769, 0.342], [0.8725, 0.231, 0.658], [0.6207, 0.0301, 0.2804], [0.3793, 0.9699, 0.7196], [0.3793, 0.5301, 0.2196], [0.6207, 0.4699, 0.7804], [0.6859, 0.1355, 0.1508], [0.3141, 0.8645, 0.8492], [0.3141, 0.6355, 0.3492], [0.6859, 0.3645, 0.6508], [0.7997, 0.4088, 0.9721], [0.2003, 0.5912, 0.0279], [0.2003, 0.9088, 0.5279], [0.7997, 0.0912, 0.4721], [0.0296, 0.0209, 0.1999], [0.9704, 0.9791, 0.8001], [0.9704, 0.5209, 0.3001], [0.0296, 0.4791, 0.6999], [0.427, 0.1911, 0.2431], [0.573, 0.8089, 0.7569], [0.573, 0.6911, 0.2569], [0.427, 0.3089, 0.7431]], "std_lattice": [[0.9647400903, 0.0, 0.0], [0.0, 0.5493679512, 0.0], [-0.5701150277, 0.0, 0.9188422389]], "international": "P2_1/c"}