{"gap_range_of_max": [0.417894603718305, 0.42869700820234574], "mid_gaps": [0.42329580596032534], "band_nos": [16], "strict_calculated": true, "max_gap": 2.5519753165360903, "fill_fraction": 0.591932, "gap_ranges": [[0.417894603718305, 0.42869700820234574]], "mid_gap_of_max": 0.42329580596032534, "gap": [2.5519753165360903]}