{
  "basis": [
    [
      0.1583,
      -0.1,
      -0.364
    ],
    [
      0.1417,
      0.4,
      0.564
    ],
    [
      -0.3417,
      0.4,
      0.064
    ],
    [
      -0.3583,
      -0.1,
      0.136
    ],
    [
      -0.2774,
      -0.1,
      -0.4173
    ],
    [
      -0.4226,
      0.4,
      -0.3827
    ],
    [
      0.2226,
      0.4,
      0.1173
    ],
    [
      0.0774,
      -0.1,
      0.0827
    ],
    [
      0.4401,
      -0.3131,
      -0.1123
    ],
    [
      -0.1401,
      -0.3869,
      0.3123
    ],
    [
      -0.0599,
      -0.3869,
      -0.1877
    ],
    [
      0.3599,
      -0.3131,
      0.3877
    ],
    [
      -0.1401,
      0.1869,
      0.3123
    ],
    [
      0.4401,
      0.1131,
      -0.1123
    ],
    [
      0.3599,
      0.1131,
      0.3877
    ],
    [
      -0.0599,
      0.1869,
      -0.1877
    ],
    [
      -0.35,
      -0.35,
      -0.4
    ],
    [
      0.15,
      -0.35,
      0.1
    ],
    [
      -0.35,
      0.15,
      -0.4
    ],
    [
      0.15,
      0.15,
      0.1
    ]
  ],
  "lattice_vectors": [
    [
      1.0,
      0.0,
      0.0
    ],
    [
      0.0,
      1.4202938936261122,
      0.0
    ],
    [
      0.0,
      0.0,
      1.011685151126716
    ]
  ],
  "nbands": 20,
  "structure": "oP20-CaTiO3"
}