{"fill_fraction": 0.59803, "band_nos": [2], "mid_gaps": [0.284708230349213], "gap_range_of_max": [0.278347248376528, 0.2910692123218979], "max_gap": 4.468421559069445, "mid_gap_of_max": 0.284708230349213, "gap": [4.468421559069445], "gap_ranges": [[0.278347248376528, 0.2910692123218979]]}