{"fill_fraction": 0.301066, "mid_gap_of_max": 0.35120914889343136, "mid_gaps": [0.35120914889343136], "gap_range_of_max": [0.3509661991328512, 0.35145209865401156], "strict_calculated": true, "band_nos": [4], "max_gap": 0.13835047369672354, "gap_ranges": [[0.3509661991328512, 0.35145209865401156]], "gap": [0.13835047369672354]}