{"mid_gaps": [0.6465742137874517], "mid_gap_of_max": 0.6465742137874517, "band_nos": [7], "gap": [1.9707123932036994], "gap_ranges": [[0.640203154706267, 0.6529452728686364]], "gap_range_of_max": [0.640203154706267, 0.6529452728686364], "fill_fraction": 0.123793, "max_gap": 1.9707123932036994}