{"fill_fraction": 0.12579, "gap_ranges": [[0.4896883888882615, 0.49165485727894664]], "max_gap": 0.40077075954115926, "gap_range_of_max": [0.4896883888882615, 0.49165485727894664], "gap": [0.40077075954115926], "mid_gaps": [0.49067162308360407], "mid_gap_of_max": 0.49067162308360407, "band_nos": [4]}