{"gap_range_of_max": [0.4918323315255219, 0.6139667279478905], "strict_calculated": true, "mid_gaps": [0.5528995297367062], "gap_ranges": [[0.4918323315255219, 0.6139667279478905]], "fill_fraction": 0.088828, "mid_gap_of_max": 0.5528995297367062, "max_gap": 22.089799295096093, "band_nos": [4], "gap": [22.089799295096093]}