{"max_gap": 20.32830332468271, "gap": [20.32830332468271], "strict_calculated": true, "mid_gaps": [0.46346349462096326], "gap_range_of_max": [0.416356362128101, 0.5105706271138255], "mid_gap_of_max": 0.46346349462096326, "band_nos": [2], "fill_fraction": 0.120652, "gap_ranges": [[0.416356362128101, 0.5105706271138255]]}