{"fill_fraction": 0.425871, "mid_gaps": [0.2890395368581087], "max_gap": 0.15938550648765745, "band_nos": [4], "gap_range_of_max": [0.2888091932932232, 0.2892698804229941], "gap": [0.15938550648765745], "mid_gap_of_max": 0.2890395368581087, "gap_ranges": [[0.2888091932932232, 0.2892698804229941]]}