{"mid_gap_of_max": 0.33332196185982516, "max_gap": 6.244461864992651, "band_nos": [4], "gap": [6.244461864992651], "strict_calculated": true, "gap_ranges": [[0.322914880461834, 0.34372904325781634]], "fill_fraction": 0.270163, "gap_range_of_max": [0.322914880461834, 0.34372904325781634], "mid_gaps": [0.33332196185982516]}