{"gap_range_of_max": [0.441453408661262, 0.4551479698686835], "gap_ranges": [[0.441453408661262, 0.4551479698686835], [0.524386944357705, 0.5268886399489284]], "band_nos": [8, 11], "fill_fraction": 0.450274, "mid_gaps": [0.44830068926497274, 0.5256377921533167], "mid_gap_of_max": 0.44830068926497274, "gap": [3.0547713923604927, 0.4759352597107435], "max_gap": 3.0547713923604927}