{"gap_range_of_max": [0.58676694292771, 0.6580239065811588], "max_gap": 11.448825106894496, "_status": {"tI16-CoCu2Si/df4f62ac/store_strict/0000/7db81e38c709f125ba750b2320ea171b": 1, "tI16-CoCu2Si/df4f62ac/check_runnin/0000/c9768a8e3b135041e51d73eb7ccc7ee7": 1, "tI16-CoCu2Si/df4f62ac/store_data/0000/2f61133cfe5d0bf36502eb85f22efe4e": 1, "tI16-CoCu2Si/df4f62ac/strict-mpb-t/0000/1b08698114a09fb59c8251dbdac9e56c": 1, "tI16-CoCu2Si/df4f62ac/store_fill/0000/c65d3307a8ef0581552e0b7acdaba499": 1, "tI16-CoCu2Si/df4f62ac/mpb-tI16-CoC/0000/0bf733f065fa80013d571cfd06a13d6d": 1}, "mid_gaps": [0.6223954247544344], "fill_fraction": 0.424073, "band_nos": [8], "mid_gap_of_max": 0.6223954247544344, "gap": [11.448825106894496], "gap_ranges": [[0.58676694292771, 0.6580239065811588]]}