{
  "basis": [
    [
      -0.4166666667,
      0.0833333333,
      0.3461
    ],
    [
      0.0833333333,
      -0.4166666667,
      -0.3461
    ],
    [
      0.0833333333,
      0.0833333333,
      0.0
    ],
    [
      -0.4166666667,
      -0.4166666667,
      0.0
    ],
    [
      -0.0947666667,
      0.0392333333,
      -0.1712
    ],
    [
      -0.3725666667,
      0.4052333333,
      -0.1712
    ],
    [
      0.2614333333,
      0.1274333333,
      -0.1712
    ],
    [
      0.5392333333,
      -0.2385666667,
      -0.1712
    ],
    [
      -0.2385666667,
      -0.3725666667,
      0.1712
    ],
    [
      0.0392333333,
      0.2614333333,
      0.1712
    ],
    [
      0.4052333333,
      0.5392333333,
      0.1712
    ],
    [
      0.1274333333,
      -0.0947666667,
      0.1712
    ],
    [
      -0.2143666667,
      0.0031333333,
      0.3461
    ],
    [
      -0.3364666667,
      0.2856333333,
      0.3461
    ],
    [
      0.3810333333,
      0.1635333333,
      0.3461
    ],
    [
      0.5031333333,
      -0.1189666667,
      0.3461
    ],
    [
      -0.1189666667,
      -0.3364666667,
      -0.3461
    ],
    [
      0.0031333333,
      0.3810333333,
      -0.3461
    ],
    [
      0.2856333333,
      0.5031333333,
      -0.3461
    ],
    [
      0.1635333333,
      -0.2143666667,
      -0.3461
    ],
    [
      -0.4166666667,
      0.0833333333,
      0.052
    ],
    [
      0.0833333333,
      -0.4166666667,
      -0.052
    ],
    [
      -0.4166666667,
      0.0833333333,
      -0.361
    ],
    [
      0.0833333333,
      -0.4166666667,
      0.361
    ]
  ],
  "lattice_vectors": [
    [
      1.0,
      0.0,
      0.0
    ],
    [
      0.0,
      1.0,
      0.0
    ],
    [
      0.0,
      0.0,
      0.7622549
    ]
  ],
  "nbands": 20,
  "structure": "tP24-SbP(Cl2F3)2_r"
}