{"max_gap": 7.0849907209215734, "gap": [7.0849907209215734], "gap_ranges": [[0.366963230814459, 0.39391739156074623]], "mid_gap_of_max": 0.3804403111876026, "gap_range_of_max": [0.366963230814459, 0.39391739156074623], "band_nos": [2], "fill_fraction": 0.373911, "mid_gaps": [0.3804403111876026]}