{"gap_ranges": [[1.069114289896727, 1.0805364950681504]], "mid_gap_of_max": 1.0748253924824387, "fill_fraction": 0.068429, "gap": [1.0627033238433101], "gap_range_of_max": [1.069114289896727, 1.0805364950681504], "band_nos": [14], "mid_gaps": [1.0748253924824387], "_status": {"cF264-Ca24Mg/c562ca84/check_runnin/0000/33bc0e201922bcfd4eaf4ba03a04bd84": 1, "cF264-Ca24Mg/c562ca84/store_strict/0000/6b9c1b094408ea916bf3962b3d1add08": 1, "cF264-Ca24Mg/c562ca84/store_fill/0000/29b123fc56fcab1648bb62e96bc819bf": 1, "cF264-Ca24Mg/c562ca84/store_data/0000/7fb0a6b00779bb68a2980421bdcc7395": 1, "cF264-Ca24Mg/c562ca84/mpb-cF264-Ca/0000/b7901f2d0a4314d2716799f81e7f3450": 1, "cF264-Ca24Mg/c562ca84/strict-mpb-c/0000/b6aef309ae4583d72dc61832a64c22d2": 1}, "max_gap": 1.0627033238433101}