{
  "lattice_vectors": [
    [
      1.0,
      0.0,
      0.0
    ],
    [
      -0.5,
      0.8660254037734073,
      0.0
    ],
    [
      0.0,
      0.0,
      4.846805575808281
    ]
  ],
  "structure": "hP6-Tb",
  "basis": [
    [
      0.0,
      0.0,
      0.25
    ],
    [
      0.0,
      0.0,
      0.75
    ],
    [
      0.3333333333333333,
      0.6666666666666666,
      0.083
    ],
    [
      0.6666666666666666,
      0.3333333333333333,
      0.917
    ],
    [
      0.6666666666666666,
      0.3333333333333333,
      0.583
    ],
    [
      0.3333333333333333,
      0.6666666666666666,
      0.417
    ]
  ],
  "nbands": 20
}