{"gap": [17.712927224043355], "max_gap": 17.712927224043355, "fill_fraction": 0.081153, "mid_gaps": [0.5248079913168442], "band_nos": [2], "gap_range_of_max": [0.478328562532886, 0.5712874201008025], "mid_gap_of_max": 0.5248079913168442, "gap_ranges": [[0.478328562532886, 0.5712874201008025]]}