{"gap": [3.135584004922299], "mid_gap_of_max": 0.6630378801172048, "gap_range_of_max": [0.652642825259439, 0.6734329349749705], "max_gap": 3.135584004922299, "band_nos": [12], "fill_fraction": 0.379434, "gap_ranges": [[0.652642825259439, 0.6734329349749705]], "mid_gaps": [0.6630378801172048]}