{"strict_calculated": true, "gap_range_of_max": [0.338912186977701, 0.4643075156365001], "gap": [31.223170510055944], "band_nos": [2], "gap_ranges": [[0.338912186977701, 0.4643075156365001]], "max_gap": 31.223170510055944, "mid_gaps": [0.40160985130710053], "mid_gap_of_max": 0.40160985130710053, "fill_fraction": 0.198512}