{"band_nos": [2], "gap_ranges": [[0.49043083572847, 0.5068669333280426]], "fill_fraction": 0.230868, "gap": [3.296126414705939], "mid_gaps": [0.4986488845282563], "max_gap": 3.296126414705939, "gap_range_of_max": [0.49043083572847, 0.5068669333280426], "mid_gap_of_max": 0.4986488845282563}