{"mid_gap_of_max": 0.5820840423765525, "gap_ranges": [[0.563233061317318, 0.6009350234357872]], "max_gap": 6.477065058258275, "gap_range_of_max": [0.563233061317318, 0.6009350234357872], "gap": [6.477065058258275], "mid_gaps": [0.5820840423765525], "band_nos": [16], "fill_fraction": 0.208454}