{"mid_gap_of_max": 0.44091840772862245, "mid_gaps": [0.44091840772862245], "fill_fraction": 0.164482, "gap_ranges": [[0.41438700944912, 0.46744980600812497]], "max_gap": 12.034606772794108, "gap": [12.034606772794108], "band_nos": [4], "gap_range_of_max": [0.41438700944912, 0.46744980600812497], "_status": {"tP12-PNO_r-1/605dbc07/strict-mpb-t/0000/ae109669da59402d6d0810bffc0b3ad0": 1, "tP12-PNO_r-1/605dbc07/store_strict/0000/712e6acda812206f413e82abd7a016df": 1, "tP12-PNO_r-1/605dbc07/mpb-tP12-PNO/0000/0378ae20033c96f3c4e7721f89d62b00": 1, "tP12-PNO_r-1/605dbc07/store_fill/0000/fa1c54f3e249cbbb8fdc6dd63c2e0c84": 1, "tP12-PNO_r-1/605dbc07/check_runnin/0000/21b5bdc11462de23a9958d06c3d18aa4": 1, "tP12-PNO_r-1/605dbc07/store_data/0000/a83ee35292016d2a5622a4a5952627c1": 1}}