{"run_me": true, "fill_fraction": 0.099541, "_status": {"cF60-Cu6O8Pb/288167cc/store_data/0000/05927eb458b42bb77b1de21d7891f455": 1, "cF60-Cu6O8Pb/288167cc/strict-mpb-c/0000/b4df4ddbcb61a5850bfba1b398d05541": 1, "cF60-Cu6O8Pb/288167cc/mpb-cF60-Cu6/0000/76e7d075eeb8670e9e936711a97b6d30": 3, "cF60-Cu6O8Pb/288167cc/store_strict/0000/272f00a85d8c923eba3c9da502378896": 1, "cF60-Cu6O8Pb/288167cc/store_fill/0000/cf58502536d903134bf2a8f06c74f5a1": 1, "cF60-Cu6O8Pb/288167cc/check_runnin/0000/9a63374aeb8806657a54f1a41aa5f587": 1}, "gap_range_of_max": [0.579202874363244, 0.5796127825260482], "max_gap": 0.0707460518620024, "gap_ranges": [[0.579202874363244, 0.5796127825260482]], "band_nos": [5], "mid_gaps": [0.5794078284446461], "mid_gap_of_max": 0.5794078284446461, "gap": [0.0707460518620024]}