{"gap": [0.1860296637507073], "gap_ranges": [[0.452160211987038, 0.45300214723366616]], "max_gap": 0.1860296637507073, "mid_gap_of_max": 0.45258117961035205, "fill_fraction": 0.569497, "band_nos": [8], "gap_range_of_max": [0.452160211987038, 0.45300214723366616], "mid_gaps": [0.45258117961035205]}