{"max_gap": 0.7799765706520005, "band_nos": [14], "gap": [0.7799765706520005], "fill_fraction": 0.269428, "gap_ranges": [[0.6508769099667, 0.655973473368449]], "strict_calculated": true, "mid_gaps": [0.6534251916675745], "gap_range_of_max": [0.6508769099667, 0.655973473368449], "mid_gap_of_max": 0.6534251916675745}