{"strict_calculated": true, "band_nos": [8], "gap": [23.23855452486782], "gap_range_of_max": [0.382041759040674, 0.48249464031666717], "mid_gaps": [0.4322681996786706], "gap_ranges": [[0.382041759040674, 0.48249464031666717]], "mid_gap_of_max": 0.4322681996786706, "fill_fraction": 0.373947, "max_gap": 23.23855452486782}