{"gap": [0.0060577374864774994], "gap_range_of_max": [0.7446544966500801, 0.7446996072310087], "band_nos": [16], "mid_gap_of_max": 0.7446770519405443, "gap_ranges": [[0.7446544966500801, 0.7446996072310087]], "max_gap": 0.0060577374864774994, "fill_fraction": 0.212327, "mid_gaps": [0.7446770519405443]}