{"band_nos": [2], "gap_range_of_max": [0.38060357019045, 0.4077404381201791], "fill_fraction": 0.46012, "mid_gap_of_max": 0.39417200415531456, "gap_ranges": [[0.38060357019045, 0.4077404381201791]], "mid_gaps": [0.39417200415531456], "gap": [6.884524431886268], "max_gap": 6.884524431886268}