{
  "basis": [
    [
      -0.3194444444,
      -0.2916666667,
      0.3055555556
    ],
    [
      0.1805555556,
      -0.2916666667,
      -0.1944444444
    ],
    [
      -0.3194444444,
      0.2083333333,
      -0.1944444444
    ],
    [
      0.1805555556,
      0.2083333333,
      0.3055555556
    ],
    [
      0.1805555556,
      -0.2916666667,
      0.3055555556
    ],
    [
      0.1805555556,
      0.2083333333,
      -0.1944444444
    ],
    [
      -0.3194444444,
      -0.2916666667,
      -0.1944444444
    ],
    [
      -0.3194444444,
      0.2083333333,
      0.3055555556
    ],
    [
      0.5555555556,
      0.3333333333,
      -0.4444444444
    ]
  ],
  "structure": "oI18-Ag8S_r",
  "nbands": 20,
  "lattice_vectors": [
    [
      -0.4794055349,
      0.520033122,
      0.7069199991
    ],
    [
      0.4794055349,
      -0.520033122,
      0.7069199991
    ],
    [
      0.4794055349,
      0.520033122,
      -0.7069199991
    ]
  ]
}