{"strict_calculated": true, "gap": [26.578563237619473], "gap_range_of_max": [0.360649530203154, 0.471195798577765], "gap_ranges": [[0.360649530203154, 0.471195798577765]], "band_nos": [4], "fill_fraction": 0.166606, "max_gap": 26.578563237619473, "mid_gap_of_max": 0.4159226643904595, "mid_gaps": [0.4159226643904595]}