{"faces": [[[0.8707798884442494, -0.1340717142896255], [0.7478429167335621, 0.3816922342929448], [1.0404078714034048, 0.5212733495730187], [1.163344843114092, 0.005509400990448381]], [[-1.040407871403405, -0.5212733495730189], [-1.163344843114092, -0.005509400990448374], [-1.0404078714034048, 0.4947146338120922], [0.7478429167335621, 0.3816922342929448], [0.8707798884442494, -0.1340717142896255], [0.7478429167335621, -0.634295749092166]], [[0.7478429167335621, -0.634295749092166], [0.8707798884442494, -0.1340717142896255], [1.163344843114092, 0.005509400990448381], [1.0404078714034048, -0.4947146338120923]], [[-1.0404078714034048, 0.4947146338120922], [-0.7478429167335621, 0.6342957490921658], [1.0404078714034048, 0.5212733495730187], [0.7478429167335621, 0.3816922342929448]], [[-1.163344843114092, -0.005509400990448374], [-1.0404078714034048, 0.4947146338120922], [-0.7478429167335621, 0.6342957490921658], [-0.8707798884442494, 0.1340717142896255]], [[-0.7478429167335621, -0.38169223429294497], [-0.8707798884442494, 0.1340717142896255], [-0.7478429167335621, 0.6342957490921658], [1.0404078714034048, 0.5212733495730187], [1.163344843114092, 0.005509400990448381], [1.0404078714034048, -0.4947146338120923]], [[-1.040407871403405, -0.5212733495730189], [-0.7478429167335621, -0.38169223429294497], [1.0404078714034048, -0.4947146338120923], [0.7478429167335621, -0.634295749092166]], [[-1.040407871403405, -0.5212733495730189], [-1.163344843114092, -0.005509400990448374], [-0.8707798884442494, 0.1340717142896255], [-0.7478429167335621, -0.38169223429294497]]], "labels": {"GAMMA": [0.0, 0.0], "Y": [0.0, 0.5079939916925555], "C_0": [0.8941253940684837, 0.45148279193298185], "SIGMA_0": [1.0170623657791709, -0.06428115664958858], "Z": [-0.1462824773349214, -0.06979055764003693], "A_0": [0.8707798884442496, -0.13407171428962553], "E_0": [0.7478429167335622, 0.38169223429294485], "T": [-0.14628247733492136, 0.4382034340525186], "S": [0.9555938799238272, 0.19360081764169665], "R": [0.8093114025889057, 0.12381026000165973]}, "label_positions": {"GAMMA": [0.05, 0.05], "Y": [0.0, 0.5579939916925556], "C_0": [0.8941253940684837, 0.5014827919329818], "SIGMA_0": [1.0170623657791709, -0.01428115664958858], "Z": [-0.1462824773349214, -0.019790557640036927], "A_0": [0.8707798884442496, -0.08407171428962552], "E_0": [0.7478429167335622, 0.43169223429294484], "T": [-0.14628247733492136, 0.4882034340525186], "S": [0.9555938799238272, 0.24360081764169667], "R": [0.8593114025889057, 0.17381026000165972]}, "zorder": [1, 1, 1, 1, 1, 1, 1, 1]}