{"equivalent_atoms": [0, 1, 2, 1, 0, 1, 2, 1, 8, 9, 10, 9, 8, 9, 10, 9, 10, 17, 8, 17, 10, 17, 8, 17, 24, 25, 26, 25, 24, 25, 26, 25, 26, 33, 24, 33, 26, 33, 24, 33, 40, 41, 42, 41, 40, 41, 42, 41, 42, 49, 40, 49, 42, 49, 40, 49, 56, 57, 58, 57, 58, 61, 56, 61, 64, 65, 66, 65, 66, 69, 64, 69, 72, 73, 74, 73, 72, 73, 74, 73, 74, 81, 72, 81, 74, 81, 72, 81, 88, 89, 90, 89, 88, 89, 90, 89, 90, 97, 88, 97, 90, 97, 88, 97, 104, 105, 106, 105, 104, 105, 106, 105, 106, 113, 104, 113, 106, 113, 104, 113, 120, 121, 122, 121, 120, 121, 122, 121, 122, 129, 120, 129, 122, 129, 120, 129, 136, 137, 138, 137, 136, 137, 138, 137, 138, 145, 136, 145, 138, 145, 136, 145], "std_lattice": [[0.4916799074, 0.0, 0.0], [0.0, 1.9386208678, 0.0], [0.0, 0.0, 1.1690400298]], "global_point_groups": ["222", "1", "2"], "international": "C222", "wyckoffs": ["h", "l", "g", "l", "h", "l", "g", "l", "l", "l", "l", "l", "l", "l", "l", "l", "l", "l", "l", "l", "l", "l", "l", "l", "l", "l", "l", "l", "l", "l", "l", "l", "l", "l", "l", "l", "l", "l", "l", "l", "l", "l", "l", "l", "l", "l", "l", "l", "l", "l", "l", "l", "l", "l", "l", "l", "k", "j", "k", "j", "k", "i", "k", "i", "k", "j", "k", "j", "k", "i", "k", "i", "l", "l", "l", "l", "l", "l", "l", "l", "l", "l", "l", "l", "l", "l", "l", "l", "l", "l", "l", "l", "l", "l", "l", "l", "l", "l", "l", "l", "l", "l", "l", "l", "l", "l", "l", "l", "l", "l", "l", "l", "l", "l", "l", "l", "l", "l", "l", "l", "l", "l", "l", "l", "l", "l", "l", "l", "l", "l", "l", "l", "l", "l", "l", "l", "l", "l", "l", "l", "l", "l", "l", "l", "l", "l", "l", "l", "l", "l", "l", "l"], "std_positions": [[0.5, 0.261, 0.5], [0.25, 0.489, 0.75], [0.0, 0.261, 0.0], [0.75, 0.489, 0.25], [0.0, 0.239, 0.5], [0.25, 0.011, 0.75], [0.5, 0.239, 0.0], [0.75, 0.011, 0.25], [0.633, 0.26, 0.416], [0.117, 0.49, 0.834], [0.867, 0.26, 0.084], [0.883, 0.49, 0.166], [0.867, 0.24, 0.416], [0.383, 0.01, 0.834], [0.633, 0.24, 0.084], [0.617, 0.01, 0.166], [0.133, 0.26, 0.916], [0.617, 0.49, 0.334], [0.367, 0.26, 0.584], [0.383, 0.49, 0.666], [0.367, 0.24, 0.916], [0.883, 0.01, 0.334], [0.133, 0.24, 0.584], [0.117, 0.01, 0.666], [0.361, 0.304, 0.46], [0.389, 0.446, 0.79], [0.139, 0.304, 0.04], [0.611, 0.446, 0.21], [0.139, 0.196, 0.46], [0.111, 0.054, 0.79], [0.361, 0.196, 0.04], [0.889, 0.054, 0.21], [0.861, 0.304, 0.96], [0.889, 0.446, 0.29], [0.639, 0.304, 0.54], [0.111, 0.446, 0.71], [0.639, 0.196, 0.96], [0.611, 0.054, 0.29], [0.861, 0.196, 0.54], [0.389, 0.054, 0.71], [0.13, 0.283, 0.459], [0.62, 0.467, 0.791], [0.37, 0.283, 0.041], [0.38, 0.467, 0.209], [0.37, 0.217, 0.459], [0.88, 0.033, 0.791], [0.13, 0.217, 0.041], [0.12, 0.033, 0.209], [0.63, 0.283, 0.959], [0.12, 0.467, 0.291], [0.87, 0.283, 0.541], [0.88, 0.467, 0.709], [0.87, 0.217, 0.959], [0.38, 0.033, 0.291], [0.63, 0.217, 0.541], [0.62, 0.033, 0.709], [0.75, 0.25, 0.385], [0.5, 0.0, 0.864], [0.75, 0.25, 0.114], [0.5, 0.0, 0.136], [0.25, 0.25, 0.886], [0.0, 0.0, 0.364], [0.25, 0.25, 0.615], [0.0, 0.0, 0.636], [0.75, 0.25, 0.315], [0.5, 0.0, 0.935], [0.75, 0.25, 0.185], [0.5, 0.0, 0.065], [0.25, 0.25, 0.815], [0.0, 0.0, 0.435], [0.25, 0.25, 0.685], [0.0, 0.0, 0.565], [0.89, 0.25, 0.284], [0.36, 0.0, 0.966], [0.61, 0.25, 0.216], [0.64, 0.0, 0.034], [0.61, 0.25, 0.284], [0.64, 1.0, 0.966], [0.89, 0.25, 0.216], [0.36, 1.0, 0.034], [0.39, 0.25, 0.784], [0.86, 0.0, 0.466], [0.11, 0.25, 0.716], [0.14, 0.0, 0.534], [0.11, 0.25, 0.784], [0.14, 1.0, 0.466], [0.39, 0.25, 0.716], [0.86, 1.0, 0.534], [0.225, 0.309, 0.445], [0.525, 0.441, 0.805], [0.275, 0.309, 0.055], [0.475, 0.441, 0.195], [0.275, 0.191, 0.445], [0.975, 0.059, 0.805], [0.225, 0.191, 0.055], [0.025, 0.059, 0.195], [0.725, 0.309, 0.945], [0.025, 0.441, 0.305], [0.775, 0.309, 0.555], [0.975, 0.441, 0.695], [0.775, 0.191, 0.945], [0.475, 0.059, 0.305], [0.725, 0.191, 0.555], [0.525, 0.059, 0.695], [0.173, 0.343, 0.406], [0.577, 0.407, 0.844], [0.327, 0.343, 0.094], [0.423, 0.407, 0.156], [0.327, 0.157, 0.406], [0.923, 0.093, 0.844], [0.173, 0.157, 0.094], [0.077, 0.093, 0.156], [0.673, 0.343, 0.906], [0.077, 0.407, 0.344], [0.827, 0.343, 0.594], [0.923, 0.407, 0.656], [0.827, 0.157, 0.906], [0.423, 0.093, 0.344], [0.673, 0.157, 0.594], [0.577, 0.093, 0.656], [0.283, 0.371, 0.39], [0.467, 0.379, 0.86], [0.217, 0.371, 0.11], [0.533, 0.379, 0.14], [0.217, 0.129, 0.39], [0.033, 0.121, 0.86], [0.283, 0.129, 0.11], [0.967, 0.121, 0.14], [0.783, 0.371, 0.89], [0.967, 0.379, 0.36], [0.717, 0.371, 0.61], [0.033, 0.379, 0.64], [0.717, 0.129, 0.89], [0.533, 0.121, 0.36], [0.783, 0.129, 0.61], [0.467, 0.121, 0.64], [0.019, 0.347, 0.395], [0.731, 0.403, 0.855], [0.481, 0.347, 0.105], [0.269, 0.403, 0.145], [0.481, 0.153, 0.395], [0.769, 0.097, 0.855], [0.019, 0.153, 0.105], [0.231, 0.097, 0.145], [0.519, 0.347, 0.895], [0.231, 0.403, 0.355], [0.981, 0.347, 0.605], [0.769, 0.403, 0.645], [0.981, 0.153, 0.895], [0.269, 0.097, 0.355], [0.519, 0.153, 0.605], [0.731, 0.097, 0.645], [0.0, 0.761, 0.5], [0.75, 0.989, 0.75], [0.5, 0.761, 0.0], [0.25, 0.989, 0.25], [0.5, 0.739, 0.5], [0.75, 0.511, 0.75], [0.0, 0.739, 0.0], [0.25, 0.511, 0.25], [0.133, 0.76, 0.416], [0.617, 0.99, 0.834], [0.367, 0.76, 0.084], [0.383, 0.99, 0.166], [0.367, 0.74, 0.416], [0.883, 0.51, 0.834], [0.133, 0.74, 0.084], [0.117, 0.51, 0.166], [0.633, 0.76, 0.916], [0.117, 0.99, 0.334], [0.867, 0.76, 0.584], [0.883, 0.99, 0.666], [0.867, 0.74, 0.916], [0.383, 0.51, 0.334], [0.633, 0.74, 0.584], [0.617, 0.51, 0.666], [0.861, 0.804, 0.46], [0.889, 0.946, 0.79], [0.639, 0.804, 0.04], [0.111, 0.946, 0.21], [0.639, 0.696, 0.46], [0.611, 0.554, 0.79], [0.861, 0.696, 0.04], [0.389, 0.554, 0.21], [0.361, 0.804, 0.96], [0.389, 0.946, 0.29], [0.139, 0.804, 0.54], [0.611, 0.946, 0.71], [0.139, 0.696, 0.96], [0.111, 0.554, 0.29], [0.361, 0.696, 0.54], [0.889, 0.554, 0.71], [0.63, 0.783, 0.459], [0.12, 0.967, 0.791], [0.87, 0.783, 0.041], [0.88, 0.967, 0.209], [0.87, 0.717, 0.459], [0.38, 0.533, 0.791], [0.63, 0.717, 0.041], [0.62, 0.533, 0.209], [0.13, 0.783, 0.959], [0.62, 0.967, 0.291], [0.37, 0.783, 0.541], [0.38, 0.967, 0.709], [0.37, 0.717, 0.959], [0.88, 0.533, 0.291], [0.13, 0.717, 0.541], [0.12, 0.533, 0.709], [0.25, 0.75, 0.385], [0.0, 0.5, 0.864], [0.25, 0.75, 0.114], [0.0, 0.5, 0.136], [0.75, 0.75, 0.886], [0.5, 0.5, 0.364], [0.75, 0.75, 0.615], [0.5, 0.5, 0.636], [0.25, 0.75, 0.315], [0.0, 0.5, 0.935], [0.25, 0.75, 0.185], [0.0, 0.5, 0.065], [0.75, 0.75, 0.815], [0.5, 0.5, 0.435], [0.75, 0.75, 0.685], [0.5, 0.5, 0.565], [0.39, 0.75, 0.284], [0.86, 0.5, 0.966], [0.11, 0.75, 0.216], [0.14, 0.5, 0.034], [0.11, 0.75, 0.284], [0.14, 0.5, 0.966], [0.39, 0.75, 0.216], [0.86, 0.5, 0.034], [0.89, 0.75, 0.784], [0.36, 0.5, 0.466], [0.61, 0.75, 0.716], [0.64, 0.5, 0.534], [0.61, 0.75, 0.784], [0.64, 0.5, 0.466], [0.89, 0.75, 0.716], [0.36, 0.5, 0.534], [0.725, 0.809, 0.445], [0.025, 0.941, 0.805], [0.775, 0.809, 0.055], [0.975, 0.941, 0.195], [0.775, 0.691, 0.445], [0.475, 0.559, 0.805], [0.725, 0.691, 0.055], [0.525, 0.559, 0.195], [0.225, 0.809, 0.945], [0.525, 0.941, 0.305], [0.275, 0.809, 0.555], [0.475, 0.941, 0.695], [0.275, 0.691, 0.945], [0.975, 0.559, 0.305], [0.225, 0.691, 0.555], [0.025, 0.559, 0.695], [0.673, 0.843, 0.406], [0.077, 0.907, 0.844], [0.827, 0.843, 0.094], [0.923, 0.907, 0.156], [0.827, 0.657, 0.406], [0.423, 0.593, 0.844], [0.673, 0.657, 0.094], [0.577, 0.593, 0.156], [0.173, 0.843, 0.906], [0.577, 0.907, 0.344], [0.327, 0.843, 0.594], [0.423, 0.907, 0.656], [0.327, 0.657, 0.906], [0.923, 0.593, 0.344], [0.173, 0.657, 0.594], [0.077, 0.593, 0.656], [0.783, 0.871, 0.39], [0.967, 0.879, 0.86], [0.717, 0.871, 0.11], [0.033, 0.879, 0.14], [0.717, 0.629, 0.39], [0.533, 0.621, 0.86], [0.783, 0.629, 0.11], [0.467, 0.621, 0.14], [0.283, 0.871, 0.89], [0.467, 0.879, 0.36], [0.217, 0.871, 0.61], [0.533, 0.879, 0.64], [0.217, 0.629, 0.89], [0.033, 0.621, 0.36], [0.283, 0.629, 0.61], [0.967, 0.621, 0.64], [0.519, 0.847, 0.395], [0.231, 0.903, 0.855], [0.981, 0.847, 0.105], [0.769, 0.903, 0.145], [0.981, 0.653, 