{"gap": [0.012665330886878589], "band_nos": [4], "mid_gap_of_max": 0.46744363977077447, "gap_ranges": [[0.467414038128931, 0.4674732414126179]], "max_gap": 0.012665330886878589, "fill_fraction": 0.12579, "mid_gaps": [0.46744363977077447], "gap_range_of_max": [0.467414038128931, 0.4674732414126179]}