{"mid_gap_of_max": 0.3588074227525665, "band_nos": [5], "_status": {"cP1-Po-12/fc6e5dec/store_strict/0000/eb4c721398639ae0e32fbaf57f704354": 1, "cP1-Po-12/fc6e5dec/strict-mpb-c/0000/cc5ae5b290ea652baa583f1aa5e79e0a": 1, "cP1-Po-12/fc6e5dec/store_fill/0000/ba826bd5bd098a97ad644b847fe01f7f": 1, "cP1-Po-12/fc6e5dec/store_data/0000/1bbb11a8e9624421660589eab7781274": 1, "cP1-Po-12/fc6e5dec/mpb-cP1-Po-1/0000/d6d8fe4dc8f64c3e2e6f9d13b5518a9e": 1, "cP1-Po-12/fc6e5dec/check_runnin/0000/a416ca63f8e510907d90aace35f20229": 1}, "gap_ranges": [[0.3567717649334431, 0.36084308057168996]], "mid_gaps": [0.3588074227525665], "gap_range_of_max": [0.3567717649334431, 0.36084308057168996], "max_gap": 1.1346798812059098, "run_me": true, "gap": [1.1346798812059098], "fill_fraction": 0.492672}