{"gap": [9.31493252034707], "gap_ranges": [[0.865307661496652, 0.9498479202879259]], "mid_gaps": [0.9075777908922888], "gap_range_of_max": [0.865307661496652, 0.9498479202879259], "mid_gap_of_max": 0.9075777908922888, "max_gap": 9.31493252034707, "fill_fraction": 0.087503, "band_nos": [8]}