{"faces": [[[0.1792091642957648, -0.25297584014276153], [-0.13402170928828105, 0.3354002393525672], [0.7604834564901432, 0.7621636868202888], [1.0737143300741894, 0.1737876073249598]], [[-0.7604834564901434, -0.762163686820289], [-1.0737143300741891, -0.17378760732496007], [-0.1792091642957652, 0.25297584014276153], [0.13402170928828064, -0.3354002393525673]], [[-0.7604834564901434, -0.762163686820289], [-1.0737143300741891, -0.17378760732496007], [-0.7604834564901434, 0.3749943557625352], [-0.13402170928828105, 0.3354002393525672], [0.1792091642957648, -0.25297584014276153], [-0.13402170928828117, -0.8017578032302569]], [[-1.0737143300741891, -0.17378760732496007], [-0.7604834564901434, 0.3749943557625352], [0.1340217092882807, 0.8017578032302569], [-0.1792091642957652, 0.25297584014276153]], [[-0.13402170928828105, 0.3354002393525672], [-0.7604834564901434, 0.3749943557625352], [0.1340217092882807, 0.8017578032302569], [0.7604834564901432, 0.7621636868202888]], [[0.13402170928828064, -0.3354002393525673], [-0.1792091642957652, 0.25297584014276153], [0.1340217092882807, 0.8017578032302569], [0.7604834564901432, 0.7621636868202888], [1.0737143300741894, 0.1737876073249598], [0.7604834564901434, -0.3749943557625352]], [[-0.13402170928828117, -0.8017578032302569], [-0.7604834564901434, -0.762163686820289], [0.13402170928828064, -0.3354002393525673], [0.7604834564901434, -0.3749943557625352]], [[-0.13402170928828117, -0.8017578032302569], [0.1792091642957648, -0.25297584014276153], [1.0737143300741894, 0.1737876073249598], [0.7604834564901434, -0.3749943557625352]]], "labels": {"GAMMA": [0.0, 0.0], "M": [0.46984631039295416, 0.2545939233387637], "K": [0.31323087359530266, 0.5487819630867838], "A": [-0.44725258288921205, -0.2133817237338608], "L": [0.022593727503742115, 0.04121219960490291], "H": [-0.13402170929390936, 0.335400239352923]}, "label_positions": {"GAMMA": [0.05, 0.05], "M": [0.5198463103929541, 0.3045939233387637], "K": [0.36323087359530265, 0.5987819630867839], "A": [-0.44725258288921205, -0.16338172373386078], "L": [0.07259372750374211, 0.09121219960490291], "H": [-0.08402170929390936, 0.385400239352923]}, "zorder": [1, 0, 1, 0, 1, 0, 0, 1]}