{"gap_range_of_max": [0.4838559313193936, 0.5090919656886673], "mid_gaps": [0.4964739485040305], "gap": [5.083053087742995], "max_gap": 5.083053087742995, "mid_gap_of_max": 0.4964739485040305, "band_nos": [2], "gap_ranges": [[0.4838559313193936, 0.5090919656886673]], "fill_fraction": 0.213496}