{"fill_fraction": 0.339138, "max_gap": 1.8473470429579935, "mid_gaps": [0.5860918800183502], "gap": [1.8473470429579935], "band_nos": [16], "_status": {"cP44-O8W2Zr-/234b3515/check_runnin/0000/c8cb77bf0d3709e13897b212eae89446": 1, "cP44-O8W2Zr-/234b3515/strict-mpb-c/0000/224bc2f8884f1888c5643077eacd5fb2": 1, "cP44-O8W2Zr-/234b3515/mpb-cP44-O8W/0000/b1c0eb4e5c2c73409948032805abd1a9": 1, "cP44-O8W2Zr-/234b3515/store_strict/0000/688ec58be37118fd4c44b04c85382e93": 1, "cP44-O8W2Zr-/234b3515/store_data/0000/e5c6a8f7d499cc7aa1184e206179c3bc": 1, "cP44-O8W2Zr-/234b3515/store_fill/0000/0aa59dd37d9e43ac4cf4927839d57470": 1}, "gap_range_of_max": [0.580678304511082, 0.5915054555256184], "mid_gap_of_max": 0.5860918800183502, "gap_ranges": [[0.580678304511082, 0.5915054555256184]], "run_me": true}