{"gap": [2.7635131426906865, 1.5000122475678428], "band_nos": [8, 17], "gap_range_of_max": [0.535360568617912, 0.5503626201249878], "gap_ranges": [[0.535360568617912, 0.5503626201249878], [0.689573898509213, 0.6999957560123682]], "mid_gap_of_max": 0.5428615943714499, "mid_gaps": [0.5428615943714499, 0.6947848272607906], "max_gap": 2.7635131426906865, "fill_fraction": 0.349802}