{"mid_gap_of_max": 0.5450278550494938, "max_gap": 0.2338725600339557, "gap_range_of_max": [0.54439051975074, 0.5456651903482475], "mid_gaps": [0.5450278550494938], "band_nos": [4], "gap": [0.2338725600339557], "fill_fraction": 0.14527, "gap_ranges": [[0.54439051975074, 0.5456651903482475]]}