{"mid_gaps": [0.4244060206540315], "band_nos": [8], "max_gap": 4.678201045285748, "gap_ranges": [[0.4144787372067852, 0.4343333041012778]], "fill_fraction": 0.462532, "gap_range_of_max": [0.4144787372067852, 0.4343333041012778], "mid_gap_of_max": 0.4244060206540315, "gap": [4.678201045285748], "strict_calculated": true}