{"gap_range_of_max": [0.3892932066214233, 0.4241751473520388], "max_gap": 8.576102699073997, "fill_fraction": 0.418676, "gap_ranges": [[0.3892932066214233, 0.4241751473520388]], "mid_gaps": [0.4067341769867311], "mid_gap_of_max": 0.4067341769867311, "gap": [8.576102699073997], "band_nos": [2]}