{"gap_range_of_max": [0.3210988786675782, 0.3308324017395849], "mid_gap_of_max": 0.32596564020358154, "max_gap": 2.986057998606105, "mid_gaps": [0.32596564020358154, 0.5188025050669253], "band_nos": [2, 8], "gap": [2.986057998606105, 0.10925567587860892], "gap_ranges": [[0.3210988786675782, 0.3308324017395849], [0.518519094475232, 0.5190859156586185]], "fill_fraction": 0.448193}