{"gap_ranges": [[0.3828410020914976, 0.3966789697923285]], "gap": [3.550381824698945], "band_nos": [8], "mid_gap_of_max": 0.389759985941913, "fill_fraction": 0.637621, "max_gap": 3.550381824698945, "mid_gaps": [0.389759985941913], "gap_range_of_max": [0.3828410020914976, 0.3966789697923285], "strict_calculated": true}