{"run_me": true, "mid_gap_of_max": 0.958411336655905, "gap": [0.9020067730777529], "gap_ranges": [[0.954088869070614, 0.9627338042411961]], "band_nos": [17], "max_gap": 0.9020067730777529, "gap_range_of_max": [0.954088869070614, 0.9627338042411961], "mid_gaps": [0.958411336655905], "fill_fraction": 0.07025, "_status": {"cP7-B6Si_r-1/380927e8/store_fill/0000/a1d5bcbaef7079934bb0add40328460c": 1, "cP7-B6Si_r-1/380927e8/store_data/0000/a2933c4690e607de5efed844d977ca92": 1, "cP7-B6Si_r-1/380927e8/store_strict/0000/89203ef2f9d824763a74052e4bf6137d": 1, "cP7-B6Si_r-1/380927e8/check_runnin/0000/c70a2a77d1edc8a5d386ce9f327e5866": 1, "cP7-B6Si_r-1/380927e8/mpb-cP7-B6Si/0000/65d47c52265a372054eee00dd09b7c0f": 4, "cP7-B6Si_r-1/380927e8/strict-mpb-c/0000/f8e8758d52a364d32c1433877393a427": 1}}