{"max_gap": 1.1374014079506065, "mid_gap_of_max": 1.1005023451069302, "gap": [1.1374014079506065], "fill_fraction": 0.156886, "band_nos": [12], "mid_gaps": [1.1005023451069302], "gap_ranges": [[1.09424378052304, 1.1067609096908206]], "gap_range_of_max": [1.09424378052304, 1.1067609096908206]}