{"fill_fraction": 0.411664, "band_nos": [2], "strict_calculated": true, "gap_range_of_max": [0.267273669604857, 0.2945572680994915], "mid_gaps": [0.2809154688521742], "mid_gap_of_max": 0.2809154688521742, "max_gap": 9.712387361975928, "gap": [9.712387361975928], "gap_ranges": [[0.267273669604857, 0.2945572680994915]]}