{"band_nos": [8], "gap_ranges": [[0.4987601607155058, 0.6429566244534272]], "max_gap": 25.259585496342766, "strict_calculated": true, "gap": [25.259585496342766], "mid_gap_of_max": 0.5708583925844665, "gap_range_of_max": [0.4987601607155058, 0.6429566244534272], "mid_gaps": [0.5708583925844665], "fill_fraction": 0.25118}