{"mid_gap_of_max": 0.4247019151930611, "max_gap": 1.0700842572748148, "gap": [1.0700842572748148], "gap_ranges": [[0.422429581025648, 0.4269742493604743]], "fill_fraction": 0.23281, "gap_range_of_max": [0.422429581025648, 0.4269742493604743], "mid_gaps": [0.4247019151930611], "run_me": true, "band_nos": [4]}