{"mid_gap_of_max": 0.6481194616826673, "fill_fraction": 0.279877, "gap": [1.8693966909561153], "band_nos": [11], "_status": {"tP7-Cu2HgI4_/3a12a46a/check_runnin/0000/fb874e4632ae78e3bedcdaa21b986596": 1, "tP7-Cu2HgI4_/3a12a46a/strict-mpb-t/0000/a753513887fb7d2f8b9a5b8c592d4d15": 1, "tP7-Cu2HgI4_/3a12a46a/mpb-tP7-Cu2H/0000/2e3ece2677f9f0c4465cd0a1464e6fec": 1, "tP7-Cu2HgI4_/3a12a46a/store_fill/0000/e517a1363aada33d01b0e1c51368e41d": 1, "tP7-Cu2HgI4_/3a12a46a/store_strict/0000/3c904fbaeaf1e62f275f034baa5624d6": 1, "tP7-Cu2HgI4_/3a12a46a/store_data/0000/02b69e46917712c58e5b23a8768ba2e1": 1}, "gap_ranges": [[0.642061499797598, 0.6541774235677366]], "max_gap": 1.8693966909561153, "gap_range_of_max": [0.642061499797598, 0.6541774235677366], "mid_gaps": [0.6481194616826673]}