{"max_gap": 0.06647558915572867, "mid_gaps": [0.27444702833344503], "gap": [0.06647558915572867], "fill_fraction": 0.373331, "strict_calculated": true, "gap_range_of_max": [0.2743558081939425, 0.2745382484729476], "band_nos": [2], "mid_gap_of_max": 0.27444702833344503, "gap_ranges": [[0.2743558081939425, 0.2745382484729476]]}