{"gap": [3.43157017167129], "fill_fraction": 0.421568, "mid_gap_of_max": 0.318849063329249, "max_gap": 3.43157017167129, "mid_gaps": [0.318849063329249], "band_nos": [2], "gap_range_of_max": [0.313378298654319, 0.324319828004179], "gap_ranges": [[0.313378298654319, 0.324319828004179]]}