{"strict_gap_range_of_max": [0.60424192936491, 0.6043023628267904], "gap": [0.01000103384903644], "gap_ranges": [[0.60424192936491, 0.6043023628267904]], "fill_fraction": 0.119435, "band_nos": [6], "_status": {"cI2-W/3dfc5976/store_strict/0000/e292bd403defaa863364b19ed28da46c": 1, "cI2-W/3dfc5976/store_gap/0000/51ffe3744573324a081a6d046e7ea390": 1, "cI2-W/3dfc5976/store_mid_ga/0000/6071e4dec3e8f00fbb063fcb01720dd4": 1, "cI2-W/3dfc5976/mpb-cI2-W/0000/f707fcf61834dbbd502b4019df1d8c36": 1, "cI2-W/3dfc5976/store_strict/0000/26a24c11a131e5c089c08fa0be629570": 1, "cI2-W/3dfc5976/strict-mpb-c/0000/1db03f0f65bcdf6a23d80b85b593fdff": 4, "cI2-W/3dfc5976/store_ff/0000/f5299fcbbd8d426d84589487fcea1064": 1, "cI2-W/3dfc5976/calculate/0000/a1bd2fb1d95f33e38a6bae1ca4d42b19": 1, "cI2-W/3dfc5976/strict_calcu/0000/33ef27d5fc6daddd617c409671647904": 1}, "run_me": true, "strict_mid_gaps": [0.6042721460958502], "strict_mid_gap_of_max": 0.6042721460958502, "mid_gaps": [0.6042721460958502], "gap_range_of_max": [0.60424192936491, 0.6043023628267904], "max_gap": 0.01000103384903644, "mid_gap_of_max": 0.6042721460958502, "strict_max_gap": 0.01000103384903644, "strict_gap": [0.01000103384903644], "strict_gap_ranges": [[0.60424192936491, 0.6043023628267904]], "recalc_mid_gaps": true}