{"gap_ranges": [[0.415003481664215, 0.42030021304928517]], "fill_fraction": 0.326449, "gap_range_of_max": [0.415003481664215, 0.42030021304928517], "mid_gap_of_max": 0.4176518473567501, "band_nos": [5], "mid_gaps": [0.4176518473567501], "max_gap": 1.2682169176532514, "gap": [1.2682169176532514]}