{"gap_ranges": [[0.4886191668789322, 0.4947370770433274]], "gap": [1.2442917207690658], "max_gap": 1.2442917207690658, "band_nos": [5], "gap_range_of_max": [0.4886191668789322, 0.4947370770433274], "_status": {"hR1-Hg-10/5cf1c793/store_strict/0000/cb3ba7f9a56b50a6957ba5ad8b1ab0a4": 1, "hR1-Hg-10/5cf1c793/check_runnin/0000/e94447e6a1d1e0f57589ad3a1ae638b8": 1, "hR1-Hg-10/5cf1c793/store_fill/0000/e7ed6d3c939ca95537c007c2cf1913c5": 1, "hR1-Hg-10/5cf1c793/mpb-hR1-Hg-1/0000/9bba252d2d100f770cb057635fdc37f8": 7, "hR1-Hg-10/5cf1c793/store_data/0000/40d132b51b658aad32ac1582f45063c9": 1, "hR1-Hg-10/5cf1c793/strict-mpb-h/0000/ad167ea23e14808848b2838306ba85e7": 1}, "fill_fraction": 0.246526, "mid_gap_of_max": 0.4916781219611298, "run_me": true, "mid_gaps": [0.4916781219611298]}