{"gap": [10.358553873556984], "max_gap": 10.358553873556984, "band_nos": [2], "gap_ranges": [[0.479135231226572, 0.5314776722567943]], "gap_range_of_max": [0.479135231226572, 0.5314776722567943], "fill_fraction": 0.212755, "mid_gap_of_max": 0.5053064517416832, "mid_gaps": [0.5053064517416832]}