{"fill_fraction": 0.514074, "gap_ranges": [[1.134155349669453, 1.1578922472934512]], "mid_gaps": [1.146023798481452], "gap_range_of_max": [1.134155349669453, 1.1578922472934512], "mid_gap_of_max": 1.146023798481452, "max_gap": 2.0712395026569332, "band_nos": [12], "gap": [2.0712395026569332]}