{"gap_ranges": [[0.320806335518158, 0.38341852160991724]], "strict_calculated": true, "mid_gaps": [0.3521124285640376], "gap_range_of_max": [0.320806335518158, 0.38341852160991724], "fill_fraction": 0.330761, "mid_gap_of_max": 0.3521124285640376, "max_gap": 17.781873348549357, "band_nos": [4], "gap": [17.781873348549357]}