{"strict_calculated": true, "gap": [12.772386160203187], "gap_range_of_max": [0.59200360502188, 0.6727747957292702], "fill_fraction": 0.298127, "mid_gaps": [0.6323892003755751], "gap_ranges": [[0.59200360502188, 0.6727747957292702]], "mid_gap_of_max": 0.6323892003755751, "max_gap": 12.772386160203187, "band_nos": [8]}