{"gap_ranges": [[0.329240391471053, 0.3320296591691206]], "gap_range_of_max": [0.329240391471053, 0.3320296591691206], "max_gap": 0.8436092623178093, "gap": [0.8436092623178093], "fill_fraction": 0.364319, "band_nos": [4], "mid_gaps": [0.3306350253200868], "mid_gap_of_max": 0.3306350253200868}