{
  "structure": "hR8-Si",
  "nbands": 20,
  "lattice_vectors": [
    [
      1.0,
      0.0,
      0.0
    ],
    [
      -0.34316793389327965,
      0.9392740649865471,
      0.0
    ],
    [
      -0.34316793389327965,
      -0.4907323452681649,
      0.8008854689993926
    ]
  ],
  "basis": [
    [
      0.2921,
      0.2921,
      0.2921
    ],
    [
      0.7079,
      0.7079,
      0.7079
    ],
    [
      0.458,
      0.9631,
      0.2645
    ],
    [
      0.542,
      0.0369,
      0.7355
    ],
    [
      0.2645,
      0.458,
      0.9631
    ],
    [
      0.7355,
      0.542,
      0.0369
    ],
    [
      0.9631,
      0.2645,
      0.458
    ],
    [
      0.0369,
      0.7355,
      0.542
    ]
  ]
}