{"max_gap": 4.932168372001966, "fill_fraction": 0.562694, "gap_range_of_max": [0.871251203825037, 0.9153092896274095], "band_nos": [12], "mid_gaps": [0.8932802467262233], "gap_ranges": [[0.871251203825037, 0.9153092896274095]], "gap": [4.932168372001966], "mid_gap_of_max": 0.8932802467262233}