{"max_gap": 21.66338168379237, "gap": [21.66338168379237], "gap_range_of_max": [0.317019181897801, 0.39403878228473416], "fill_fraction": 0.299927, "mid_gap_of_max": 0.3555289820912676, "band_nos": [4], "gap_ranges": [[0.317019181897801, 0.39403878228473416]], "mid_gaps": [0.3555289820912676]}