{
  "structure": "oC32-Ti0.73InFe0.23O2",
  "nbands": 20,
  "basis": [
    [
      0.334,
      0.0,
      0.25
    ],
    [
      0.666,
      0.0,
      0.75
    ],
    [
      0.834,
      0.5,
      0.25
    ],
    [
      0.166,
      0.5,
      0.75
    ],
    [
      0.3317,
      0.0,
      0.0851
    ],
    [
      0.6683,
      0.0,
      0.9149
    ],
    [
      0.6683,
      0.0,
      0.5851
    ],
    [
      0.3317,
      0.0,
      0.4149
    ],
    [
      0.8317,
      0.5,
      0.0851
    ],
    [
      0.1683,
      0.5,
      0.9149
    ],
    [
      0.1683,
      0.5,
      0.5851
    ],
    [
      0.8317,
      0.5,
      0.4149
    ],
    [
      0.0,
      0.0,
      0.0
    ],
    [
      0.0,
      0.0,
      0.5
    ],
    [
      0.5,
      0.5,
      0.0
    ],
    [
      0.5,
      0.5,
      0.5
    ]
  ],
  "lattice_vectors": [
    [
      1.0,
      0.0,
      0.0
    ],
    [
      0.0,
      0.5739502922,
      0.0
    ],
    [
      0.0,
      0.0,
      2.0706083462
    ]
  ]
}