{"band_nos": [8], "gap_range_of_max": [0.569115052500147, 0.5976427170683701], "mid_gap_of_max": 0.5833788847842586, "gap": [4.890074925967309], "gap_ranges": [[0.569115052500147, 0.5976427170683701]], "mid_gaps": [0.5833788847842586], "max_gap": 4.890074925967309, "fill_fraction": 0.40609}