{"max_gap": 0.9222937878391639, "band_nos": [8], "mid_gaps": [0.5592765430455617], "gap": [0.9222937878391639], "gap_ranges": [[0.556697456638886, 0.5618556294522375]], "gap_range_of_max": [0.556697456638886, 0.5618556294522375], "mid_gap_of_max": 0.5592765430455617, "fill_fraction": 0.331025}