{"mid_gap_of_max": 0.2841123794694462, "band_nos": [2], "gap_ranges": [[0.280176334370947, 0.2880484245679453]], "gap": [2.770766346647029], "gap_range_of_max": [0.280176334370947, 0.2880484245679453], "max_gap": 2.770766346647029, "fill_fraction": 0.620607, "mid_gaps": [0.2841123794694462]}