{
  "structure": "cI40-Re3As7_r",
  "nbands": 20,
  "basis": [
    [
      -0.062,
      -0.062,
      -0.45
    ],
    [
      0.262,
      0.262,
      -0.45
    ],
    [
      -0.062,
      -0.4,
      -0.112
    ],
    [
      0.262,
      -0.4,
      0.212
    ],
    [
      -0.4,
      0.262,
      0.212
    ],
    [
      -0.4,
      -0.062,
      -0.112
    ],
    [
      -0.15,
      0.35,
      0.05
    ],
    [
      0.35,
      -0.15,
      0.05
    ],
    [
      0.35,
      0.1,
      -0.2
    ],
    [
      -0.15,
      0.1,
      0.3
    ],
    [
      0.1,
      0.35,
      -0.2
    ],
    [
      0.1,
      -0.15,
      0.3
    ],
    [
      -0.064,
      0.6,
      0.55
    ],
    [
      0.264,
      -0.4,
      -0.45
    ],
    [
      0.264,
      0.264,
      0.214
    ],
    [
      -0.064,
      -0.064,
      -0.114
    ],
    [
      -0.4,
      -0.4,
      -0.114
    ],
    [
      0.6,
      -0.4,
      0.214
    ],
    [
      -0.4,
      -0.064,
      -0.45
    ],
    [
      -0.4,
      0.264,
      0.55
    ]
  ],
  "lattice_vectors": [
    [
      -0.5773502692,
      0.5773502692,
      0.5773502692
    ],
    [
      0.5773502692,
      -0.5773502692,
      0.5773502692
    ],
    [
      0.5773502692,
      0.5773502692,
      -0.5773502692
    ]
  ]
}