{"gap": [3.218637531584402], "mid_gaps": [0.34424614634649064], "band_nos": [4], "gap_range_of_max": [0.33870612851282, 0.34978616418016123], "mid_gap_of_max": 0.34424614634649064, "max_gap": 3.218637531584402, "fill_fraction": 0.456112, "gap_ranges": [[0.33870612851282, 0.34978616418016123]]}