{"gap": [13.764287146216171], "band_nos": [4], "max_gap": 13.764287146216171, "gap_ranges": [[0.553855347614317, 0.6357238993030705]], "mid_gaps": [0.5947896234586938], "mid_gap_of_max": 0.5947896234586938, "gap_range_of_max": [0.553855347614317, 0.6357238993030705], "fill_fraction": 0.088439}