{"gap": [18.975855596367058], "fill_fraction": 0.190541, "max_gap": 18.975855596367058, "gap_ranges": [[0.370782824670781, 0.4485174424671534]], "gap_range_of_max": [0.370782824670781, 0.4485174424671534], "mid_gaps": [0.4096501335689672], "mid_gap_of_max": 0.4096501335689672, "band_nos": [2]}