{"gap_range_of_max": [0.575223226244364, 0.5765073289785541], "gap_ranges": [[0.575223226244364, 0.5765073289785541]], "band_nos": [8], "fill_fraction": 0.450274, "mid_gaps": [0.575865277611459], "mid_gap_of_max": 0.575865277611459, "gap": [0.22298665748977323], "max_gap": 0.22298665748977323}