{"gap": [1.5496308824681633], "band_nos": [6], "mid_gaps": [0.4147420648410054], "max_gap": 1.5496308824681633, "fill_fraction": 0.357133, "mid_gap_of_max": 0.4147420648410054, "gap_range_of_max": [0.411528579281324, 0.41795555040068677], "_status": {"hP21-NaAlSiO/d0fa861f/check_runnin/0000/012fdc754749951858b3d4a335446a98": 1, "hP21-NaAlSiO/d0fa861f/store_fill/0000/650632e66087a525146c42b2388b2186": 1, "hP21-NaAlSiO/d0fa861f/strict-mpb-h/0000/1c4098a2c35a15cdf6f72577070337ec": 1, "hP21-NaAlSiO/d0fa861f/mpb-hP21-NaA/0000/018203730406bcf7cdd681adaef6dd6d": 1, "hP21-NaAlSiO/d0fa861f/store_data/0000/c01ae5e0bd7ae2489a383d5489717c6c": 1, "hP21-NaAlSiO/d0fa861f/store_strict/0000/108e4572407244f69e2ab1fe3b97955b": 1}, "gap_ranges": [[0.411528579281324, 0.41795555040068677]]}