{"gap_range_of_max": [0.4258737467624436, 0.42789119185204144], "mid_gaps": [0.4268824693072425], "gap_ranges": [[0.4258737467624436, 0.42789119185204144]], "fill_fraction": 0.386722, "band_nos": [8], "max_gap": 0.4725996579039073, "gap": [0.4725996579039073], "mid_gap_of_max": 0.4268824693072425}