{"band_nos": [12], "max_gap": 2.8097755206834134, "gap_range_of_max": [0.533670477239641, 0.5488790835183635], "gap_ranges": [[0.533670477239641, 0.5488790835183635]], "gap": [2.8097755206834134], "fill_fraction": 0.419151, "mid_gap_of_max": 0.5412747803790022, "mid_gaps": [0.5412747803790022]}