{"max_gap": 20.16246496249696, "fill_fraction": 0.260045, "gap_ranges": [[0.3566519142803553, 0.43662389258828244]], "mid_gaps": [0.3966379034343189], "band_nos": [2], "gap_range_of_max": [0.3566519142803553, 0.43662389258828244], "gap": [20.16246496249696], "mid_gap_of_max": 0.3966379034343189}