{"run_me": true, "fill_fraction": 0.286154, "gap_ranges": [[0.60778387742497, 0.6091862231051137]], "max_gap": 0.2304651000925851, "mid_gap_of_max": 0.6084850502650418, "band_nos": [16], "mid_gaps": [0.6084850502650418], "gap_range_of_max": [0.60778387742497, 0.6091862231051137], "_status": {"tP8-Cs_r-14/b126f2e8/check_runnin/0000/d8b224bc553880a3e79918a85dd5360c": 1, "tP8-Cs_r-14/b126f2e8/store_strict/0000/fe84c36c5d98b0d076cebb5162144ad9": 1, "tP8-Cs_r-14/b126f2e8/strict-mpb-t/0000/f23c03d76f44e0a289ccadbe4485d759": 1, "tP8-Cs_r-14/b126f2e8/store_data/0000/704b28ddfcc1ad83119fcd0ca226dbf4": 1, "tP8-Cs_r-14/b126f2e8/mpb-tP8-Cs_r/0000/4bb95e0dd0c9ce5073f81a63ebce557a": 4, "tP8-Cs_r-14/b126f2e8/store_fill/0000/3da4479501b3562f4d88ccf8ace1b33d": 1}, "gap": [0.2304651000925851]}