{"gap": [13.27572937021256], "fill_fraction": 0.115495, "gap_range_of_max": [0.4412898764839915, 0.5040395656835425], "gap_ranges": [[0.4412898764839915, 0.5040395656835425]], "mid_gaps": [0.472664721083767], "band_nos": [4], "max_gap": 13.27572937021256, "mid_gap_of_max": 0.472664721083767}