{"band_nos": [16], "gap_range_of_max": [0.64348169801419, 0.6516348640182783], "gap": [1.259062889487608], "fill_fraction": 0.217206, "gap_ranges": [[0.64348169801419, 0.6516348640182783]], "mid_gap_of_max": 0.6475582810162341, "mid_gaps": [0.6475582810162341], "max_gap": 1.259062889487608}