{"gap_range_of_max": [0.2981885400405177, 0.34312884028377444], "mid_gaps": [0.3206586901621461], "gap_ranges": [[0.2981885400405177, 0.34312884028377444]], "max_gap": 14.014995265068885, "fill_fraction": 0.425774, "gap": [14.014995265068885], "mid_gap_of_max": 0.3206586901621461, "band_nos": [4]}