{"fill_fraction": 0.410284, "strict_calculated": true, "max_gap": 0.7612823984278613, "gap_range_of_max": [0.2761060545048933, 0.2782160327453102], "gap": [0.7612823984278613], "mid_gap_of_max": 0.27716104362510174, "mid_gaps": [0.27716104362510174], "band_nos": [4], "gap_ranges": [[0.2761060545048933, 0.2782160327453102]]}