{"fill_fraction": 0.1374, "mid_gap_of_max": 0.7716751603884002, "gap_range_of_max": [0.764241907668095, 0.7791084131087055], "mid_gaps": [0.7716751603884002], "max_gap": 1.926523776290446, "gap": [1.926523776290446], "gap_ranges": [[0.764241907668095, 0.7791084131087055]], "band_nos": [16]}