{"mid_gap_of_max": 0.5684513032663603, "band_nos": [8], "max_gap": 18.82492213612252, "fill_fraction": 0.273402, "mid_gaps": [0.5684513032663603], "gap": [18.82492213612252], "gap_ranges": [[0.514946045655527, 0.6219565608771934]], "gap_range_of_max": [0.514946045655527, 0.6219565608771934]}