{"band_nos": [4], "gap": [24.121531684899306], "gap_ranges": [[0.4244198400738364, 0.5408372357689063]], "gap_range_of_max": [0.4244198400738364, 0.5408372357689063], "mid_gaps": [0.48262853792137134], "fill_fraction": 0.164484, "mid_gap_of_max": 0.48262853792137134, "max_gap": 24.121531684899306}