{"gap": [5.003688320333067], "band_nos": [8], "gap_range_of_max": [0.72292047327347, 0.7600213671056656], "mid_gap_of_max": 0.7414709201895677, "fill_fraction": 0.14071, "mid_gaps": [0.7414709201895677], "gap_ranges": [[0.72292047327347, 0.7600213671056656]], "max_gap": 5.003688320333067}