{"mid_gap_of_max": 0.3436105643277979, "fill_fraction": 0.21722, "mid_gaps": [0.3436105643277979, 0.5938562272088871], "gap": [4.671137214342077, 0.06818367546441101], "gap_ranges": [[0.33558530385643, 0.3516358247991658], [0.593653770707544, 0.5940586837102302]], "band_nos": [2, 13], "max_gap": 4.671137214342077, "gap_range_of_max": [0.33558530385643, 0.3516358247991658]}