{"wyckoffs": ["p", "p", "p", "p", "p", "p", "p", "p", "n", "n", "n", "n", "p", "p", "p", "p", "p", "p", "p", "p", "m", "m", "m", "m", "p", "p", "p", "p", "p", "p", "p", "p", "m", "m", "m", "m", "i", "i", "p", "p", "p", "p", "p", "p", "p", "p", "p", "p", "p", "p", "p", "p", "p", "p", "p", "p", "p", "p", "p", "p", "p", "p", "p", "p", "p", "p", "p", "p", "p", "p", "d", "d", "n", "n", "n", "n", "n", "n", "n", "n", "m", "m", "m", "m", "o", "o", "o", "o", "p", "p", "p", "p", "p", "p", "p", "p", "m", "m", "m", "m", "c", "c", "k", "k", "k", "k", "j", "j", "j", "j", "m", "m", "m", "m"], "std_lattice": [[0.7346000984, 0.0, 0.0], [0.0, 1.3473535796, 0.0], [0.0, 0.0, 1.4780522086]], "equivalent_atoms": [0, 0, 0, 0, 0, 0, 0, 0, 8, 8, 8, 8, 12, 12, 12, 12, 12, 12, 12, 12, 20, 20, 20, 20, 24, 24, 24, 24, 24, 24, 24, 24, 32, 32, 32, 32, 36, 36, 38, 38, 38, 38, 38, 38, 38, 38, 46, 46, 46, 46, 46, 46, 46, 46, 54, 54, 54, 54, 54, 54, 54, 54, 62, 62, 62, 62, 62, 62, 62, 62, 70, 70, 72, 72, 72, 72, 76, 76, 76, 76, 80, 80, 80, 80, 84, 84, 84, 84, 88, 88, 88, 88, 88, 88, 88, 88, 96, 96, 96, 96, 100, 100, 102, 102, 102, 102, 106, 106, 106, 106, 110, 110, 110, 110], "std_positions": [[0.697, 0.9, 0.648], [0.303, 0.6, 0.852], [0.697, 0.6, 0.852], [0.303, 0.9, 0.648], [0.803, 0.9, 0.852], [0.197, 0.6, 0.648], [0.803, 0.6, 0.648], [0.197, 0.9, 0.852], [0.71, 0.0, 0.803], [0.79, 0.0, 0.697], [0.21, 0.0, 0.697], [0.29, 0.0, 0.803], [0.613, 0.934, 0.554], [0.387, 0.566, 0.946], [0.613, 0.566, 0.946], [0.387, 0.934, 0.554], [0.887, 0.934, 0.946], [0.113, 0.566, 0.554], [0.887, 0.566, 0.554], [0.113, 0.934, 0.946], [0.5, 0.804, 0.78], [0.5, 0.696, 0.72], [0.0, 0.804, 0.72], [0.0, 0.696, 0.78], [0.713, 0.807, 0.807], [0.287, 0.693, 0.693], [0.713, 0.693, 0.693], [0.287, 0.807, 0.807], [0.787, 0.807, 0.693], [0.213, 0.693, 0.807], [0.787, 0.693, 0.807], [0.213, 0.807, 0.693], [0.5, 0.899, 0.705], [0.5, 0.601, 0.795], [0.0, 0.899, 0.795], [0.0, 0.601, 0.705], [0.5, 0.0, 0.77], [0.0, 0.0, 0.73], [0.683, 0.905, 0.591], [0.317, 0.595, 0.909], [0.683, 0.595, 0.909], [0.317, 0.905, 0.591], [0.817, 0.905, 0.909], [0.183, 0.595, 0.591], [0.817, 0.595, 0.591], [0.183, 0.905, 0.909], [0.595, 0.897, 0.673], [0.405, 0.603, 0.827], [0.595, 0.603, 0.827], [0.405, 0.897, 0.673], [0.905, 0.897, 0.827], [0.095, 0.603, 0.673], [0.905, 0.603, 0.673], [0.095, 0.897, 0.827], [0.751, 0.846, 0.653], [0.249, 0.654, 0.847], [0.751, 0.654, 0.847], [0.249, 0.846, 0.653], [0.749, 0.846, 0.847], [0.251, 0.654, 0.653], [0.749, 0.654, 0.653], [0.251, 0.846, 0.847], [0.755, 0.948, 0.669], [0.245, 0.552, 0.831], [0.755, 0.552, 0.831], [0.245, 0.948, 0.669], [0.745, 0.948, 0.831], [0.255, 0.552, 0.669], [0.745, 0.552, 0.669], [0.255, 0.948, 0.831], [0.75, 0.0, 0.75], [0.25, 0.0, 0.75], [0.595, 0.0, 0.804], [0.905, 0.0, 0.696], [0.095, 0.0, 0.696], [0.405, 0.0, 0.804], [0.62, 0.0, 0.558], [0.88, 0.0, 0.942], [0.12, 0.0, 0.942], [0.38, 0.0, 0.558], [0.5, 0.917, 0.563], [0.5, 0.583, 0.937], [0.0, 0.917, 0.937], [0.0, 0.583, 0.563], [0.143, 0.916, 0.0], [0.357, 0.584, 0.0], [0.643, 0.584, 0.0], [0.857, 0.916, 0.0], [0.403, 0.807, 0.813], [0.597, 0.693, 0.687], [0.403, 0.693, 0.687], [0.597, 0.807, 0.813], [0.097, 0.807, 0.687], [0.903, 0.693, 0.813], [0.097, 0.693, 0.813], [0.903, 0.807, 0.687], [0.5, 0.852, 0.743], [0.5, 0.648, 0.757], [0.0, 0.852, 0.757], [0.0, 0.648, 0.743], [0.5, 0.75, 0.75], [0.0, 0.75, 0.75], [0.75, 0.815, 0.75], [0.25, 0.685, 0.75], [0.75, 0.685, 0.75], [0.25, 0.815, 0.75], [0.75, 0.75, 0.826], [0.25, 0.75, 0.674], [0.75, 0.75, 0.674], [0.25, 0.75, 0.826], [0.5, 0.95, 0.736], [0.5, 0.55, 0.764], [0.0, 0.95, 0.764], [0.0, 0.55, 0.736], [0.697, 0.4, 0.148], [0.303, 0.1, 0.352], [0.697, 0.1, 0.352], [0.303, 0.4, 0.148], [0.803, 0.4, 0.352], [0.197, 0.1, 0.148], [0.803, 0.1, 0.148], [0.197, 0.4, 0.352], [0.71, 0.5, 0.303], [0.79, 0.5, 0.197], [0.21, 0.5, 0.197], [0.29, 0.5, 0.303], [0.613, 0.434, 0.054], [0.387, 0.066, 0.446], [0.613, 0.066, 0.446], [0.387, 0.434, 0.054], [0.887, 0.434, 0.446], [0.113, 0.066, 0.054], [0.887, 0.066, 0.054], [0.113, 0.434, 0.446], [0.5, 0.304, 0.28], [0.5, 0.196, 0.22], [0.0, 0.304, 0.22], [0.0, 0.196, 0.28], [0.713, 0.307, 0.307], [0.287, 0.193, 0.193], [0.713, 0.193, 0.193], [0.287, 0.307, 0.307], [0.787, 0.307, 0.193], [0.213, 0.193, 0.307], [0.787, 0.193, 0.307], [0.213, 0.307, 0.193], [0.5, 0.399, 0.205], [0.5, 0.101, 0.295], [0.0, 0.399, 0.295], [0.0, 0.101, 0.205], [0.5, 0.5, 0.27], [0.0, 0.5, 0.23], [0.683, 0.405, 0.091], [0.317, 0.095, 0.409], [0.683, 0.095, 0.409], [0.317, 0.405, 0.091], [0.817, 0.405, 0.409], [0.183, 0.095, 0.091], [0.817, 0.095, 0.091], [0.183, 0.405, 0.409], [0.595, 0.397, 0.173], [0.405, 0.103, 0.327], [0.595, 0.103, 0.327], [0.405, 0.397, 0.173], [0.905, 0.397, 0.327], [0.095, 0.103, 0.173], [0.905, 0.103, 0.173], [0.095, 0.397, 0.327], [0.751, 0.346, 0.153], [0.249, 0.154, 0.347], [0.751, 0.154, 0.347], [0.249, 0.346, 0.153], [0.749, 0.346, 0.347], [0.251, 0.154, 0.153], [0.749, 0.154, 0.153], [0.251, 0.346, 0.347], [0.755, 0.448, 0.169], [0.245, 0.052, 0.331], [0.755, 0.052, 0.331], [0.245, 0.448, 0.169], [0.745, 0.448, 0.331], [0.255, 0.052, 0.169], [0.745, 0.052, 0.169], [0.255, 0.448, 0.331], [0.75, 0.5, 0.25], [0.25, 0.5, 0.25], [0.595, 0.5, 0.304], [0.905, 0.5, 0.196], [0.095, 0.5, 0.196], [0.405, 0.5, 0.304], [0.62, 0.5, 0.058], [0.88, 0.5, 0.442], [0.12, 0.5, 0.442], [0.38, 0.5, 0.058], [0.5, 0.417, 0.063], [0.5, 0.083, 0.437], [0.0, 0.417, 0.437], [0.0, 0.083, 0.063], [0.143, 0.416, 0.5], [0.357, 0.084, 0.5], [0.643, 0.084, 0.5], [0.857, 0.416, 0.5], [0.403, 0.307, 0.313], [0.597, 0.193, 0.187], [0.403, 0.193, 0.187], [0.597, 0.307, 0.313], [0.097, 0.307, 0.187], [0.903, 0.193, 0.313], [0.097, 0.193, 0.313], [0.903, 0.307, 0.187], [0.5, 0.352, 0.243], [0.5, 0.148, 0.257], [0.0, 0.352, 0.257], [0.0, 0.148, 0.243], [0.5, 0.25, 0.25], [0.0, 0.25, 0.25], [0.75, 0.315, 0.25], [0.25, 0.185, 0.25], [0.75, 0.185, 0.25], [0.25, 0.315, 0.25], [0.75, 0.25, 0.326], [0.25, 0.25, 0.174], [0.75, 0.25, 0.174], [0.25, 0.25, 0.326], [0.5, 0.45, 0.236], [0.5, 0.05, 0.264], [0.0, 0.45, 0.264], [0.0, 0.05, 0.236], [0.197, 0.9, 0.148], [0.803, 0.6, 0.352], [0.197, 0.6, 0.352], [0.803, 0.9, 0.148], [0.303, 0.9, 0.352], [0.697, 0.6, 0.148], [0.303, 0.6, 0.148], [0.697, 0.9, 0.352], [0.21, 0.0, 0.303], [0.29, 0.0, 0.197], [0.71, 0.0, 0.197], [0.79, 0.0, 0.303], [0.113, 0.934, 0.054], [0.887, 0.566, 0.446], [0.113, 0.566, 0.446], [0.887, 0.934, 0.054], [0.387, 0.934, 0.446], [0.613, 0.566, 0.054], [0.387, 0.566, 0.054], [0.613, 0.934, 0.446], [0.0, 0.804, 0.28], [0.0, 0.696, 0.22], [0.5, 0.804, 0.22], [0.5, 0.696, 0.28], [0.213, 0.807, 0.307], [0.787, 0.693, 0.193], [0.213, 0.693, 0.193], [0.787, 0.807, 0.307], [0.287, 0.807, 0.193], [0.713, 0.693, 0.307], [0.287, 0.693, 0.307], [0.713, 0.807, 0.193], [0.0, 0.899, 0.205], [0.0, 0.601, 0.295], [0.5, 0.899, 0.295], [0.5, 0.601, 0.205], [0.0, 0.0, 0.27], [0.5, 0.0, 0.23], [0.183, 0.905, 0.091], [0.817, 0.595, 0.409], [0.183, 0.595, 0.409], [0.817, 0.905, 0.091], [0.317, 0.905, 0.409], [0.683, 0.595, 0.091], [0.317, 0.595, 0.091], [0.683, 0.905, 0.409], [0.095, 0.897, 0.173], [0.905, 0.603, 0.327], [0.095, 0.603, 0.327], [0.905, 0.897, 0.173], [0.405, 0.897, 0.327], [0.595, 0.603, 0.173], [0.405, 0.603, 0.173], [0.595, 0.897, 0.327], [0.251, 0.846, 0.153], [0.749, 0.654, 0.347], [0.251, 0.654, 0.347], [0.749, 0.846, 0.153], [0.249, 0.846, 0.347], [0.751, 0.654, 0.153], [0.249, 0.654, 0.153], [0.751, 0.846, 0.347], [0.255, 0.948, 0.169], [0.745, 0.552, 0.331], [0.255, 0.552, 0.331], [0.745, 0.948, 0.169], [0.245, 0.948, 0.331], [0.755, 0.552, 0.169], [0.245, 0.552, 0.169], [0.755, 0.948, 0.331], [0.25, 0.0, 0.25], [0.75, 0.0, 0.25], [0.095, 0.0, 0.304], [0.405, 0.0, 0.196], [0.595, 0.0, 0.196], [0.905, 0.0, 0.304], [0.12, 0.0, 0.058], [0.38, 0.0, 0.442], [0.62, 0.0, 0.442], [0.88, 0.0, 0.058], [0.0, 0.917, 0.063], [0.0, 0.583, 0.437], [0.5, 0.917, 0.437], [0.5, 0.583, 0.063], [0.643, 0.916, 0.5], [0.857, 