{"gap_range_of_max": [0.968571301921923, 0.9998064188847999], "band_nos": [8, 17], "mid_gap_of_max": 0.9841888604033615, "fill_fraction": 0.0728, "strict_calculated": true, "gap_ranges": [[0.758617624118541, 0.7756005067799112], [0.968571301921923, 0.9998064188847999]], "max_gap": 3.173691373632806, "mid_gaps": [0.7671090654492261, 0.9841888604033615], "gap": [2.2138811058664687, 3.173691373632806]}