{"max_gap": 0.24122641333189568, "_status": {"hP13-BaCo2O8/f5a5abb0/store_fill/0000/c4e8359b1c10e29138cb4254c740dfa0": 1, "hP13-BaCo2O8/f5a5abb0/strict-mpb-h/0000/968dd577ebf9bd2b980f2417d1b8ca86": 1, "hP13-BaCo2O8/f5a5abb0/mpb-hP13-BaC/0000/9ec57921ea2c57365d6e10836650bb77": 6, "hP13-BaCo2O8/f5a5abb0/check_runnin/0000/2545aa1c3169fe30c2d993692225a83f": 1, "hP13-BaCo2O8/f5a5abb0/store_data/0000/6bd9dbaf22024f62df82516cb0f737c5": 1, "hP13-BaCo2O8/f5a5abb0/store_strict/0000/b6f17b7be1f367baa5d24055ac2f4b2d": 1}, "gap_range_of_max": [0.560240148837682, 0.5615932280469917], "gap": [0.24122641333189568], "mid_gap_of_max": 0.5609166884423369, "band_nos": [7], "mid_gaps": [0.5609166884423369], "run_me": true, "fill_fraction": 0.131701, "gap_ranges": [[0.560240148837682, 0.5615932280469917]]}