{"band_nos": [2], "gap_ranges": [[0.272806508408491, 0.3084382433805649]], "mid_gap_of_max": 0.290622375894528, "gap": [12.260492628070846], "gap_range_of_max": [0.272806508408491, 0.3084382433805649], "fill_fraction": 0.497397, "max_gap": 12.260492628070846, "mid_gaps": [0.290622375894528]}