{"gap": [0.990349950505786], "fill_fraction": 0.16664, "gap_range_of_max": [0.859096727901357, 0.8676471313792309], "mid_gaps": [0.863371929640294], "band_nos": [12], "mid_gap_of_max": 0.863371929640294, "max_gap": 0.990349950505786, "run_me": true, "gap_ranges": [[0.859096727901357, 0.8676471313792309]], "_status": {"cI80-N3U2_r-/29a08452/strict-mpb-c/0000/32044d7c4bb97316c9790bccd3d29125": 1, "cI80-N3U2_r-/29a08452/check_runnin/0000/09e24b9c1d1a525fa348357142844466": 1, "cI80-N3U2_r-/29a08452/mpb-cI80-N3U/0000/b40dd5348bd036b559ff776a687cb24e": 7, "cI80-N3U2_r-/29a08452/store_strict/0000/f22a2231527e8f4edffe2dac762ab59b": 1, "cI80-N3U2_r-/29a08452/store_fill/0000/40b1cf35a79d4bfffb8b8a070ef271f6": 1, "cI80-N3U2_r-/29a08452/store_data/0000/f3d05eeaf2c4fd7f6d816ff6b48298fa": 1}}