{"gap_ranges": [[0.4070874401718974, 0.5045233778236569]], "gap": [21.376652345131465], "mid_gaps": [0.4558054089977771], "fill_fraction": 0.150681, "gap_range_of_max": [0.4070874401718974, 0.5045233778236569], "band_nos": [2], "max_gap": 21.376652345131465, "mid_gap_of_max": 0.4558054089977771}