{"fill_fraction": 0.274886, "max_gap": 20.605728938711582, "mid_gap_of_max": 0.6166766120713039, "band_nos": [8], "gap_range_of_max": [0.553141256515382, 0.6802119676272256], "gap_ranges": [[0.553141256515382, 0.6802119676272256]], "mid_gaps": [0.6166766120713039], "gap": [20.605728938711582]}