{"mid_gap_of_max": 0.9384017433851413, "gap_range_of_max": [0.924735502982123, 0.9520679837881596], "gap": [2.9126630463662986], "gap_ranges": [[0.924735502982123, 0.9520679837881596]], "max_gap": 2.9126630463662986, "band_nos": [12], "fill_fraction": 0.06495, "mid_gaps": [0.9384017433851413]}