{"strict_calculated": true, "band_nos": [7], "mid_gap_of_max": 0.40690154076576773, "mid_gaps": [0.40690154076576773], "gap": [7.717061353017387], "gap_ranges": [[0.391201119992134, 0.42260196153940144]], "gap_range_of_max": [0.391201119992134, 0.42260196153940144], "fill_fraction": 0.368177, "max_gap": 7.717061353017387}