{"gap": [5.211893081837685], "gap_range_of_max": [0.516134395639192, 0.5437545345531213], "strict_calculated": true, "mid_gap_of_max": 0.5299444650961567, "band_nos": [12], "fill_fraction": 0.388387, "mid_gaps": [0.5299444650961567], "max_gap": 5.211893081837685, "gap_ranges": [[0.516134395639192, 0.5437545345531213]]}