{"gap_ranges": [[0.2438074016043351, 0.246444106683518]], "fill_fraction": 0.572864, "mid_gaps": [0.24512575414392654], "mid_gap_of_max": 0.24512575414392654, "band_nos": [4], "gap": [1.0756540406744304], "gap_range_of_max": [0.2438074016043351, 0.246444106683518], "max_gap": 1.0756540406744304, "_status": {"tP12-PNO_r-1/1d563d38/store_strict/0000/90aab597afb1e9854f1690e2cfe2cbdf": 1, "tP12-PNO_r-1/1d563d38/check_runnin/0000/b19f84ed5c590cc6d3f90db33aeea627": 1, "tP12-PNO_r-1/1d563d38/strict-mpb-t/0000/86bba9de9ec1b2ad9081eb43e2c142d1": 1, "tP12-PNO_r-1/1d563d38/store_data/0000/f3525ed36b75fd57998fb4d12b7691dd": 1, "tP12-PNO_r-1/1d563d38/store_fill/0000/fc9d5626ffba2fc2d6355d7dbfa144c0": 1, "tP12-PNO_r-1/1d563d38/mpb-tP12-PNO/0000/f465f6388aefab883069541bd4710453": 1}}