{
  "basis": [
    [
      0.0773636364,
      0.4453636364,
      0.4453636364
    ],
    [
      0.0773636364,
      0.4453636364,
      0.0773636364
    ],
    [
      0.0773636364,
      0.0773636364,
      0.4453636364
    ],
    [
      0.4453636364,
      0.0773636364,
      0.4453636364
    ],
    [
      0.4453636364,
      0.4453636364,
      0.0773636364
    ],
    [
      0.4453636364,
      0.0773636364,
      0.0773636364
    ],
    [
      0.1953636364,
      -0.1726363636,
      -0.1726363636
    ],
    [
      0.1953636364,
      -0.1726363636,
      0.1953636364
    ],
    [
      0.1953636364,
      0.1953636364,
      -0.1726363636
    ],
    [
      -0.1726363636,
      0.1953636364,
      -0.1726363636
    ],
    [
      -0.1726363636,
      -0.1726363636,
      0.1953636364
    ],
    [
      -0.1726363636,
      0.1953636364,
      0.1953636364
    ],
    [
      -0.2386363636,
      -0.2386363636,
      -0.2386363636
    ],
    [
      -0.4886363636,
      -0.4886363636,
      -0.4886363636
    ],
    [
      -0.3636363636,
      0.1363636364,
      0.1363636364
    ],
    [
      0.1363636364,
      0.1363636364,
      0.1363636364
    ],
    [
      0.1363636364,
      -0.3636363636,
      0.1363636364
    ],
    [
      0.1363636364,
      0.1363636364,
      -0.3636363636
    ],
    [
      0.1363636364,
      -0.3636363636,
      -0.3636363636
    ],
    [
      -0.3636363636,
      -0.3636363636,
      -0.3636363636
    ],
    [
      -0.3636363636,
      0.1363636364,
      -0.3636363636
    ],
    [
      -0.3636363636,
      -0.3636363636,
      0.1363636364
    ]
  ],
  "structure": "cF88-X",
  "nbands": 20,
  "lattice_vectors": [
    [
      0.0,
      0.7071067812,
      0.7071067812
    ],
    [
      0.7071067812,
      0.0,
      0.7071067812
    ],
    [
      0.7071067812,
      0.7071067812,
      0.0
    ]
  ]
}