{"mid_gap_of_max": 0.3378588761705001, "_status": {"hP6-Tb-14/866de81f/check_runnin/0000/601527a0a642013c26ba27019e04230e": 1, "hP6-Tb-14/866de81f/strict-mpb-h/0000/e071920ce53f51af83419bfe9b04bef3": 1, "hP6-Tb-14/866de81f/store_fill/0000/eb6c221e97ac870f6831a7590e6039bd": 1, "hP6-Tb-14/866de81f/store_data/0000/184a09dba5623389cf3f7bb1e058ac9d": 1, "hP6-Tb-14/866de81f/store_strict/0000/7706eec9ba7c5ae042b4511eaf38980d": 1, "hP6-Tb-14/866de81f/mpb-hP6-Tb-1/0000/5521cb3372c3d2a5e8701874936a1a67": 4}, "band_nos": [12], "gap_ranges": [[0.337274325946885, 0.3384434263941152]], "gap": [0.3460321837569776], "run_me": true, "fill_fraction": 0.355186, "gap_range_of_max": [0.337274325946885, 0.3384434263941152], "mid_gaps": [0.3378588761705001], "max_gap": 0.3460321837569776}