{"fill_fraction": 0.259088, "mid_gap_of_max": 0.5917421309635122, "max_gap": 4.878465748578938, "gap_ranges": [[0.577308162374029, 0.6061760995529955]], "gap": [4.878465748578938], "band_nos": [8], "gap_range_of_max": [0.577308162374029, 0.6061760995529955], "strict_calculated": true, "mid_gaps": [0.5917421309635122]}