{"fill_fraction": 0.592213, "gap_ranges": [[0.480825882296123, 0.49744883323498196]], "mid_gap_of_max": 0.48913735776555245, "max_gap": 3.398421869634798, "_status": {"tI16-CoCu2Si/6ce9abd1/mpb-tI16-CoC/0000/d5bd68c09806690c5e0464c1d9a75f34": 1, "tI16-CoCu2Si/6ce9abd1/store_fill/0000/126ece399d860da81164e82a13bac91d": 1, "tI16-CoCu2Si/6ce9abd1/strict-mpb-t/0000/9583f7e0aa02580ad4bae6858a70589b": 1, "tI16-CoCu2Si/6ce9abd1/store_data/0000/0652dbb6d0dab4fa14b09be5678ecdb1": 1, "tI16-CoCu2Si/6ce9abd1/check_runnin/0000/095ad47dbd66459c2c24edc8a896c21c": 1, "tI16-CoCu2Si/6ce9abd1/store_strict/0000/b40104fb0745efb4ed681fad9a995cd0": 1}, "gap": [3.398421869634798], "mid_gaps": [0.48913735776555245], "gap_range_of_max": [0.480825882296123, 0.49744883323498196], "band_nos": [8]}