{"gap_range_of_max": [1.113620773881177, 1.122694329643415], "max_gap": 0.8114738167207881, "mid_gap_of_max": 1.118157551762296, "gap_ranges": [[1.113620773881177, 1.122694329643415]], "mid_gaps": [1.118157551762296], "gap": [0.8114738167207881], "fill_fraction": 0.103647, "band_nos": []}