{"mid_gap_of_max": 0.41190387002442846, "mid_gaps": [0.41190387002442846], "max_gap": 8.525323001795071, "gap": [8.525323001795071], "fill_fraction": 0.251384, "gap_range_of_max": [0.3943458023361901, 0.42946193771266683], "strict_calculated": true, "gap_ranges": [[0.3943458023361901, 0.42946193771266683]], "band_nos": [2]}