{"max_gap": 10.921025264697215, "fill_fraction": 0.345928, "mid_gap_of_max": 0.5160988445441599, "band_nos": [4], "gap_range_of_max": [0.4879172019424208, 0.5442804871458989], "gap": [10.921025264697215], "strict_calculated": true, "mid_gaps": [0.5160988445441599], "gap_ranges": [[0.4879172019424208, 0.5442804871458989]]}