{"gap_range_of_max": [0.2587270250074991, 0.2629743496121029], "mid_gaps": [0.260850687309801], "gap_ranges": [[0.2587270250074991, 0.2629743496121029]], "max_gap": 1.6282589278974717, "fill_fraction": 0.647641, "gap": [1.6282589278974717], "mid_gap_of_max": 0.260850687309801, "band_nos": [4]}