{"max_gap": 0.6155984692546139, "gap": [0.6155984692546139], "gap_ranges": [[0.4277317419890866, 0.43037298176109046]], "mid_gaps": [0.42905236187508855], "_status": {"hR1-Hg-12/3633f6b3/strict-mpb-h/0000/5ff0e49e28cf1fdc87b00575c9d15f9e": 1, "hR1-Hg-12/3633f6b3/mpb-hR1-Hg-1/0000/12c988b94adf5983a867177f80e47824": 1, "hR1-Hg-12/3633f6b3/store_data/0000/c6845600540952bced6871ca65fd650a": 1, "hR1-Hg-12/3633f6b3/check_runnin/0000/27ab12f7b52d1be86498e2e5bf0bd8ef": 1, "hR1-Hg-12/3633f6b3/store_strict/0000/03100a96973cd3885cf1b9cdb922d928": 1, "hR1-Hg-12/3633f6b3/store_fill/0000/c681e1146955ac646d83a9fb492f05bf": 1}, "gap_range_of_max": [0.4277317419890866, 0.43037298176109046], "run_me": true, "mid_gap_of_max": 0.42905236187508855, "band_nos": [5], "fill_fraction": 0.335439}