{"gap_ranges": [[0.873583875304472, 0.9771678234385741]], "gap": [11.193716391502015], "band_nos": [8], "fill_fraction": 0.095049, "max_gap": 11.193716391502015, "mid_gaps": [0.9253758493715231], "gap_range_of_max": [0.873583875304472, 0.9771678234385741], "mid_gap_of_max": 0.9253758493715231}