{"_status": {"hP3-SnS2-14/33546324/store_strict/0000/48bb3693558be96d816cfe004f693972": 1, "hP3-SnS2-14/33546324/mpb-hP3-SnS2/0000/5731aebfd2a691c7f3610d967a503a50": 1, "hP3-SnS2-14/33546324/store_data/0000/47cb34735719f8b54355300a2bbb4499": 1, "hP3-SnS2-14/33546324/check_runnin/0000/58a6f52b0e71d7c15e804efc1998af34": 1, "hP3-SnS2-14/33546324/strict-mpb-h/0000/7ed3c9fe6270f662f24e7c29b92853ac": 1, "hP3-SnS2-14/33546324/store_fill/0000/57c99eb4431760c33fcf8cb4770a1b2e": 1}, "gap_range_of_max": [0.616842123581646, 0.617361985441235], "gap_ranges": [[0.616842123581646, 0.617361985441235]], "fill_fraction": 0.109256, "mid_gaps": [0.6171020545114405], "mid_gap_of_max": 0.6171020545114405, "band_nos": [13], "gap": [0.08424244511710044], "max_gap": 0.08424244511710044}