{"gap_ranges": [[0.750404720085869, 0.7623062777445148]], "mid_gaps": [0.7563554989151919], "fill_fraction": 0.1029, "max_gap": 1.5735401772995308, "gap": [1.5735401772995308], "gap_range_of_max": [0.750404720085869, 0.7623062777445148], "band_nos": [17], "strict_calculated": true, "mid_gap_of_max": 0.7563554989151919}