{"mid_gap_of_max": 0.308074185905356, "gap": [0.8160600751047153], "max_gap": 0.8160600751047153, "gap_ranges": [[0.306817150688917, 0.309331221121795]], "gap_range_of_max": [0.306817150688917, 0.309331221121795], "fill_fraction": 0.500163, "mid_gaps": [0.308074185905356], "band_nos": [2], "run_me": true, "_status": {"tI40-B2KO4P-/5cfdea6d/store_fill/0000/f15e447595049c9778714cea7a9dc0c5": 1, "tI40-B2KO4P-/5cfdea6d/check_runnin/0000/ade2fe3e09cec0ad81be910f5e0369ec": 1, "tI40-B2KO4P-/5cfdea6d/store_strict/0000/d0108fd705ac343dc642b0d559f1bb54": 1, "tI40-B2KO4P-/5cfdea6d/mpb-tI40-B2K/0000/e2b25aa3b3bae565157a2ed5d746b63f": 1, "tI40-B2KO4P-/5cfdea6d/strict-mpb-t/0000/aca0650fa5fc9067893f2f33b1060a38": 1, "tI40-B2KO4P-/5cfdea6d/store_data/0000/620a4c1811898751b82df5ee83f030bf": 1}}