{"mid_gaps": [0.5052276238203404], "gap_range_of_max": [0.496860307994314, 0.5135949396463667], "band_nos": [16], "strict_calculated": true, "max_gap": 3.312295461105476, "gap": [3.312295461105476], "fill_fraction": 0.456275, "mid_gap_of_max": 0.5052276238203404, "gap_ranges": [[0.496860307994314, 0.5135949396463667]]}