{"fill_fraction": 0.236926, "mid_gaps": [0.7270152459444372], "mid_gap_of_max": 0.7270152459444372, "band_nos": [8], "gap": [8.908449406149858], "max_gap": 8.908449406149858, "gap_ranges": [[0.694632353264459, 0.7593981386244153]], "gap_range_of_max": [0.694632353264459, 0.7593981386244153]}