{
  "basis": [
    [
      -0.868149,
      -0.5750399,
      -0.8971985
    ],
    [
      -0.845867,
      -0.7042419,
      -0.2115365
    ],
    [
      -0.94342,
      -0.0075719,
      -0.6650125
    ],
    [
      -0.215747,
      -0.5068879,
      -0.5147005
    ],
    [
      -0.36768,
      -0.8234859,
      -0.9965335
    ],
    [
      -0.73786,
      -0.5663239,
      -0.4177225
    ],
    [
      -0.299446,
      -0.0583319,
      -0.3110195
    ],
    [
      -0.566198,
      -0.0511419,
      -0.8391835
    ],
    [
      -0.841928,
      -0.2957159,
      -0.1949295
    ],
    [
      -0.313705,
      -0.4112589,
      -0.9521635
    ]
  ],
  "lattice_vectors": [
    [
      0.00039537,
      -1.10599194,
      0.0
    ],
    [
      -1.0,
      0.0,
      0.0
    ],
    [
      0.00408289,
      0.46508109,
      -1.27492411
    ]
  ],
  "structure": "aP10-X",
  "nbands": 20
}