{"std_positions": [[0.5750399, 0.868149, 0.8971985], [0.7042419, 0.845867, 0.2115365], [0.0075719, 0.94342, 0.6650125], [0.5068879, 0.215747, 0.5147005], [0.8234859, 0.36768, 0.9965335], [0.5663239, 0.73786, 0.4177225], [0.0583319, 0.299446, 0.3110195], [0.0511419, 0.566198, 0.8391835], [0.2957159, 0.841928, 0.1949295], [0.4112589, 0.313705, 0.9521635]], "std_lattice": [[1.0, 0.0, 0.0], [-0.00039537, 1.10599194, 0.0], [-0.00408289, -0.46508109, 1.27492411]], "site_point_groups": {"a": {"site_symmetry": ["1"], "name": "1a"}}, "number": 1, "wyckoffs": ["a", "a", "a", "a", "a", "a", "a", "a", "a", "a"], "global_point_groups": ["1"], "equivalent_atoms": [0, 1, 2, 3, 4, 5, 6, 7, 8, 9], "international": "P1"}