{"max_gap": 1.4913554914373615, "mid_gaps": [0.4137625190424657], "mid_gap_of_max": 0.4137625190424657, "gap_range_of_max": [0.410677184017841, 0.4168478540670904], "fill_fraction": 0.444591, "gap_ranges": [[0.410677184017841, 0.4168478540670904]], "band_nos": [8], "run_me": true, "_status": {"cP576-SiO2-1/93860152/check_runnin/0000/923bc98afb5459508568b4e834acd022": 1, "cP576-SiO2-1/93860152/strict-mpb-c/0000/df76cc142294b9781f64d4f58cca879a": 1, "cP576-SiO2-1/93860152/store_fill/0000/5fce9a17bfb8aa4d1cec6dffca783939": 1, "cP576-SiO2-1/93860152/store_data/0000/97f9a0b29c06056f8c4697d4710187a3": 1, "cP576-SiO2-1/93860152/mpb-cP576-Si/0000/257e0f031d4b4bdb36004e57bbe3ff82": 1, "cP576-SiO2-1/93860152/store_strict/0000/dcaba2db19786334d02c3c1307155c01": 1}, "gap": [1.4913554914373615]}