{"gap_ranges": [[0.376333614566406, 0.4280465532283232]], "gap": [12.857835320254624], "band_nos": [4], "max_gap": 12.857835320254624, "mid_gap_of_max": 0.4021900838973646, "mid_gaps": [0.4021900838973646], "fill_fraction": 0.286635, "gap_range_of_max": [0.376333614566406, 0.4280465532283232]}