{"fill_fraction": 0.201964, "max_gap": 1.462039509340613, "mid_gap_of_max": 0.9078394795002059, "gap_ranges": [[0.901202993564363, 0.9144759654360489]], "gap_range_of_max": [0.901202993564363, 0.9144759654360489], "band_nos": [18], "mid_gaps": [0.9078394795002059], "gap": [1.462039509340613]}