{"mid_gap_of_max": 0.5045816549227731, "gap_ranges": [[0.501264503108151, 0.5078988067373952]], "strict_calculated": true, "mid_gaps": [0.5045816549227731], "fill_fraction": 0.345744, "band_nos": [16], "gap_range_of_max": [0.501264503108151, 0.5078988067373952], "max_gap": 1.3148126897833468, "gap": [1.3148126897833468]}