{"gap_range_of_max": [0.825865662955072, 0.854091454964664], "gap_ranges": [[0.825865662955072, 0.854091454964664], [1.0483871260073, 1.0563792485832222]], "mid_gaps": [0.8399785589598681, 1.0523831872952611], "band_nos": [8, 14], "fill_fraction": 0.048536, "mid_gap_of_max": 0.8399785589598681, "max_gap": 3.3602991062703698, "gap": [3.3602991062703698, 0.759430849181447]}