{"gap_ranges": [[0.584794083405215, 0.5851716652669086]], "fill_fraction": 0.124182, "gap": [0.06454579753658965], "max_gap": 0.06454579753658965, "mid_gap_of_max": 0.5849828743360618, "band_nos": [], "gap_range_of_max": [0.584794083405215, 0.5851716652669086], "_status": {"hP3-SnS2/a785bfac/strict-mpb-h/0000/12b747da2eb5eaa3ac7cc812b54f8e16": 1, "hP3-SnS2/a785bfac/store_fill/0000/c6b559a0419431810a2c4499f4093aba": 1, "hP3-SnS2/a785bfac/check_runnin/0000/ccd040feec6ec2045c26a388ded4ba84": 1, "hP3-SnS2/a785bfac/store_data/0000/9f6344a5a98de52415ad8b8da0f603b2": 1, "hP3-SnS2/a785bfac/store_strict/0000/6dc8c6eeb42e7827b61e69afee4d2691": 1, "hP3-SnS2/a785bfac/mpb-hP3-SnS2/0000/2d6569ce79fddd81a5285de7977f78f9": 1}, "mid_gaps": [0.5849828743360618]}