{"band_nos": [12], "gap_range_of_max": [0.500870761635494, 0.5483083533455883], "gap": [9.042801373519286], "fill_fraction": 0.502779, "gap_ranges": [[0.500870761635494, 0.5483083533455883]], "mid_gap_of_max": 0.5245895574905411, "max_gap": 9.042801373519286, "mid_gaps": [0.5245895574905411]}