{
  "basis": [
    [
      -0.31275,
      0.05525,
      -0.05525
    ],
    [
      0.05525,
      -0.31275,
      0.31275
    ],
    [
      -0.36675,
      0.10925,
      -0.26925
    ],
    [
      0.10925,
      -0.36675,
      -0.47325
    ],
    [
      0.47325,
      0.26925,
      -0.10925
    ],
    [
      0.26925,
      0.47325,
      0.36675
    ],
    [
      -0.40575,
      0.17825,
      -0.17825
    ],
    [
      0.17825,
      -0.40575,
      0.40575
    ]
  ],
  "structure": "oF32-Bi3S_r",
  "nbands": 20,
  "lattice_vectors": [
    [
      0.0,
      0.9705618163,
      0.2408521555
    ],
    [
      0.2567154029,
      0.0,
      0.2408521555
    ],
    [
      0.2567154029,
      0.9705618163,
      0.0
    ]
  ]
}