{"gap": [6.016873792210195], "mid_gap_of_max": 0.9652128912838092, "gap_range_of_max": [0.936175070536464, 0.9942507120311542], "max_gap": 6.016873792210195, "band_nos": [12], "fill_fraction": 0.112669, "gap_ranges": [[0.936175070536464, 0.9942507120311542]], "mid_gaps": [0.9652128912838092]}