{
  "basis": [
    [
      0.06925,
      0.06925,
      -0.06925
    ],
    [
      0.31925,
      0.31925,
      0.18075
    ],
    [
      0.00025,
      -0.34975,
      -0.16425
    ],
    [
      -0.34975,
      0.00025,
      -0.48625
    ],
    [
      0.41425,
      -0.26375,
      0.24975
    ],
    [
      -0.26375,
      0.41425,
      -0.40025
    ],
    [
      -0.48475,
      -0.48475,
      0.48475
    ],
    [
      -0.23475,
      -0.23475,
      -0.26525
    ],
    [
      0.45125,
      0.00125,
      0.40875
    ],
    [
      0.00125,
      0.45125,
      0.13875
    ],
    [
      -0.15875,
      0.11125,
      -0.20125
    ],
    [
      0.11125,
      -0.15875,
      0.24875
    ],
    [
      -0.43975,
      0.25225,
      0.26575
    ],
    [
      0.25225,
      -0.43975,
      -0.07825
    ],
    [
      -0.01575,
      0.32825,
      -0.31025
    ],
    [
      0.32825,
      -0.01575,
      -0.00225
    ]
  ],
  "lattice_vectors": [
    [
      0.0,
      0.7831784998,
      0.6217969423
    ],
    [
      0.2611834984,
      0.0,
      0.6217969423
    ],
    [
      0.2611834984,
      0.7831784998,
      0.0
    ]
  ],
  "nbands": 20,
  "structure": "oF64-Sm3Ge5_r"
}