{"strict_calculated": true, "mid_gaps": [0.5194266888068639, 0.9411911554330524, 1.0090324177305634], "max_gap": 1.2501843542367743, "gap": [1.2501843542367743, 0.9310947192879544, 0.6860184575077459], "fill_fraction": 0.093582, "mid_gap_of_max": 0.5194266888068639, "band_nos": [2, 17, 19], "gap_ranges": [[0.516179793209267, 0.522673584404461], [0.936809464859731, 0.9455728460063738], [1.005571343416629, 1.0124934920444981]], "gap_range_of_max": [0.516179793209267, 0.522673584404461]}