{"faces": [[[0.45356494436046185, -0.5214234736023888], [0.1728968028414003, -0.6553286853904036], [0.48612767642544635, -0.10654672230290786], [0.7667958179445081, 0.027358489485106892]], [[-0.4861276764254466, 0.10654672230290833], [-0.7667958179445081, -0.02735848948510662], [-0.45356494436046185, 0.5214234736023887], [-0.17289680284140016, 0.6553286853904036]], [[-0.17289680284140044, -0.48182935719242087], [-0.4861276764254466, 0.10654672230290833], [-0.17289680284140016, 0.6553286853904036], [0.45356494436046174, 0.6157345689804357], [0.7667958179445081, 0.027358489485106892], [0.45356494436046185, -0.5214234736023888]], [[0.1728968028414002, 0.4818293571924209], [0.45356494436046174, 0.6157345689804357], [0.7667958179445081, 0.027358489485106892], [0.48612767642544635, -0.10654672230290786]], [[-0.45356494436046185, 0.5214234736023887], [-0.17289680284140016, 0.6553286853904036], [0.45356494436046174, 0.6157345689804357], [0.1728968028414002, 0.4818293571924209]], [[-0.45356494436046196, -0.6157345689804355], [-0.7667958179445081, -0.02735848948510662], [-0.45356494436046185, 0.5214234736023887], [0.1728968028414002, 0.4818293571924209], [0.48612767642544635, -0.10654672230290786], [0.1728968028414003, -0.6553286853904036]], [[-0.7667958179445081, -0.02735848948510662], [-0.4861276764254466, 0.10654672230290833], [-0.17289680284140044, -0.48182935719242087], [-0.45356494436046196, -0.6157345689804355]], [[-0.45356494436046196, -0.6157345689804355], [-0.17289680284140044, -0.48182935719242087], [0.45356494436046185, -0.5214234736023888], [0.1728968028414003, -0.6553286853904036]]], "labels": {"GAMMA": [0.0, 0.0], "M": [0.46984631039295416, 0.25459392333876374], "K": [0.31323087359530266, 0.548781963086784], "A": [-0.14033407075953078, -0.06695260589400735], "L": [0.3295122396334234, 0.18764131744475637], "H": [0.1728968028357719, 0.48182935719277664]}, "label_positions": {"GAMMA": [0.05, 0.05], "M": [0.5198463103929541, 0.30459392333876373], "K": [0.36323087359530265, 0.598781963086784], "A": [-0.14033407075953078, -0.01695260589400735], "L": [0.3795122396334234, 0.23764131744475636], "H": [0.2228968028357719, 0.5318293571927767]}, "zorder": [1, 1, 1, 1, 1, 1, 1, 1]}