{
  "structure": "oA68-Hf7Ni10_r",
  "nbands": 20,
  "basis": [
    [
      0.3341176471,
      -0.2667647059,
      -0.2687647059
    ],
    [
      -0.2458823529,
      -0.2687647059,
      -0.2667647059
    ],
    [
      -0.1658823529,
      0.2312352941,
      0.2332352941
    ],
    [
      0.2541176471,
      0.2332352941,
      0.2312352941
    ],
    [
      0.2521176471,
      -0.0977647059,
      -0.1137647059
    ],
    [
      -0.1638823529,
      -0.1137647059,
      -0.0977647059
    ],
    [
      -0.2478823529,
      0.3862352941,
      0.4022352941
    ],
    [
      0.3361176471,
      0.4022352941,
      0.3862352941
    ],
    [
      0.5411176471,
      0.1842352941,
      -0.3997647059
    ],
    [
      -0.4528823529,
      -0.3997647059,
      0.1842352941
    ],
    [
      0.0411176471,
      0.1002352941,
      -0.3157647059
    ],
    [
      0.0471176471,
      -0.3157647059,
      0.1002352941
    ],
    [
      0.5321176471,
      0.4812352941,
      -0.1167647059
    ],
    [
      -0.4438823529,
      -0.1167647059,
      0.4812352941
    ],
    [
      0.0321176471,
      0.3832352941,
      -0.0187647059
    ],
    [
      0.0561176471,
      -0.0187647059,
      0.3832352941
    ],
    [
      0.4381176471,
      0.1492352941,
      -0.0687647059
    ],
    [
      -0.3498823529,
      -0.0687647059,
      0.1492352941
    ],
    [
      -0.0618823529,
      0.4312352941,
      -0.3507647059
    ],
    [
      0.1501176471,
      -0.3507647059,
      0.4312352941
    ],
    [
      -0.4558823529,
      -0.4637647059,
      -0.4637647059
    ],
    [
      0.0441176471,
      0.0362352941,
      0.0362352941
    ],
    [
      -0.4558823529,
      -0.1527647059,
      -0.1527647059
    ],
    [
      0.0441176471,
      0.3472352941,
      0.3472352941
    ],
    [
      -0.4558823529,
      0.2332352941,
      0.2332352941
    ],
    [
      0.0441176471,
      -0.2667647059,
      -0.2667647059
    ],
    [
      0.2981176471,
      0.0442352941,
      -0.4677647059
    ],
    [
      -0.2098823529,
      -0.4677647059,
      0.0442352941
    ],
    [
      -0.2018823529,
      0.0322352941,
      -0.4557647059
    ],
    [
      0.2901176471,
      -0.4557647059,
      0.0322352941
    ],
    [
      0.2311176471,
      0.3482352941,
      -0.2737647059
    ],
    [
      -0.1428823529,
      -0.2737647059,
      0.3482352941
    ],
    [
      -0.2688823529,
      0.2262352941,
      -0.1517647059
    ],
    [
      0.3571176471,
      -0.1517647059,
      0.2262352941
    ]
  ],
  "lattice_vectors": [
    [
      1.0,
      0.0,
      0.0
    ],
    [
      0.0,
      0.4973701329,
      0.6725289872
    ],
    [
      0.0,
      -0.4973701329,
      0.6725289872
    ]
  ]
}