{
  "structure": "oA16-SrS3_r",
  "nbands": 20,
  "basis": [
    [
      0.125,
      -0.311,
      -0.311
    ],
    [
      -0.375,
      0.189,
      0.189
    ],
    [
      0.125,
      0.155,
      0.155
    ],
    [
      -0.375,
      -0.345,
      -0.345
    ],
    [
      0.265,
      0.164,
      0.492
    ],
    [
      -0.015,
      0.492,
      0.164
    ],
    [
      -0.235,
      -0.008,
      -0.336
    ],
    [
      0.485,
      -0.336,
      -0.008
    ]
  ],
  "lattice_vectors": [
    [
      1.0,
      0.0,
      0.0
    ],
    [
      0.0,
      0.5751933352,
      0.5075909445
    ],
    [
      0.0,
      -0.5751933352,
      0.5075909445
    ]
  ]
}