{
  "basis": [
    [
      0.07192858980202521,
      -0.42857143353980465,
      -0.33333334329093944
    ],
    [
      -0.4285714335628996,
      0.071928589849103,
      -0.33333334329093944
    ],
    [
      0.07092854309298818,
      0.07092854305959229,
      -0.33333334329093944
    ],
    [
      -0.2614047384925178,
      -0.09523809023017688,
      9.859013605506561e-11
    ],
    [
      0.2380952530089282,
      0.40526190333510737,
      9.859013605506561e-11
    ],
    [
      -0.2624047852242751,
      0.40426185654559665,
      9.859013605506561e-11
    ],
    [
      0.4052619032749928,
      0.23809525296249545,
      0.3333333431923492
    ],
    [
      -0.09523809028802321,
      -0.26140473849023543,
      0.3333333431923492
    ],
    [
      0.40426185658968206,
      -0.26240478527974614,
      0.3333333431923492
    ],
    [
      -0.4285714335371318,
      -0.42857143353980465,
      -0.33333334329093944
    ],
    [
      0.23809525305741652,
      -0.09523809023017688,
      9.859013605506561e-11
    ],
    [
      -0.09523809028598174,
      0.23809525296249545,
      0.3333333431923492
    ],
    [
      0.4334285550185252,
      -0.42857143353980465,
      -0.33333334329093944
    ],
    [
      -0.42857143353292076,
      0.43342855502427435,
      -0.33333334329093944
    ],
    [
      -0.29057142215349074,
      -0.2905714221155792,
      -0.33333334329093944
    ],
    [
      0.10009524161307348,
      -0.09523809023017688,
      9.859013605506561e-11
    ],
    [
      0.23809525302687617,
      -0.2332381166246917,
      9.859013605506561e-11
    ],
    [
      0.37609526444105745,
      0.042761921194048536,
      9.859013605506561e-11
    ],
    [
      -0.23323811661941596,
      0.23809525296249545,
      0.3333333431923492
    ],
    [
      -0.0952380903265661,
      0.10009524153826999,
      0.3333333431923492
    ],
    [
      0.042761921097659306,
      0.3760952643867208,
      0.3333333431923492
    ]
  ],
  "lattice_vectors": [
    [
      1.0,
      0.0,
      0.0
    ],
    [
      -0.5,
      0.8660254038,
      0.0
    ],
    [
      0.0,
      0.0,
      0.3424491028
    ]
  ],
  "structure": "hR21-Ag3BO3",
  "nbands": 20
}