{"fill_fraction": 0.272998, "mid_gaps": [0.40988190405697184], "max_gap": 13.138963869686457, "gap_ranges": [[0.3829547864157576, 0.4368090216981861]], "mid_gap_of_max": 0.40988190405697184, "gap": [13.138963869686457], "gap_range_of_max": [0.3829547864157576, 0.4368090216981861], "band_nos": [4]}