{"global_point_groups": ["3m", "1", "m", "3"], "wyckoffs": ["a", "b", "b", "b", "b", "b", "b", "b", "b", "b", "c", "c", "c", "c", "c", "c", "b", "b", "b", "b", "b", "b"], "number": 160, "international": "R3m", "std_positions": [[0.0, 0.0, 0.0], [0.9043333333, 0.0956666667, 0.1358666667], [0.9043333333, 0.8086666667, 0.1358666667], [0.1913333333, 0.0956666667, 0.1358666667], [0.08225, 0.1645, 0.4058], [0.8355, 0.91775, 0.4058], [0.08225, 0.91775, 0.4058], [0.9147, 0.0853, 0.343], [0.9147, 0.8294, 0.343], [0.1706, 0.0853, 0.343], [0.6291333333, 0.5540666667, 0.4294666667], [0.4459333333, 0.0750666667, 0.4294666667], [0.9249333333, 0.3708666667, 0.4294666667], [0.4459333333, 0.3708666667, 0.4294666667], [0.9249333333, 0.5540666667, 0.4294666667], [0.6291333333, 0.0750666667, 0.4294666667], [0.1445, 0.289, 0.3628], [0.711, 0.8555, 0.3628], [0.1445, 0.8555, 0.3628], [0.0786666667, 0.1573333333, 0.5593333333], [0.8426666667, 0.9213333333, 0.5593333333], [0.0786666667, 0.9213333333, 0.5593333333], [0.6666666667, 0.3333333333, 0.3333333333], [0.571, 0.429, 0.4692], [0.571, 0.142, 0.4692], [0.858, 0.429, 0.4692], [0.7489166667, 0.4978333333, 0.7391333333], [0.5021666667, 0.2510833333, 0.7391333333], [0.7489166667, 0.2510833333, 0.7391333333], [0.5813666667, 0.4186333333, 0.6763333333], [0.5813666667, 0.1627333333, 0.6763333333], [0.8372666667, 0.4186333333, 0.6763333333], [0.2958, 0.8874, 0.7628], [0.1126, 0.4084, 0.7628], [0.5916, 0.7042, 0.7628], [0.1126, 0.7042, 0.7628], [0.5916, 0.8874, 0.7628], [0.2958, 0.4084, 0.7628], [0.8111666667, 0.6223333333, 0.6961333333], [0.3776666667, 0.1888333333, 0.6961333333], [0.8111666667, 0.1888333333, 0.6961333333], [0.7453333333, 0.4906666667, 0.8926666667], [0.5093333333, 0.2546666667, 0.8926666667], [0.7453333333, 0.2546666667, 0.8926666667], [0.3333333333, 0.6666666667, 0.6666666667], [0.2376666667, 0.7623333333, 0.8025333333], [0.2376666667, 0.4753333333, 0.8025333333], [0.5246666667, 0.7623333333, 0.8025333333], [0.4155833333, 0.8311666667, 0.0724666667], [0.1688333333, 0.5844166667, 0.0724666667], [0.4155833333, 0.5844166667, 0.0724666667], [0.2480333333, 0.7519666667, 0.0096666667], [0.2480333333, 0.4960666667, 0.0096666667], [0.5039333333, 0.7519666667, 0.0096666667], [0.9624666667, 0.2207333333, 0.0961333333], [0.7792666667, 0.7417333333, 0.0961333333], [0.2582666667, 0.0375333333, 0.0961333333], [0.7792666667, 0.0375333333, 0.0961333333], [0.2582666667, 0.2207333333, 0.0961333333], [0.9624666667, 0.7417333333, 0.0961333333], [0.4778333333, 0.9556666667, 0.0294666667], [0.0443333333, 0.5221666667, 0.0294666667], [0.4778333333, 0.5221666667, 0.0294666667], [0.412, 0.824, 0.226], [0.176, 0.588, 0.226], [0.412, 0.588, 0.226]], "equivalent_atoms": [0, 1, 1, 1, 4, 4, 4, 7, 7, 7, 10, 10, 10, 10, 10, 10, 16, 16, 16, 19, 19, 19], "std_lattice": [[1.5966406076, 0.0, 0.0], [-0.7983203038, 1.3827313269, 0.0], [0.0, 0.0, 1.162848361]], "site_point_groups": {"a": {"name": "3a", "site_symmetry": ["3m", "1", "m", "3"]}, "c": {"name": "18c", "site_symmetry": ["1"]}, "b": {"name": "9b", "site_symmetry": ["1", "m"]}}}