{"mid_gap_of_max": 0.5141831737578659, "mid_gaps": [0.5141831737578659], "gap_range_of_max": [0.496468165739525, 0.531898181776207], "gap_ranges": [[0.496468165739525, 0.531898181776207]], "band_nos": [4], "max_gap": 6.8905436515442595, "fill_fraction": 0.115495, "gap": [6.8905436515442595]}