{"band_nos": [4], "mid_gap_of_max": 0.4223983933299411, "max_gap": 3.0249803603063086, "_status": {"tP12-PNO-6/dd0f1403/strict-mpb-t/0000/8eb84140ffffc815f4b8c48a1cf0cde4": 1, "tP12-PNO-6/dd0f1403/check_runnin/0000/760b69e779d2d3f47cd856089c042186": 1, "tP12-PNO-6/dd0f1403/store_fill/0000/ff505ae420920096c4c230b55a6f9246": 1, "tP12-PNO-6/dd0f1403/store_strict/0000/20934bac4d2b0031533c82ec40cfb04d": 1, "tP12-PNO-6/dd0f1403/store_data/0000/6e99afef2c8a7b369dd0a4ea19558376": 1, "tP12-PNO-6/dd0f1403/mpb-tP12-PNO/0000/5eef41f99db3f6af692b1b770a217d34": 1}, "gap": [3.0249803603063086], "mid_gaps": [0.4223983933299411], "fill_fraction": 0.391251, "gap_ranges": [[0.416009659109701, 0.42878712755018117]], "gap_range_of_max": [0.416009659109701, 0.42878712755018117]}