{
  "lattice_vectors": [
    [
      1.0,
      0.0,
      0.0
    ],
    [
      -0.5,
      0.8660254038,
      0.0
    ],
    [
      0.0,
      0.0,
      2.6653386544
    ]
  ],
  "nbands": 20,
  "basis": [
    [
      0.0833333333,
      0.4166666667,
      -0.325
    ],
    [
      0.4166666667,
      0.0833333333,
      0.575
    ],
    [
      -0.25,
      -0.25,
      -0.375
    ],
    [
      -0.25,
      -0.25,
      0.125
    ]
  ],
  "structure": "hP4-BN_r"
}