{"mid_gaps": [0.830816905015389], "fill_fraction": 0.177924, "gap_range_of_max": [0.830614164555871, 0.8310196454749069], "mid_gap_of_max": 0.830816905015389, "max_gap": 0.048805087689964, "gap_ranges": [[0.830614164555871, 0.8310196454749069]], "band_nos": [8], "gap": [0.048805087689964]}