{"mid_gap_of_max": 0.2626470593342721, "band_nos": [2], "gap_ranges": [[0.26051760827565, 0.26477651039289424]], "gap": [1.6215304782160593], "gap_range_of_max": [0.26051760827565, 0.26477651039289424], "max_gap": 1.6215304782160593, "fill_fraction": 0.686876, "mid_gaps": [0.2626470593342721]}