{"mid_gaps": [0.44093092523923894], "gap_ranges": [[0.4341345063132628, 0.44772734416521504]], "gap_range_of_max": [0.4341345063132628, 0.44772734416521504], "max_gap": 3.0827590159563063, "gap": [3.0827590159563063], "fill_fraction": 0.274883, "band_nos": [12], "mid_gap_of_max": 0.44093092523923894}