{"max_gap": 9.26782845951057, "mid_gaps": [0.4642637281578945], "gap_range_of_max": [0.442750145195193, 0.4857773111205961], "gap_ranges": [[0.442750145195193, 0.4857773111205961]], "gap": [9.26782845951057], "mid_gap_of_max": 0.4642637281578945, "fill_fraction": 0.243068, "band_nos": [2]}