{"gap": [13.46700153254019, 1.4930506563637707], "mid_gaps": [0.47445224455559615, 0.5752525467102234], "strict_calculated": true, "band_nos": [5, 8], "gap_range_of_max": [0.442504999032859, 0.5063994900783333], "max_gap": 13.46700153254019, "mid_gap_of_max": 0.47445224455559615, "gap_ranges": [[0.442504999032859, 0.5063994900783333], [0.57095814074802, 0.579546952672427]], "fill_fraction": 0.174783}