{"mid_gap_of_max": 0.3815151000475875, "band_nos": [8], "gap_ranges": [[0.379811465505608, 0.3832187345895669]], "max_gap": 0.8930889192938878, "fill_fraction": 0.213914, "gap": [0.8930889192938878], "strict_calculated": true, "mid_gaps": [0.3815151000475875], "gap_range_of_max": [0.379811465505608, 0.3832187345895669]}