{"gap_range_of_max": [0.266426039925563, 0.28499616409761425], "fill_fraction": 0.544608, "band_nos": [2], "gap": [6.7353559710010416], "mid_gap_of_max": 0.27571110201158866, "mid_gaps": [0.27571110201158866], "gap_ranges": [[0.266426039925563, 0.28499616409761425]], "max_gap": 6.7353559710010416}