{"mid_gap_of_max": 0.3400266037604419, "mid_gaps": [0.3400266037604419], "gap": [1.5994370567090253], "band_nos": [2], "max_gap": 1.5994370567090253, "fill_fraction": 0.575227, "gap_ranges": [[0.337307348008835, 0.3427458595120488]], "gap_range_of_max": [0.337307348008835, 0.3427458595120488]}