{"gap_ranges": [[0.641261379516239, 0.7866606370429078]], "mid_gaps": [0.7139610082795733], "band_nos": [8], "fill_fraction": 0.204253, "gap": [20.365153816597925], "max_gap": 20.365153816597925, "gap_range_of_max": [0.641261379516239, 0.7866606370429078], "mid_gap_of_max": 0.7139610082795733}