{"mid_gap_of_max": 0.5708213785191559, "gap": [0.5611815382205584], "gap_range_of_max": [0.569219706422923, 0.5724230506153889], "band_nos": [11], "max_gap": 0.5611815382205584, "gap_ranges": [[0.569219706422923, 0.5724230506153889]], "mid_gaps": [0.5708213785191559], "fill_fraction": 0.396716}