{"max_gap": 13.989244450990633, "gap": [13.989244450990633], "band_nos": [16], "gap_range_of_max": [0.664233366007601, 0.7641428890043667], "gap_ranges": [[0.664233366007601, 0.7641428890043667]], "mid_gap_of_max": 0.7141881275059838, "fill_fraction": 0.171313, "mid_gaps": [0.7141881275059838]}