{"mid_gap_of_max": 0.58065545735324, "fill_fraction": 0.483147, "gap": [5.363482737897323], "max_gap": 5.363482737897323, "gap_ranges": [[0.56508377974234, 0.5962271349641399]], "gap_range_of_max": [0.56508377974234, 0.5962271349641399], "band_nos": [8], "mid_gaps": [0.58065545735324]}