{"band_nos": [8, 14], "fill_fraction": 0.075377, "mid_gap_of_max": 0.7838386657279519, "gap_ranges": [[0.771047585550529, 0.7966297459053747], [0.97440098214236, 0.9850179486018674]], "gap_range_of_max": [0.771047585550529, 0.7966297459053747], "gap": [3.2637022736161447, 1.0836851979861482], "mid_gaps": [0.7838386657279519, 0.9797094653721137], "strict_calculated": true, "max_gap": 3.2637022736161447}