{"band_nos": [8], "gap_range_of_max": [0.707962785230583, 0.7116724058377425], "max_gap": 0.5226160397401037, "mid_gap_of_max": 0.7098175955341628, "fill_fraction": 0.329123, "gap": [0.5226160397401037], "gap_ranges": [[0.707962785230583, 0.7116724058377425]], "mid_gaps": [0.7098175955341628]}