{"mid_gaps": [0.5556166363371868], "mid_gap_of_max": 0.5556166363371868, "band_nos": [7], "gap": [6.7323535383553486], "gap_ranges": [[0.536913598199118, 0.5743196744752557]], "gap_range_of_max": [0.536913598199118, 0.5743196744752557], "fill_fraction": 0.224066, "max_gap": 6.7323535383553486}