{"strict_calculated": true, "fill_fraction": 0.631508, "gap_ranges": [[0.4428155447685661, 0.4497943892626235]], "mid_gap_of_max": 0.4463049670155948, "gap": [1.5636941127328925], "gap_range_of_max": [0.4428155447685661, 0.4497943892626235], "max_gap": 1.5636941127328925, "band_nos": [12], "mid_gaps": [0.4463049670155948]}