{"mid_gap_of_max": 0.3155261057023869, "gap_range_of_max": [0.310041774211727, 0.3210104371930468], "mid_gaps": [0.3155261057023869], "gap_ranges": [[0.310041774211727, 0.3210104371930468]], "_status": {"hP14-RbLiCrO/33546324/store_fill/0000/5c285249dfb8ee94a94d0e62b0c0a063": 1, "hP14-RbLiCrO/33546324/store_data/0000/5b4556a357d3238bc38d1fb03db3ea8d": 1, "hP14-RbLiCrO/33546324/mpb-hP14-RbL/0000/58983428d4256778789c9f6a44c24df1": 1, "hP14-RbLiCrO/33546324/check_runnin/0000/35f529515a6c76b8ccd72c7444b417ff": 1, "hP14-RbLiCrO/33546324/store_strict/0000/a8469b530163341206e5ec48c4a2464e": 1, "hP14-RbLiCrO/33546324/strict-mpb-h/0000/b51e352d68a67796ac91b9a02833f30a": 1}, "fill_fraction": 0.425028, "band_nos": [4], "max_gap": 3.476309181106215, "gap": [3.476309181106215]}