{"max_gap": 1.4930670931158692, "mid_gaps": [0.36637802454923446], "gap_range_of_max": [0.363642889688758, 0.3691131594097109], "gap_ranges": [[0.363642889688758, 0.3691131594097109]], "gap": [1.4930670931158692], "mid_gap_of_max": 0.36637802454923446, "fill_fraction": 0.483183, "band_nos": [2]}