{"gap": [1.2293468107010004], "band_nos": [8], "max_gap": 1.2293468107010004, "fill_fraction": 0.603553, "mid_gaps": [0.38532575856077167], "gap_ranges": [[0.38295726359893, 0.38769425352261333]], "gap_range_of_max": [0.38295726359893, 0.38769425352261333], "mid_gap_of_max": 0.38532575856077167}