{"gap_range_of_max": [0.3979786202569055, 0.42098934124092763], "mid_gap_of_max": 0.40948398074891657, "fill_fraction": 0.386042, "gap": [5.6194435108150325], "mid_gaps": [0.40948398074891657], "band_nos": [16], "max_gap": 5.6194435108150325, "gap_ranges": [[0.3979786202569055, 0.42098934124092763]]}