{"gap_range_of_max": [0.324322438859405, 0.3996625181680155], "mid_gaps": [0.36199247851371025], "gap_ranges": [[0.324322438859405, 0.3996625181680155]], "max_gap": 20.812609040371733, "fill_fraction": 0.287804, "gap": [20.812609040371733], "mid_gap_of_max": 0.36199247851371025, "band_nos": [4]}