{
  "basis": [
    [
      0.075,
      -0.075,
      0.25
    ],
    [
      -0.075,
      0.075,
      -0.25
    ],
    [
      0.159,
      0.449,
      0.27
    ],
    [
      -0.159,
      -0.449,
      -0.23
    ],
    [
      -0.449,
      -0.159,
      0.23
    ],
    [
      0.449,
      0.159,
      -0.27
    ],
    [
      -0.495,
      0.251,
      0.319
    ],
    [
      0.495,
      -0.251,
      -0.181
    ],
    [
      -0.251,
      0.495,
      0.181
    ],
    [
      0.251,
      -0.495,
      -0.319
    ],
    [
      0.433,
      -0.407,
      0.429
    ],
    [
      -0.433,
      0.407,
      -0.071
    ],
    [
      0.407,
      -0.433,
      0.071
    ],
    [
      -0.407,
      0.433,
      -0.429
    ],
    [
      -0.188,
      0.026,
      0.387
    ],
    [
      0.188,
      -0.026,
      -0.113
    ],
    [
      -0.026,
      0.188,
      0.113
    ],
    [
      0.026,
      -0.188,
      -0.387
    ],
    [
      0.271,
      0.009,
      0.464
    ],
    [
      -0.271,
      -0.009,
      -0.036
    ],
    [
      -0.009,
      -0.271,
      0.036
    ],
    [
      0.009,
      0.271,
      -0.464
    ],
    [
      -0.069,
      -0.419,
      0.414
    ],
    [
      0.069,
      0.419,
      -0.086
    ],
    [
      0.419,
      0.069,
      0.086
    ],
    [
      -0.419,
      -0.069,
      -0.414
    ]
  ],
  "lattice_vectors": [
    [
      0.5743418615,
      -0.8186155546,
      0.0
    ],
    [
      0.5743418615,
      0.8186155546,
      0.0
    ],
    [
      0.0,
      0.0,
      2.6846803192
    ]
  ],
  "nbands": 20,
  "structure": "oC52-Rb"
}