{"gap": [2.23363558751134], "mid_gap_of_max": 0.3638793781748705, "mid_gaps": [0.3638793781748705], "band_nos": [4], "gap_range_of_max": [0.359815508531606, 0.3679432478181349], "max_gap": 2.23363558751134, "gap_ranges": [[0.359815508531606, 0.3679432478181349]], "fill_fraction": 0.295135}