{"max_gap": 2.3555236172639273, "gap": [2.3555236172639273], "mid_gaps": [0.34623990362814183], "fill_fraction": 0.405617, "mid_gap_of_max": 0.34623990362814183, "band_nos": [16], "gap_range_of_max": [0.3421620222769654, 0.3503177849793182], "gap_ranges": [[0.3421620222769654, 0.3503177849793182]]}