{"gap": [0.28730361273258914], "max_gap": 0.28730361273258914, "mid_gap_of_max": 0.3940986912437007, "band_nos": [16], "fill_fraction": 0.432349, "mid_gaps": [0.3940986912437007], "_status": {"tP12-AlBr4Cu/843a064a/store_strict/0000/b1b7da96a031ca6574dd547f78a95442": 1, "tP12-AlBr4Cu/843a064a/check_runnin/0000/6ca9fb697690cb4c7253ae9cd8e6e9c0": 1, "tP12-AlBr4Cu/843a064a/store_fill/0000/cbbda69c60e4dcb28bfdffb7d5396011": 1, "tP12-AlBr4Cu/843a064a/mpb-tP12-AlB/0000/7496d2408c46b637fb1bf59195ab3de8": 7, "tP12-AlBr4Cu/843a064a/store_data/0000/fadf0d650198f22bebfa239b67235fbc": 1, "tP12-AlBr4Cu/843a064a/strict-mpb-t/0000/1ca84aee91960c75d6185f2c5683ccbb": 1}, "gap_ranges": [[0.3935325613548632, 0.39466482113253826]], "run_me": true, "gap_range_of_max": [0.3935325613548632, 0.39466482113253826]}