{"gap_range_of_max": [0.283900484548685, 0.380753996151964], "gap": [29.14401825778099, 0.0028192006586689696], "mid_gap_of_max": 0.33232724035032446, "mid_gaps": [0.33232724035032446, 0.49719672880795895], "gap_ranges": [[0.283900484548685, 0.380753996151964], [0.497189720321232, 0.4972037372946859]], "max_gap": 29.14401825778099, "fill_fraction": 0.267776, "strict_calculated": true, "band_nos": [2, 8]}