{
  "nbands": 20,
  "basis": [
    [
      -0.09549,
      0.22049,
      -0.21875
    ],
    [
      0.40451,
      0.40451,
      -0.21875
    ],
    [
      0.22049,
      -0.09549,
      -0.21875
    ],
    [
      -0.27951,
      -0.27951,
      -0.21875
    ],
    [
      -0.27951,
      0.40451,
      0.28125
    ],
    [
      0.22049,
      0.22049,
      0.28125
    ],
    [
      0.40451,
      -0.27951,
      0.28125
    ],
    [
      -0.09549,
      -0.09549,
      0.28125
    ],
    [
      0.0625,
      -0.4375,
      -0.38265
    ],
    [
      -0.4375,
      0.0625,
      -0.05485
    ],
    [
      -0.4375,
      0.0625,
      0.44515
    ],
    [
      0.0625,
      -0.4375,
      0.11735
    ],
    [
      0.2705,
      -0.3365,
      -0.37375
    ],
    [
      -0.0385,
      -0.2295,
      -0.37375
    ],
    [
      -0.1455,
      0.4615,
      -0.37375
    ],
    [
      0.1635,
      0.3545,
      -0.37375
    ],
    [
      -0.2295,
      -0.0385,
      -0.06375
    ],
    [
      -0.3365,
      0.2705,
      -0.06375
    ],
    [
      0.3545,
      0.1635,
      -0.06375
    ],
    [
      0.4615,
      -0.1455,
      -0.06375
    ],
    [
      0.3545,
      -0.0385,
      0.43625
    ],
    [
      -0.3365,
      -0.1455,
      0.43625
    ],
    [
      -0.2295,
      0.1635,
      0.43625
    ],
    [
      0.4615,
      0.2705,
      0.43625
    ],
    [
      -0.1455,
      -0.3365,
      0.12625
    ],
    [
      -0.0385,
      0.3545,
      0.12625
    ],
    [
      0.2705,
      0.4615,
      0.12625
    ],
    [
      0.1635,
      -0.2295,
      0.12625
    ],
    [
      0.0625,
      0.0625,
      -0.46875
    ],
    [
      -0.4375,
      -0.4375,
      -0.46875
    ],
    [
      -0.4375,
      -0.4375,
      0.03125
    ],
    [
      0.0625,
      0.0625,
      0.03125
    ]
  ],
  "structure": "tP32-Bi2AuO5",
  "lattice_vectors": [
    [
      1.0,
      0.0,
      0.0
    ],
    [
      0.0,
      1.0,
      0.0
    ],
    [
      0.0,
      0.0,
      0.6954892
    ]
  ]
}