{"gap_range_of_max": [0.4694354448040173, 0.4722930642372743], "max_gap": 0.6068881648631637, "mid_gap_of_max": 0.4708642545206458, "band_nos": [4], "gap_ranges": [[0.4694354448040173, 0.4722930642372743]], "fill_fraction": 0.214477, "mid_gaps": [0.4708642545206458], "gap": [0.6068881648631637]}