{"gap": [8.871162629912751], "max_gap": 8.871162629912751, "mid_gap_of_max": 0.27853309320614394, "gap_range_of_max": [0.266178531367922, 0.2908876550443659], "fill_fraction": 0.459647, "gap_ranges": [[0.266178531367922, 0.2908876550443659]], "mid_gaps": [0.27853309320614394], "band_nos": [2]}