{
  "basis": [
    [
      0.4047,
      0.2333,
      0.4948
    ],
    [
      0.5953,
      0.7667,
      0.9948
    ],
    [
      0.9047,
      0.2667,
      0.4948
    ],
    [
      0.0953,
      0.7333,
      0.9948
    ],
    [
      0.5634,
      0.2676,
      0.4168
    ],
    [
      0.4366,
      0.7324,
      0.9168
    ],
    [
      0.0634,
      0.2324,
      0.4168
    ],
    [
      0.9366,
      0.7676,
      0.9168
    ],
    [
      0.3843,
      0.2562,
      0.8301
    ],
    [
      0.6157,
      0.7438,
      0.3301
    ],
    [
      0.8843,
      0.2438,
      0.8301
    ],
    [
      0.1157,
      0.7562,
      0.3301
    ],
    [
      0.3326,
      0.4458,
      0.3469
    ],
    [
      0.6674,
      0.5542,
      0.8469
    ],
    [
      0.8326,
      0.0542,
      0.3469
    ],
    [
      0.1674,
      0.9458,
      0.8469
    ],
    [
      0.3298,
      0.0119,
      0.3851
    ],
    [
      0.6702,
      0.9881,
      0.8851
    ],
    [
      0.8298,
      0.4881,
      0.3851
    ],
    [
      0.1702,
      0.5119,
      0.8851
    ],
    [
      0.15944,
      0.4884,
      0.497
    ],
    [
      0.84056,
      0.5116,
      0.997
    ],
    [
      0.65944,
      0.0116,
      0.497
    ],
    [
      0.34056,
      0.9884,
      0.997
    ],
    [
      0.57258,
      0.28294,
      0.0
    ],
    [
      0.42742,
      0.71706,
      0.5
    ],
    [
      0.07258,
      0.21706,
      0.0
    ],
    [
      0.92742,
      0.78294,
      0.5
    ]
  ],
  "structure": "oP28-ZnAgPS4_r",
  "nbands": 20,
  "lattice_vectors": [
    [
      1.0,
      0.0,
      0.0
    ],
    [
      0.0,
      0.6078227536,
      0.0
    ],
    [
      0.0,
      0.0,
      0.4854903356
    ]
  ]
}