{"gap_ranges": [[0.342761975651353, 0.45174276641236394]], "band_nos": [2], "fill_fraction": 0.198238, "gap_range_of_max": [0.342761975651353, 0.45174276641236394], "max_gap": 27.433641359505135, "mid_gaps": [0.3972523710318585], "mid_gap_of_max": 0.3972523710318585, "gap": [27.433641359505135], "strict_calculated": true}