{"gap_ranges": [[0.437993872967955, 0.4839448053984843]], "max_gap": 9.968327288740719, "fill_fraction": 0.520934, "mid_gaps": [0.46096933918321964], "gap_range_of_max": [0.437993872967955, 0.4839448053984843], "band_nos": [8], "_status": {"tI16-CoCu2Si/9033dd5e/mpb-tI16-CoC/0000/0192753f8ea206343c4c1b6c862dab17": 1, "tI16-CoCu2Si/9033dd5e/store_data/0000/c136ec4e9d84fb4e37190b8474a4d95b": 1, "tI16-CoCu2Si/9033dd5e/store_strict/0000/ba651c8018032442140eaae6c1a81a80": 1, "tI16-CoCu2Si/9033dd5e/strict-mpb-t/0000/eda6596adb935c40d72f5e1bf03a44ba": 1, "tI16-CoCu2Si/9033dd5e/store_fill/0000/1c09f1b583629a58ba81ca8c963cfe17": 1, "tI16-CoCu2Si/9033dd5e/check_runnin/0000/4e8e926404d45a80e827bb45f931730f": 1}, "mid_gap_of_max": 0.46096933918321964, "gap": [9.968327288740719]}