{"gap": [0.1443636434473186], "gap_range_of_max": [0.5743721885818993, 0.5752019721531824], "mid_gaps": [0.5747870803675408], "max_gap": 0.1443636434473186, "fill_fraction": 0.128304, "strict_calculated": true, "gap_ranges": [[0.5743721885818993, 0.5752019721531824]], "mid_gap_of_max": 0.5747870803675408, "band_nos": [11]}