{
  "basis": [
    [
      0.5,
      0.0,
      0.0
    ],
    [
      0.0,
      0.5,
      0.6666666666666666
    ],
    [
      0.5,
      0.5,
      0.3333333333333333
    ],
    [
      0.4166666666666667,
      0.2381,
      0.1419
    ],
    [
      0.7619,
      0.17856666666666668,
      0.8085666666666667
    ],
    [
      0.8214333333333333,
      0.5833333333333334,
      0.47523333333333334
    ],
    [
      0.5833333333333334,
      0.7619,
      0.1419
    ],
    [
      0.2381,
      0.8214333333333333,
      0.8085666666666667
    ],
    [
      0.17856666666666668,
      0.4166666666666667,
      0.47523333333333334
    ],
    [
      0.2381,
      0.4166666666666667,
      0.5247666666666667
    ],
    [
      0.17856666666666668,
      0.7619,
      0.8581
    ],
    [
      0.5833333333333334,
      0.8214333333333333,
      0.19143333333333334
    ],
    [
      0.7619,
      0.5833333333333334,
      0.5247666666666667
    ],
    [
      0.8214333333333333,
      0.2381,
      0.8581
    ],
    [
      0.4166666666666667,
      0.17856666666666668,
      0.19143333333333334
    ]
  ],
  "lattice_vectors": [
    [
      1.0,
      0.0,
      0.0
    ],
    [
      -0.5,
      0.8660254037905744,
      0.0
    ],
    [
      0.0,
      0.0,
      1.0925225483248626
    ]
  ],
  "nbands": 20,
  "structure": "hP15-SiO4_r"
}