{"fill_fraction": 0.331864, "max_gap": 5.878209652783879, "mid_gap_of_max": 0.720611626728368, "gap_ranges": [[0.69943209562765, 0.741791157829086]], "gap_range_of_max": [0.69943209562765, 0.741791157829086], "band_nos": [18], "strict_calculated": true, "mid_gaps": [0.720611626728368], "gap": [5.878209652783879]}