{"max_gap": 3.207055116988733, "mid_gap_of_max": 0.41085090746468855, "mid_gaps": [0.41085090746468855], "fill_fraction": 0.308066, "band_nos": [5], "gap": [3.207055116988733], "strict_calculated": true, "gap_range_of_max": [0.4042627999391681, 0.4174390149902091], "gap_ranges": [[0.4042627999391681, 0.4174390149902091]]}