{"gap": [25.34023054650008], "band_nos": [8], "gap_ranges": [[0.42948352607014, 0.5541053734548484]], "mid_gaps": [0.4917944497624942], "gap_range_of_max": [0.42948352607014, 0.5541053734548484], "strict_calculated": true, "mid_gap_of_max": 0.4917944497624942, "fill_fraction": 0.252689, "max_gap": 25.34023054650008}