{"gap_range_of_max": [0.966571272428668, 0.9721881264535717], "band_nos": [16], "gap_ranges": [[0.966571272428668, 0.9721881264535717]], "fill_fraction": 0.196767, "mid_gap_of_max": 0.9693796994411199, "max_gap": 0.5794276513260146, "mid_gaps": [0.9693796994411199], "gap": [0.5794276513260146]}