{"gap_ranges": [[0.366483778863324, 0.3866630907891104]], "mid_gaps": [0.3765734348262172], "band_nos": [2], "gap": [5.3586658164291565], "mid_gap_of_max": 0.3765734348262172, "gap_range_of_max": [0.366483778863324, 0.3866630907891104], "fill_fraction": 0.400865, "max_gap": 5.3586658164291565}