{"fill_fraction": 0.327888, "mid_gaps": [0.36551581127328364], "gap_range_of_max": [0.344536538637886, 0.38649508390868126], "gap_ranges": [[0.344536538637886, 0.38649508390868126]], "band_nos": [4], "max_gap": 11.479269562821608, "mid_gap_of_max": 0.36551581127328364, "gap": [11.479269562821608]}