{"mid_gap_of_max": 0.7784878514445608, "gap_range_of_max": [0.777681767907441, 0.7792939349816805], "mid_gaps": [0.7784878514445608], "band_nos": [8], "gap_ranges": [[0.777681767907441, 0.7792939349816805]], "fill_fraction": 0.112233, "max_gap": 0.20708956103138065, "gap": [0.20708956103138065]}