{"strict_calculated": true, "mid_gaps": [0.44445893814411747], "fill_fraction": 0.125672, "gap_range_of_max": [0.4401636509035753, 0.44875422538465964], "band_nos": [4], "gap": [1.932816227513637], "max_gap": 1.932816227513637, "gap_ranges": [[0.4401636509035753, 0.44875422538465964]], "mid_gap_of_max": 0.44445893814411747}