{"mid_gap_of_max": 0.6493437582158772, "_status": {"hP36-H2O-8/d45adb8c/store_fill/0000/6af453ca57f8edea938256be5392b89d": 1, "hP36-H2O-8/d45adb8c/store_data/0000/d40613a5c0cbe62fbf26a83b1912335d": 1, "hP36-H2O-8/d45adb8c/mpb-hP36-H2O/0000/76024ef927a25453033d550dd82947ff": 6, "hP36-H2O-8/d45adb8c/strict-mpb-h/0000/b89c39fea3396d51fc63f905319d9db5": 1, "hP36-H2O-8/d45adb8c/check_runnin/0000/03e081f4511dcec91d7cdf4fd9af5a22": 1, "hP36-H2O-8/d45adb8c/store_strict/0000/0465d5bbd0ab98b8ed99b2abc2e24b36": 1}, "max_gap": 0.9791859888318815, "band_nos": [12], "gap_ranges": [[0.646164616665975, 0.6525228997657795]], "fill_fraction": 0.42986, "gap": [0.9791859888318815], "mid_gaps": [0.6493437582158772], "gap_range_of_max": [0.646164616665975, 0.6525228997657795], "run_me": true}