{"fill_fraction": 0.124314, "strict_calculated": true, "mid_gaps": [0.37198370890422405], "mid_gap_of_max": 0.37198370890422405, "band_nos": [4], "gap_range_of_max": [0.3590195558484259, 0.3849478619600222], "gap": [6.970280012523908], "max_gap": 6.970280012523908, "gap_ranges": [[0.3590195558484259, 0.3849478619600222]]}