{"gap": [13.511607902127167], "gap_ranges": [[0.546426784484696, 0.6256070956678458]], "mid_gaps": [0.5860169400762709], "gap_range_of_max": [0.546426784484696, 0.6256070956678458], "mid_gap_of_max": 0.5860169400762709, "max_gap": 13.511607902127167, "fill_fraction": 0.375598, "band_nos": [8]}