{"gap_range_of_max": [0.353810031129949, 0.3657761665747906], "gap_ranges": [[0.353810031129949, 0.3657761665747906]], "mid_gaps": [0.3597930988523698], "gap": [3.3258379560390465], "max_gap": 3.3258379560390465, "mid_gap_of_max": 0.3597930988523698, "band_nos": [5], "fill_fraction": 0.328126, "strict_calculated": true}