{"strict_calculated": true, "mid_gaps": [0.23649999580885253], "gap": [9.840371712977984], "gap_range_of_max": [0.2248637564644683, 0.24813623515323677], "mid_gap_of_max": 0.23649999580885253, "band_nos": [2], "max_gap": 9.840371712977984, "gap_ranges": [[0.2248637564644683, 0.24813623515323677]], "fill_fraction": 0.566537}