{
  "structure": "hP24-Ta_r",
  "lattice_vectors": [
    [
      1.0,
      0.0,
      0.0
    ],
    [
      -0.5,
      0.8660254038,
      0.0
    ],
    [
      0.0,
      0.0,
      1.8851994787
    ]
  ],
  "basis": [
    [
      0.555,
      0.987,
      0.632
    ],
    [
      0.445,
      0.013,
      0.368
    ],
    [
      0.013,
      0.568,
      0.632
    ],
    [
      0.987,
      0.432,
      0.368
    ],
    [
      0.432,
      0.445,
      0.632
    ],
    [
      0.568,
      0.555,
      0.368
    ],
    [
      0.445,
      0.013,
      0.132
    ],
    [
      0.555,
      0.987,
      0.868
    ],
    [
      0.987,
      0.432,
      0.132
    ],
    [
      0.013,
      0.568,
      0.868
    ],
    [
      0.568,
      0.555,
      0.132
    ],
    [
      0.432,
      0.445,
      0.868
    ],
    [
      0.788,
      0.567,
      0.082
    ],
    [
      0.212,
      0.433,
      0.918
    ],
    [
      0.433,
      0.221,
      0.082
    ],
    [
      0.567,
      0.779,
      0.918
    ],
    [
      0.779,
      0.212,
      0.082
    ],
    [
      0.221,
      0.788,
      0.918
    ],
    [
      0.212,
      0.433,
      0.582
    ],
    [
      0.788,
      0.567,
      0.418
    ],
    [
      0.567,
      0.779,
      0.582
    ],
    [
      0.433,
      0.221,
      0.418
    ],
    [
      0.221,
      0.788,
      0.582
    ],
    [
      0.779,
      0.212,
      0.418
    ]
  ],
  "nbands": 20
}