{"gap_range_of_max": [0.522013486981067, 0.5535658148564188], "gap": [5.8670388731817535], "fill_fraction": 0.1543, "gap_ranges": [[0.522013486981067, 0.5535658148564188]], "mid_gaps": [0.5377896509187429], "mid_gap_of_max": 0.5377896509187429, "max_gap": 5.8670388731817535, "band_nos": [2]}