{"fill_fraction": 0.100902, "gap_ranges": [[0.789549550812732, 0.8046049950652586]], "max_gap": 1.8888312041583184, "mid_gaps": [0.7970772729389953], "gap": [1.8888312041583184], "strict_calculated": true, "band_nos": [10], "mid_gap_of_max": 0.7970772729389953, "gap_range_of_max": [0.789549550812732, 0.8046049950652586]}