{"gap_ranges": [[0.247226718299609, 0.24782274398069723]], "fill_fraction": 0.673419, "gap": [0.24079439591450555], "mid_gap_of_max": 0.2475247311401531, "max_gap": 0.24079439591450555, "gap_range_of_max": [0.247226718299609, 0.24782274398069723], "mid_gaps": [0.2475247311401531], "band_nos": [2]}