{"max_gap": 0.25008710283204855, "gap": [0.25008710283204855], "mid_gaps": [0.310982652594471], "fill_fraction": 0.453299, "mid_gap_of_max": 0.310982652594471, "gap_range_of_max": [0.310593788841379, 0.31137151634756305], "band_nos": [16], "gap_ranges": [[0.310593788841379, 0.31137151634756305]], "strict_calculated": true}