{"gap": [0.6079076770203509], "fill_fraction": 0.485392, "mid_gap_of_max": 0.4942286427792804, "gap_range_of_max": [0.492726415848536, 0.49573086971002484], "mid_gaps": [0.4942286427792804], "max_gap": 0.6079076770203509, "band_nos": [8], "gap_ranges": [[0.492726415848536, 0.49573086971002484]]}