{"mid_gap_of_max": 0.49604029347343237, "run_me": true, "band_nos": [8], "max_gap": 0.6953601202892015, "_status": {"mP24-SiO2_r-/7321874a/mpb-mP24-SiO/0000/55378b51aba498e6f426765fc7ab1b2d": 3, "mP24-SiO2_r-/7321874a/strict-mpb-m/0000/5acba7116f1301c31fe286902319d730": 1, "mP24-SiO2_r-/7321874a/store_strict/0000/a0de7bff12275871a4122749b0ecf163": 1, "mP24-SiO2_r-/7321874a/store_data/0000/08a176425ba9e8c7b40a60e9c47f69b8": 1, "mP24-SiO2_r-/7321874a/store_fill/0000/55f53228041f3b37b3d9cc9cd1686ea6": 1, "mP24-SiO2_r-/7321874a/check_runnin/0000/75409bd9d25ae59846dcaa996c46fb82": 1}, "gap_range_of_max": [0.4943156602827425, 0.4977649266641223], "gap": [0.6953601202892015], "fill_fraction": 0.458439, "mid_gaps": [0.49604029347343237], "gap_ranges": [[0.4943156602827425, 0.4977649266641223]]}