{"max_gap": 0.00758655889852741, "gap": [0.00758655889852741], "band_nos": [4], "mid_gap_of_max": 0.3887936602698103, "gap_ranges": [[0.388778912239795, 0.3888084082998256]], "gap_range_of_max": [0.388778912239795, 0.3888084082998256], "fill_fraction": 0.30198, "mid_gaps": [0.3887936602698103]}