{"fill_fraction": 0.100314, "gap": [7.871507391781261], "mid_gaps": [0.8776027149587644], "gap_range_of_max": [0.843062433669538, 0.9121429962479907], "max_gap": 7.871507391781261, "_status": {"tI16-VAg3O4_/67b6f5cd/mpb-tI16-VAg/0000/820c23fa2cf01176359bd528fc8f8912": 1, "tI16-VAg3O4_/67b6f5cd/store_strict/0000/7077db9869df36eeb05d33dc876bedca": 1, "tI16-VAg3O4_/67b6f5cd/check_runnin/0000/e7855274cca82a1944b6e2c74603b8c6": 1, "tI16-VAg3O4_/67b6f5cd/store_data/0000/84fa20d51c100320b4759b71c130268d": 1, "tI16-VAg3O4_/67b6f5cd/store_fill/0000/0cb7bb8ecc71045d1fbd5ad5079e4872": 1, "tI16-VAg3O4_/67b6f5cd/strict-mpb-t/0000/ead058fc22cc0435833f05ea5cd70af3": 1}, "band_nos": [8], "mid_gap_of_max": 0.8776027149587644, "gap_ranges": [[0.843062433669538, 0.9121429962479907]]}