{"strict_calculated": true, "gap": [0.7065931440232815], "gap_range_of_max": [0.500062218872323, 0.5036081518865106], "max_gap": 0.7065931440232815, "mid_gaps": [0.5018351853794168], "gap_ranges": [[0.500062218872323, 0.5036081518865106]], "mid_gap_of_max": 0.5018351853794168, "fill_fraction": 0.489142, "band_nos": [8]}