{"gap": [2.368685575859995], "mid_gap_of_max": 0.6392453994153412, "band_nos": [8], "fill_fraction": 0.216947, "max_gap": 2.368685575859995, "mid_gaps": [0.6392453994153412], "gap_ranges": [[0.631674542630191, 0.6468162562004914]], "gap_range_of_max": [0.631674542630191, 0.6468162562004914]}