{"gap_range_of_max": [0.428069496690377, 0.538799996616376], "gap_ranges": [[0.428069496690377, 0.538799996616376]], "band_nos": [2], "fill_fraction": 0.137186, "gap": [22.904952673042526], "mid_gap_of_max": 0.4834347466533765, "max_gap": 22.904952673042526, "mid_gaps": [0.4834347466533765]}