{"gap": [26.11359975901398], "fill_fraction": 0.178789, "mid_gaps": [0.4310289534640056], "mid_gap_of_max": 0.4310289534640056, "gap_range_of_max": [0.374750365587477, 0.4873075413405343], "gap_ranges": [[0.374750365587477, 0.4873075413405343]], "max_gap": 26.11359975901398, "band_nos": [2]}