{"band_nos": [8], "mid_gaps": [0.560972963155691], "gap_ranges": [[0.55036446687702, 0.571581459434362]], "mid_gap_of_max": 0.560972963155691, "max_gap": 3.7821773865870565, "gap": [3.7821773865870565], "gap_range_of_max": [0.55036446687702, 0.571581459434362], "fill_fraction": 0.416723}