{"max_gap": 0.35414610999935486, "band_nos": [4], "mid_gaps": [0.49771319312133566], "fill_fraction": 0.211984, "_status": {"oC20-O3Pb2_r/631f3427/strict-mpb-o/0000/c9a0159de436fcecdb2a53176718d4b4": 1, "oC20-O3Pb2_r/631f3427/store_data/0000/84ddf45aa9fe99e4a4f2e3610fc7bb1d": 1, "oC20-O3Pb2_r/631f3427/store_strict/0000/5ce2424477fe0bbae81fa9d052387bda": 1, "oC20-O3Pb2_r/631f3427/check_runnin/0000/12b403f924412d4273a5273725eb7d34": 1, "oC20-O3Pb2_r/631f3427/store_fill/0000/4a988b049e73d0a5abd09a0352e48355": 1, "oC20-O3Pb2_r/631f3427/mpb-oC20-O3P/0000/b74340306e40f34220542106c0ee40fa": 7}, "run_me": true, "mid_gap_of_max": 0.49771319312133566, "gap_ranges": [[0.4968318771651392, 0.49859450907753206]], "gap": [0.35414610999935486], "gap_range_of_max": [0.4968318771651392, 0.49859450907753206]}