{"gap_range_of_max": [0.313524700392497, 0.33739446955359803], "max_gap": 7.3341730473469475, "band_nos": [4], "gap": [7.3341730473469475], "mid_gap_of_max": 0.3254595849730475, "fill_fraction": 0.427042, "gap_ranges": [[0.313524700392497, 0.33739446955359803]], "mid_gaps": [0.3254595849730475]}