{"max_gap": 11.28928888433229, "gap_range_of_max": [0.478970124783893, 0.5362772280604609], "gap": [11.28928888433229], "gap_ranges": [[0.478970124783893, 0.5362772280604609]], "fill_fraction": 0.155462, "mid_gap_of_max": 0.5076236764221769, "mid_gaps": [0.5076236764221769], "band_nos": [2]}