{"gap_range_of_max": [0.288618431283575, 0.34953992507177684], "gap_ranges": [[0.288618431283575, 0.34953992507177684]], "fill_fraction": 0.34679, "strict_calculated": true, "max_gap": 19.092907953485458, "mid_gap_of_max": 0.31907917817767595, "mid_gaps": [0.31907917817767595], "gap": [19.092907953485458], "band_nos": [2]}