{"gap_range_of_max": [0.273362501018575, 0.28758264027534997], "max_gap": 5.070064150648722, "band_nos": [4], "gap": [5.070064150648722], "mid_gap_of_max": 0.2804725706469625, "fill_fraction": 0.501385, "gap_ranges": [[0.273362501018575, 0.28758264027534997]], "mid_gaps": [0.2804725706469625]}