{"gap_range_of_max": [0.292813890890553, 0.338417942902929], "gap_ranges": [[0.292813890890553, 0.338417942902929]], "mid_gaps": [0.31561591689674096], "gap": [14.449224380307529], "mid_gap_of_max": 0.31561591689674096, "max_gap": 14.449224380307529, "fill_fraction": 0.422393, "band_nos": [2]}