{"strict_calculated": true, "max_gap": 22.57684123551384, "mid_gaps": [0.34487131351449435], "gap": [22.57684123551384], "gap_range_of_max": [0.305940789054995, 0.3838018379739937], "gap_ranges": [[0.305940789054995, 0.3838018379739937]], "band_nos": [2], "fill_fraction": 0.314466, "mid_gap_of_max": 0.34487131351449435}