{"fill_fraction": 0.52933, "max_gap": 2.155561411286301, "mid_gaps": [0.4801837448322145], "gap_ranges": [[0.475008417078778, 0.485359072585651]], "band_nos": [16], "mid_gap_of_max": 0.4801837448322145, "gap": [2.155561411286301], "gap_range_of_max": [0.475008417078778, 0.485359072585651]}