{
  "structure": "oF4-I",
  "nbands": 20,
  "basis": [
    [
      0.0,
      0.0,
      0.0
    ]
  ],
  "lattice_vectors": [
    [
      0.0,
      0.6103803178,
      0.7921084948
    ],
    [
      0.6069010486,
      0.0,
      0.7921084948
    ],
    [
      0.6069010486,
      0.6103803178,
      0.0
    ]
  ]
}