{"gap": [3.811735552647838], "band_nos": [4], "max_gap": 3.811735552647838, "gap_ranges": [[0.338660476644596, 0.35182012391238]], "mid_gaps": [0.34524030027848795], "mid_gap_of_max": 0.34524030027848795, "gap_range_of_max": [0.338660476644596, 0.35182012391238], "fill_fraction": 0.455442}