{"gap": [0.2247871779193213], "max_gap": 0.2247871779193213, "band_nos": [16], "gap_range_of_max": [0.816562509396502, 0.8184001025542228], "fill_fraction": 0.13311, "mid_gaps": [0.8174813059753624], "mid_gap_of_max": 0.8174813059753624, "gap_ranges": [[0.816562509396502, 0.8184001025542228]]}