{"gap": [6.4938172112453305], "gap_ranges": [[0.361522042828277, 0.38578646714929005]], "gap_range_of_max": [0.361522042828277, 0.38578646714929005], "band_nos": [5], "mid_gap_of_max": 0.3736542549887835, "strict_calculated": true, "fill_fraction": 0.306644, "max_gap": 6.4938172112453305, "mid_gaps": [0.3736542549887835]}