{"max_gap": 3.54424950164777, "mid_gap_of_max": 0.38239032742217594, "gap_ranges": [[0.37561389378517, 0.3891667610591818]], "gap_range_of_max": [0.37561389378517, 0.3891667610591818], "mid_gaps": [0.38239032742217594], "fill_fraction": 0.517576, "band_nos": [2], "gap": [3.54424950164777]}