{"gap_range_of_max": [0.2535616914928765, 0.2564603723021099], "_status": {"hP4-La_r-14/fbad0352/store_strict/0000/a1372db5969695be54376b588bfb28d4": 1, "hP4-La_r-14/fbad0352/store_fill/0000/12dd30f9a4111df4828f2dee07b578be": 1, "hP4-La_r-14/fbad0352/check_runnin/0000/82fa1408eee0f152b66a6e9f3cfb533b": 1, "hP4-La_r-14/fbad0352/store_data/0000/68f61145bd38657729427a968bfbf20d": 1, "hP4-La_r-14/fbad0352/mpb-hP4-La_r/0000/ace8477daec636a15703812a5a93eddd": 6, "hP4-La_r-14/fbad0352/strict-mpb-h/0000/229b9b9e99075c71755fa01111014863": 1}, "run_me": true, "gap_ranges": [[0.2535616914928765, 0.2564603723021099]], "band_nos": [8], "max_gap": 1.1366883964449495, "fill_fraction": 0.505001, "mid_gap_of_max": 0.2550110318974932, "gap": [1.1366883964449495], "mid_gaps": [0.2550110318974932]}