{"mid_gaps": [0.726425538181039, 0.932751895737503], "fill_fraction": 0.069101, "strict_calculated": true, "band_nos": [8, 14], "mid_gap_of_max": 0.726425538181039, "gap_range_of_max": [0.7022704129309371, 0.750580663431141], "gap_ranges": [[0.7022704129309371, 0.750580663431141], [0.9241265715020837, 0.9413772199729223]], "max_gap": 6.650406402447288, "gap": [6.650406402447288, 1.8494359056969847]}