{"mid_gaps": [0.6137850573754045], "gap_ranges": [[0.613376780142435, 0.6141933346083738]], "strict_calculated": true, "mid_gap_of_max": 0.6137850573754045, "fill_fraction": 0.223456, "gap": [0.13303589849999684], "gap_range_of_max": [0.613376780142435, 0.6141933346083738], "band_nos": [17], "max_gap": 0.13303589849999684}