{"max_gap": 4.18971323277036, "gap": [4.18971323277036], "mid_gaps": [0.4323348732323796], "fill_fraction": 0.262147, "mid_gap_of_max": 0.4323348732323796, "gap_range_of_max": [0.4232780775355, 0.44139166892925924], "band_nos": [16], "gap_ranges": [[0.4232780775355, 0.44139166892925924]]}