{"gap_range_of_max": [0.612386006568358, 0.6421849895851791], "gap_ranges": [[0.520194984037853, 0.5425063792165238], [0.612386006568358, 0.6421849895851791]], "band_nos": [8, 11], "fill_fraction": 0.348692, "mid_gaps": [0.5313506816271885, 0.6272854980767686], "mid_gap_of_max": 0.6272854980767686, "gap": [4.1989962467621105, 4.750465793993865], "max_gap": 4.750465793993865}