{"gap_range_of_max": [0.392459561688325, 0.469336921385265], "gap_ranges": [[0.392459561688325, 0.469336921385265]], "max_gap": 17.841186685459068, "mid_gap_of_max": 0.430898241536795, "band_nos": [4], "strict_calculated": true, "fill_fraction": 0.175842, "mid_gaps": [0.430898241536795], "gap": [17.841186685459068]}