{"gap_ranges": [[0.263112370502439, 0.2650468667877547]], "mid_gaps": [0.2640796186450969], "gap": [0.7325428199421958], "mid_gap_of_max": 0.2640796186450969, "max_gap": 0.7325428199421958, "band_nos": [4], "gap_range_of_max": [0.263112370502439, 0.2650468667877547], "strict_calculated": true, "fill_fraction": 0.460725}