{"gap": [3.2616364853365343], "_status": {"tP12-PNO/52a22894/mpb-tP12-PNO/0000/4cd259587d3404cc040ce4ba629a3c71": 1, "tP12-PNO/52a22894/store_strict/0000/042e94aea1fd7c98c5c67b917f3f0f22": 1, "tP12-PNO/52a22894/store_data/0000/2b10f7517a7a7cd4e095e68920efdd94": 1, "tP12-PNO/52a22894/strict-mpb-t/0000/eda0d87fe97f26c0feeb726318f74152": 1, "tP12-PNO/52a22894/check_runnin/0000/aa7e768a506bb4f11522b904b2f3f9d5": 1, "tP12-PNO/52a22894/store_fill/0000/3bb0471d2b2365c0f03d6b922030f1c3": 1}, "band_nos": [4], "strict_calculated": true, "gap_ranges": [[0.224965024972036, 0.23242421209004657]], "mid_gap_of_max": 0.22869461853104128, "fill_fraction": 0.652226, "max_gap": 3.2616364853365343, "mid_gaps": [0.22869461853104128], "gap_range_of_max": [0.224965024972036, 0.23242421209004657]}