{"_status": {"tI16-CoCu2Si/5cca192b/store_fill/0000/e82eec029a48035323a0aac5aaae8a37": 1, "tI16-CoCu2Si/5cca192b/store_strict/0000/27469d6cae1cc42a03328355fba82b86": 1, "tI16-CoCu2Si/5cca192b/strict-mpb-t/0000/e93a293fe4d3844560bb1b0c2be437b4": 1, "tI16-CoCu2Si/5cca192b/mpb-tI16-CoC/0000/b6829a187669e35ae2d2c9b1e560165b": 1, "tI16-CoCu2Si/5cca192b/check_runnin/0000/2f641811d39d174a4e7f99f6de45880a": 1, "tI16-CoCu2Si/5cca192b/store_data/0000/52c0b9a0f48d6c935d8b9f32b84e3cfb": 1}, "gap": [28.109981516698625], "band_nos": [8], "mid_gaps": [0.7650905209978476], "fill_fraction": 0.138383, "gap_range_of_max": [0.65755711897859, 0.872623923017105], "gap_ranges": [[0.65755711897859, 0.872623923017105]], "mid_gap_of_max": 0.7650905209978476, "max_gap": 28.109981516698625}