{"mid_gap_of_max": 0.4660283493825348, "mid_gaps": [0.4660283493825348], "max_gap": 0.7989815810157732, "gap": [0.7989815810157732], "fill_fraction": 0.238453, "_status": {"hP21-NaAlSiO/f50264c4/store_strict/0000/1c15d322009766deaeaeebbc82e39a68": 1, "hP21-NaAlSiO/f50264c4/store_fill/0000/271273b1291b25b01e05bcb4c4b0044b": 1, "hP21-NaAlSiO/f50264c4/strict-mpb-h/0000/a693a8d51b39a06cce8ecd73b9f66ef8": 1, "hP21-NaAlSiO/f50264c4/store_data/0000/dad66d918f86e00ab38ac909bfaac299": 1, "hP21-NaAlSiO/f50264c4/check_runnin/0000/d0ee5e6b342694a3bd20d4e94075e6fb": 1, "hP21-NaAlSiO/f50264c4/mpb-hP21-NaA/0000/fb788662347b5405a10640b315170b8d": 1}, "band_nos": [6], "gap_range_of_max": [0.4641666090455956, 0.46789008971947393], "gap_ranges": [[0.4641666090455956, 0.46789008971947393]]}