{"mid_gap_of_max": 0.32652218542573913, "mid_gaps": [0.32652218542573913], "band_nos": [2], "gap_range_of_max": [0.3220498903341738, 0.33099448051730446], "strict_calculated": true, "max_gap": 2.739351438392495, "gap": [2.739351438392495], "gap_ranges": [[0.3220498903341738, 0.33099448051730446]], "fill_fraction": 0.392739}