{"band_nos": [2], "max_gap": 5.993923420984746, "mid_gaps": [0.2801510311890414], "gap": [5.993923420984746], "gap_range_of_max": [0.271755012052756, 0.28854705032532685], "fill_fraction": 0.537461, "mid_gap_of_max": 0.2801510311890414, "gap_ranges": [[0.271755012052756, 0.28854705032532685]]}