{"band_nos": [4], "max_gap": 0.12027789300336987, "gap_ranges": [[0.3012786976280538, 0.30164128735527096]], "gap_range_of_max": [0.3012786976280538, 0.30164128735527096], "mid_gap_of_max": 0.3014599924916624, "mid_gaps": [0.3014599924916624], "fill_fraction": 0.460725, "gap": [0.12027789300336987]}