{"band_nos": [8], "mid_gaps": [0.4314748153982253], "max_gap": 7.084673607036583, "gap_range_of_max": [0.416190524214461, 0.44675910658198953], "gap": [7.084673607036583], "mid_gap_of_max": 0.4314748153982253, "fill_fraction": 0.516853, "gap_ranges": [[0.416190524214461, 0.44675910658198953]], "strict_calculated": true}