{"gap_ranges": [[0.4783154784042583, 0.47924707561054664]], "band_nos": [16], "max_gap": 0.1945767829751344, "gap": [0.1945767829751344], "gap_range_of_max": [0.4783154784042583, 0.47924707561054664], "mid_gap_of_max": 0.4787812770074025, "fill_fraction": 0.58936, "mid_gaps": [0.4787812770074025]}