{"band_nos": [16], "gap_range_of_max": [0.527712310889635, 0.5284261046100035], "max_gap": 0.1351704871052113, "fill_fraction": 0.31853, "mid_gaps": [0.5280692077498192], "gap_ranges": [[0.527712310889635, 0.5284261046100035]], "mid_gap_of_max": 0.5280692077498192, "strict_calculated": true, "gap": [0.1351704871052113]}