{"fill_fraction": 0.560776, "max_gap": 2.214850477218881, "mid_gaps": [0.46284117466440244], "gap_ranges": [[0.457715554681492, 0.4679667946473129]], "band_nos": [16], "mid_gap_of_max": 0.46284117466440244, "gap": [2.214850477218881], "gap_range_of_max": [0.457715554681492, 0.4679667946473129]}