{"gap_ranges": [[0.314496172985459, 0.37789384477754145]], "max_gap": 18.31270531510823, "mid_gaps": [0.34619500888150023], "band_nos": [4], "mid_gap_of_max": 0.34619500888150023, "fill_fraction": 0.315135, "gap_range_of_max": [0.314496172985459, 0.37789384477754145], "gap": [18.31270531510823]}