{"fill_fraction": 0.063327, "max_gap": 0.3034409158207621, "gap": [0.3034409158207621], "mid_gap_of_max": 0.7808494377408761, "gap_range_of_max": [0.779664729398345, 0.7820341460834074], "gap_ranges": [[0.779664729398345, 0.7820341460834074]], "strict_calculated": true, "mid_gaps": [0.7808494377408761], "band_nos": [8]}