{"max_gap": 0.876071391219882, "mid_gaps": [0.9942348720678753], "gap_range_of_max": [0.989879768430016, 0.9985899757057346], "gap": [0.876071391219882], "band_nos": [16], "gap_ranges": [[0.989879768430016, 0.9985899757057346]], "mid_gap_of_max": 0.9942348720678753, "fill_fraction": 0.087068, "_status": {"hR30-FeBiO3_/5cca192b/mpb-hR30-FeB/0000/e9cb3ced6181b264947ad070ef00f81c": 1, "hR30-FeBiO3_/5cca192b/check_runnin/0000/b468fca80d5647764d1a4e4b0352e214": 1, "hR30-FeBiO3_/5cca192b/strict-mpb-h/0000/fb8ca4e28c9d7fd76b99bbc4edfa6924": 1, "hR30-FeBiO3_/5cca192b/store_data/0000/3bdfba1b144489f6b448b21fa16604db": 1, "hR30-FeBiO3_/5cca192b/store_strict/0000/0148b5204258458d8523c2201d9021cf": 1, "hR30-FeBiO3_/5cca192b/store_fill/0000/8fd3a5d22ae925c40b427647ab17926c": 1}}