{"gap": [22.528738764863096], "max_gap": 22.528738764863096, "mid_gap_of_max": 0.4106764671080874, "gap_range_of_max": [0.3644163528863124, 0.4569365813298624], "fill_fraction": 0.159856, "gap_ranges": [[0.3644163528863124, 0.4569365813298624]], "mid_gaps": [0.4106764671080874], "band_nos": [2]}