{"mid_gap_of_max": 0.4406497250938295, "max_gap": 33.1471132371174, "strict_calculated": true, "mid_gaps": [0.4406497250938295], "gap_ranges": [[0.36761839341588, 0.513681056771779]], "band_nos": [2], "fill_fraction": 0.128805, "gap": [33.1471132371174], "gap_range_of_max": [0.36761839341588, 0.513681056771779]}