{
  "basis": [
    [
      0.0,
      0.358,
      0.729
    ],
    [
      0.0,
      0.642,
      0.229
    ],
    [
      0.0,
      0.122,
      0.284
    ],
    [
      0.0,
      0.878,
      0.784
    ],
    [
      0.5,
      0.142,
      0.289
    ],
    [
      0.5,
      0.858,
      0.789
    ],
    [
      0.5,
      0.376,
      0.716
    ],
    [
      0.5,
      0.624,
      0.216
    ],
    [
      0.254,
      0.116,
      0.802
    ],
    [
      0.746,
      0.884,
      0.302
    ],
    [
      0.254,
      0.884,
      0.302
    ],
    [
      0.746,
      0.116,
      0.802
    ],
    [
      0.227,
      0.376,
      0.202
    ],
    [
      0.773,
      0.624,
      0.702
    ],
    [
      0.227,
      0.624,
      0.702
    ],
    [
      0.773,
      0.376,
      0.202
    ]
  ],
  "lattice_vectors": [
    [
      1.0,
      0.0,
      0.0
    ],
    [
      0.0,
      1.4138691906,
      0.0
    ],
    [
      0.0,
      0.0,
      0.7070134294
    ]
  ],
  "nbands": 20,
  "structure": "oP16-Zn3Au5"
}