{"mid_gap_of_max": 0.24109298276214958, "band_nos": [2], "gap": [5.320694212474793], "fill_fraction": 0.613105, "gap_ranges": [[0.234679072571895, 0.24750689295240416]], "gap_range_of_max": [0.234679072571895, 0.24750689295240416], "max_gap": 5.320694212474793, "mid_gaps": [0.24109298276214958]}