{"mid_gap_of_max": 0.33427895275142305, "max_gap": 3.860498376793034, "band_nos": [4], "gap": [3.860498376793034], "gap_ranges": [[0.3278265359789583, 0.3407313695238878]], "fill_fraction": 0.309217, "gap_range_of_max": [0.3278265359789583, 0.3407313695238878], "mid_gaps": [0.33427895275142305]}