{"fill_fraction": 0.189522, "mid_gaps": [0.4108187892679802], "gap_range_of_max": [0.3521280811118826, 0.4695094974240778], "mid_gap_of_max": 0.4108187892679802, "gap": [28.5725530035644], "gap_ranges": [[0.3521280811118826, 0.4695094974240778]], "band_nos": [2], "max_gap": 28.5725530035644}