{"gap_ranges": [[0.3355235852299991, 0.3422403322310755]], "max_gap": 1.9820314501950707, "mid_gaps": [0.3388819587305373], "band_nos": [4], "mid_gap_of_max": 0.3388819587305373, "strict_calculated": true, "fill_fraction": 0.189369, "gap_range_of_max": [0.3355235852299991, 0.3422403322310755], "gap": [1.9820314501950707]}