{"max_gap": 6.11800754870286, "gap_range_of_max": [0.846481877622374, 0.8999038839846697], "band_nos": [16], "mid_gaps": [0.8731928808035219], "gap_ranges": [[0.846481877622374, 0.8999038839846697]], "mid_gap_of_max": 0.8731928808035219, "fill_fraction": 0.080257, "gap": [6.11800754870286]}