{"max_gap": 3.6440358409259397, "mid_gaps": [0.5724386577920144], "gap_ranges": [[0.562008722863386, 0.582868592720643]], "band_nos": [6], "fill_fraction": 0.170718, "mid_gap_of_max": 0.5724386577920144, "gap_range_of_max": [0.562008722863386, 0.582868592720643], "gap": [3.6440358409259397]}