{"fill_fraction": 0.485926, "mid_gaps": [0.8509706395261366], "gap_range_of_max": [0.81281221943744, 0.8891290596148332], "max_gap": 8.968210726974315, "gap": [8.968210726974315], "band_nos": [12], "mid_gap_of_max": 0.8509706395261366, "gap_ranges": [[0.81281221943744, 0.8891290596148332]]}