{
  "structure": "oC4-O",
  "nbands": 20,
  "basis": [
    [
      -0.171,
      0.171,
      -0.25
    ],
    [
      0.171,
      -0.171,
      0.25
    ]
  ],
  "lattice_vectors": [
    [
      0.4028174716,
      -0.9152803312,
      0.0
    ],
    [
      0.4028174716,
      0.9152803312,
      0.0
    ],
    [
      0.0,
      0.0,
      3.7903741855
    ]
  ]
}