{"band_nos": [16], "gap": [0.04239638834653735], "strict_calculated": true, "fill_fraction": 0.183895, "mid_gaps": [0.6868860911950218], "mid_gap_of_max": 0.6868860911950218, "gap_ranges": [[0.686740483747661, 0.6870316986423826]], "max_gap": 0.04239638834653735, "gap_range_of_max": [0.686740483747661, 0.6870316986423826]}