{"gap_ranges": [[0.2711311784698698, 0.2721660377547499]], "fill_fraction": 0.57839, "gap_range_of_max": [0.2711311784698698, 0.2721660377547499], "max_gap": 0.38095512142370813, "band_nos": [2], "mid_gap_of_max": 0.27164860811230984, "gap": [0.38095512142370813], "mid_gaps": [0.27164860811230984]}