{"_status": {"mC20-Ga2Se3_/633bfd4b/store_strict/0000/cc9353a0d26676f455da82e2ae8780de": 1, "mC20-Ga2Se3_/633bfd4b/strict-mpb-m/0000/ad0248452ea57ba577ed0211625064b0": 1, "mC20-Ga2Se3_/633bfd4b/check_runnin/0000/8b6c1840a6d3b958a03d96de5e123bec": 1, "mC20-Ga2Se3_/633bfd4b/mpb-mC20-Ga2/0000/0f0d491f06f795ff2bdcaeb394c59724": 1, "mC20-Ga2Se3_/633bfd4b/store_fill/0000/df4c076fd772ee9fcc01cf5876c57e1b": 1, "mC20-Ga2Se3_/633bfd4b/store_data/0000/a80d19fef35b174b27a0b8fa1e62a2f5": 1}, "mid_gap_of_max": 0.6111416225786259, "fill_fraction": 0.410392, "gap": [1.4130928368028361], "max_gap": 1.4130928368028361, "mid_gaps": [0.6111416225786259], "run_me": true, "gap_range_of_max": [0.606823623332936, 0.6154596218243159], "gap_ranges": [[0.606823623332936, 0.6154596218243159]], "band_nos": [12]}