{"fill_fraction": 0.264905, "gap_ranges": [[0.593474405177885, 0.5953443188861277]], "gap_range_of_max": [0.593474405177885, 0.5953443188861277], "mid_gaps": [0.5944093620320063], "max_gap": 0.31458348870049346, "gap": [0.31458348870049346], "mid_gap_of_max": 0.5944093620320063, "band_nos": [16]}