{"_status": {"tP7-Cu2HgI4_/32d62d58/check_runnin/0000/48f4a8d912479855bc26cf8a16155036": 1, "tP7-Cu2HgI4_/32d62d58/strict-mpb-t/0000/1aa1728c5fbb288a0aaed23e837b9475": 1, "tP7-Cu2HgI4_/32d62d58/store_strict/0000/60f89f38cb2c6c247d3402ae384b1fa0": 1, "tP7-Cu2HgI4_/32d62d58/store_fill/0000/6a998e0d653b1e176e1f7781330f5f91": 1, "tP7-Cu2HgI4_/32d62d58/store_data/0000/7e31ef9cf7f9a5a7b13eca5d2c571ff5": 1, "tP7-Cu2HgI4_/32d62d58/mpb-tP7-Cu2H/0000/89183016b2f44da92c1811c9031c861a": 1}, "band_nos": [11], "gap_ranges": [[0.754794037421412, 0.7688421069823028]], "mid_gap_of_max": 0.7618180722018575, "mid_gaps": [0.7618180722018575], "max_gap": 1.8440189427756675, "gap_range_of_max": [0.754794037421412, 0.7688421069823028], "fill_fraction": 0.097396, "gap": [1.8440189427756675]}