{"fill_fraction": 0.349809, "mid_gap_of_max": 0.5464466732669275, "gap_range_of_max": [0.54231838625002, 0.550574960283835], "band_nos": [16], "_status": {"cP33-RbNO3-1/8070565b/mpb-cP33-RbN/0000/16c2d1a12524433a9528e6c0969709fa": 1, "cP33-RbNO3-1/8070565b/store_strict/0000/317b692c1079a80f0faf33bf6907fe2b": 1, "cP33-RbNO3-1/8070565b/store_fill/0000/8d29b6f4cc7a49a0688111317985204a": 1, "cP33-RbNO3-1/8070565b/strict-mpb-c/0000/2ae54119c3213fb01effc20bfc8dd3c7": 1, "cP33-RbNO3-1/8070565b/store_data/0000/7c68c50e6ef68d12de879f23ae237877": 1, "cP33-RbNO3-1/8070565b/check_runnin/0000/27e4adff02edd03a13f4a0e1498fdb1a": 1}, "gap": [1.5109569584260896], "max_gap": 1.5109569584260896, "mid_gaps": [0.5464466732669275], "gap_ranges": [[0.54231838625002, 0.550574960283835]]}