{"max_gap": 15.419262454992062, "fill_fraction": 0.21119, "mid_gap_of_max": 0.6257013119030121, "band_nos": [4], "gap_range_of_max": [0.577462048169685, 0.6739405756363394], "gap": [15.419262454992062], "strict_calculated": true, "mid_gaps": [0.6257013119030121], "gap_ranges": [[0.577462048169685, 0.6739405756363394]]}