{"mid_gap_of_max": 0.5786793767245209, "mid_gaps": [0.5786793767245209], "gap": [0.022116818833114484], "gap_range_of_max": [0.578615383989833, 0.5787433694592086], "fill_fraction": 0.293951, "gap_ranges": [[0.578615383989833, 0.5787433694592086]], "band_nos": [12], "_status": {"mC24-Ag2S3Te/a6b40a0e/strict-mpb-m/0000/9d7e52e33a94b3806b11b3cf1f2b40c7": 1, "mC24-Ag2S3Te/a6b40a0e/store_data/0000/f89abb75a221a69ad5b5603804b1522e": 1, "mC24-Ag2S3Te/a6b40a0e/check_runnin/0000/681c65e68acd4f3b1a9c2b5c4f8cdbe1": 1, "mC24-Ag2S3Te/a6b40a0e/store_fill/0000/cc1e13cade994c5f297590042bc8a062": 1, "mC24-Ag2S3Te/a6b40a0e/store_strict/0000/f8ae7ef70482cf55bf74750be4539be7": 1, "mC24-Ag2S3Te/a6b40a0e/mpb-mC24-Ag2/0000/be22bc0c6807f22d297c3aad1d789287": 6}, "run_me": true, "max_gap": 0.022116818833114484}