{"gap_range_of_max": [0.345051245220057, 0.3992179389282577], "mid_gap_of_max": 0.37213459207415733, "fill_fraction": 0.220981, "mid_gaps": [0.37213459207415733], "gap": [14.55567282963195], "band_nos": [2], "max_gap": 14.55567282963195, "gap_ranges": [[0.345051245220057, 0.3992179389282577]]}