{"gap_range_of_max": [0.780843076160566, 0.7849131850897626], "run_me": true, "gap": [0.5198904874179897], "band_nos": [16], "max_gap": 0.5198904874179897, "fill_fraction": 0.173481, "_status": {"cP12-RhTe2_r/dcb73e9c/store_fill/0000/1dfa046fb5471e261b0542f4fe2aa6e7": 1, "cP12-RhTe2_r/dcb73e9c/check_runnin/0000/cdf7901b3c88ea5f1b4b3bd6c4331267": 1, "cP12-RhTe2_r/dcb73e9c/strict-mpb-c/0000/025009ffa6dfd9ee0a4188a7a4a4226b": 1, "cP12-RhTe2_r/dcb73e9c/store_data/0000/076c59910b8bd0a0beec3be40de6c91f": 1, "cP12-RhTe2_r/dcb73e9c/mpb-cP12-RhT/0000/2f0e4fad554e41fe5cd975950a60dab1": 4, "cP12-RhTe2_r/dcb73e9c/store_strict/0000/4eaae31b96a8076555f82e39ccce2dda": 1}, "gap_ranges": [[0.780843076160566, 0.7849131850897626]], "mid_gaps": [0.7828781306251643], "mid_gap_of_max": 0.7828781306251643}