{"max_gap": 4.76583109396575, "fill_fraction": 0.461322, "gap_range_of_max": [0.55043889870743, 0.577312256311659], "gap_ranges": [[0.55043889870743, 0.577312256311659]], "band_nos": [8], "gap": [4.76583109396575], "mid_gap_of_max": 0.5638755775095445, "mid_gaps": [0.5638755775095445]}