{"max_gap": 1.202040879002673, "band_nos": [2], "gap_ranges": [[0.347628407143921, 0.35183230901431534]], "gap": [1.202040879002673], "mid_gap_of_max": 0.3497303580791182, "fill_fraction": 0.2047, "mid_gaps": [0.3497303580791182], "gap_range_of_max": [0.347628407143921, 0.35183230901431534]}