{
  "basis": [
    [
      -0.1557419355,
      -0.1557419355,
      -0.0923548387
    ],
    [
      -0.3417419355,
      -0.3417419355,
      0.2186451613
    ],
    [
      0.3192580645,
      0.0132580645,
      -0.2733548387
    ],
    [
      0.0132580645,
      0.3192580645,
      -0.2733548387
    ],
    [
      -0.4967419355,
      0.1912580645,
      0.4066451613
    ],
    [
      0.1912580645,
      -0.4967419355,
      0.4066451613
    ],
    [
      0.0402580645,
      -0.3557419355,
      0.2466451613
    ],
    [
      -0.3557419355,
      0.0402580645,
      0.2466451613
    ],
    [
      -0.1297419355,
      0.4802580645,
      -0.0993548387
    ],
    [
      0.4802580645,
      -0.1297419355,
      -0.0993548387
    ],
    [
      -0.3507419355,
      0.0432580645,
      -0.4263548387
    ],
    [
      0.0432580645,
      -0.3507419355,
      -0.4263548387
    ],
    [
      0.4742580645,
      -0.1297419355,
      -0.4223548387
    ],
    [
      -0.1297419355,
      0.4742580645,
      -0.4223548387
    ],
    [
      0.0532580645,
      -0.1187419355,
      0.5306451613
    ],
    [
      -0.1187419355,
      0.0532580645,
      0.5306451613
    ],
    [
      -0.3697419355,
      0.4662580645,
      -0.3883548387
    ],
    [
      0.4662580645,
      -0.3697419355,
      -0.3883548387
    ],
    [
      0.2202580645,
      -0.1217419355,
      0.3626451613
    ],
    [
      -0.1217419355,
      0.2202580645,
      0.3626451613
    ],
    [
      -0.1207419355,
      0.2132580645,
      -0.1403548387
    ],
    [
      0.2132580645,
      -0.1207419355,
      -0.1403548387
    ],
    [
      -0.3567419355,
      0.3032580645,
      -0.2153548387
    ],
    [
      0.3032580645,
      -0.3567419355,
      -0.2153548387
    ],
    [
      0.2922580645,
      -0.3657419355,
      0.2786451613
    ],
    [
      -0.3657419355,
      0.2922580645,
      0.2786451613
    ],
    [
      -0.4957419355,
      0.2922580645,
      -0.0423548387
    ],
    [
      0.2922580645,
      -0.4957419355,
      -0.0423548387
    ],
    [
      0.2262580645,
      0.0202580645,
      0.1896451613
    ],
    [
      0.0202580645,
      0.2262580645,
      0.1896451613
    ],
    [
      0.2602580645,
      0.2602580645,
      -0.1403548387
    ]
  ],
  "lattice_vectors": [
    [
      0.7001835783,
      -0.7139628538,
      0.0
    ],
    [
      0.7001835783,
      0.7139628538,
      0.0
    ],
    [
      -0.4622558817,
      0.0,
      0.6605998847
    ]
  ],
  "structure": "mC62-Na2B29_r",
  "nbands": 20
}