{"max_gap": 8.319017543464316, "gap_ranges": [[0.585886514479276, 0.6367418484823508]], "gap_range_of_max": [0.585886514479276, 0.6367418484823508], "gap": [8.319017543464316], "mid_gaps": [0.6113141814808134], "band_nos": [12], "fill_fraction": 0.301349, "mid_gap_of_max": 0.6113141814808134}