{"gap": [13.193780413568426], "mid_gap_of_max": 0.30903871830472573, "band_nos": [4], "gap_ranges": [[0.2886517733617098, 0.32942566324774164]], "fill_fraction": 0.392422, "max_gap": 13.193780413568426, "mid_gaps": [0.30903871830472573], "gap_range_of_max": [0.2886517733617098, 0.32942566324774164]}