{"fill_fraction": 0.182271, "mid_gaps": [0.6364868404095185], "mid_gap_of_max": 0.6364868404095185, "strict_calculated": true, "gap": [1.4669747718178685], "band_nos": [12], "gap_range_of_max": [0.631818289722144, 0.6411553910968931], "gap_ranges": [[0.631818289722144, 0.6411553910968931]], "max_gap": 1.4669747718178685}