{"gap_range_of_max": [0.2776543201041928, 0.32742624312297236], "gap_ranges": [[0.2776543201041928, 0.32742624312297236]], "band_nos": [2], "fill_fraction": 0.4474, "gap": [16.451337571751967], "mid_gap_of_max": 0.3025402816135826, "max_gap": 16.451337571751967, "mid_gaps": [0.3025402816135826]}