{"gap_ranges": [[0.427731942380734, 0.4722442135097998]], "gap": [9.891877876479862], "strict_calculated": true, "band_nos": [5], "mid_gaps": [0.44998807794526685], "gap_range_of_max": [0.427731942380734, 0.4722442135097998], "mid_gap_of_max": 0.44998807794526685, "max_gap": 9.891877876479862, "fill_fraction": 0.187689}