{"gap_range_of_max": [0.43309077110369, 0.44484037073805516], "mid_gap_of_max": 0.43896557092087257, "fill_fraction": 0.560401, "max_gap": 2.6766563058045665, "strict_calculated": true, "gap": [2.6766563058045665], "mid_gaps": [0.43896557092087257], "gap_ranges": [[0.43309077110369, 0.44484037073805516]], "band_nos": [16]}