{"gap": [1.7312394897473646], "mid_gap_of_max": 0.63188677685614, "max_gap": 1.7312394897473646, "mid_gaps": [0.63188677685614], "band_nos": [16], "gap_ranges": [[0.626417040150427, 0.6373565135618532]], "fill_fraction": 0.191645, "gap_range_of_max": [0.626417040150427, 0.6373565135618532]}