{"mid_gaps": [0.6365139808612292], "fill_fraction": 0.300047, "max_gap": 2.9095983847726203, "strict_calculated": true, "gap_ranges": [[0.627253980608234, 0.6457739811142243]], "gap": [2.9095983847726203], "gap_range_of_max": [0.627253980608234, 0.6457739811142243], "mid_gap_of_max": 0.6365139808612292, "band_nos": [16]}