{"mid_gap_of_max": 0.4384723399718924, "gap_ranges": [[0.428358311085219, 0.4485863688585658]], "gap": [4.613303036319836], "band_nos": [8], "max_gap": 4.613303036319836, "strict_calculated": true, "fill_fraction": 0.510527, "mid_gaps": [0.4384723399718924], "gap_range_of_max": [0.428358311085219, 0.4485863688585658]}