{"gap_range_of_max": [0.3310358166219326, 0.4103837293229952], "gap_ranges": [[0.3310358166219326, 0.4103837293229952], [0.558848120382918, 0.5613440923881469], [0.700591285836767, 0.7054957009464653]], "mid_gaps": [0.3707097729724639, 0.5600961063855324, 0.7030434933916161], "gap": [21.40432178650884, 0.44563280779351405, 0.6975976814802767], "mid_gap_of_max": 0.3707097729724639, "max_gap": 21.40432178650884, "fill_fraction": 0.28335, "band_nos": [2, 8, 18]}