{"gap_range_of_max": [0.2790587188007294, 0.3083624761761507], "fill_fraction": 0.483466, "band_nos": [2], "gap": [9.97708548006157], "mid_gap_of_max": 0.2937105974884401, "mid_gaps": [0.2937105974884401], "gap_ranges": [[0.2790587188007294, 0.3083624761761507]], "max_gap": 9.97708548006157}