{"mid_gaps": [0.310183737133483], "max_gap": 8.756992380428713, "gap_range_of_max": [0.2966023540204289, 0.3237651202465371], "fill_fraction": 0.517576, "gap_ranges": [[0.2966023540204289, 0.3237651202465371]], "band_nos": [2], "mid_gap_of_max": 0.310183737133483, "gap": [8.756992380428713]}