{"mid_gap_of_max": 0.2967481799572123, "gap_ranges": [[0.287901271125105, 0.3055950887893196]], "band_nos": [4], "fill_fraction": 0.445739, "gap_range_of_max": [0.287901271125105, 0.3055950887893196], "mid_gaps": [0.2967481799572123], "max_gap": 5.962569902455798, "gap": [5.962569902455798]}