{"gap": [0.11129586829945881], "band_nos": [4], "fill_fraction": 0.170382, "mid_gap_of_max": 0.5062026906490388, "mid_gaps": [0.5062026906490388], "max_gap": 0.11129586829945881, "gap_ranges": [[0.505920999309082, 0.5064843819889956]], "gap_range_of_max": [0.505920999309082, 0.5064843819889956]}