{"gap": [0.055739244932643144], "_status": {"mC20-Ga2Se3_/c0c684c3/strict-mpb-m/0000/b60b38c31e0fe101adc13b69ade18316": 1, "mC20-Ga2Se3_/c0c684c3/store_strict/0000/629ddac17d1f622c3d5224d1257e6bd1": 1, "mC20-Ga2Se3_/c0c684c3/check_runnin/0000/b378da6322520928ce1176e06066e3b8": 1, "mC20-Ga2Se3_/c0c684c3/store_fill/0000/acc4fa996043bc51af6b2b645ceb22a3": 1, "mC20-Ga2Se3_/c0c684c3/mpb-mC20-Ga2/0000/ff93d72288fe33a41e6f149e0bb71f91": 3, "mC20-Ga2Se3_/c0c684c3/store_data/0000/5ec09e52de1f0a628b4d293020355e6e": 1}, "band_nos": [12], "max_gap": 0.055739244932643144, "mid_gap_of_max": 0.4993712110574965, "gap_ranges": [[0.499232038186269, 0.49951038392872393]], "fill_fraction": 0.544261, "gap_range_of_max": [0.499232038186269, 0.49951038392872393], "run_me": true, "mid_gaps": [0.4993712110574965]}