{"gap_range_of_max": [0.383459936441326, 0.4467085435356262], "mid_gaps": [0.4150842399884761], "gap_ranges": [[0.383459936441326, 0.4467085435356262]], "fill_fraction": 0.267549, "gap": [15.237535179860378], "mid_gap_of_max": 0.4150842399884761, "band_nos": [4], "max_gap": 15.237535179860378}