{"mid_gaps": [0.9383407456291077], "fill_fraction": 0.414868, "max_gap": 5.958290638537411, "gap_range_of_max": [0.910386211226907, 0.9662952800313085], "band_nos": [12], "mid_gap_of_max": 0.9383407456291077, "gap_ranges": [[0.910386211226907, 0.9662952800313085]], "gap": [5.958290638537411]}