{"fill_fraction": 0.259637, "mid_gap_of_max": 0.5011336808277342, "gap_range_of_max": [0.4810855728072449, 0.5211817888482236], "mid_gaps": [0.5011336808277342], "gap_ranges": [[0.4810855728072449, 0.5211817888482236]], "band_nos": [8], "strict_calculated": true, "max_gap": 8.001101816734971, "gap": [8.001101816734971]}