{
  "basis": [
    [
      0.025,
      0.025,
      0.025
    ],
    [
      -0.225,
      -0.225,
      -0.225
    ],
    [
      -0.072,
      0.316,
      -0.072
    ],
    [
      -0.128,
      0.484,
      -0.128
    ],
    [
      -0.072,
      -0.072,
      -0.072
    ],
    [
      -0.128,
      -0.128,
      -0.128
    ],
    [
      -0.072,
      -0.072,
      0.316
    ],
    [
      -0.128,
      -0.128,
      0.484
    ],
    [
      0.316,
      -0.072,
      -0.072
    ],
    [
      0.484,
      -0.128,
      -0.128
    ]
  ],
  "lattice_vectors": [
    [
      0.0,
      0.7071067812,
      0.7071067812
    ],
    [
      0.7071067812,
      0.0,
      0.7071067812
    ],
    [
      0.7071067812,
      0.7071067812,
      0.0
    ]
  ],
  "nbands": 20,
  "structure": "cF40-ZnC2N2"
}