{"mid_gap_of_max": 0.2755663210950504, "band_nos": [2], "gap": [15.791601633799445], "fill_fraction": 0.462974, "gap_ranges": [[0.2538081532629269, 0.29732448892717395]], "gap_range_of_max": [0.2538081532629269, 0.29732448892717395], "max_gap": 15.791601633799445, "mid_gaps": [0.2755663210950504]}