{"max_gap": 0.23720611317443652, "mid_gaps": [0.4783688607951878], "mid_gap_of_max": 0.4783688607951878, "gap_range_of_max": [0.477801500704523, 0.4789362208858526], "fill_fraction": 0.345683, "gap_ranges": [[0.477801500704523, 0.4789362208858526]], "band_nos": [8], "run_me": true, "_status": {"cP576-SiO2-1/fc497097/store_strict/0000/469aa0c8013b3f9cf1ec26a2002c46a1": 1, "cP576-SiO2-1/fc497097/store_fill/0000/e3362f534bd26d528304cc993c5026bc": 1, "cP576-SiO2-1/fc497097/check_runnin/0000/7c28fa5a765abeaa49336b68ebbac49b": 1, "cP576-SiO2-1/fc497097/mpb-cP576-Si/0000/37f1830253b266da51f86a7cde17e832": 3, "cP576-SiO2-1/fc497097/strict-mpb-c/0000/b2ab4a196689cb2e5724b18f4c9286eb": 1, "cP576-SiO2-1/fc497097/store_data/0000/ac535325c0d932c3348a5aaa4b225a6b": 1}, "gap": [0.23720611317443652]}