{"gap_ranges": [[0.365104716131187, 0.37056904384217154], [0.4189014689738993, 0.430390114325889]], "fill_fraction": 0.401184, "max_gap": 2.705465490980685, "band_nos": [8, 11], "mid_gaps": [0.36783687998667924, 0.42464579164989413], "gap_range_of_max": [0.4189014689738993, 0.430390114325889], "gap": [1.4855301380279022, 2.705465490980685], "strict_calculated": true, "mid_gap_of_max": 0.42464579164989413}