{"run_me": true, "fill_fraction": 0.292804, "mid_gap_of_max": 0.5619117051814104, "gap_range_of_max": [0.561383325561459, 0.562440084801362], "max_gap": 0.18806499849682323, "mid_gaps": [0.5619117051814104], "gap": [0.18806499849682323], "gap_ranges": [[0.561383325561459, 0.562440084801362]], "band_nos": [8]}