{"mid_gap_of_max": 0.6168330665307007, "max_gap": 5.80347365937963, "gap": [5.80347365937963], "gap_ranges": [[0.598934194261474, 0.6347319387999273]], "mid_gaps": [0.6168330665307007], "gap_range_of_max": [0.598934194261474, 0.6347319387999273], "band_nos": [12], "fill_fraction": 0.471527}