{"mid_gap_of_max": 0.6624121727049606, "strict_calculated": true, "gap": [13.3000538258518], "band_nos": [8], "gap_range_of_max": [0.618361584945583, 0.706462760464338], "fill_fraction": 0.267404, "gap_ranges": [[0.618361584945583, 0.706462760464338]], "mid_gaps": [0.6624121727049606], "max_gap": 13.3000538258518}