{"fill_fraction": 0.547161, "gap_ranges": [[0.421387280728495, 0.43943407289475084]], "gap_range_of_max": [0.421387280728495, 0.43943407289475084], "mid_gaps": [0.4304106768116229], "mid_gap_of_max": 0.4304106768116229, "max_gap": 4.19292390698603, "_status": {"tI16-VAg3O4_/41aa0ef2/check_runnin/0000/f26d48895d8cd8348d1dd8bd08ff8ca0": 1, "tI16-VAg3O4_/41aa0ef2/strict-mpb-t/0000/ac26142881b5e1c989461cc2f55bf017": 1, "tI16-VAg3O4_/41aa0ef2/store_fill/0000/dfc660998493e0dc0676ed801a799679": 1, "tI16-VAg3O4_/41aa0ef2/mpb-tI16-VAg/0000/35867eae27b6c40c284aa96e118ed0a5": 1, "tI16-VAg3O4_/41aa0ef2/store_strict/0000/0de2c1143ac4401291897a7bf0793d0e": 1, "tI16-VAg3O4_/41aa0ef2/store_data/0000/3b6ddf85c0dc000d795a6b2da67bd6fa": 1}, "gap": [4.19292390698603], "band_nos": [8]}