{
  "lattice_vectors": [
    [
      1.0,
      0.0,
      0.0
    ],
    [
      -0.5,
      0.8660254037827098,
      0.0
    ],
    [
      0.0,
      0.0,
      1.5816807169957532
    ]
  ],
  "basis": [
    [
      0.0,
      0.0,
      0.25
    ],
    [
      0.0,
      0.0,
      0.75
    ],
    [
      0.3333333333333333,
      0.6666666666666666,
      0.452
    ],
    [
      0.6666666666666666,
      0.3333333333333333,
      0.548
    ],
    [
      0.6666666666666666,
      0.3333333333333333,
      0.952
    ],
    [
      0.3333333333333333,
      0.6666666666666666,
      0.048
    ]
  ],
  "nbands": 20,
  "structure": "hP6-CaIn6"
}