{
  "basis": [
    [
      0.3656666667,
      -0.006,
      0.5163333333
    ],
    [
      -0.0223333333,
      0.516,
      -0.3496666667
    ],
    [
      0.1726666667,
      0.189,
      0.0383333333
    ],
    [
      -0.3493333333,
      -0.199,
      0.1283333333
    ],
    [
      -0.4583333333,
      -0.375,
      -0.4166666667
    ],
    [
      0.2916666667,
      -0.125,
      0.0833333333
    ]
  ],
  "structure": "tI12-InPS4_r",
  "nbands": 20,
  "lattice_vectors": [
    [
      -0.4665087255,
      0.4665087255,
      0.7514913294
    ],
    [
      0.4665087255,
      -0.4665087255,
      0.7514913294
    ],
    [
      0.4665087255,
      0.4665087255,
      -0.7514913294
    ]
  ]
}