{"gap_range_of_max": [0.393566195139078, 0.46883626036293585], "max_gap": 17.455902344350744, "fill_fraction": 0.28514, "mid_gaps": [0.4312012277510069], "gap": [17.455902344350744], "band_nos": [2], "mid_gap_of_max": 0.4312012277510069, "gap_ranges": [[0.393566195139078, 0.46883626036293585]]}