{"strict_calculated": true, "mid_gaps": [0.4322891281474467], "fill_fraction": 0.135824, "gap_range_of_max": [0.425779559677087, 0.4387986966178064], "band_nos": [4], "gap": [3.011673459499653], "mid_gap_of_max": 0.4322891281474467, "gap_ranges": [[0.425779559677087, 0.4387986966178064]], "max_gap": 3.011673459499653}