{"gap_ranges": [[0.3872759434858255, 0.4011472477742023]], "mid_gaps": [0.3942115956300139], "band_nos": [4], "max_gap": 3.518745882197643, "gap": [3.518745882197643], "mid_gap_of_max": 0.3942115956300139, "fill_fraction": 0.200297, "gap_range_of_max": [0.3872759434858255, 0.4011472477742023]}