{
  "basis": [
    [
      0.8289,
      0.964,
      0.4668
    ],
    [
      0.1711,
      0.036,
      0.9668
    ],
    [
      0.3289,
      0.536,
      0.4668
    ],
    [
      0.6711,
      0.464,
      0.9668
    ],
    [
      0.9405,
      0.6377,
      0.0364
    ],
    [
      0.0595,
      0.3623,
      0.5364
    ],
    [
      0.4405,
      0.8623,
      0.0364
    ],
    [
      0.5595,
      0.1377,
      0.5364
    ],
    [
      0.9969,
      0.138,
      0.2246
    ],
    [
      0.0031,
      0.862,
      0.7246
    ],
    [
      0.4969,
      0.362,
      0.2246
    ],
    [
      0.5031,
      0.638,
      0.7246
    ],
    [
      0.7142,
      0.9879,
      0.1353
    ],
    [
      0.2858,
      0.0121,
      0.6353
    ],
    [
      0.2142,
      0.5121,
      0.1353
    ],
    [
      0.7858,
      0.4879,
      0.6353
    ],
    [
      0.2729,
      0.0066,
      0.3046
    ],
    [
      0.7271,
      0.9934,
      0.8046
    ],
    [
      0.7729,
      0.4934,
      0.3046
    ],
    [
      0.2271,
      0.5066,
      0.8046
    ],
    [
      0.9548,
      0.0508,
      0.982
    ],
    [
      0.0452,
      0.9492,
      0.482
    ],
    [
      0.4548,
      0.4492,
      0.982
    ],
    [
      0.5452,
      0.5508,
      0.482
    ],
    [
      0.4788,
      0.0545,
      0.7554
    ],
    [
      0.5212,
      0.9455,
      0.2554
    ],
    [
      0.9788,
      0.4455,
      0.7554
    ],
    [
      0.0212,
      0.5545,
      0.2554
    ],
    [
      0.7321,
      0.1374,
      0.6129
    ],
    [
      0.2679,
      0.8626,
      0.1129
    ],
    [
      0.2321,
      0.3626,
      0.6129
    ],
    [
      0.7679,
      0.6374,
      0.1129
    ],
    [
      0.6804,
      0.645,
      0.7824
    ],
    [
      0.3196,
      0.355,
      0.2824
    ],
    [
      0.1804,
      0.855,
      0.7824
    ],
    [
      0.8196,
      0.145,
      0.2824
    ]
  ],
  "lattice_vectors": [
    [
      1.0,
      0.0,
      0.0
    ],
    [
      0.0,
      0.5012086919,
      0.0
    ],
    [
      0.0,
      0.0,
      0.8767123488
    ]
  ],
  "structure": "oP36-Ga2Sn2S5",
  "nbands": 20
}