{"band_nos": [12], "gap": [4.145896697202149], "strict_calculated": true, "gap_ranges": [[0.2573115565937673, 0.2682052485271424]], "max_gap": 4.145896697202149, "fill_fraction": 0.535889, "mid_gap_of_max": 0.26275840256045485, "gap_range_of_max": [0.2573115565937673, 0.2682052485271424], "mid_gaps": [0.26275840256045485]}