{"max_gap": 5.01863879200038, "mid_gap_of_max": 0.42283725172853126, "gap": [5.01863879200038], "fill_fraction": 0.16814, "mid_gaps": [0.42283725172853126], "gap_range_of_max": [0.4122269145573931, 0.4334475888996695], "gap_ranges": [[0.4122269145573931, 0.4334475888996695]], "band_nos": [4]}