{"mid_gaps": [0.42508963860430465], "band_nos": [4], "gap_ranges": [[0.422048070141651, 0.4281312070669583]], "gap": [1.4310245117429443], "_status": {"mP12-SiO2_r-/72460987/mpb-mP12-SiO/0000/d53f238c05d2a09dc625c5febbacc25f": 4, "mP12-SiO2_r-/72460987/strict-mpb-m/0000/6c9272eb872fae58e2a7834081be1be7": 1, "mP12-SiO2_r-/72460987/store_fill/0000/47754ec95a787ce384965e59ff11af4f": 1, "mP12-SiO2_r-/72460987/check_runnin/0000/f16da8e6eb6028031732110fca03b477": 1, "mP12-SiO2_r-/72460987/store_data/0000/b819eddf25e2846888546305e384d1a5": 1, "mP12-SiO2_r-/72460987/store_strict/0000/6bf1556e585de8b2859940818533a795": 1}, "max_gap": 1.4310245117429443, "gap_range_of_max": [0.422048070141651, 0.4281312070669583], "fill_fraction": 0.294156, "run_me": true, "mid_gap_of_max": 0.42508963860430465}