{"mid_gap_of_max": 0.7577794171737682, "fill_fraction": 0.228069, "max_gap": 14.513156330676207, "gap": [14.513156330676207], "gap_ranges": [[0.70279056144571, 0.8127682729018263]], "gap_range_of_max": [0.70279056144571, 0.8127682729018263], "band_nos": [8], "mid_gaps": [0.7577794171737682]}