{"gap_range_of_max": [0.621478743922194, 0.6352300006407574], "mid_gap_of_max": 0.6283543722814757, "fill_fraction": 0.250417, "gap_ranges": [[0.621478743922194, 0.6352300006407574]], "mid_gaps": [0.6283543722814757], "gap": [2.1884556430528117], "max_gap": 2.1884556430528117, "band_nos": [16]}