{"gap_range_of_max": [0.4485284653816765, 0.4674674585791002], "max_gap": 4.135169753928866, "band_nos": [4], "gap": [4.135169753928866], "mid_gap_of_max": 0.45799796198038834, "fill_fraction": 0.278686, "gap_ranges": [[0.4485284653816765, 0.4674674585791002]], "mid_gaps": [0.45799796198038834]}