{"max_gap": 21.240369093242425, "gap_range_of_max": [0.344728361176916, 0.4266501864924502], "gap": [21.240369093242425], "mid_gap_of_max": 0.3856892738346831, "gap_ranges": [[0.344728361176916, 0.4266501864924502]], "mid_gaps": [0.3856892738346831], "fill_fraction": 0.315498, "band_nos": [2]}