{"mid_gaps": [0.6048957208008209], "fill_fraction": 0.078822, "mid_gap_of_max": 0.6048957208008209, "gap_ranges": [[0.601616076866447, 0.6081753647351947]], "strict_calculated": true, "gap_range_of_max": [0.601616076866447, 0.6081753647351947], "max_gap": 1.0843667169712021, "band_nos": [6], "gap": [1.0843667169712021]}