{"fill_fraction": 0.210128, "strict_calculated": true, "mid_gap_of_max": 0.5329727779863419, "gap_range_of_max": [0.531971171671809, 0.5339743843008748], "gap_ranges": [[0.531971171671809, 0.5339743843008748]], "band_nos": [8], "mid_gaps": [0.5329727779863419], "gap": [0.37585646243212056], "max_gap": 0.37585646243212056}