{"gap_ranges": [[0.35328657604718, 0.43606511777438683]], "max_gap": 20.973804800859266, "mid_gaps": [0.3946758469107834], "band_nos": [4], "mid_gap_of_max": 0.3946758469107834, "fill_fraction": 0.22614, "gap_range_of_max": [0.35328657604718, 0.43606511777438683], "gap": [20.973804800859266]}