{"number": 43, "equivalent_atoms": [0, 0, 0, 0, 4, 4, 4, 4, 8, 8, 8, 8, 12, 12, 12, 12, 16, 16, 16, 16, 20, 20, 22, 22], "std_lattice": [[1.2490650028, 0.0, 0.0], [0.0, 1.2739138986, 0.0], [0.0, 0.0, 1.5417987478]], "global_point_groups": ["mm2", "1", "m", "2"], "site_point_groups": {"b": {"site_symmetry": ["1"], "name": "16b"}, "a": {"site_symmetry": ["2", "1"], "name": "8a"}}, "wyckoffs": ["b", "b", "b", "b", "b", "b", "b", "b", "b", "b", "b", "b", "b", "b", "b", "b", "b", "b", "b", "b", "a", "a", "a", "a"], "std_positions": [[0.017, 0.111, 0.8389166667], [0.983, 0.889, 0.8389166667], [0.233, 0.861, 0.5889166667], [0.267, 0.639, 0.5889166667], [0.113, 0.984, 0.7039166667], [0.887, 0.016, 0.7039166667], [0.637, 0.734, 0.9539166667], [0.363, 0.266, 0.9539166667], [0.396, 0.63, 0.7699166667], [0.104, 0.87, 0.7699166667], [0.354, 0.88, 0.5199166667], [0.146, 0.62, 0.5199166667], [0.134, 0.101, 0.7699166667], [0.366, 0.399, 0.7699166667], [0.116, 0.851, 0.5199166667], [0.884, 0.149, 0.5199166667], [0.766, 0.014, 0.6449166667], [0.234, 0.986, 0.6449166667], [0.484, 0.264, 0.8949166667], [0.516, 0.736, 0.8949166667], [0.0, 0.0, 0.6339166667], [0.25, 0.25, 0.8839166667], [0.0, 0.0, 0.9109166667], [0.25, 0.75, 0.6609166667], [0.017, 0.611, 0.3389166667], [0.983, 0.389, 0.3389166667], [0.233, 0.361, 0.0889166667], [0.267, 0.139, 0.0889166667], [0.113, 0.484, 0.2039166667], [0.887, 0.516, 0.2039166667], [0.637, 0.234, 0.4539166667], [0.363, 0.766, 0.4539166667], [0.396, 0.13, 0.2699166667], [0.104, 0.37, 0.2699166667], [0.354, 0.38, 0.0199166667], [0.146, 0.12, 0.0199166667], [0.134, 0.601, 0.2699166667], [0.366, 0.899, 0.2699166667], [0.116, 0.351, 0.0199166667], [0.884, 0.649, 0.0199166667], [0.766, 0.514, 0.1449166667], [0.234, 0.486, 0.1449166667], [0.484, 0.764, 0.3949166667], [0.516, 0.236, 0.3949166667], [0.0, 0.5, 0.1339166667], [0.25, 0.75, 0.3839166667], [0.0, 0.5, 0.4109166667], [0.25, 0.25, 0.1609166667], [0.517, 0.111, 0.3389166667], [0.483, 0.889, 0.3389166667], [0.733, 0.861, 0.0889166667], [0.767, 0.639, 0.0889166667], [0.613, 0.984, 0.2039166667], [0.387, 0.016, 0.2039166667], [0.137, 0.734, 0.4539166667], [0.863, 0.266, 0.4539166667], [0.896, 0.63, 0.2699166667], [0.604, 0.87, 0.2699166667], [0.854, 0.88, 0.0199166667], [0.646, 0.62, 0.0199166667], [0.634, 0.101, 0.2699166667], [0.866, 0.399, 0.2699166667], [0.616, 0.851, 0.0199166667], [0.384, 0.149, 0.0199166667], [0.266, 0.014, 0.1449166667], [0.734, 0.986, 0.1449166667], [0.984, 0.264, 0.3949166667], [0.016, 0.736, 0.3949166667], [0.5, 0.0, 0.1339166667], [0.75, 0.25, 0.3839166667], [0.5, 0.0, 0.4109166667], [0.75, 0.75, 0.1609166667], [0.517, 0.611, 0.8389166667], [0.483, 0.389, 0.8389166667], [0.733, 0.361, 0.5889166667], [0.767, 0.139, 0.5889166667], [0.613, 0.484, 0.7039166667], [0.387, 0.516, 0.7039166667], [0.137, 0.234, 0.9539166667], [0.863, 0.766, 0.9539166667], [0.896, 0.13, 0.7699166667], [0.604, 0.37, 0.7699166667], [0.854, 0.38, 0.5199166667], [0.646, 0.12, 0.5199166667], [0.634, 0.601, 0.7699166667], [0.866, 0.899, 0.7699166667], [0.616, 0.351, 0.5199166667], [0.384, 0.649, 0.5199166667], [0.266, 0.514, 0.6449166667], [0.734, 0.486, 0.6449166667], [0.984, 0.764, 0.8949166667], [0.016, 0.236, 0.8949166667], [0.5, 0.5, 0.6339166667], [0.75, 0.75, 0.8839166667], [0.5, 0.5, 0.9109166667], [0.75, 0.25, 0.6609166667]], "international": "Fdd2"}