{"max_gap": 14.164630386477992, "mid_gap_of_max": 0.40376139262310706, "gap_range_of_max": [0.375165738168927, 0.43235704707728706], "gap": [14.164630386477992], "gap_ranges": [[0.375165738168927, 0.43235704707728706]], "band_nos": [2], "mid_gaps": [0.40376139262310706], "fill_fraction": 0.313138}