{"gap_range_of_max": [0.402173059828367, 0.40220330949748023], "_status": {"mC4-Re/1c28bef7/mpb-mC4-Re/0000/26ccbda7b3107fe6a97aff88278b082d": 1, "mC4-Re/1c28bef7/store_gap/0000/5c2efb69f14bc327a79bad8b31c89a83": 1, "mC4-Re/1c28bef7/strict_calcu/0000/0c9fde869d3e39959b1c4e9ee7fadac5": 1, "mC4-Re/1c28bef7/store_strict/0000/23804e822d8339fc78159862f0fb2f83": 1, "mC4-Re/1c28bef7/calculate/0000/047f1981b6fbed2967e7db1bd815080e": 1, "mC4-Re/1c28bef7/store_strict/0000/d4a07b2de596f6c9737f86de6cf3867a": 1, "mC4-Re/1c28bef7/store_ff/0000/db01237d7ce7249506de928cc12d5cdf": 1, "mC4-Re/1c28bef7/strict-mpb-m/0000/6d97d0ad8fce086ce2b41834765bdcfd": 1, "mC4-Re/1c28bef7/store_mid_ga/0000/11bb66c9966c871e9ea82912d3c6925d": 1}, "gap": [0.007521272445700103], "mid_gaps": [0.4021881846629236], "strict_mid_gap_of_max": 0.4021881846629236, "strict_mid_gaps": [0.4021881846629236], "strict_gap_ranges": [[0.402173059828367, 0.40220330949748023]], "gap_ranges": [[0.402173059828367, 0.40220330949748023]], "strict_gap": [0.007521272445700103], "recalc_mid_gaps": true, "fill_fraction": 0.21554, "band_nos": [6], "run_me": true, "mid_gap_of_max": 0.4021881846629236, "strict_gap_range_of_max": [0.402173059828367, 0.40220330949748023], "strict_max_gap": 0.007521272445700103, "max_gap": 0.007521272445700103}