{"_status": {"hP4-AlAgS2-1/49cd285d/store_data/0000/1af053f2c31bda6e9f664ba10b7928a4": 1, "hP4-AlAgS2-1/49cd285d/store_strict/0000/61eb558fb5c833e86d91efa6842aaebe": 1, "hP4-AlAgS2-1/49cd285d/check_runnin/0000/b66fb8b740ebb250e3ab7c49a4f98073": 1, "hP4-AlAgS2-1/49cd285d/store_fill/0000/c3a55f2078f99af66528d30653fa3bd7": 1, "hP4-AlAgS2-1/49cd285d/mpb-hP4-AlAg/0000/3abe093919d5236ad878e38a8e0ba55b": 1, "hP4-AlAgS2-1/49cd285d/strict-mpb-h/0000/91ea6732181b19be7812eb51256cc49a": 1}, "mid_gap_of_max": 0.688979251951486, "gap_ranges": [[0.672579660172216, 0.6746786324097815], [0.687346809826294, 0.690611694076678]], "band_nos": [16, 18], "gap": [0.3115916597614237, 0.4738726516271975], "mid_gaps": [0.6736291462909988, 0.688979251951486], "fill_fraction": 0.105422, "max_gap": 0.4738726516271975, "gap_range_of_max": [0.687346809826294, 0.690611694076678]}