{"gap": [5.71668376107076], "gap_ranges": [[0.500461248023743, 0.5299128627584243]], "mid_gaps": [0.5151870553910837], "gap_range_of_max": [0.500461248023743, 0.5299128627584243], "mid_gap_of_max": 0.5151870553910837, "max_gap": 5.71668376107076, "fill_fraction": 0.510781, "band_nos": [8]}