{"gap_range_of_max": [0.597504618135793, 0.6065384202250167], "gap_ranges": [[0.597504618135793, 0.6065384202250167]], "gap": [1.500577936403649], "band_nos": [16], "max_gap": 1.500577936403649, "run_me": true, "fill_fraction": 0.262196, "mid_gap_of_max": 0.6020215191804048, "mid_gaps": [0.6020215191804048], "_status": {"cP16-Ag3O4P_/84217e3d/mpb-cP16-Ag3/0000/e7edb3692f32e93fcd5c5c2d2520f836": 6, "cP16-Ag3O4P_/84217e3d/store_data/0000/52229bb85db2af0eddefa1a7451a7ea6": 1, "cP16-Ag3O4P_/84217e3d/check_runnin/0000/97423282f9394bab49890f26208e48b6": 1, "cP16-Ag3O4P_/84217e3d/store_strict/0000/6a56ee8117d976016478b9ccb3edb1eb": 1, "cP16-Ag3O4P_/84217e3d/store_fill/0000/07948756eb1d42b67e5cd4bb9a901bdd": 1, "cP16-Ag3O4P_/84217e3d/strict-mpb-c/0000/f382ba94435e057d35758d7a2730596a": 1}}