{"mid_gap_of_max": 0.4684632282629458, "band_nos": [5], "mid_gaps": [0.4684632282629458], "fill_fraction": 0.19092, "gap": [1.2227852204535548], "max_gap": 1.2227852204535548, "gap_range_of_max": [0.4655990787037163, 0.47132737782217526], "gap_ranges": [[0.4655990787037163, 0.47132737782217526]]}