{"fill_fraction": 0.349667, "max_gap": 16.926720445320846, "mid_gap_of_max": 0.5600022483549362, "band_nos": [8], "gap_range_of_max": [0.51260724082166, 0.6073972558882124], "gap_ranges": [[0.51260724082166, 0.6073972558882124]], "mid_gaps": [0.5600022483549362], "gap": [16.926720445320846]}