{"max_gap": 1.468653195697121, "mid_gap_of_max": 0.8707687914508633, "gap": [1.468653195697121], "fill_fraction": 0.292952, "band_nos": [12], "mid_gaps": [0.8707687914508633], "gap_ranges": [[0.864374504609475, 0.8771630782922517]], "gap_range_of_max": [0.864374504609475, 0.8771630782922517]}