{"gap_ranges": [[0.4930792544782738, 0.5330043959518381]], "mid_gaps": [0.5130418252150559], "strict_calculated": true, "mid_gap_of_max": 0.5130418252150559, "max_gap": 7.782044174825034, "fill_fraction": 0.25225, "gap": [7.782044174825034], "band_nos": [8], "gap_range_of_max": [0.4930792544782738, 0.5330043959518381]}