{"gap_range_of_max": [0.639872998979547, 0.6480855866625955], "mid_gaps": [0.5911155955618559, 0.6439792928210712], "_status": {"hR12-O3Xe-14/33546324/store_data/0000/55587eea0f3d0a82d00c89900df3b936": 1, "hR12-O3Xe-14/33546324/store_strict/0000/39936a164d9a8d83264f67ad7e1130dc": 1, "hR12-O3Xe-14/33546324/mpb-hR12-O3X/0000/ee768484a9e3097a074b933b4163189a": 7, "hR12-O3Xe-14/33546324/strict-mpb-h/0000/ca8c269dfcb4fb265bb86a1718020a85": 1, "hR12-O3Xe-14/33546324/store_fill/0000/c7aca026b746fb03aa51e2e3583fa665": 1, "hR12-O3Xe-14/33546324/check_runnin/0000/e4d609a5e9bb6cf2d33084da172c0cb0": 1}, "gap": [0.1426940371661055, 1.2752875402361679], "gap_ranges": [[0.59069385220804, 0.5915373389156717], [0.639872998979547, 0.6480855866625955]], "fill_fraction": 0.210905, "run_me": true, "mid_gap_of_max": 0.6439792928210712, "max_gap": 1.2752875402361679, "band_nos": [13, 16]}