{"mid_gap_of_max": 0.4398254291843232, "max_gap": 4.53086799360905, "mid_gaps": [0.4398254291843232], "fill_fraction": 0.290861, "band_nos": [2], "gap_ranges": [[0.4298614743849901, 0.4497893839836563]], "gap_range_of_max": [0.4298614743849901, 0.4497893839836563], "gap": [4.53086799360905]}