{"gap_range_of_max": [0.320873306816628, 0.3438207554154964], "max_gap": 6.904664838379128, "fill_fraction": 0.53988, "mid_gaps": [0.33234703111606223], "gap": [6.904664838379128], "band_nos": [2], "mid_gap_of_max": 0.33234703111606223, "gap_ranges": [[0.320873306816628, 0.3438207554154964]]}