{"mid_gap_of_max": 0.7133212634157908, "gap_range_of_max": [0.691500676011293, 0.7351418508202887], "gap": [6.118025221905816, 6.053328021159076], "gap_ranges": [[0.691500676011293, 0.7351418508202887], [0.848252072012136, 0.9012021740595435]], "max_gap": 6.118025221905816, "band_nos": [12, 18], "fill_fraction": 0.145847, "mid_gaps": [0.7133212634157908, 0.8747271230358398]}