{"faces": [[[-0.5545227854056956, -0.5000000000000001], [-0.5545227854056956, 0.5], [0.4302849676065126, 0.4999999999999997], [0.4302849676065126, -0.49999999999999994]], [[0.4302849676065126, -0.49999999999999994], [0.4302849676065126, 0.4999999999999997], [0.5545227854056952, 0.5], [0.554522785405695, -0.5]], [[-0.5545227854056956, 0.5], [-0.43028496760651297, 0.5], [0.5545227854056952, 0.5], [0.4302849676065126, 0.4999999999999997]], [[-0.43028496760651297, -0.5000000000000001], [-0.5545227854056956, -0.5000000000000001], [0.4302849676065126, -0.49999999999999994], [0.554522785405695, -0.5]], [[-0.5545227854056956, -0.5000000000000001], [-0.5545227854056956, 0.5], [-0.43028496760651297, 0.5], [-0.43028496760651297, -0.5000000000000001]], [[-0.43028496760651297, -0.5000000000000001], [-0.43028496760651297, 0.5], [0.5545227854056952, 0.5], [0.554522785405695, -0.5]]], "labels": {"GAMMA": [0.0, 0.0], "Y": [0.492403876506104, 0.5], "M": [0.43028496760651275, 0.5], "A": [-0.06211890889959124, 0.0], "L_2": [-0.06211890889959124, 0.5], "V_2": [0.0, 0.5]}, "label_positions": {"GAMMA": [0.05, 0.05], "Y": [0.402403876506104, 0.55], "M": [0.48028496760651274, 0.55], "A": [-0.06211890889959124, 0.05], "L_2": [-0.06211890889959124, 0.55], "V_2": [0.055555, 0.55]}, "zorder": [1, 1, 0, 0, 0, 0]}
