{"mid_gaps": [0.7241967662258665], "fill_fraction": 0.217408, "max_gap": 4.666105050093397, "strict_calculated": true, "gap_ranges": [[0.707300875285127, 0.741092657166606]], "gap": [4.666105050093397], "gap_range_of_max": [0.707300875285127, 0.741092657166606], "mid_gap_of_max": 0.7241967662258665, "band_nos": [16]}