{"gap": [16.94471299218829], "fill_fraction": 0.265763, "max_gap": 16.94471299218829, "gap_ranges": [[0.327948070554741, 0.3886618147216044]], "gap_range_of_max": [0.327948070554741, 0.3886618147216044], "mid_gaps": [0.3583049426381727], "mid_gap_of_max": 0.3583049426381727, "band_nos": [2]}