{"mid_gap_of_max": 0.5052039871844789, "gap_ranges": [[0.503745706894221, 0.5066622674747367]], "mid_gaps": [0.5052039871844789], "gap_range_of_max": [0.503745706894221, 0.5066622674747367], "gap": [0.5773035554943582], "fill_fraction": 0.504403, "band_nos": [10], "max_gap": 0.5773035554943582}