{"mid_gaps": [0.26999359581909554], "max_gap": 1.264925300846235, "fill_fraction": 0.539275, "gap_range_of_max": [0.2682859871670054, 0.27170120447118573], "gap_ranges": [[0.2682859871670054, 0.27170120447118573]], "mid_gap_of_max": 0.26999359581909554, "band_nos": [4], "gap": [1.264925300846235]}