{"fill_fraction": 0.336164, "inspect": true, "gap": [4.769848174557351], "max_gap": 4.769848174557351, "band_nos": [16], "gap_ranges": [[0.6830120172476455, 0.716386612239328]], "gap_range_of_max": [0.6830120172476455, 0.716386612239328], "mid_gaps": [0.6996993147434867], "mid_gap_of_max": 0.6996993147434867}