{"gap": [2.598440382553556], "gap_range_of_max": [0.8008957963094, 0.8219805332626587], "gap_ranges": [[0.8008957963094, 0.8219805332626587]], "mid_gaps": [0.8114381647860294], "mid_gap_of_max": 0.8114381647860294, "band_nos": [10], "fill_fraction": 0.145837, "max_gap": 2.598440382553556}