{"mid_gap_of_max": 0.7701618944245688, "band_nos": [18], "mid_gaps": [0.7701618944245688], "strict_calculated": true, "fill_fraction": 0.242532, "gap": [1.4588490356150061], "gap_ranges": [[0.764544144739825, 0.7757796441093127]], "max_gap": 1.4588490356150061, "gap_range_of_max": [0.764544144739825, 0.7757796441093127]}