{"band_nos": [12], "mid_gaps": [0.5961096997262803], "gap_range_of_max": [0.589847932151, 0.6023714673015605], "gap": [2.1008775995945967], "fill_fraction": 0.388387, "max_gap": 2.1008775995945967, "mid_gap_of_max": 0.5961096997262803, "gap_ranges": [[0.589847932151, 0.6023714673015605]]}