{"gap_ranges": [[0.31758574677826285, 0.3576970424955891], [0.5119421254740258, 0.5130019200585613]], "max_gap": 11.879851331753589, "band_nos": [2, 8], "gap": [11.879851331753589, 0.20680047640741725], "mid_gap_of_max": 0.337641394636926, "fill_fraction": 0.386098, "mid_gaps": [0.337641394636926, 0.5124720227662936], "gap_range_of_max": [0.31758574677826285, 0.3576970424955891]}