{"gap_range_of_max": [0.3384676633609879, 0.4184284785390644], "max_gap": 21.128609528210603, "band_nos": [4], "gap": [21.128609528210603], "mid_gap_of_max": 0.37844807095002614, "fill_fraction": 0.18987, "gap_ranges": [[0.3384676633609879, 0.4184284785390644]], "mid_gaps": [0.37844807095002614], "strict_calculated": true}