{"gap": [8.783253351007616], "max_gap": 8.783253351007616, "band_nos": [2], "gap_ranges": [[0.4985282315068755, 0.5443265189130768]], "gap_range_of_max": [0.4985282315068755, 0.5443265189130768], "fill_fraction": 0.186515, "mid_gap_of_max": 0.5214273752099762, "mid_gaps": [0.5214273752099762]}