{"gap": [1.5101117523419016], "mid_gaps": [0.3251161374110014], "max_gap": 1.5101117523419016, "gap_range_of_max": [0.3226613289110996, 0.32757094591090324], "gap_ranges": [[0.3226613289110996, 0.32757094591090324]], "fill_fraction": 0.291759, "strict_calculated": true, "band_nos": [2], "mid_gap_of_max": 0.3251161374110014}