{"mid_gap_of_max": 1.226163136550579, "gap_range_of_max": [1.222659728663933, 1.2296665444372248], "max_gap": 0.5714423769909147, "_status": {"oC8-C-14/38326b0f/strict-mpb-o/0000/cfe67f46e151a8f0f77a672927a24f00": 1, "oC8-C-14/38326b0f/store_fill/0000/8c328545452f30f678b4e8f43ba53e35": 1, "oC8-C-14/38326b0f/store_strict/0000/7d0aa06d7ec67e3edb340c5b87a72f19": 1, "oC8-C-14/38326b0f/check_runnin/0000/7472b1734c046b60d4b5a55d3d9ff2ec": 1, "oC8-C-14/38326b0f/mpb-oC8-C-14/0000/274e58f10715b1759510122eca9d285a": 7, "oC8-C-14/38326b0f/store_data/0000/6596e98bdab6d9ae9388404194cc6696": 1}, "run_me": true, "fill_fraction": 0.057857, "gap": [0.5714423769909147], "mid_gaps": [1.226163136550579], "band_nos": [16], "gap_ranges": [[1.222659728663933, 1.2296665444372248]]}