{"band_nos": [8], "gap_ranges": [[0.4197810213604815, 0.4851572635638744]], "gap": [14.448773644018752], "mid_gap_of_max": 0.45246914246217795, "strict_calculated": true, "fill_fraction": 0.428693, "mid_gaps": [0.45246914246217795], "max_gap": 14.448773644018752, "gap_range_of_max": [0.4197810213604815, 0.4851572635638744]}