{"mid_gaps": [0.41276817843963154], "max_gap": 0.5183809234400096, "mid_gap_of_max": 0.41276817843963154, "fill_fraction": 0.254292, "gap": [0.5183809234400096], "gap_range_of_max": [0.4116983226921006, 0.41383803418716253], "band_nos": [4], "gap_ranges": [[0.4116983226921006, 0.41383803418716253]]}