{"strict_calculated": true, "fill_fraction": 0.162188, "gap_ranges": [[0.502844581007631, 0.5030657979144821]], "band_nos": [5], "mid_gap_of_max": 0.5029551894610566, "mid_gaps": [0.5029551894610566], "gap": [0.0439834226758844], "gap_range_of_max": [0.502844581007631, 0.5030657979144821], "max_gap": 0.0439834226758844}