{
  "structure": "hP28-Rb6Mo4Cl16.0002",
  "lattice_vectors": [
    [
      1.0,
      0.0,
      0.0
    ],
    [
      -0.5,
      0.8660254038,
      0.0
    ],
    [
      0.0,
      0.0,
      2.3173852638
    ]
  ],
  "basis": [
    [
      -0.130952381,
      0.2023809524,
      0.0721
    ],
    [
      -0.130952381,
      0.2023809524,
      0.4279
    ],
    [
      0.2023809524,
      -0.130952381,
      -0.4279
    ],
    [
      0.2023809524,
      -0.130952381,
      -0.0721
    ],
    [
      -0.4642857143,
      -0.4642857143,
      -0.25
    ],
    [
      -0.4642857143,
      -0.4642857143,
      0.25
    ],
    [
      -0.130952381,
      0.2023809524,
      -0.3214
    ],
    [
      -0.130952381,
      0.2023809524,
      -0.1786
    ],
    [
      0.2023809524,
      -0.130952381,
      0.1786
    ],
    [
      0.2023809524,
      -0.130952381,
      0.3214
    ],
    [
      -0.2837857043,
      -0.1151857043,
      -0.4013
    ],
    [
      -0.2956857143,
      0.3552142757,
      -0.0987
    ],
    [
      0.1866142757,
      0.3671142857,
      -0.4013
    ],
    [
      -0.2837857043,
      -0.1151857043,
      -0.0987
    ],
    [
      -0.2956857143,
      0.3552142757,
      -0.4013
    ],
    [
      0.1866142757,
      0.3671142857,
      -0.0987
    ],
    [
      -0.1151857043,
      -0.2837857043,
      0.0987
    ],
    [
      0.3671142857,
      0.1866142757,
      0.4013
    ],
    [
      0.3552142757,
      -0.2956857143,
      0.0987
    ],
    [
      -0.1151857043,
      -0.2837857043,
      0.4013
    ],
    [
      0.3671142857,
      0.1866142757,
      0.0987
    ],
    [
      0.3552142757,
      -0.2956857143,
      0.4013
    ],
    [
      0.0097142957,
      -0.4476857043,
      -0.25
    ],
    [
      0.0783142857,
      0.0617142757,
      -0.25
    ],
    [
      0.5191142757,
      -0.0068857143,
      -0.25
    ],
    [
      -0.4476857043,
      0.0097142957,
      0.25
    ],
    [
      -0.0068857143,
      0.5191142757,
      0.25
    ],
    [
      0.0617142757,
      0.0783142857,
      0.25
    ]
  ],
  "nbands": 20
}