{"gap_ranges": [[0.596360239637441, 0.5976295817519983]], "fill_fraction": 0.109256, "max_gap": 0.21262193225054637, "gap": [0.21262193225054637], "mid_gap_of_max": 0.5969949106947197, "band_nos": [13], "strict_calculated": true, "gap_range_of_max": [0.596360239637441, 0.5976295817519983], "mid_gaps": [0.5969949106947197], "_status": {"hP3-SnS2/5f359222/check_runnin/0000/dacdfb133cf0246f661701debd77f750": 1, "hP3-SnS2/5f359222/store_data/0000/08d1c5457a75fefd37fb958bb72b716c": 1, "hP3-SnS2/5f359222/mpb-hP3-SnS2/0000/00b98c28bee975822b38b71f2d417177": 1, "hP3-SnS2/5f359222/store_strict/0000/82f0e087c768aa6a741becf211dc9abc": 1, "hP3-SnS2/5f359222/strict-mpb-h/0000/2e6ab80306fe56a631947b51814404b4": 1, "hP3-SnS2/5f359222/store_fill/0000/ad499226899a76d54861b89781c19879": 1}}