{"mid_gaps": [0.4951703922004024], "gap_ranges": [[0.486683986829968, 0.5036567975708367]], "gap_range_of_max": [0.486683986829968, 0.5036567975708367], "max_gap": 3.4276707590382016, "gap": [3.4276707590382016], "fill_fraction": 0.211652, "band_nos": [12], "mid_gap_of_max": 0.4951703922004024}