{"fill_fraction": 0.295814, "mid_gap_of_max": 0.4568404966183218, "gap_range_of_max": [0.4557984477415263, 0.4578825454951174], "max_gap": 0.45619811926005627, "gap": [0.45619811926005627], "gap_ranges": [[0.4557984477415263, 0.4578825454951174]], "mid_gaps": [0.4568404966183218], "band_nos": [4]}