{"strict_calculated": true, "gap_range_of_max": [0.3021415604258839, 0.41413997208365744], "gap": [31.272176253205735], "band_nos": [2], "gap_ranges": [[0.3021415604258839, 0.41413997208365744]], "max_gap": 31.272176253205735, "mid_gaps": [0.35814076625477065], "mid_gap_of_max": 0.35814076625477065, "fill_fraction": 0.255507}