{"max_gap": 4.688797744719815, "gap_range_of_max": [0.569136449078251, 0.5964627434030184], "band_nos": [16], "mid_gaps": [0.5827995962406347], "strict_calculated": true, "fill_fraction": 0.426313, "gap_ranges": [[0.569136449078251, 0.5964627434030184]], "gap": [4.688797744719815], "mid_gap_of_max": 0.5827995962406347}