{"fill_fraction": 0.541561, "band_nos": [8], "gap_range_of_max": [0.4571728280972196, 0.4767842721830302], "mid_gaps": [0.4669785501401249], "max_gap": 4.199645589701242, "gap_ranges": [[0.4571728280972196, 0.4767842721830302]], "mid_gap_of_max": 0.4669785501401249, "gap": [4.199645589701242]}