{"max_gap": 10.10827038873972, "gap_ranges": [[0.4555888915244774, 0.5040924857680316]], "gap": [10.10827038873972], "mid_gap_of_max": 0.4798406886462545, "gap_range_of_max": [0.4555888915244774, 0.5040924857680316], "band_nos": [2], "fill_fraction": 0.172257, "mid_gaps": [0.4798406886462545]}