{"mid_gap_of_max": 0.4343237414278506, "gap_range_of_max": [0.431662388695795, 0.4369850941599061], "gap": [1.2255156594968202], "gap_ranges": [[0.431662388695795, 0.4369850941599061]], "max_gap": 1.2255156594968202, "band_nos": [12], "fill_fraction": 0.517692, "mid_gaps": [0.4343237414278506]}