{"mid_gap_of_max": 0.4545455287947033, "band_nos": [8], "gap_range_of_max": [0.449944027073675, 0.4591470305157316], "mid_gaps": [0.4545455287947033], "max_gap": 2.024660426527308, "gap_ranges": [[0.449944027073675, 0.4591470305157316]], "fill_fraction": 0.570418, "gap": [2.024660426527308]}