{"gap_ranges": [[0.3333925300689075, 0.3978088152036337]], "max_gap": 17.619301592153445, "fill_fraction": 0.266676, "mid_gap_of_max": 0.3656006726362706, "mid_gaps": [0.3656006726362706], "gap": [17.619301592153445], "band_nos": [2], "gap_range_of_max": [0.3333925300689075, 0.3978088152036337]}