{"mid_gap_of_max": 0.45292781240443, "strict_calculated": true, "gap_range_of_max": [0.4261014764184189, 0.47975414839044106], "band_nos": [8], "fill_fraction": 0.432998, "mid_gaps": [0.45292781240443], "_status": {"tI16-VAg3O4_/e2de5f61/check_runnin/0000/660c400d88d08117c304f9a2a2f6e88b": 1, "tI16-VAg3O4_/e2de5f61/strict-mpb-t/0000/1855bd6a8df53463025f9021e402281f": 1, "tI16-VAg3O4_/e2de5f61/store_data/0000/23231bd60ab5ceeee5084d09c4671a15": 1, "tI16-VAg3O4_/e2de5f61/store_fill/0000/285ac3938e54f95fe687ad27b80fb488": 1, "tI16-VAg3O4_/e2de5f61/store_strict/0000/717eb0dae1b18bfbadc5984879d3ac4c": 1, "tI16-VAg3O4_/e2de5f61/mpb-tI16-VAg/0000/c95c86e83da71ea9bbebe597bbcc6f67": 1}, "gap": [11.845744620362233], "gap_ranges": [[0.4261014764184189, 0.47975414839044106]], "max_gap": 11.845744620362233}