{"fill_fraction": 0.518329, "band_nos": [2], "strict_calculated": true, "gap_range_of_max": [0.24961836434993, 0.24973448066894122], "mid_gaps": [0.2496764225094356], "mid_gap_of_max": 0.2496764225094356, "max_gap": 0.04650672171743551, "gap": [0.04650672171743551], "gap_ranges": [[0.24961836434993, 0.24973448066894122]]}