{"band_nos": [2], "max_gap": 9.030443327110426, "mid_gaps": [0.3823955687500338], "gap": [9.030443327110426], "gap_range_of_max": [0.365129561189357, 0.3996615763107106], "fill_fraction": 0.324632, "mid_gap_of_max": 0.3823955687500338, "gap_ranges": [[0.365129561189357, 0.3996615763107106]]}