{"strict_calculated": true, "max_gap": 13.406810393803305, "fill_fraction": 0.247189, "band_nos": [5, 13], "gap_ranges": [[0.369314690250365, 0.4223855663984458], [0.50158874297893, 0.5194173506582609]], "gap": [13.406810393803305, 3.4923606803976863], "gap_range_of_max": [0.369314690250365, 0.4223855663984458], "mid_gaps": [0.3958501283244054, 0.5105030468185954], "mid_gap_of_max": 0.3958501283244054}