{"max_gap": 6.7980709709404135, "band_nos": [2], "fill_fraction": 0.557588, "gap": [6.7980709709404135], "gap_range_of_max": [0.2839517993480169, 0.3039342549476576], "gap_ranges": [[0.2839517993480169, 0.3039342549476576]], "mid_gaps": [0.29394302714783727], "mid_gap_of_max": 0.29394302714783727}