{"gap": [21.02806937270297], "band_nos": [8], "gap_range_of_max": [0.411706914903721, 0.5084528296119416], "mid_gaps": [0.4600798722578313], "mid_gap_of_max": 0.4600798722578313, "max_gap": 21.02806937270297, "gap_ranges": [[0.411706914903721, 0.5084528296119416]], "fill_fraction": 0.343544}