{"gap_range_of_max": [0.2671515020922697, 0.30224103340532643], "gap_ranges": [[0.2671515020922697, 0.30224103340532643]], "band_nos": [2], "fill_fraction": 0.50733, "gap": [12.325251606044224], "mid_gap_of_max": 0.2846962677487981, "max_gap": 12.325251606044224, "mid_gaps": [0.2846962677487981]}