{"max_gap": 20.603073083651328, "fill_fraction": 0.387593, "band_nos": [2], "mid_gaps": [0.2983150049560652], "gap_ranges": [[0.267583975710767, 0.3290460342013634]], "mid_gap_of_max": 0.2983150049560652, "gap": [20.603073083651328], "gap_range_of_max": [0.267583975710767, 0.3290460342013634]}