{"gap_range_of_max": [0.563574579986977, 0.5867433894762917], "band_nos": [8, 17], "mid_gap_of_max": 0.5751589847316343, "fill_fraction": 0.189238, "strict_calculated": true, "gap_ranges": [[0.563574579986977, 0.5867433894762917], [0.745580951891387, 0.7703608341307359]], "max_gap": 4.028244381877195, "gap": [4.028244381877195, 3.2692392897713742], "mid_gaps": [0.5751589847316343, 0.7579708930110614]}