{"gap_ranges": [[0.50854556231487, 0.5166654847306179]], "band_nos": [8], "fill_fraction": 0.299186, "mid_gaps": [0.512605523522744], "mid_gap_of_max": 0.512605523522744, "max_gap": 1.5840489505350794, "run_me": true, "gap_range_of_max": [0.50854556231487, 0.5166654847306179], "gap": [1.5840489505350794], "_status": {"oP6-CoTe2_r-/5e5c66c7/store_data/0000/85102a62ecaa47a3fce91fa73fab91f2": 1, "oP6-CoTe2_r-/5e5c66c7/mpb-oP6-CoTe/0000/71d44052546090b5c14b87838b7a3fc2": 6, "oP6-CoTe2_r-/5e5c66c7/strict-mpb-o/0000/66e2f552d4cbd8445ec093986fc7143b": 1, "oP6-CoTe2_r-/5e5c66c7/store_fill/0000/9a44a83e6ab7d386249d54d4fc211545": 1, "oP6-CoTe2_r-/5e5c66c7/store_strict/0000/c8065206ff110086e1e7316b68ad0e9e": 1, "oP6-CoTe2_r-/5e5c66c7/check_runnin/0000/b839faf1c17977487dd146fcc8b0d787": 1}}