{"mid_gap_of_max": 0.5109312778660415, "band_nos": [8, 17], "gap": [5.1143801269631055, 0.8092591882862618], "gap_range_of_max": [0.4978657939972318, 0.5239967617348513], "gap_ranges": [[0.4978657939972318, 0.5239967617348513], [0.65030541232597, 0.6555894494049298]], "fill_fraction": 0.349802, "max_gap": 5.1143801269631055, "mid_gaps": [0.5109312778660415, 0.6529474308654499]}