{"gap_range_of_max": [0.261992379077574, 0.26330467104664923], "gap_ranges": [[0.261992379077574, 0.26330467104664923]], "mid_gap_of_max": 0.2626485250621116, "gap": [0.4996380500382725], "band_nos": [4], "mid_gaps": [0.2626485250621116], "fill_fraction": 0.537261, "max_gap": 0.4996380500382725}