{"strict_calculated": true, "fill_fraction": 0.131686, "max_gap": 1.0412720650854708, "mid_gaps": [0.6295922612141676], "gap_ranges": [[0.626314377044186, 0.6328701453841492]], "gap": [1.0412720650854708], "mid_gap_of_max": 0.6295922612141676, "band_nos": [18], "gap_range_of_max": [0.626314377044186, 0.6328701453841492]}