{"gap": [3.9072656249827857], "mid_gap_of_max": 0.6802020857117711, "gap_range_of_max": [0.666913434574055, 0.6934907368494871], "max_gap": 3.9072656249827857, "band_nos": [12], "fill_fraction": 0.353085, "gap_ranges": [[0.666913434574055, 0.6934907368494871]], "mid_gaps": [0.6802020857117711]}