{"gap_ranges": [[0.390547657319989, 0.47356311076149754]], "max_gap": 19.214076830872166, "fill_fraction": 0.159856, "mid_gap_of_max": 0.4320553840407433, "mid_gaps": [0.4320553840407433], "gap": [19.214076830872166], "band_nos": [2], "gap_range_of_max": [0.390547657319989, 0.47356311076149754]}