{"max_gap": 2.742618793580504, "strict_calculated": true, "gap": [2.742618793580504], "gap_ranges": [[0.3631074747652991, 0.37320459131718875]], "mid_gaps": [0.3681560330412439], "fill_fraction": 0.343356, "gap_range_of_max": [0.3631074747652991, 0.37320459131718875], "mid_gap_of_max": 0.3681560330412439, "band_nos": [2]}