{"max_gap": 0.5325324766559785, "fill_fraction": 0.319659, "gap_ranges": [[0.719017147404081, 0.722856369779734]], "band_nos": [8], "gap_range_of_max": [0.719017147404081, 0.722856369779734], "mid_gap_of_max": 0.7209367585919075, "gap": [0.5325324766559785], "mid_gaps": [0.7209367585919075]}