{"mid_gap_of_max": 0.2902876365819286, "max_gap": 8.234105164975782, "band_nos": [4], "mid_gaps": [0.2902876365819286], "gap": [8.234105164975782], "gap_range_of_max": [0.278336341943389, 0.30223893122046813], "strict_calculated": true, "fill_fraction": 0.312446, "gap_ranges": [[0.278336341943389, 0.30223893122046813]]}