{"gap_range_of_max": [0.540980835666204, 0.5654409054870051], "band_nos": [8, 17], "mid_gap_of_max": 0.5532108705766046, "fill_fraction": 0.216237, "strict_calculated": true, "gap_ranges": [[0.540980835666204, 0.5654409054870051], [0.716425059696548, 0.7380193172356322]], "max_gap": 4.421473098550261, "gap": [4.421473098550261, 2.9694167589457408], "mid_gaps": [0.5532108705766046, 0.7272221884660901]}