{"mid_gap_of_max": 0.3546951617158706, "gap_ranges": [[0.3523210684108405, 0.35706925502090076]], "mid_gaps": [0.3546951617158706], "max_gap": 1.3386668673715254, "fill_fraction": 0.516534, "gap": [1.3386668673715254], "gap_range_of_max": [0.3523210684108405, 0.35706925502090076], "band_nos": [2]}