{"gap": [4.850550580798118], "gap_range_of_max": [0.433005283920081, 0.45453046923480445], "band_nos": [6], "mid_gap_of_max": 0.4437678765774427, "max_gap": 4.850550580798118, "gap_ranges": [[0.433005283920081, 0.45453046923480445]], "fill_fraction": 0.253299, "mid_gaps": [0.4437678765774427]}