{"max_gap": 0.02771898360256026, "gap_range_of_max": [0.537352888112709, 0.5375018575180561], "strict_calculated": true, "gap": [0.02771898360256026], "band_nos": [8], "mid_gaps": [0.5374273728153826], "fill_fraction": 0.219785, "mid_gap_of_max": 0.5374273728153826, "gap_ranges": [[0.537352888112709, 0.5375018575180561]]}