{"band_nos": [8], "gap_range_of_max": [0.616449223043858, 0.6576617333958027], "mid_gap_of_max": 0.6370554782198303, "gap": [6.469218421464278], "gap_ranges": [[0.616449223043858, 0.6576617333958027]], "mid_gaps": [0.6370554782198303], "max_gap": 6.469218421464278, "fill_fraction": 0.311586}