{"gap": [13.730745226338895], "gap_range_of_max": [0.3941809595238517, 0.45229466524380546], "fill_fraction": 0.279819, "mid_gap_of_max": 0.42323781238382857, "gap_ranges": [[0.3941809595238517, 0.45229466524380546]], "max_gap": 13.730745226338895, "band_nos": [2], "mid_gaps": [0.42323781238382857]}