{"band_nos": [2], "fill_fraction": 0.471, "gap_range_of_max": [0.286028262944985, 0.2860732019049098], "max_gap": 0.015710136290667576, "strict_calculated": true, "gap_ranges": [[0.286028262944985, 0.2860732019049098]], "gap": [0.015710136290667576], "mid_gaps": [0.2860507324249474], "mid_gap_of_max": 0.2860507324249474}