{"gap_ranges": [[0.43177829520705, 0.4318788760315206]], "run_me": true, "max_gap": 0.02329184028552277, "mid_gaps": [0.4318285856192853], "fill_fraction": 0.396896, "_status": {"oP6-CoTe2_r-/5cca192b/store_data/0000/d2a62629b187bc52131c9a8d47099304": 1, "oP6-CoTe2_r-/5cca192b/strict-mpb-o/0000/01593b8ccbb852800e7a8c9b13f1eb1d": 1, "oP6-CoTe2_r-/5cca192b/store_fill/0000/6c7eff8ee8b88a2401c84791447e8fe1": 1, "oP6-CoTe2_r-/5cca192b/check_runnin/0000/9abd51ab025202f9511e595435de9776": 1, "oP6-CoTe2_r-/5cca192b/mpb-oP6-CoTe/0000/63baa8224dc6573634ee0b689a59c199": 6, "oP6-CoTe2_r-/5cca192b/store_strict/0000/ce0f6c6f10020f3e2284d5626796bc8d": 1}, "mid_gap_of_max": 0.4318285856192853, "gap_range_of_max": [0.43177829520705, 0.4318788760315206], "gap": [0.02329184028552277], "band_nos": [8]}