{"band_nos": [4], "mid_gap_of_max": 0.4359046175206305, "max_gap": 3.326592481775076, "_status": {"tP12-PNO-6/38d8282f/mpb-tP12-PNO/0000/8849eed77e747a5ad75715af3e650720": 1, "tP12-PNO-6/38d8282f/store_strict/0000/bb67a5e538c6350825677266288f133d": 1, "tP12-PNO-6/38d8282f/strict-mpb-t/0000/714a5ca06e478f7a50d6ff65fa4e25e7": 1, "tP12-PNO-6/38d8282f/store_data/0000/8065c9a27418c36cd7d228a09d0191d9": 1, "tP12-PNO-6/38d8282f/check_runnin/0000/e9acfea218c225c32af4dc1fb2b62660": 1, "tP12-PNO-6/38d8282f/store_fill/0000/fdc11b33b879c322374272b442b4c378": 1}, "gap": [3.326592481775076], "mid_gaps": [0.4359046175206305], "fill_fraction": 0.35611, "gap_ranges": [[0.4286542324035546, 0.44315500263770635]], "gap_range_of_max": [0.4286542324035546, 0.44315500263770635]}