{"mid_gap_of_max": 0.5723574759399495, "gap": [2.180482137603102], "gap_range_of_max": [0.566117399676896, 0.5785975522030028], "max_gap": 2.180482137603102, "band_nos": [4], "mid_gaps": [0.5723574759399495], "fill_fraction": 0.108191, "strict_calculated": true, "gap_ranges": [[0.566117399676896, 0.5785975522030028]]}