{"mid_gaps": [0.33614830961242814], "mid_gap_of_max": 0.33614830961242814, "gap": [3.563598771400462], "max_gap": 3.563598771400462, "fill_fraction": 0.430492, "_status": {"hP12-CuSe-12/461e6396/strict-mpb-h/0000/a43ce49b746b77e98325f87176f07417": 1, "hP12-CuSe-12/461e6396/store_fill/0000/35d0c09fc252231d3be856fc0e391688": 1, "hP12-CuSe-12/461e6396/store_data/0000/7da449ce77bc8e3dcf65cc35d7129b85": 1, "hP12-CuSe-12/461e6396/mpb-hP12-CuS/0000/9ec84d5b74047149baed8550cb7d4b23": 1, "hP12-CuSe-12/461e6396/store_strict/0000/d87bac9a62d9c52f9fc7320408c6ef29": 1, "hP12-CuSe-12/461e6396/check_runnin/0000/00926c63dd6e2b00322671c763436c0f": 1}, "gap_range_of_max": [0.330158821096712, 0.3421377981281442], "band_nos": [12], "gap_ranges": [[0.330158821096712, 0.3421377981281442]], "run_me": true}