{"gap_ranges": [[0.3638400204717961, 0.46150449306183067]], "mid_gap_of_max": 0.4126722567668134, "gap_range_of_max": [0.3638400204717961, 0.46150449306183067], "max_gap": 23.66635289593051, "band_nos": [4], "mid_gaps": [0.4126722567668134], "fill_fraction": 0.191779, "gap": [23.66635289593051]}