{"gap_range_of_max": [0.290926444746065, 0.3907280700057132], "mid_gaps": [0.3408272573758891, 0.5077102186682181], "fill_fraction": 0.253417, "gap_ranges": [[0.290926444746065, 0.3907280700057132], [0.507532515838967, 0.5078879214974693]], "mid_gap_of_max": 0.3408272573758891, "gap": [29.282172449482125, 0.07000167525370585], "band_nos": [2, 8], "strict_calculated": true, "max_gap": 29.282172449482125}