{"gap": [13.225820588971498, 1.1688927780040335], "mid_gaps": [0.5077425167997487, 0.6233418895172891], "max_gap": 13.225820588971498, "band_nos": [5, 8], "gap_range_of_max": [0.474165959636817, 0.5413190739626804], "strict_calculated": true, "mid_gap_of_max": 0.5077425167997487, "gap_ranges": [[0.474165959636817, 0.5413190739626804], [0.619698790352868, 0.62698498868171]], "fill_fraction": 0.142736}