{"gap_range_of_max": [0.367422910120117, 0.4286489888112753], "mid_gaps": [0.39803594946569615], "gap_ranges": [[0.367422910120117, 0.4286489888112753]], "fill_fraction": 0.299927, "gap": [15.382047469165776], "mid_gap_of_max": 0.39803594946569615, "band_nos": [4], "max_gap": 15.382047469165776}