{"fill_fraction": 0.442732, "gap_ranges": [[0.30718991977331, 0.3092331790014384]], "max_gap": 0.6629405134839061, "gap_range_of_max": [0.30718991977331, 0.3092331790014384], "gap": [0.6629405134839061], "mid_gaps": [0.30821154938737416], "mid_gap_of_max": 0.30821154938737416, "band_nos": [4]}