{"gap_range_of_max": [0.350618509285612, 0.3938613165133549], "max_gap": 11.616918478975613, "mid_gap_of_max": 0.37223991289948344, "band_nos": [4], "fill_fraction": 0.325799, "mid_gaps": [0.37223991289948344], "gap_ranges": [[0.350618509285612, 0.3938613165133549]], "gap": [11.616918478975613]}