{"gap": [0.012734517483710924], "gap_range_of_max": [0.549954019791287, 0.5500240582416192], "band_nos": [15], "run_me": true, "_status": {"mC10-ZnO-12/a1f77dab/store_data/0000/d5ccb4f87b3b82e5949f1c717f55f36b": 1, "mC10-ZnO-12/a1f77dab/strict-mpb-m/0000/85a7e2e1ef34c8192efbdcfeeab58f9e": 1, "mC10-ZnO-12/a1f77dab/store_strict/0000/7efe603d0c4f601be101b1d8f20a6a6e": 1, "mC10-ZnO-12/a1f77dab/mpb-mC10-ZnO/0000/457c8a4d0913954e5250ec4aabeed67f": 6, "mC10-ZnO-12/a1f77dab/check_runnin/0000/c3fb19d677513779dff8ee48c67d25ed": 1, "mC10-ZnO-12/a1f77dab/store_fill/0000/a47904268f0b1229b48bc33c1f9e18df": 1}, "gap_ranges": [[0.549954019791287, 0.5500240582416192]], "mid_gap_of_max": 0.549989039016453, "mid_gaps": [0.549989039016453], "fill_fraction": 0.297127, "max_gap": 0.012734517483710924}