{"gap": [3.093861908284082, 0.6088914966504161], "mid_gap_of_max": 0.760855103692031, "mid_gaps": [0.760855103692031, 0.931262612559441], "gap_ranges": [[0.749085200576849, 0.7726250068072129], [0.928427423129761, 0.9340978019891208]], "gap_range_of_max": [0.749085200576849, 0.7726250068072129], "max_gap": 3.093861908284082, "band_nos": [8, 14], "fill_fraction": 0.109578}