{"mid_gaps": [0.492626198570479], "gap": [14.267375989415084], "gap_range_of_max": [0.4574837825842726, 0.5277686145566854], "gap_ranges": [[0.4574837825842726, 0.5277686145566854]], "max_gap": 14.267375989415084, "mid_gap_of_max": 0.492626198570479, "band_nos": [2], "fill_fraction": 0.17118}