{"max_gap": 4.379422405326905, "mid_gap_of_max": 0.2565064302090674, "strict_calculated": true, "fill_fraction": 0.512821, "mid_gaps": [0.2565064302090674], "gap": [4.379422405326905], "gap_ranges": [[0.250889680171227, 0.26212318024690784]], "gap_range_of_max": [0.250889680171227, 0.26212318024690784], "band_nos": [4]}