{"max_gap": 1.9463192313230877, "mid_gap_of_max": 0.7124170257322799, "mid_gaps": [0.7124170257322799], "gap_ranges": [[0.705484070942756, 0.7193499805218038]], "fill_fraction": 0.228534, "gap_range_of_max": [0.705484070942756, 0.7193499805218038], "gap": [1.9463192313230877], "band_nos": [16]}