{
  "basis": [
    [
      -0.3636363636,
      -0.3636363636,
      -0.3636363636
    ],
    [
      -0.1136363636,
      -0.1136363636,
      -0.1136363636
    ],
    [
      -0.2806363636,
      0.3873636364,
      -0.2806363636
    ],
    [
      -0.2806363636,
      -0.2806363636,
      0.3873636364
    ],
    [
      0.3873636364,
      -0.2806363636,
      -0.2806363636
    ],
    [
      -0.2806363636,
      -0.2806363636,
      -0.2806363636
    ],
    [
      0.0533636364,
      0.3853636364,
      0.0533636364
    ],
    [
      0.0533636364,
      0.0533636364,
      0.3853636364
    ],
    [
      0.3853636364,
      0.0533636364,
      0.0533636364
    ],
    [
      0.0533636364,
      0.0533636364,
      0.0533636364
    ],
    [
      0.3863636364,
      0.3863636364,
      0.3863636364
    ]
  ],
  "lattice_vectors": [
    [
      0.0,
      0.7071067812,
      0.7071067812
    ],
    [
      0.7071067812,
      0.0,
      0.7071067812
    ],
    [
      0.7071067812,
      0.7071067812,
      0.0
    ]
  ],
  "nbands": 20,
  "structure": "cF44-Cu10Se"
}