{"mid_gaps": [0.3592144342840639, 0.3929220052696667, 0.4689115006612129], "gap": [0.017663999592931485, 0.0001862648472066884, 0.03506398021726146], "gap_ranges": [[0.359182708465959, 0.3592461601021688], [0.39292163933188, 0.39292237120745344], [0.4688292911432987, 0.46899371017912705]], "mid_gap_of_max": 0.4689115006612129, "fill_fraction": 0.232828, "max_gap": 0.03506398021726146, "strict_calculated": true, "band_nos": [2, 3, 5], "gap_range_of_max": [0.4688292911432987, 0.46899371017912705]}