{"mid_gap_of_max": 0.30144633107091057, "band_nos": [2, 8], "gap_ranges": [[0.2691718879569412, 0.33372077418487994], [0.4568428399382682, 0.4579546735510731]], "mid_gaps": [0.30144633107091057, 0.4573987567446707], "max_gap": 21.41306082532966, "gap": [21.41306082532966, 0.243077532767654], "strict_calculated": true, "fill_fraction": 0.356403, "gap_range_of_max": [0.2691718879569412, 0.33372077418487994]}