{"gap": [3.2513039701468656], "fill_fraction": 0.075562, "gap_range_of_max": [0.529594377263952, 0.5470976424556516], "gap_ranges": [[0.529594377263952, 0.5470976424556516]], "mid_gaps": [0.5383460098598019], "band_nos": [4], "max_gap": 3.2513039701468656, "mid_gap_of_max": 0.5383460098598019}