{"max_gap": 1.6126865372681165, "mid_gaps": [0.4961893133573314], "gap_ranges": [[0.49218832422939, 0.5001903024852729]], "band_nos": [6], "fill_fraction": 0.260445, "mid_gap_of_max": 0.4961893133573314, "gap_range_of_max": [0.49218832422939, 0.5001903024852729], "gap": [1.6126865372681165]}