{"band_nos": [15], "fill_fraction": 0.176925, "_status": {"hP3-Ti2O-14/cfc5180c/check_runnin/0000/b09ec60171f9fe9ab2ffaeed68a83437": 1, "hP3-Ti2O-14/cfc5180c/store_data/0000/99912ea493451effe4d7f4275a8a275b": 1, "hP3-Ti2O-14/cfc5180c/mpb-hP3-Ti2O/0000/0a15631946d1679bf0dbd69fe2bdf9e8": 1, "hP3-Ti2O-14/cfc5180c/store_strict/0000/1207f7b1cbf5d78a572053e6abfcebbc": 1, "hP3-Ti2O-14/cfc5180c/strict-mpb-h/0000/34d83ab2622d759c00638032e72b5683": 1, "hP3-Ti2O-14/cfc5180c/store_fill/0000/18b320df611dda4aa7880ae26b41bec3": 1}, "mid_gaps": [0.6153093264258924], "max_gap": 0.05503128934629182, "gap_range_of_max": [0.615140020097992, 0.6154786327537929], "mid_gap_of_max": 0.6153093264258924, "gap": [0.05503128934629182], "gap_ranges": [[0.615140020097992, 0.6154786327537929]]}