{"fill_fraction": 0.194774, "band_nos": [2], "mid_gaps": [0.4427105306558946], "gap_range_of_max": [0.391094598918686, 0.49432646239310324], "gap_ranges": [[0.391094598918686, 0.49432646239310324]], "mid_gap_of_max": 0.4427105306558946, "gap": [23.318140483686843], "max_gap": 23.318140483686843}