{"gap": [0.1992714945882108], "gap_ranges": [[0.437735252056988, 0.4386084036071735]], "fill_fraction": 0.267619, "band_nos": [4], "gap_range_of_max": [0.437735252056988, 0.4386084036071735], "mid_gap_of_max": 0.43817182783208075, "max_gap": 0.1992714945882108, "mid_gaps": [0.43817182783208075]}