{"mid_gap_of_max": 0.34168204355337317, "max_gap": 0.33766694623616533, "mid_gaps": [0.34168204355337317], "fill_fraction": 0.522553, "band_nos": [2], "gap_ranges": [[0.3411051698922211, 0.34225891721452517]], "gap_range_of_max": [0.3411051698922211, 0.34225891721452517], "gap": [0.33766694623616533]}