{"number": 80, "std_positions": [[0.72916, 0.59969, 0.47859], [0.27084, 0.40031, 0.47859], [0.09969, 0.27084, 0.22859], [0.90031, 0.72916, 0.22859], [0.90167, 0.22113, 0.48743], [0.09833, 0.77887, 0.48743], [0.22113, 0.59833, 0.73743], [0.77887, 0.40167, 0.73743], [0.8735, 0.2443, 0.71919], [0.1265, 0.7557, 0.71919], [0.2443, 0.6265, 0.96919], [0.7557, 0.3735, 0.96919], [0.9593, 0.6003, 0.17859], [0.0407, 0.3997, 0.17859], [0.6003, 0.5407, 0.42859], [0.3997, 0.4593, 0.42859], [0.1252, 0.2482, 0.97379], [0.8748, 0.7518, 0.97379], [0.2482, 0.3748, 0.22379], [0.7518, 0.6252, 0.22379], [0.0923, 0.5314, 0.75969], [0.9077, 0.4686, 0.75969], [0.0314, 0.9077, 0.50969], [0.9686, 0.0923, 0.50969], [0.0421, 0.2859, 0.49279], [0.9579, 0.7141, 0.49279], [0.2859, 0.4579, 0.74279], [0.7141, 0.5421, 0.74279], [0.2044, 0.5444, 0.46039], [0.7956, 0.4556, 0.46039], [0.0444, 0.7956, 0.21039], [0.9556, 0.2044, 0.21039], [0.19936, 0.3533, 0.85933], [0.80064, 0.6467, 0.85933], [0.8533, 0.80064, 0.60933], [0.1467, 0.19936, 0.60933], [0.77609, 0.50056, 0.09483], [0.22391, 0.49944, 0.09483], [0.00056, 0.22391, 0.84483], [0.99944, 0.77609, 0.84483], [0.08086, 0.56136, 0.32295], [0.91914, 0.43864, 0.32295], [0.06136, 0.91914, 0.07295], [0.93864, 0.08086, 0.07295], [0.05389, 0.41137, 0.62383], [0.94611, 0.58863, 0.62383], [0.41137, 0.44611, 0.87383], [0.58863, 0.55389, 0.87383], [0.01971, 0.59055, 0.95775], [0.98029, 0.40945, 0.95775], [0.59055, 0.48029, 0.20775], [0.40945, 0.51971, 0.20775], [0.28511, 0.64786, 0.34089], [0.71489, 0.35214, 0.34089], [0.14786, 0.71489, 0.09089], [0.85214, 0.28511, 0.09089], [0.22916, 0.09969, 0.97859], [0.77084, 0.90031, 0.97859], [0.59969, 0.77084, 0.72859], [0.40031, 0.22916, 0.72859], [0.40167, 0.72113, 0.98743], [0.59833, 0.27887, 0.98743], [0.72113, 0.09833, 0.23743], [0.27887, 0.90167, 0.23743], [0.3735, 0.7443, 0.21919], [0.6265, 0.2557, 0.21919], [0.7443, 0.1265, 0.46919], [0.2557, 0.8735, 0.46919], [0.4593, 0.1003, 0.67859], [0.5407, 0.8997, 0.67859], [0.1003, 0.0407, 0.92859], [0.8997, 0.9593, 0.92859], [0.6252, 0.7482, 0.47379], [0.3748, 0.2518, 0.47379], [0.7482, 0.8748, 0.72379], [0.2518, 0.1252, 0.72379], [0.5923, 0.0314, 0.25969], [0.4077, 0.9686, 0.25969], [0.5314, 0.4077, 0.00969], [0.4686, 0.5923, 0.00969], [0.5421, 0.7859, 0.99279], [0.4579, 0.2141, 0.99279], [0.7859, 0.9579, 0.24279], [0.2141, 0.0421, 0.24279], [0.7044, 0.0444, 0.96039], [0.2956, 0.9556, 0.96039], [0.5444, 0.2956, 0.71039], [0.4556, 0.7044, 0.71039], [0.69936, 0.8533, 0.35933], [0.30064, 0.1467, 0.35933], [0.3533, 0.30064, 0.10933], [0.6467, 0.69936, 0.10933], [0.27609, 0.00056, 0.59483], [0.72391, 0.99944, 0.59483], [0.50056, 0.72391, 0.34483], [0.49944, 0.27609, 0.34483], [0.58086, 0.06136, 0.82295], [0.41914, 0.93864, 0.82295], [0.56136, 0.41914, 0.57295], [0.43864, 0.58086, 0.57295], [0.55389, 0.91137, 0.12383], [0.44611, 0.08863, 0.12383], [0.91137, 0.94611, 0.37383], [0.08863, 0.05389, 0.37383], [0.51971, 0.09055, 0.45775], [0.48029, 0.90945, 0.45775], [0.09055, 0.98029, 0.70775], [0.90945, 0.01971, 0.70775], [0.78511, 0.14786, 0.84089], [0.21489, 0.85214, 0.84089], [0.64786, 0.21489, 0.59089], [0.35214, 0.78511, 0.59089]], "wyckoffs": ["b", "b", "b", "b", "b", "b", "b", "b", "b", "b", "b", "b", "b", "b", "b", "b", "b", "b", "b", "b", "b", "b", "b", "b", "b", "b", "b", "b", "b", "b", "b", "b", "b", "b", "b", "b", "b", "b", "b", "b", "b", "b", "b", "b", "b", "b", "b", "b", "b", "b", "b", "b", "b", "b", "b", "b", "b", "b", "b", "b", "b", "b", "b", "b", "b", "b", "b", "b", "b", "b", "b", "b", "b", "b", "b", "b", "b", "b", "b", "b", "b", "b", "b", "b", "b", "b", "b", "b", "b", "b", "b", "b", "b", "b", "b", "b", "b", "b", "b", "b", "b", "b", "b", "b", "b", "b", "b", "b", "b", "b", "b", "b"], "site_point_groups": {"b": {"name": "8b", "site_symmetry": ["1"]}}, "global_point_groups": ["4", "1", "2"], "std_lattice": [[1.0, 0.0, 0.0], [0.0, 1.0, 0.0], [0.0, 0.0, 0.6200290153]], "international": "I4_1", "equivalent_atoms": [0, 0, 0, 0, 0, 0, 0, 0, 8, 8, 8, 8, 8, 8, 8, 8, 16, 16, 16, 16, 16, 16, 16, 16, 24, 24, 24, 24, 24, 24, 24, 24, 32, 32, 32, 32, 32, 32, 32, 32, 40, 40, 40, 40, 40, 40, 40, 40, 48, 48, 48, 48, 48, 48, 48, 48, 56, 56, 56, 56, 56, 56, 56, 56, 64, 64, 64, 64, 64, 64, 64, 64, 72, 72, 72, 72, 72, 72, 72, 72, 80, 80, 80, 80, 80, 80, 80, 80, 88, 88, 88, 88, 88, 88, 88, 88, 96, 96, 96, 96, 96, 96, 96, 96, 104, 104, 104, 104, 104, 104, 104, 104]}