{"gap": [2.1627068012249873], "max_gap": 2.1627068012249873, "mid_gaps": [0.7503099171109908], "gap_ranges": [[0.742196415307178, 0.7584234189148036]], "gap_range_of_max": [0.742196415307178, 0.7584234189148036], "band_nos": [8], "fill_fraction": 0.100845, "mid_gap_of_max": 0.7503099171109908}