{"gap_range_of_max": [0.4008561590476406, 0.44463643410288545], "mid_gaps": [0.422746296575263], "gap_ranges": [[0.4008561590476406, 0.44463643410288545]], "band_nos": [2], "max_gap": 10.356158152044372, "fill_fraction": 0.376008, "mid_gap_of_max": 0.422746296575263, "gap": [10.356158152044372]}