{"faces": [[[0.4191981554947896, -0.5378196777338053], [0.20726359170707262, -0.6389324812589869], [0.5204944652911185, -0.09015051817149185], [0.7324290290788357, 0.010962285353689838]], [[-0.7324290290788357, -0.01096228535369007], [-0.5204944652911188, 0.09015051817149156], [-0.2072635917070725, -0.49822556132383744], [-0.41919815549478956, -0.5993383648490194]], [[-0.5204944652911188, 0.09015051817149156], [-0.7324290290788357, -0.01096228535369007], [-0.4191981554947895, 0.5378196777338053], [-0.2072635917070725, 0.6389324812589869]], [[0.20726359170707262, 0.4982255613238372], [0.41919815549478967, 0.5993383648490189], [0.7324290290788357, 0.010962285353689838], [0.5204944652911185, -0.09015051817149185]], [[-0.41919815549478956, -0.5993383648490194], [-0.2072635917070725, -0.49822556132383744], [0.4191981554947896, -0.5378196777338053], [0.20726359170707262, -0.6389324812589869]], [[-0.4191981554947895, 0.5378196777338053], [-0.2072635917070725, 0.6389324812589869], [0.41919815549478967, 0.5993383648490189], [0.20726359170707262, 0.4982255613238372]], [[-0.41919815549478956, -0.5993383648490194], [-0.7324290290788357, -0.01096228535369007], [-0.4191981554947895, 0.5378196777338053], [0.20726359170707262, 0.4982255613238372], [0.5204944652911185, -0.09015051817149185], [0.20726359170707262, -0.6389324812589869]], [[-0.2072635917070725, -0.49822556132383744], [-0.5204944652911188, 0.09015051817149156], [-0.2072635917070725, 0.6389324812589869], [0.41919815549478967, 0.5993383648490189], [0.7324290290788357, 0.010962285353689838], [0.4191981554947896, -0.5378196777338053]]],
"labels": {"GAMMA": [0.0, 0.0],
"M": [0.46984631039295416, 0.25459392333876374],
"K": [0.31323087359530266, 0.548781963086784],
"A": [-0.10596728189385848, -0.05055640176259083],
"L": [0.36387902849909565, 0.20403752157617286],
"H": [0.2072635917014442, 0.49822556132419316]},
"label_positions": {"GAMMA": [0.05, 0.05],
"M": [0.5198463103929541, 0.30459392333876373],
"K": [0.36323087359530265, 0.598781963086784],
"A": [-0.10596728189385848, -0.10055640176259084],
"L": [0.41387902849909564, 0.2540375215761729],
"H": [0.2072635917014442, 0.5482255613241932]},
"zorder": [1, 0, 0, 1, 0, 1, 1, 0]}
