{
  "lattice_vectors": [
    [
      1.0,
      0.0,
      0.0
    ],
    [
      -0.5,
      0.8660254038,
      0.0
    ],
    [
      0.0,
      0.0,
      4.9224620381
    ]
  ],
  "nbands": 20,
  "structure": "hP42-SrLiPO4",
  "basis": [
    [
      0.4898,
      0.486,
      0.4661095238
    ],
    [
      0.4962,
      -0.4898,
      -0.2005571429
    ],
    [
      -0.486,
      -0.4962,
      0.1327761905
    ],
    [
      -0.4898,
      -0.486,
      -0.0338904762
    ],
    [
      -0.4962,
      0.4898,
      0.2994428571
    ],
    [
      0.486,
      0.4962,
      -0.3672238095
    ],
    [
      0.218,
      -0.171,
      0.4049095238
    ],
    [
      0.111,
      -0.218,
      -0.2617571429
    ],
    [
      0.171,
      -0.111,
      0.0715761905
    ],
    [
      -0.218,
      0.171,
      -0.0950904762
    ],
    [
      -0.111,
      0.218,
      0.2382428571
    ],
    [
      -0.171,
      0.111,
      -0.4284238095
    ],
    [
      -0.1145,
      0.177,
      0.3759095238
    ],
    [
      -0.2085,
      0.1145,
      -0.2907571429
    ],
    [
      -0.177,
      0.2085,
      0.0425761905
    ],
    [
      0.1145,
      -0.177,
      -0.1240904762
    ],
    [
      0.2085,
      -0.1145,
      0.2092428571
    ],
    [
      0.177,
      -0.2085,
      -0.4574238095
    ],
    [
      0.1864,
      0.1648,
      0.3807095238
    ],
    [
      0.4784,
      -0.1864,
      -0.2859571429
    ],
    [
      -0.1648,
      -0.4784,
      0.0473761905
    ],
    [
      -0.1864,
      -0.1648,
      -0.1192904762
    ],
    [
      -0.4784,
      0.1864,
      0.2140428571
    ],
    [
      0.1648,
      0.4784,
      -0.4526238095
    ],
    [
      -0.3953,
      -0.1491,
      0.3837095238
    ],
    [
      -0.2538,
      0.3953,
      -0.2829571429
    ],
    [
      0.1491,
      0.2538,
      0.0503761905
    ],
    [
      0.3953,
      0.1491,
      -0.1162904762
    ],
    [
      0.2538,
      -0.3953,
      0.2170428571
    ],
    [
      -0.1491,
      -0.2538,
      -0.4496238095
    ],
    [
      -0.1031,
      0.4005,
      0.4193095238
    ],
    [
      0.0036,
      0.1031,
      -0.2473571429
    ],
    [
      -0.4005,
      -0.0036,
      0.0859761905
    ],
    [
      0.1031,
      -0.4005,
      -0.0806904762
    ],
    [
      -0.0036,
      -0.1031,
      0.2526428571
    ],
    [
      0.4005,
      0.0036,
      -0.4140238095
    ],
    [
      0.3033,
      -0.0777,
      0.4860095238
    ],
    [
      0.119,
      -0.3033,
      -0.1806571429
    ],
    [
      0.0777,
      -0.119,
      0.1526761905
    ],
    [
      -0.3033,
      0.0777,
      -0.0139904762
    ],
    [
      -0.119,
      0.3033,
      0.3193428571
    ],
    [
      -0.0777,
      0.119,
      -0.3473238095
    ]
  ]
}