{"gap": [7.307106482242436], "band_nos": [4], "fill_fraction": 0.286635, "mid_gap_of_max": 0.4306269405941858, "mid_gaps": [0.4306269405941858], "max_gap": 7.307106482242436, "gap_ranges": [[0.4148937560489658, 0.44636012513940587]], "gap_range_of_max": [0.4148937560489658, 0.44636012513940587]}