{"gap_range_of_max": [0.666849580104707, 0.6700656273515502], "max_gap": 0.48111461802603084, "fill_fraction": 0.143049, "gap_ranges": [[0.666849580104707, 0.6700656273515502]], "mid_gaps": [0.6684576037281286], "mid_gap_of_max": 0.6684576037281286, "gap": [0.48111461802603084], "band_nos": [8]}