{
  "basis": [
    [
      0.0,
      0.0,
      0.0
    ],
    [
      0.0,
      0.0,
      0.5
    ],
    [
      0.3333333333333333,
      0.6666666666666666,
      0.0
    ],
    [
      0.6666666666666666,
      0.3333333333333333,
      0.5
    ]
  ],
  "nbands": 20,
  "structure": "hP4-C_r",
  "lattice_vectors": [
    [
      1.0,
      0.0,
      0.0
    ],
    [
      -0.5,
      0.8660254037780055,
      0.0
    ],
    [
      0.0,
      0.0,
      2.748987806995526
    ]
  ]
}