{"gap_range_of_max": [0.630942160023619, 0.6565256636177768], "band_nos": [8], "max_gap": 3.9742358021497854, "mid_gap_of_max": 0.643733911820698, "fill_fraction": 0.360543, "gap": [3.9742358021497854], "gap_ranges": [[0.630942160023619, 0.6565256636177768]], "mid_gaps": [0.643733911820698]}