{"gap_range_of_max": [0.819863468374969, 0.835762670164996], "_status": {"cI80-N3U2_r-/32b46235/strict-mpb-c/0000/0ab07fd1f37f9dbd298f655e74d38f9c": 1, "cI80-N3U2_r-/32b46235/check_runnin/0000/478572b0fd298bab6f5dffef95fbfa2b": 1, "cI80-N3U2_r-/32b46235/store_fill/0000/839cfc016c7d95c445ff181878421272": 1, "cI80-N3U2_r-/32b46235/mpb-cI80-N3U/0000/ad0560451f075dd1c8e1420d00c02332": 1, "cI80-N3U2_r-/32b46235/store_data/0000/f5e2019436b6c71e6ab36af69d90f1ec": 1, "cI80-N3U2_r-/32b46235/store_strict/0000/39d5ef343cb8c85bf4fbec18d1c847b0": 1}, "run_me": true, "max_gap": 1.9206270570295718, "gap_ranges": [[0.819863468374969, 0.835762670164996]], "mid_gap_of_max": 0.8278130692699825, "mid_gaps": [0.8278130692699825], "fill_fraction": 0.14092, "gap": [1.9206270570295718], "band_nos": [12]}