{"mid_gap_of_max": 0.3551226683071166, "max_gap": 0.061979499622575915, "gap": [0.061979499622575915], "gap_ranges": [[0.355012616680685, 0.35523271993354816]], "fill_fraction": 0.377389, "gap_range_of_max": [0.355012616680685, 0.35523271993354816], "mid_gaps": [0.3551226683071166], "run_me": true, "band_nos": [4]}