{"gap_range_of_max": [0.285112593882693, 0.3179964074542011], "fill_fraction": 0.46181, "band_nos": [2], "gap": [10.90476630214932], "mid_gap_of_max": 0.301554500668447, "mid_gaps": [0.301554500668447], "gap_ranges": [[0.285112593882693, 0.3179964074542011]], "max_gap": 10.90476630214932}