{"gap": [0.11160289049850541], "gap_ranges": [[0.2503524821203726, 0.25063203872347856]], "band_nos": [4], "max_gap": 0.11160289049850541, "mid_gaps": [0.25049226042192557], "gap_range_of_max": [0.2503524821203726, 0.25063203872347856], "mid_gap_of_max": 0.25049226042192557, "fill_fraction": 0.585406}