{"fill_fraction": 0.138391, "max_gap": 0.6123045034153105, "gap": [0.6123045034153105], "mid_gaps": [0.9679262993069251], "mid_gap_of_max": 0.9679262993069251, "band_nos": [19], "gap_ranges": [[0.964962971146726, 0.970889627467124]], "gap_range_of_max": [0.964962971146726, 0.970889627467124]}