{"gap": [7.001625745017124, 2.6460186078398285], "strict_calculated": true, "mid_gaps": [0.3924159525388599, 0.5025295078503615], "band_nos": [4, 10], "mid_gap_of_max": 0.3924159525388599, "fill_fraction": 0.179171, "gap_ranges": [[0.3786782043586024, 0.40615370071911744], [0.495880995706558, 0.509178019994165]], "max_gap": 7.001625745017124, "gap_range_of_max": [0.3786782043586024, 0.40615370071911744]}