{"max_gap": 5.9376647106102745, "gap": [5.9376647106102745], "fill_fraction": 0.103781, "gap_ranges": [[0.705743446434891, 0.7489302704045406]], "gap_range_of_max": [0.705743446434891, 0.7489302704045406], "mid_gap_of_max": 0.7273368584197157, "mid_gaps": [0.7273368584197157], "band_nos": [8]}