{"fill_fraction": 0.092397, "mid_gap_of_max": 0.875207825111084, "gap_ranges": [[0.808595185635375, 0.9418204645867929]], "band_nos": [12], "mid_gaps": [0.875207825111084], "gap": [15.222130690445788], "max_gap": 15.222130690445788, "gap_range_of_max": [0.808595185635375, 0.9418204645867929]}