{
  "lattice_vectors": [
    [
      1.0,
      0.0,
      0.0
    ],
    [
      0.0,
      1.0,
      0.0
    ],
    [
      0.0,
      0.0,
      0.7018540333
    ]
  ],
  "basis": [
    [
      0.24918,
      0.0,
      0.74945
    ],
    [
      0.75082,
      0.0,
      0.74945
    ],
    [
      0.0,
      0.75082,
      0.25055
    ],
    [
      0.0,
      0.24918,
      0.25055
    ],
    [
      0.0,
      0.5,
      0.5315
    ],
    [
      0.5,
      0.0,
      0.4685
    ],
    [
      0.0,
      0.0,
      0.5288
    ],
    [
      0.0,
      0.0,
      0.4712
    ],
    [
      0.26398,
      0.26398,
      0.0
    ],
    [
      0.73602,
      0.73602,
      0.0
    ],
    [
      0.26398,
      0.73602,
      0.0
    ],
    [
      0.73602,
      0.26398,
      0.0
    ]
  ],
  "nbands": 20,
  "structure": "tP12-HgI2"
}