{"band_nos": [4], "fill_fraction": 0.075562, "max_gap": 5.329867291521658, "gap": [5.329867291521658], "gap_ranges": [[0.510598162907388, 0.538557464210856]], "gap_range_of_max": [0.510598162907388, 0.538557464210856], "mid_gaps": [0.524577813559122], "strict_calculated": true, "mid_gap_of_max": 0.524577813559122}