{"fill_fraction": 0.104597, "max_gap": 15.743955100651238, "mid_gaps": [0.8359844480406756], "mid_gap_of_max": 0.8359844480406756, "gap_range_of_max": [0.7701759399667, 0.9017929561146513], "gap": [15.743955100651238], "band_nos": [8], "gap_ranges": [[0.7701759399667, 0.9017929561146513]]}