{
  "basis": [
    [
      0.0499230769,
      -0.4230769231,
      0.3205384615
    ],
    [
      -0.4230769231,
      0.0499230769,
      0.3205384615
    ],
    [
      0.1039230769,
      0.1039230769,
      0.3205384615
    ],
    [
      0.1039230769,
      -0.4230769231,
      -0.1794615385
    ],
    [
      -0.4230769231,
      0.1039230769,
      -0.1794615385
    ],
    [
      0.0499230769,
      0.0499230769,
      -0.1794615385
    ],
    [
      0.0059230769,
      -0.2020769231,
      0.3505384615
    ],
    [
      0.3559230769,
      -0.2150769231,
      0.3505384615
    ],
    [
      0.3689230769,
      0.1479230769,
      0.3505384615
    ],
    [
      0.1479230769,
      0.3559230769,
      -0.1494615385
    ],
    [
      -0.2020769231,
      0.3689230769,
      -0.1494615385
    ],
    [
      -0.2150769231,
      0.0059230769,
      -0.1494615385
    ],
    [
      -0.2110769231,
      -0.0100769231,
      0.2985384615
    ],
    [
      0.1639230769,
      0.3759230769,
      0.2985384615
    ],
    [
      -0.2220769231,
      0.3649230769,
      0.2985384615
    ],
    [
      0.3649230769,
      0.1639230769,
      -0.2014615385
    ],
    [
      -0.0100769231,
      -0.2220769231,
      -0.2014615385
    ],
    [
      0.3759230769,
      -0.2110769231,
      -0.2014615385
    ],
    [
      0.0869230769,
      0.5689230769,
      0.0705384615
    ],
    [
      -0.4150769231,
      0.0949230769,
      0.0705384615
    ],
    [
      0.0589230769,
      0.0669230769,
      0.0705384615
    ],
    [
      0.0669230769,
      -0.4150769231,
      -0.4294615385
    ],
    [
      0.5689230769,
      0.0589230769,
      -0.4294615385
    ],
    [
      0.0949230769,
      0.0869230769,
      -0.4294615385
    ],
    [
      -0.4230769231,
      -0.4230769231,
      0.1295384615
    ],
    [
      -0.4230769231,
      -0.4230769231,
      -0.3704615385
    ]
  ],
  "lattice_vectors": [
    [
      1.0,
      0.0,
      0.0
    ],
    [
      -0.5,
      0.8660254038,
      0.0
    ],
    [
      0.0,
      0.0,
      1.0161050154
    ]
  ],
  "structure": "hP26-KW3O9",
  "nbands": 20
}