{"gap": [2.939121594194373], "mid_gap_of_max": 0.5136023116131876, "fill_fraction": 0.367386, "gap_ranges": [[0.506054613388735, 0.52115000983764]], "strict_calculated": true, "max_gap": 2.939121594194373, "mid_gaps": [0.5136023116131876], "band_nos": [16], "gap_range_of_max": [0.506054613388735, 0.52115000983764]}