{"gap_range_of_max": [0.4430243896177346, 0.4702434387693604], "fill_fraction": 0.232572, "gap_ranges": [[0.4430243896177346, 0.4702434387693604], [0.614759894057167, 0.6235501046289375]], "max_gap": 5.960803239876917, "band_nos": [5, 13], "mid_gaps": [0.4566339141935475, 0.6191549993430523], "mid_gap_of_max": 0.4566339141935475, "gap": [5.960803239876917, 1.4197108286450204]}