{"gap_ranges": [[0.3549683063613384, 0.37598099152174064]], "mid_gaps": [0.3654746489415395], "gap": [5.749423447360177], "max_gap": 5.749423447360177, "band_nos": [4], "gap_range_of_max": [0.3549683063613384, 0.37598099152174064], "mid_gap_of_max": 0.3654746489415395, "strict_calculated": true, "fill_fraction": 0.214477}