{"max_gap": 2.353175947347993, "mid_gaps": [0.4704405444962184], "fill_fraction": 0.253299, "mid_gap_of_max": 0.4704405444962184, "band_nos": [6], "gap_ranges": [[0.464905397626389, 0.4759756913660478]], "gap_range_of_max": [0.464905397626389, 0.4759756913660478], "gap": [2.353175947347993]}