{"gap": [2.852754435406793], "fill_fraction": 0.374663, "mid_gap_of_max": 0.6489308817362349, "gap_range_of_max": [0.639674679480507, 0.6581870839919627], "mid_gaps": [0.6489308817362349], "band_nos": [10], "max_gap": 2.852754435406793, "strict_calculated": true, "gap_ranges": [[0.639674679480507, 0.6581870839919627]]}