{"mid_gap_of_max": 0.5825825957276136, "gap_range_of_max": [0.582532460399145, 0.5826327310560823], "mid_gaps": [0.5825825957276136], "band_nos": [8], "gap": [0.017211406189014657], "fill_fraction": 0.262814, "max_gap": 0.017211406189014657, "gap_ranges": [[0.582532460399145, 0.5826327310560823]]}