{"gap_range_of_max": [0.3622525935012305, 0.42370682070782995], "band_nos": [4], "mid_gaps": [0.39297970710453023], "gap_ranges": [[0.3622525935012305, 0.42370682070782995]], "max_gap": 15.638015423084665, "fill_fraction": 0.225131, "gap": [15.638015423084665], "mid_gap_of_max": 0.39297970710453023}