{"gap_ranges": [[0.2346245738530124, 0.2358711138812021]], "mid_gap_of_max": 0.23524784386710726, "max_gap": 0.5298837208020544, "gap_range_of_max": [0.2346245738530124, 0.2358711138812021], "gap": [0.5298837208020544], "fill_fraction": 0.612787, "strict_calculated": true, "band_nos": [4], "mid_gaps": [0.23524784386710726]}