{"band_nos": [8], "mid_gaps": [0.44660654520740917], "max_gap": 7.414586703360872, "gap_range_of_max": [0.4300495304487652, 0.4631635599660532], "fill_fraction": 0.489219, "mid_gap_of_max": 0.44660654520740917, "gap": [7.414586703360872], "gap_ranges": [[0.4300495304487652, 0.4631635599660532]], "strict_calculated": true}