{"mid_gap_of_max": 0.9241531202674717, "gap_ranges": [[0.919669329601007, 0.9286369109339363]], "_status": {"cP33-RbNO3_r/c6ed8f20/store_strict/0000/20e363589394e29a5053e96623a43eb5": 1, "cP33-RbNO3_r/c6ed8f20/check_runnin/0000/22dfbc428d8282576107395614aaf912": 1, "cP33-RbNO3_r/c6ed8f20/strict-mpb-c/0000/17a9a0c19daceb227832da191852064e": 1, "cP33-RbNO3_r/c6ed8f20/store_fill/0000/b4f684c4728ef527c657e7df5ba53a19": 1, "cP33-RbNO3_r/c6ed8f20/store_data/0000/fd02bfa299a594f7804a26ee4c0b4ce5": 1, "cP33-RbNO3_r/c6ed8f20/mpb-cP33-RbN/0000/9ab38df82854655521ce0834cedc5a04": 1}, "gap_range_of_max": [0.919669329601007, 0.9286369109339363], "gap": [0.9703566580323328], "max_gap": 0.9703566580323328, "band_nos": [17], "mid_gaps": [0.9241531202674717], "fill_fraction": 0.084066}