{"gap": [4.805194138000548], "max_gap": 4.805194138000548, "gap_ranges": [[0.353215342446241, 0.37060584918108236]], "gap_range_of_max": [0.353215342446241, 0.37060584918108236], "mid_gap_of_max": 0.3619105958136617, "mid_gaps": [0.3619105958136617], "band_nos": [4], "fill_fraction": 0.254292}