{"equivalent_atoms": [0, 0, 0, 0], "site_point_groups": {"f": {"name": "4f", "site_symmetry": ["3m", "1", "m", "3"]}}, "std_positions": [[0.3333333333, 0.6666666667, 0.5625], [0.6666666667, 0.3333333333, 0.0625], [0.3333333333, 0.6666666667, 0.9375], [0.6666666667, 0.3333333333, 0.4375]], "global_point_groups": ["6/mmm", "1", "-1", "3", "2", "m", "-3", "32", "3m", "2/m", "6", "-6", "222", "mm2", "-3m", "6/m", "622", "-6m2", "6mm", "mmm"], "international": "P6_3/mmc", "wyckoffs": ["f", "f", "f", "f"], "std_lattice": [[1.0, 0.0, 0.0], [-0.5, 0.8660254038, 0.0], [0.0, 0.0, 1.6624365725]], "number": 194}