{"mid_gaps": [0.3498685347743614], "band_nos": [4], "max_gap": 15.042502359100213, "mid_gap_of_max": 0.3498685347743614, "gap_range_of_max": [0.32355404347577, 0.3761830260729529], "gap": [15.042502359100213], "fill_fraction": 0.349349, "gap_ranges": [[0.32355404347577, 0.3761830260729529]]}