{"mid_gaps": [0.6120326030040971], "fill_fraction": 0.329358, "max_gap": 1.7706792221236725, "strict_calculated": true, "mid_gap_of_max": 0.6120326030040971, "gap": [1.7706792221236725], "gap_range_of_max": [0.606614035937089, 0.6174511700711053], "gap_ranges": [[0.606614035937089, 0.6174511700711053]], "band_nos": [16]}