{"gap_range_of_max": [0.379264481587731, 0.4069037122652136], "mid_gaps": [0.3930840969264723], "mid_gap_of_max": 0.3930840969264723, "band_nos": [2], "max_gap": 7.031378499815632, "fill_fraction": 0.462974, "gap_ranges": [[0.379264481587731, 0.4069037122652136]], "gap": [7.031378499815632]}