{"fill_fraction": 0.375598, "mid_gap_of_max": 0.5090522335480887, "max_gap": 16.891286496366252, "band_nos": [8], "gap_range_of_max": [0.466059497955709, 0.5520449691404685], "gap": [16.891286496366252], "mid_gaps": [0.5090522335480887], "gap_ranges": [[0.466059497955709, 0.5520449691404685]]}