{"mid_gap_of_max": 0.6121282612639762, "gap_ranges": [[0.600942797403177, 0.6233137251247753]], "gap": [3.6546144227035704], "mid_gaps": [0.6121282612639762], "gap_range_of_max": [0.600942797403177, 0.6233137251247753], "fill_fraction": 0.193762, "max_gap": 3.6546144227035704, "band_nos": [16]}