{"fill_fraction": 0.482424, "gap": [11.35124282710101], "max_gap": 11.35124282710101, "gap_range_of_max": [0.29479223241151, 0.3302683019472284], "mid_gap_of_max": 0.31253026717936916, "mid_gaps": [0.31253026717936916], "gap_ranges": [[0.29479223241151, 0.3302683019472284]], "band_nos": [2]}