{"gap_ranges": [[0.320830465418825, 0.4001570585038287]], "mid_gap_of_max": 0.3604937619613269, "gap_range_of_max": [0.320830465418825, 0.4001570585038287], "max_gap": 22.00498356848497, "band_nos": [4], "mid_gaps": [0.3604937619613269], "fill_fraction": 0.273361, "gap": [22.00498356848497]}