{"band_nos": [2], "gap_ranges": [[0.3980653717088532, 0.48118875070727124]], "fill_fraction": 0.195329, "gap": [18.907702990348493], "max_gap": 18.907702990348493, "mid_gaps": [0.4396270612080622], "mid_gap_of_max": 0.4396270612080622, "gap_range_of_max": [0.3980653717088532, 0.48118875070727124]}