{"mid_gap_of_max": 0.5795411891131214, "gap_range_of_max": [0.565623717861958, 0.5934586603642847], "gap": [4.802927388978511], "band_nos": [16], "gap_ranges": [[0.565623717861958, 0.5934586603642847]], "fill_fraction": 0.193762, "mid_gaps": [0.5795411891131214], "strict_calculated": true, "max_gap": 4.802927388978511}