{"gap_range_of_max": [0.434908239231544, 0.4915868724067074], "mid_gaps": [0.4632475558191257], "mid_gap_of_max": 0.4632475558191257, "band_nos": [2], "max_gap": 12.235063620560792, "fill_fraction": 0.280564, "gap_ranges": [[0.434908239231544, 0.4915868724067074]], "gap": [12.235063620560792]}