{
  "structure": "hP38-Th4Ni21",
  "nbands": 20,
  "basis": [
    [
      0.3333333333333333,
      0.6666666666666666,
      0.11
    ],
    [
      0.6666666666666666,
      0.3333333333333333,
      0.89
    ],
    [
      0.6666666666666666,
      0.3333333333333333,
      0.61
    ],
    [
      0.3333333333333333,
      0.6666666666666666,
      0.39
    ],
    [
      0.5,
      0.0,
      0.0
    ],
    [
      0.0,
      0.5,
      0.0
    ],
    [
      0.5,
      0.5,
      0.0
    ],
    [
      0.5,
      0.0,
      0.5
    ],
    [
      0.0,
      0.5,
      0.5
    ],
    [
      0.5,
      0.5,
      0.5
    ],
    [
      0.3333333333333333,
      0.0,
      0.25
    ],
    [
      0.6666666666666666,
      0.0,
      0.75
    ],
    [
      0.0,
      0.3333333333333333,
      0.25
    ],
    [
      0.0,
      0.6666666666666666,
      0.75
    ],
    [
      0.6666666666666666,
      0.6666666666666666,
      0.25
    ],
    [
      0.3333333333333333,
      0.3333333333333333,
      0.75
    ],
    [
      0.0,
      0.3333333333333333,
      0.75
    ],
    [
      0.0,
      0.6666666666666666,
      0.25
    ],
    [
      0.3333333333333333,
      0.0,
      0.75
    ],
    [
      0.6666666666666666,
      0.0,
      0.25
    ],
    [
      0.6666666666666666,
      0.6666666666666666,
      0.75
    ],
    [
      0.3333333333333333,
      0.3333333333333333,
      0.25
    ],
    [
      0.16666666666666666,
      0.3333333333333333,
      0.0
    ],
    [
      0.8333333333333334,
      0.6666666666666666,
      0.0
    ],
    [
      0.6666666666666666,
      0.8333333333333334,
      0.0
    ],
    [
      0.3333333333333333,
      0.16666666666666666,
      0.0
    ],
    [
      0.16666666666666666,
      0.8333333333333334,
      0.0
    ],
    [
      0.8333333333333334,
      0.16666666666666666,
      0.0
    ],
    [
      0.8333333333333334,
      0.6666666666666666,
      0.5
    ],
    [
      0.16666666666666666,
      0.3333333333333333,
      0.5
    ],
    [
      0.3333333333333333,
      0.16666666666666666,
      0.5
    ],
    [
      0.6666666666666666,
      0.8333333333333334,
      0.5
    ],
    [
      0.8333333333333334,
      0.16666666666666666,
      0.5
    ],
    [
      0.16666666666666666,
      0.8333333333333334,
      0.5
    ],
    [
      0.0,
      0.0,
      0.25
    ],
    [
      0.0,
      0.0,
      0.75
    ],
    [
      0.3333333333333333,
      0.6666666666666666,
      0.75
    ],
    [
      0.6666666666666666,
      0.3333333333333333,
      0.25
    ]
  ],
  "lattice_vectors": [
    [
      1.0,
      0.0,
      0.0
    ],
    [
      -0.5,
      0.8660254037841464,
      0.0
    ],
    [
      0.0,
      0.0,
      0.9725209623125923
    ]
  ]
}