{"mid_gap_of_max": 0.4693530810428793, "band_nos": [2], "gap_range_of_max": [0.4461082516775906, 0.492597910408168], "fill_fraction": 0.181949, "gap": [9.905050293327072], "gap_ranges": [[0.4461082516775906, 0.492597910408168]], "max_gap": 9.905050293327072, "mid_gaps": [0.4693530810428793]}