{"mid_gap_of_max": 0.4812053958396348, "gap_ranges": [[0.4309333117120543, 0.5314774799672153]], "gap": [20.89423126266606], "mid_gaps": [0.4812053958396348], "gap_range_of_max": [0.4309333117120543, 0.5314774799672153], "fill_fraction": 0.161176, "band_nos": [2], "max_gap": 20.89423126266606}