{"gap": [1.1949627924448538], "run_me": true, "mid_gap_of_max": 0.5438955459072163, "gap_range_of_max": [0.540645871205538, 0.5471452206088947], "mid_gaps": [0.5438955459072163], "_status": {"hR1-Hg-8/72460987/store_strict/0000/1447d67ebd08224007e0b1149acdb86a": 1, "hR1-Hg-8/72460987/store_data/0000/75c7388bb34d16d675561cfaf265da91": 1, "hR1-Hg-8/72460987/mpb-hR1-Hg-8/0000/181580ccbaaf778a46905504add342da": 7, "hR1-Hg-8/72460987/strict-mpb-h/0000/42dc47ea08e55cbea58a8da4fae2f3e1": 1, "hR1-Hg-8/72460987/check_runnin/0000/dbf635ea9832ea0ac6ebe73102daab4c": 1, "hR1-Hg-8/72460987/store_fill/0000/fa6a4d90c88cd16086d6d87c82b4dcf9": 1}, "gap_ranges": [[0.540645871205538, 0.5471452206088947]], "band_nos": [5], "max_gap": 1.1949627924448538, "fill_fraction": 0.191293}