{"band_nos": [16], "mid_gaps": [0.5591662245324656], "gap_range_of_max": [0.556394571023947, 0.5619378780409842], "max_gap": 0.9913522623208034, "gap": [0.9913522623208034], "gap_ranges": [[0.556394571023947, 0.5619378780409842]], "mid_gap_of_max": 0.5591662245324656, "run_me": true, "_status": {"cP16-CuCl-12/03b1804f/check_runnin/0000/d23f9374c2fd0c55c042e03947906e89": 1, "cP16-CuCl-12/03b1804f/store_fill/0000/5246ea90d7a549d073c18dc34b02eb53": 1, "cP16-CuCl-12/03b1804f/mpb-cP16-CuC/0000/df0d16b8015636f6845062a3d900bcd9": 7, "cP16-CuCl-12/03b1804f/strict-mpb-c/0000/6d6fd6f747a1d33d30f8edf6a4ee44d3": 1, "cP16-CuCl-12/03b1804f/store_data/0000/8ec0b82b1778dc43b5050924be698bad": 1, "cP16-CuCl-12/03b1804f/store_strict/0000/391d907f8c6d446cbca24dc19856e2eb": 1}, "fill_fraction": 0.456275}