{"gap": [17.41913511227561], "fill_fraction": 0.176571, "gap_range_of_max": [0.371644154666029, 0.4425576071551051], "gap_ranges": [[0.371644154666029, 0.4425576071551051]], "mid_gaps": [0.40710088091056706], "band_nos": [4], "max_gap": 17.41913511227561, "mid_gap_of_max": 0.40710088091056706}