{"gap_ranges": [[0.555731518424462, 0.5606948226191164]], "mid_gap_of_max": 0.5582131705217892, "mid_gaps": [0.5582131705217892], "band_nos": [4], "fill_fraction": 0.120324, "gap_range_of_max": [0.555731518424462, 0.5606948226191164], "max_gap": 0.8891413633280725, "gap": [0.8891413633280725]}