{"mid_gap_of_max": 0.2946241212580611, "gap": [11.471444833867437], "gap_ranges": [[0.277725299489368, 0.31152294302675415]], "max_gap": 11.471444833867437, "mid_gaps": [0.2946241212580611], "fill_fraction": 0.447586, "gap_range_of_max": [0.277725299489368, 0.31152294302675415], "band_nos": [4]}