{"max_gap": 10.865628401799599, "gap": [10.865628401799599], "gap_ranges": [[0.4149572850210243, 0.46263525728549026]], "mid_gap_of_max": 0.43879627115325726, "gap_range_of_max": [0.4149572850210243, 0.46263525728549026], "band_nos": [2], "fill_fraction": 0.238321, "mid_gaps": [0.43879627115325726]}