{"gap_range_of_max": [0.366761219250609, 0.4446361946374248], "fill_fraction": 0.193791, "mid_gaps": [0.4056987069440169], "gap": [19.195273254238362], "mid_gap_of_max": 0.4056987069440169, "band_nos": [2], "gap_ranges": [[0.366761219250609, 0.4446361946374248]], "max_gap": 19.195273254238362}