{"max_gap": 12.81423554080217, "gap": [12.81423554080217], "mid_gaps": [0.42919651449276164], "gap_range_of_max": [0.4016973883427538, 0.45669564064276946], "fill_fraction": 0.227794, "gap_ranges": [[0.4016973883427538, 0.45669564064276946]], "mid_gap_of_max": 0.42919651449276164, "band_nos": [2]}