{"mid_gap_of_max": 0.30311655335764404, "max_gap": 0.1913143555151264, "band_nos": [4], "gap": [0.1913143555151264], "gap_ranges": [[0.3028266006173861, 0.303406506097902]], "fill_fraction": 0.391545, "gap_range_of_max": [0.3028266006173861, 0.303406506097902], "mid_gaps": [0.30311655335764404]}