{"mid_gaps": [0.7304928263210178], "band_nos": [16], "max_gap": 1.0620507760109146, "mid_gap_of_max": 0.7304928263210178, "gap_ranges": [[0.72661372395569, 0.7343719286863455]], "gap_range_of_max": [0.72661372395569, 0.7343719286863455], "gap": [1.0620507760109146], "fill_fraction": 0.180997}