{"max_gap": 9.001662737019842, "gap_ranges": [[0.2885775650592, 0.315778617710852]], "gap": [9.001662737019842], "mid_gap_of_max": 0.30217809138502605, "gap_range_of_max": [0.2885775650592, 0.315778617710852], "mid_gaps": [0.30217809138502605], "fill_fraction": 0.53988, "band_nos": [2]}