{"max_gap": 1.961332164147048, "fill_fraction": 0.210669, "mid_gap_of_max": 0.5657213777048438, "gap_range_of_max": [0.560173540034653, 0.5712692153750346], "band_nos": [8], "gap": [1.961332164147048], "gap_ranges": [[0.560173540034653, 0.5712692153750346]], "mid_gaps": [0.5657213777048438]}