{"gap_ranges": [[0.335830427969049, 0.33781510503009243]], "mid_gap_of_max": 0.3368227664995707, "fill_fraction": 0.396523, "mid_gaps": [0.3368227664995707], "gap": [0.5892348316203725], "gap_range_of_max": [0.335830427969049, 0.33781510503009243], "band_nos": [2], "max_gap": 0.5892348316203725}