{"gap_range_of_max": [0.46072632477322, 0.46630687853121017], "gap": [1.203959844824791], "mid_gaps": [0.4635166016522151], "band_nos": [12], "fill_fraction": 0.540864, "max_gap": 1.203959844824791, "gap_ranges": [[0.46072632477322, 0.46630687853121017]], "mid_gap_of_max": 0.4635166016522151}