{"fill_fraction": 0.344855, "mid_gap_of_max": 0.4503141283832459, "gap_range_of_max": [0.441519200061959, 0.45910905670453284], "mid_gaps": [0.4503141283832459], "gap_ranges": [[0.441519200061959, 0.45910905670453284]], "band_nos": [8], "strict_calculated": true, "max_gap": 3.906130306354397, "gap": [3.906130306354397]}