{"gap": [0.6994311355817687], "band_nos": [4], "mid_gap_of_max": 0.28358921736429976, "mid_gaps": [0.28358921736429976], "max_gap": 0.6994311355817687, "fill_fraction": 0.45749, "gap_ranges": [[0.2825974617226, 0.28458097300599955]], "gap_range_of_max": [0.2825974617226, 0.28458097300599955]}