{"gap_range_of_max": [0.59307865559506, 0.6406719823181699], "mid_gap_of_max": 0.616875318956615, "max_gap": 7.7152262800218985, "fill_fraction": 0.141604, "mid_gaps": [0.616875318956615], "band_nos": [16], "gap_ranges": [[0.59307865559506, 0.6406719823181699]], "gap": [7.7152262800218985]}