{"mid_gaps": [0.6921553123498392], "max_gap": 1.3531049792933523, "gap": [1.3531049792933523], "fill_fraction": 0.332219, "mid_gap_of_max": 0.6921553123498392, "band_nos": [16], "gap_ranges": [[0.68747251835191, 0.6968381063477682]], "gap_range_of_max": [0.68747251835191, 0.6968381063477682]}