{"gap_ranges": [[0.275965351227343, 0.32081743920102124]], "mid_gaps": [0.2983913952141821], "max_gap": 15.031294029602847, "band_nos": [2], "gap_range_of_max": [0.275965351227343, 0.32081743920102124], "mid_gap_of_max": 0.2983913952141821, "gap": [15.031294029602847], "fill_fraction": 0.475089}