{"mid_gap_of_max": 0.4667036044996806, "max_gap": 0.0002953714606040633, "gap": [0.0002953714606040633], "gap_ranges": [[0.466702915245054, 0.46670429375430733]], "fill_fraction": 0.174708, "gap_range_of_max": [0.466702915245054, 0.46670429375430733], "mid_gaps": [0.4667036044996806], "run_me": true, "band_nos": [4]}