{"strict_calculated": true, "band_nos": [8], "gap": [18.627257279654273], "gap_range_of_max": [0.356334264941137, 0.42952640981429846], "mid_gaps": [0.39293033737771776], "gap_ranges": [[0.356334264941137, 0.42952640981429846]], "mid_gap_of_max": 0.39293033737771776, "fill_fraction": 0.447371, "max_gap": 18.627257279654273}