{"strict_calculated": true, "mid_gap_of_max": 0.6624666064382336, "gap": [1.018372388090214], "max_gap": 1.018372388090214, "gap_range_of_max": [0.659093417938091, 0.6658397949383764], "band_nos": [5], "gap_ranges": [[0.659093417938091, 0.6658397949383764]], "mid_gaps": [0.6624666064382336], "fill_fraction": 0.050892}