{"mid_gap_of_max": 0.31546144221007705, "gap_ranges": [[0.299703461168633, 0.3312194232515211]], "band_nos": [4], "mid_gaps": [0.31546144221007705], "gap": [9.990432384411719], "max_gap": 9.990432384411719, "strict_calculated": true, "gap_range_of_max": [0.299703461168633, 0.3312194232515211], "fill_fraction": 0.259944}