{"fill_fraction": 0.567789, "band_nos": [2], "mid_gaps": [0.2915051818639544], "gap_range_of_max": [0.282101652529316, 0.3009087111985928], "max_gap": 6.4517064667666455, "mid_gap_of_max": 0.2915051818639544, "gap": [6.4517064667666455], "gap_ranges": [[0.282101652529316, 0.3009087111985928]]}