{"mid_gap_of_max": 0.317014353862097, "gap_ranges": [[0.29683019453572, 0.337198513188474]], "gap": [12.733908783926642], "mid_gaps": [0.317014353862097], "gap_range_of_max": [0.29683019453572, 0.337198513188474], "fill_fraction": 0.477424, "band_nos": [2], "max_gap": 12.733908783926642}