{"fill_fraction": 0.276932, "strict_calculated": true, "max_gap": 7.452707456254503, "gap_range_of_max": [0.315339705533663, 0.3397506909454675], "gap": [7.452707456254503], "mid_gap_of_max": 0.32754519823956524, "mid_gaps": [0.32754519823956524], "band_nos": [4], "gap_ranges": [[0.315339705533663, 0.3397506909454675]]}