{"mid_gap_of_max": 0.546030468086399, "gap": [6.336964885415971], "fill_fraction": 0.140384, "gap_ranges": [[0.528729588573245, 0.563331347599553]], "band_nos": [2], "gap_range_of_max": [0.528729588573245, 0.563331347599553], "mid_gaps": [0.546030468086399], "max_gap": 6.336964885415971}