{"gap_ranges": [[0.82975703117385, 0.842246272129854]], "gap_range_of_max": [0.82975703117385, 0.842246272129854], "mid_gaps": [0.836001651651852], "mid_gap_of_max": 0.836001651651852, "band_nos": [4], "fill_fraction": 0.168756, "gap": [1.4939253925302112], "max_gap": 1.4939253925302112}