{
  "structure": "cI208-ScP3O9",
  "nbands": 20,
  "basis": [
    [
      -0.2876153846,
      -0.165,
      0.413
    ],
    [
      -0.2316153846,
      -0.309,
      -0.387
    ],
    [
      0.0683846154,
      -0.335,
      -0.113
    ],
    [
      0.4123846154,
      -0.191,
      0.087
    ],
    [
      -0.2006153846,
      0.087,
      0.422
    ],
    [
      -0.3446153846,
      -0.113,
      0.078
    ],
    [
      -0.3186153846,
      -0.387,
      -0.222
    ],
    [
      -0.1746153846,
      0.413,
      -0.278
    ],
    [
      -0.1226153846,
      0.078,
      -0.335
    ],
    [
      0.0773846154,
      0.422,
      -0.191
    ],
    [
      0.4033846154,
      -0.278,
      -0.165
    ],
    [
      -0.3966153846,
      -0.222,
      -0.309
    ],
    [
      0.2123846154,
      -0.087,
      0.335
    ],
    [
      0.2683846154,
      0.113,
      0.191
    ],
    [
      -0.4316153846,
      0.387,
      0.165
    ],
    [
      -0.0876153846,
      -0.413,
      0.309
    ],
    [
      0.2993846154,
      -0.078,
      -0.413
    ],
    [
      0.1553846154,
      -0.422,
      0.387
    ],
    [
      0.1813846154,
      0.278,
      0.113
    ],
    [
      0.3253846154,
      0.222,
      -0.087
    ],
    [
      0.3773846154,
      0.165,
      -0.422
    ],
    [
      -0.4226153846,
      0.309,
      -0.078
    ],
    [
      -0.0966153846,
      0.335,
      0.222
    ],
    [
      0.1033846154,
      0.191,
      0.278
    ],
    [
      -0.3186153846,
      0.164,
      -0.419
    ],
    [
      -0.2006153846,
      -0.11,
      -0.027
    ],
    [
      -0.0926153846,
      0.336,
      -0.473
    ],
    [
      -0.4266153846,
      -0.39,
      -0.081
    ],
    [
      -0.3996153846,
      -0.081,
      -0.417
    ],
    [
      0.3263846154,
      -0.473,
      -0.083
    ],
    [
      -0.1196153846,
      -0.027,
      -0.191
    ],
    [
      0.1543846154,
      -0.419,
      -0.309
    ],
    [
      -0.4826153846,
      -0.083,
      0.336
    ],
    [
      -0.0906153846,
      -0.417,
      -0.39
    ],
    [
      -0.4286153846,
      -0.309,
      0.164
    ],
    [
      -0.0366153846,
      -0.191,
      -0.11
    ],
    [
      0.1813846154,
      0.081,
      -0.336
    ],
    [
      0.2993846154,
      0.473,
      0.39
    ],
    [
      0.4073846154,
      0.027,
      -0.164
    ],
    [
      0.0733846154,
      0.419,
      0.11
    ],
    [
      0.1003846154,
      0.083,
      0.419
    ],
    [
      -0.1736153846,
      0.417,
      0.027
    ],
    [
      0.3803846154,
      0.309,
      0.473
    ],
    [
      -0.3456153846,
      0.191,
      0.081
    ],
    [
      0.0173846154,
      -0.164,
      0.417
    ],
    [
      0.4093846154,
      0.11,
      0.083
    ],
    [
      0.0713846154,
      -0.336,
      0.191
    ],
    [
      0.4633846154,
      0.39,
      0.309
    ],
    [
      -0.3226153846,
      0.28,
      -0.217
    ],
    [
      -0.1966153846,
      0.096,
      0.093
    ],
    [
      -0.0066153846,
      0.22,
      0.407
    ],
    [
      0.4873846154,
      0.404,
      -0.283
    ],
    [
      0.3943846154,
      -0.283,
      0.497
    ],
    [
      0.2103846154,
      0.407,
      0.003
    ],
    [
      0.0863846154,
      0.093,
      -0.187
    ],
    [
      0.2703846154,
      -0.217,
      -0.313
    ],
    [
      0.3973846154,
      0.003,
      0.22
    ],
    [
      -0.2926153846,
      0.497,
      0.404
    ],
    [
      -0.2266153846,
      -0.313,
      0.28
    ],
    [
      0.0833846154,
      -0.187,
      0.096
    ],
    [
      0.1773846154,
      0.283,
      -0.22
    ],
    [
      0.3033846154,
      -0.407,
      -0.404
    ],
    [
      -0.5066153846,
      -0.093,
      -0.28
    ],
    [
      -0.0126153846,
      0.217,
      -0.096
    ],
    [
      -0.1056153846,
      -0.003,
      0.217
    ],
    [
      -0.2896153846,
      -0.497,
      -0.093
    ],
    [
      -0.4136153846,
      0.313,
      -0.407
    ],
    [
      -0.2296153846,
      0.187,
      0.283
    ],
    [
      -0.1026153846,
      -0.28,
      -0.497
    ],
    [
      0.2073846154,
      -0.096,
      -0.003
    ],
    [
      0.2733846154,
      -0.22,
      0.187
    ],
    [
      -0.4166153846,
      -0.404,
      0.313
    ],
    [
      -0.3016153846,
      0.0,
      -0.5
    ],
    [
      -0.2176153846,
      -0.208,
      -0.208
    ],
    [
      -0.0096153846,
      0.5,
      -0.292
    ],
    [
      0.4903846154,
      -0.292,
      0.0
    ],
    [
      0.1983846154,
      0.0,
      0.5
    ],
    [
      0.2823846154,
      0.292,
      0.292
    ],
    [
      0.4903846154,
      0.208,
      0.0
    ],
    [
      -0.0096153846,
      -0.5,
      0.208
    ],
    [
      -0.1326153846,
      0.208,
      0.419
    ],
    [
      -0.3866153846,
      -0.458,
      -0.169
    ],
    [
      -0.2986153846,
      0.292,
      -0.331
    ],
    [
      -0.2206153846,
      -0.042,
      0.081
    ],
    [
      -0.0516153846,
      0.081,
      -0.211
    ],
    [
      0.2823846154,
      -0.331,
      -0.289
    ],
    [
      -0.4676153846,
      -0.169,
      -0.377
    ],
    [
      0.1983846154,
      0.419,
      -0.123
    ],
    [
      -0.3406153846,
      -0.289,
      0.292
    ],
    [
      0.0713846154,
      -0.211,
      -0.042
    ],
    [
      0.4093846154,
      -0.123,
      0.208
    ],
    [
      -0.1786153846,
      -0.377,
      -0.458
    ],
    [
      0.3673846154,
      -0.081,
      -0.292
    ],
    [
      0.1133846154,
      0.331,
      0.042
    ],
    [
      0.2013846154,
      0.169,
      -0.208
    ],
    [
      0.2793846154,
      -0.419,
      0.458
    ],
    [
      0.4483846154,
      0.289,
      -0.419
    ],
    [
      -0.2176153846,
      0.211,
      0.169
    ],
    [
      0.0323846154,
      0.123,
      0.331
    ],
    [
      -0.3016153846,
      0.377,
      -0.081
    ],
    [
      0.1593846154,
      -0.208,
      0.211
    ],
    [
      -0.4286153846,
      0.458,
      0.289
    ],
    [
      -0.0906153846,
      -0.292,
      0.377
    ],
    [
      0.3213846154,
      0.042,
      0.123
    ]
  ],
  "lattice_vectors": [
    [
      -0.5773502692,
      0.5773502692,
      0.5773502692
    ],
    [
      0.5773502692,
      -0.5773502692,
      0.5773502692
    ],
    [
      0.5773502692,
      0.5773502692,
      -0.5773502692
    ]
  ]
}