{"gap": [0.6890240877854465], "max_gap": 0.6890240877854465, "band_nos": [16], "gap_range_of_max": [0.726977091416329, 0.732003455117189], "fill_fraction": 0.182043, "mid_gaps": [0.729490273266759], "mid_gap_of_max": 0.729490273266759, "gap_ranges": [[0.726977091416329, 0.732003455117189]]}