{"mid_gaps": [0.31461201265237493], "gap": [2.0350690756107364], "gap_ranges": [[0.311410726763552, 0.31781329854119783]], "gap_range_of_max": [0.311410726763552, 0.31781329854119783], "band_nos": [2], "fill_fraction": 0.612407, "mid_gap_of_max": 0.31461201265237493, "max_gap": 2.0350690756107364}