{"mid_gap_of_max": 0.5544416331207377, "max_gap": 12.179950299460879, "strict_calculated": true, "mid_gaps": [0.5544416331207377], "gap": [12.179950299460879], "band_nos": [2], "fill_fraction": 0.047935, "gap_ranges": [[0.520676275443925, 0.5882069907975503]], "gap_range_of_max": [0.520676275443925, 0.5882069907975503]}