{"gap": [0.019072723509011], "fill_fraction": 0.356403, "gap_ranges": [[0.495575091664278, 0.4956696203458883]], "gap_range_of_max": [0.495575091664278, 0.4956696203458883], "mid_gap_of_max": 0.49562235600508314, "band_nos": [2], "mid_gaps": [0.49562235600508314], "max_gap": 0.019072723509011}