{"gap_ranges": [[0.786172897639641, 0.8416490599341113]], "gap": [6.8159987689509], "mid_gaps": [0.8139109787868761], "band_nos": [4], "max_gap": 6.8159987689509, "mid_gap_of_max": 0.8139109787868761, "gap_range_of_max": [0.786172897639641, 0.8416490599341113], "fill_fraction": 0.113167}