{"gap": [21.744907552598857], "mid_gaps": [0.3586931715669571], "mid_gap_of_max": 0.3586931715669571, "fill_fraction": 0.292732, "gap_ranges": [[0.319694422289597, 0.3976919208443173]], "band_nos": [2], "max_gap": 21.744907552598857, "gap_range_of_max": [0.319694422289597, 0.3976919208443173]}