{"mid_gap_of_max": 0.714231134989004, "mid_gaps": [0.714231134989004], "run_me": true, "gap": [1.3245614621501052], "_status": {"mP24-SiO2_r-/459e95f8/store_fill/0000/4cd9d7904e715624fef9ae8e9a64f613": 1, "mP24-SiO2_r-/459e95f8/strict-mpb-m/0000/9d4846d8939a55da45aebd7847192853": 1, "mP24-SiO2_r-/459e95f8/store_data/0000/f52d527f654320a5b6b3f4e6a53423ec": 1, "mP24-SiO2_r-/459e95f8/mpb-mP24-SiO/0000/0f51fae208df38e87abfdb179f31fbcf": 7, "mP24-SiO2_r-/459e95f8/store_strict/0000/a2da58f9d441f12cc126778fc47265b7": 1, "mP24-SiO2_r-/459e95f8/check_runnin/0000/816a9df64c6f2c3ee9f361855f46fa08": 1}, "max_gap": 1.3245614621501052, "gap_range_of_max": [0.709500919806633, 0.7189613501713751], "gap_ranges": [[0.709500919806633, 0.7189613501713751]], "fill_fraction": 0.266702, "band_nos": [8]}