{"_status": {"mC20-Ga2Se3_/10955212/mpb-mC20-Ga2/0000/4557efe2e795f46f6d83fd867e5becb7": 1, "mC20-Ga2Se3_/10955212/store_strict/0000/773680f0e8fd396fc668fe5bebceeea3": 1, "mC20-Ga2Se3_/10955212/store_data/0000/c7c498e0822062e5c1cff6e26a3927d9": 1, "mC20-Ga2Se3_/10955212/strict-mpb-m/0000/c265340196c83b524c79eeaf2dd8cd77": 1, "mC20-Ga2Se3_/10955212/store_fill/0000/9436614e996b85bd3c14dca8ed992d9a": 1, "mC20-Ga2Se3_/10955212/check_runnin/0000/668122f4c526ab59fb873b3b70bddf3d": 1}, "mid_gap_of_max": 0.585428342382096, "fill_fraction": 0.464207, "gap": [0.7378323099202337], "max_gap": 0.7378323099202337, "mid_gaps": [0.585428342382096], "run_me": true, "gap_range_of_max": [0.583268602651333, 0.587588082112859], "gap_ranges": [[0.583268602651333, 0.587588082112859]], "band_nos": [12]}