{"max_gap": 0.5885301939158855, "gap_range_of_max": [0.436085220996484, 0.43865928877630145], "strict_calculated": true, "gap": [0.5885301939158855], "band_nos": [8], "mid_gaps": [0.43737225488639275], "mid_gap_of_max": 0.43737225488639275, "fill_fraction": 0.399431, "gap_ranges": [[0.436085220996484, 0.43865928877630145]]}