{"mid_gap_of_max": 0.3912070307855529, "gap_range_of_max": [0.380098378932279, 0.40231568263882683], "max_gap": 5.679167795613007, "fill_fraction": 0.35542, "gap": [5.679167795613007], "band_nos": [4], "gap_ranges": [[0.380098378932279, 0.40231568263882683]], "mid_gaps": [0.3912070307855529]}