{"gap_range_of_max": [0.892151500111623, 0.9038140228128866], "band_nos": [16], "gap_ranges": [[0.892151500111623, 0.9038140228128866]], "fill_fraction": 0.257337, "mid_gap_of_max": 0.8979827614622549, "max_gap": 1.298746835882648, "mid_gaps": [0.8979827614622549], "gap": [1.298746835882648]}