{"fill_fraction": 0.121823, "gap": [0.40486297940425625], "gap_ranges": [[0.728714549759383, 0.7316708296382903]], "band_nos": [16], "mid_gap_of_max": 0.7301926896988367, "gap_range_of_max": [0.728714549759383, 0.7316708296382903], "max_gap": 0.40486297940425625, "mid_gaps": [0.7301926896988367], "_status": {"tP28-TiZn2O4/1d563d38/strict-mpb-t/0000/4e68bd3abc0f787cd6c50eda2ae4cf5a": 1, "tP28-TiZn2O4/1d563d38/store_fill/0000/53c7aa399c7ccf9278fa6d1ed19a3b1e": 1, "tP28-TiZn2O4/1d563d38/mpb-tP28-TiZ/0000/00716e089bc46bad004bc3b15e1d00dd": 1, "tP28-TiZn2O4/1d563d38/store_strict/0000/30b0f5b96c3a3de3a40fc2be27106fe5": 1, "tP28-TiZn2O4/1d563d38/check_runnin/0000/682b096883ac22f1ce5f0cb913235eea": 1, "tP28-TiZn2O4/1d563d38/store_data/0000/6b6531d44e1048dc7587b8f66992b2d5": 1}}