{"mid_gaps": [0.9560263599929443], "mid_gap_of_max": 0.9560263599929443, "gap": [11.042653183312382], "gap_ranges": [[0.903241022355411, 1.0088116976304775]], "gap_range_of_max": [0.903241022355411, 1.0088116976304775], "band_nos": [12], "strict_calculated": true, "fill_fraction": 0.05569, "max_gap": 11.042653183312382}