{"international": "R-3m", "number": 166, "equivalent_atoms": [0, 0], "site_point_groups": {"c": {"site_symmetry": ["3m", "1", "m", "3"], "name": "6c"}}, "global_point_groups": ["-3m", "1", "-1", "3", "2", "m", "-3", "32", "3m", "2/m"], "std_lattice": [[0.6810873075, 0.0, 0.0], [-0.3405436538, 0.5898389105, 0.0], [0.0, 0.0, 2.7583256223]], "wyckoffs": ["c", "c"], "std_positions": [[0.6666666667, 0.3333333333, 0.1666666667], [0.0, 0.0, 0.1666666667], [0.3333333333, 0.6666666667, 0.5], [0.6666666667, 0.3333333333, 0.5], [0.0, 0.0, 0.8333333333], [0.3333333333, 0.6666666667, 0.8333333333]]}