{"band_nos": [4], "gap": [18.80878697590245], "gap_ranges": [[0.3540501788983666, 0.4275554475318283]], "gap_range_of_max": [0.3540501788983666, 0.4275554475318283], "mid_gaps": [0.39080281321509747], "fill_fraction": 0.293458, "mid_gap_of_max": 0.39080281321509747, "max_gap": 18.80878697590245}