{"gap_range_of_max": [0.602621209912113, 0.6647416051671733], "gap_ranges": [[0.602621209912113, 0.6647416051671733]], "mid_gap_of_max": 0.6336814075396431, "gap": [9.80309576956837], "fill_fraction": 0.267161, "band_nos": [12], "strict_calculated": true, "mid_gaps": [0.6336814075396431], "max_gap": 9.80309576956837}