{
  "structure": "mC22-Tm2Si2O7_r",
  "nbands": 20,
  "basis": [
    [
      0.307,
      -0.307,
      -0.4090909091
    ],
    [
      -0.307,
      0.307,
      -0.4090909091
    ],
    [
      0.219,
      0.219,
      0.0039090909
    ],
    [
      -0.219,
      -0.219,
      0.1779090909
    ],
    [
      0.38,
      0.38,
      0.3039090909
    ],
    [
      -0.38,
      -0.38,
      -0.1220909091
    ],
    [
      0.0,
      0.0,
      0.0909090909
    ],
    [
      0.086,
      0.386,
      -0.1880909091
    ],
    [
      -0.086,
      -0.386,
      0.3699090909
    ],
    [
      -0.386,
      -0.086,
      0.3699090909
    ],
    [
      0.386,
      0.086,
      -0.1880909091
    ]
  ],
  "lattice_vectors": [
    [
      0.6080054886,
      -0.793932822,
      0.0
    ],
    [
      0.6080054886,
      0.793932822,
      0.0
    ],
    [
      -0.1708422159,
      0.0,
      0.8192040795
    ]
  ]
}