{"gap": [7.423096979166034], "gap_ranges": [[0.508197138142087, 0.5473752179822773]], "mid_gaps": [0.5277861780621822], "gap_range_of_max": [0.508197138142087, 0.5473752179822773], "mid_gap_of_max": 0.5277861780621822, "max_gap": 7.423096979166034, "fill_fraction": 0.483147, "band_nos": [8]}