{"gap_ranges": [[0.649924691481922, 0.759745076453488]], "gap": [15.581008753902323], "band_nos": [8], "fill_fraction": 0.310764, "max_gap": 15.581008753902323, "mid_gaps": [0.704834883967705], "gap_range_of_max": [0.649924691481922, 0.759745076453488], "mid_gap_of_max": 0.704834883967705}