{"mid_gap_of_max": 0.5334738321598975, "band_nos": [14], "gap_range_of_max": [0.531209809670242, 0.5357378546495531], "gap": [0.84878483373365], "mid_gaps": [0.5334738321598975], "max_gap": 0.84878483373365, "gap_ranges": [[0.531209809670242, 0.5357378546495531]], "fill_fraction": 0.356569}