{"max_gap": 2.0608964278786632, "mid_gap_of_max": 0.3546344615378575, "mid_gaps": [0.3546344615378575], "fill_fraction": 0.415882, "band_nos": [5], "gap": [2.0608964278786632], "strict_calculated": true, "gap_ranges": [[0.350980137062927, 0.35828878601278796]], "gap_range_of_max": [0.350980137062927, 0.35828878601278796]}