{"fill_fraction": 0.160459, "gap": [0.5485440524183216], "band_nos": [2], "gap_range_of_max": [0.3772665208930585, 0.3793416855513384], "mid_gap_of_max": 0.37830410322219843, "gap_ranges": [[0.3772665208930585, 0.3793416855513384]], "strict_calculated": true, "max_gap": 0.5485440524183216, "mid_gaps": [0.37830410322219843]}