{"gap": [1.0309815288171666], "gap_range_of_max": [0.789480826019718, 0.7976624027821285], "gap_ranges": [[0.789480826019718, 0.7976624027821285]], "max_gap": 1.0309815288171666, "mid_gap_of_max": 0.7935716144009233, "strict_calculated": true, "fill_fraction": 0.085807, "mid_gaps": [0.7935716144009233], "band_nos": [17]}