{"mid_gaps": [0.4706450623652077], "mid_gap_of_max": 0.4706450623652077, "band_nos": [8], "max_gap": 1.554074154706202, "gap_ranges": [[0.466987975727898, 0.4743021490025174]], "strict_calculated": true, "gap": [1.554074154706202], "fill_fraction": 0.253988, "gap_range_of_max": [0.466987975727898, 0.4743021490025174]}