{"gap": [11.832013452709367], "gap_ranges": [[0.4430899942557041, 0.49881304118831105]], "fill_fraction": 0.166606, "max_gap": 11.832013452709367, "gap_range_of_max": [0.4430899942557041, 0.49881304118831105], "mid_gaps": [0.4709515177220076], "mid_gap_of_max": 0.4709515177220076, "band_nos": [4]}