{"site_point_groups": {"c": {"site_symmetry": ["1"], "name": "8c"}}, "std_positions": [[0.3985, 0.4475, 0.804], [0.6015, 0.5525, 0.196], [0.8985, 0.0525, 0.196], [0.1015, 0.9475, 0.804], [0.1015, 0.5525, 0.304], [0.8985, 0.4475, 0.696], [0.6015, 0.9475, 0.696], [0.3985, 0.0525, 0.304], [0.2017, 0.5622, 0.6604], [0.7983, 0.4378, 0.3396], [0.7017, 0.9378, 0.3396], [0.2983, 0.0622, 0.6604], [0.2983, 0.4378, 0.1604], [0.7017, 0.5622, 0.8396], [0.7983, 0.0622, 0.8396], [0.2017, 0.9378, 0.1604], [0.311, 0.4325, 0.5169], [0.689, 0.5675, 0.4831], [0.811, 0.0675, 0.4831], [0.189, 0.9325, 0.5169], [0.189, 0.5675, 0.0169], [0.811, 0.4325, 0.9831], [0.689, 0.9325, 0.9831], [0.311, 0.0675, 0.0169], [0.9538, 0.3107, 0.4972], [0.0462, 0.6893, 0.5028], [0.4538, 0.1893, 0.5028], [0.5462, 0.8107, 0.4972], [0.5462, 0.6893, 0.9972], [0.4538, 0.3107, 0.0028], [0.0462, 0.8107, 0.0028], [0.9538, 0.1893, 0.9972], [0.9635, 0.1833, 0.6603], [0.0365, 0.8167, 0.3397], [0.4635, 0.3167, 0.3397], [0.5365, 0.6833, 0.6603], [0.5365, 0.8167, 0.1603], [0.4635, 0.1833, 0.8397], [0.0365, 0.6833, 0.8397], [0.9635, 0.3167, 0.1603], [0.1688, 0.3032, 0.7758], [0.8312, 0.6968, 0.2242], [0.6688, 0.1968, 0.2242], [0.3312, 0.8032, 0.7758], [0.3312, 0.6968, 0.2758], [0.6688, 0.3032, 0.7242], [0.8312, 0.8032, 0.7242], [0.1688, 0.1968, 0.2758], [0.2031, 0.47337, 0.6632], [0.7969, 0.52663, 0.3368], [0.7031, 0.02663, 0.3368], [0.2969, 0.97337, 0.6632], [0.2969, 0.52663, 0.1632], [0.7031, 0.47337, 0.8368], [0.7969, 0.97337, 0.8368], [0.2031, 0.02663, 0.1632], [0.9486, 0.2718, 0.6586], [0.0514, 0.7282, 0.3414], [0.4486, 0.2282, 0.3414], [0.5514, 0.7718, 0.6586], [0.5514, 0.7282, 0.1586], [0.4486, 0.2718, 0.8414], [0.0514, 0.7718, 0.8414], [0.9486, 0.2282, 0.1586], [0.1323, 0.37586, 0.3457], [0.8677, 0.62414, 0.6543], [0.6323, 0.12414, 0.6543], [0.3677, 0.87586, 0.3457], [0.3677, 0.62414, 0.8457], [0.6323, 0.37586, 0.1543], [0.8677, 0.87586, 0.1543], [0.1323, 0.12414, 0.8457], [0.6396, 0.37703, 0.5131], [0.3604, 0.62297, 0.4869], [0.1396, 0.12297, 0.4869], [0.8604, 0.87703, 0.5131], [0.8604, 0.62297, 0.0131], [0.1396, 0.37703, 0.9869], [0.3604, 0.87703, 0.9869], [0.6396, 0.12297, 0.0131]], "global_point_groups": ["mmm", "1", "-1", "2", "m", "2/m", "222", "mm2"], "number": 61, "std_lattice": [[0.2845390368, 0.0, 0.0], [0.0, 1.0, 0.0], [0.0, 0.0, 0.484615836]], "wyckoffs": ["c", "c", "c", "c", "c", "c", "c", "c", "c", "c", "c", "c", "c", "c", "c", "c", "c", "c", "c", "c", "c", "c", "c", "c", "c", "c", "c", "c", "c", "c", "c", "c", "c", "c", "c", "c", "c", "c", "c", "c", "c", "c", "c", "c", "c", "c", "c", "c", "c", "c", "c", "c", "c", "c", "c", "c", "c", "c", "c", "c", "c", "c", "c", "c", "c", "c", "c", "c", "c", "c", "c", "c", "c", "c", "c", "c", "c", "c", "c", "c"], "international": "Pbca", "equivalent_atoms": [0, 0, 0, 0, 0, 0, 0, 0, 8, 8, 8, 8, 8, 8, 8, 8, 16, 16, 16, 16, 16, 16, 16, 16, 24, 24, 24, 24, 24, 24, 24, 24, 32, 32, 32, 32, 32, 32, 32, 32, 40, 40, 40, 40, 40, 40, 40, 40, 48, 48, 48, 48, 48, 48, 48, 48, 56, 56, 56, 56, 56, 56, 56, 56, 64, 64, 64, 64, 64, 64, 64, 64, 72, 72, 72, 72, 72, 72, 72, 72]}