{"gap_ranges": [[0.2586893725130306, 0.2919175164192687]], "band_nos": [2], "fill_fraction": 0.47527, "gap_range_of_max": [0.2586893725130306, 0.2919175164192687], "max_gap": 12.069643360500592, "mid_gaps": [0.2753034444661496], "mid_gap_of_max": 0.2753034444661496, "gap": [12.069643360500592], "strict_calculated": true}