{"gap_range_of_max": [0.235454896968164, 0.2567400314819682], "gap_ranges": [[0.235454896968164, 0.2567400314819682]], "max_gap": 8.649066978738702, "mid_gap_of_max": 0.24609746422506612, "band_nos": [4], "strict_calculated": true, "fill_fraction": 0.582145, "mid_gaps": [0.24609746422506612], "gap": [8.649066978738702]}