{"mid_gaps": [0.49204209095075757], "gap_range_of_max": [0.488209321296358, 0.4958748606051572], "band_nos": [12], "gap_ranges": [[0.488209321296358, 0.4958748606051572]], "gap": [1.5579031651513549], "fill_fraction": 0.196891, "mid_gap_of_max": 0.49204209095075757, "max_gap": 1.5579031651513549}