{"gap_range_of_max": [0.428824431733996, 0.4392468674483838], "mid_gaps": [0.4340356495911899, 0.5303298580552818], "gap": [2.401285637298233, 1.7818909516918422], "band_nos": [12, 18], "fill_fraction": 0.437341, "gap_ranges": [[0.428824431733996, 0.4392468674483838], [0.525604908177878, 0.5350548079326855]], "strict_calculated": true, "max_gap": 2.401285637298233, "mid_gap_of_max": 0.4340356495911899}