{"mid_gaps": [0.6236282500149948], "mid_gap_of_max": 0.6236282500149948, "band_nos": [7], "gap": [1.2857439875076713], "gap_ranges": [[0.619619118650511, 0.6276373813794787]], "gap_range_of_max": [0.619619118650511, 0.6276373813794787], "fill_fraction": 0.188074, "max_gap": 1.2857439875076713}