{"gap": [3.3966819995673863], "fill_fraction": 0.480094, "strict_calculated": true, "max_gap": 3.3966819995673863, "gap_ranges": [[0.691001213213244, 0.7148778334704416]], "mid_gaps": [0.7029395233418428], "gap_range_of_max": [0.691001213213244, 0.7148778334704416], "band_nos": [16], "mid_gap_of_max": 0.7029395233418428}