{"strict_calculated": true, "gap": [22.505048334181758], "gap_range_of_max": [0.290685033401346, 0.3643984620405722], "gap_ranges": [[0.290685033401346, 0.3643984620405722]], "band_nos": [4], "fill_fraction": 0.302126, "max_gap": 22.505048334181758, "mid_gap_of_max": 0.3275417477209591, "mid_gaps": [0.3275417477209591]}