{"band_nos": [2], "fill_fraction": 0.549826, "gap": [1.7274881122427446], "max_gap": 1.7274881122427446, "mid_gaps": [0.29257536033884346], "mid_gap_of_max": 0.29257536033884346, "gap_ranges": [[0.29004825805424, 0.2951024626234469]], "gap_range_of_max": [0.29004825805424, 0.2951024626234469]}