{"site_point_groups": {"e": {"name": "4e", "site_symmetry": ["1"]}}, "std_positions": [[0.7645, 0.6, 0.2407], [0.2355, 0.4, 0.7593], [0.2355, 0.1, 0.2593], [0.7645, 0.9, 0.7407], [0.8133, 0.3178, 0.9466], [0.1867, 0.6822, 0.0534], [0.1867, 0.8178, 0.5534], [0.8133, 0.1822, 0.4466], [0.5625, 0.6358, 0.8096], [0.4375, 0.3642, 0.1904], [0.4375, 0.1358, 0.6904], [0.5625, 0.8642, 0.3096], [0.8691, 0.9015, 0.1728], [0.1309, 0.0985, 0.8272], [0.1309, 0.4015, 0.3272], [0.8691, 0.5985, 0.6728], [0.6675, 0.5645, 0.6898], [0.3325, 0.4355, 0.3102], [0.3325, 0.0645, 0.8102], [0.6675, 0.9355, 0.1898], [0.919, 0.7326, 0.7454], [0.081, 0.2674, 0.2546], [0.081, 0.2326, 0.7546], [0.919, 0.7674, 0.2454], [0.3688, 0.5796, 0.7639], [0.6312, 0.4204, 0.2361], [0.6312, 0.0796, 0.7361], [0.3688, 0.9204, 0.2639], [0.8622, 0.5914, 0.495], [0.1378, 0.4086, 0.505], [0.1378, 0.0914, 0.005], [0.8622, 0.9086, 0.995], [0.6758, 0.6047, 0.9818], [0.3242, 0.3953, 0.0182], [0.3242, 0.1047, 0.5182], [0.6758, 0.8953, 0.4818], [0.9983, 0.4996, 0.7778], [0.0017, 0.5004, 0.2222], [0.0017, 0.9996, 0.7222], [0.9983, 0.0004, 0.2778], [0.5509, 0.7786, 0.765], [0.4491, 0.2214, 0.235], [0.4491, 0.2786, 0.735], [0.5509, 0.7214, 0.265]], "international": "P2_1/c", "global_point_groups": ["2/m", "1", "-1", "2", "m"], "wyckoffs": ["e", "e", "e", "e", "e", "e", "e", "e", "e", "e", "e", "e", "e", "e", "e", "e", "e", "e", "e", "e", "e", "e", "e", "e", "e", "e", "e", "e", "e", "e", "e", "e", "e", "e", "e", "e", "e", "e", "e", "e", "e", "e", "e", "e"], "std_lattice": [[1.0, 0.0, 0.0], [0.0, 1.3761446306, 0.0], [-0.3045859697, 0.0, 1.0740938752]], "equivalent_atoms": [0, 0, 0, 0, 4, 4, 4, 4, 8, 8, 8, 8, 12, 12, 12, 12, 16, 16, 16, 16, 20, 20, 20, 20, 24, 24, 24, 24, 28, 28, 28, 28, 32, 32, 32, 32, 36, 36, 36, 36, 40, 40, 40, 40], "number": 14}