{"run_me": true, "_status": {"cP11-H7Ti4_r/288167cc/mpb-cP11-H7T/0000/e752535cd946a5d454aba158df3de149": 7, "cP11-H7Ti4_r/288167cc/check_runnin/0000/19ef47aff2eb4e750d4dfd072f1fe996": 1, "cP11-H7Ti4_r/288167cc/strict-mpb-c/0000/6dd23eb3c92ed653384f394e0c7cb3c3": 1, "cP11-H7Ti4_r/288167cc/store_fill/0000/18ccc4ced79817483922f536e42d2b77": 1, "cP11-H7Ti4_r/288167cc/store_data/0000/e91a2ea845938ae5bdbd2ed7387502c8": 1, "cP11-H7Ti4_r/288167cc/store_strict/0000/06dfe9e0a5c7e23d18dc7628ad29400e": 1}, "gap": [0.21119941831206715], "max_gap": 0.21119941831206715, "band_nos": [19], "gap_ranges": [[0.749522725200907, 0.751107386234091]], "mid_gaps": [0.750315055717499], "fill_fraction": 0.149954, "mid_gap_of_max": 0.750315055717499, "gap_range_of_max": [0.749522725200907, 0.751107386234091]}