{"max_gap": 29.66451115962269, "mid_gaps": [0.43646317338489504], "gap_ranges": [[0.37172583999669, 0.5012005067731001]], "mid_gap_of_max": 0.43646317338489504, "gap_range_of_max": [0.37172583999669, 0.5012005067731001], "band_nos": [2], "fill_fraction": 0.156199, "gap": [29.66451115962269]}