{"gap": [0.7321302307181028, 1.2838325264433001], "gap_ranges": [[0.347496408402815, 0.35004988203559145], [0.4519820571111977, 0.4578222388504649]], "mid_gap_of_max": 0.4549021479808313, "max_gap": 1.2838325264433001, "band_nos": [2, 5], "mid_gaps": [0.3487731452192032, 0.4549021479808313], "strict_calculated": true, "fill_fraction": 0.208672, "gap_range_of_max": [0.4519820571111977, 0.4578222388504649]}