{"gap": [3.3281143798224293], "mid_gaps": [0.3897144353356875], "max_gap": 3.3281143798224293, "gap_range_of_max": [0.3832293642543621, 0.39619950641701296], "gap_ranges": [[0.3832293642543621, 0.39619950641701296]], "fill_fraction": 0.186706, "mid_gap_of_max": 0.3897144353356875, "band_nos": [2], "strict_calculated": true}