{"gap_range_of_max": [0.257912038781783, 0.3082942489669298], "band_nos": [2], "gap_ranges": [[0.257912038781783, 0.3082942489669298]], "mid_gap_of_max": 0.2831031438743564, "fill_fraction": 0.4474, "mid_gaps": [0.2831031438743564], "max_gap": 17.796414937555795, "gap": [17.796414937555795]}