{"mid_gaps": [0.6141501987102848], "band_nos": [8], "fill_fraction": 0.145488, "gap_ranges": [[0.601610829481497, 0.6266895679390725]], "gap_range_of_max": [0.601610829481497, 0.6266895679390725], "mid_gap_of_max": 0.6141501987102848, "strict_calculated": true, "gap": [4.083486174919429], "max_gap": 4.083486174919429}