{"strict_calculated": true, "band_nos": [8], "gap": [4.915478922844913], "gap_range_of_max": [0.3155355781654984, 0.3314364653841904], "mid_gaps": [0.3234860217748444], "gap_ranges": [[0.3155355781654984, 0.3314364653841904]], "mid_gap_of_max": 0.3234860217748444, "fill_fraction": 0.6416, "max_gap": 4.915478922844913}