{"max_gap": 6.913827323730264, "fill_fraction": 0.514074, "gap_range_of_max": [0.902644894273475, 0.9672868191420866], "band_nos": [12], "mid_gaps": [0.9349658567077808], "gap_ranges": [[0.902644894273475, 0.9672868191420866]], "gap": [6.913827323730264], "mid_gap_of_max": 0.9349658567077808}