{"max_gap": 8.763665399054503, "gap": [8.763665399054503], "fill_fraction": 0.503318, "gap_ranges": [[0.3584534295488695, 0.3913066624270772]], "gap_range_of_max": [0.3584534295488695, 0.3913066624270772], "mid_gap_of_max": 0.3748800459879733, "mid_gaps": [0.3748800459879733], "band_nos": [8]}