{"fill_fraction": 0.063328, "gap": [6.647995539136017], "max_gap": 6.647995539136017, "gap_range_of_max": [0.548830745698899, 0.586571490712851], "mid_gap_of_max": 0.567701118205875, "mid_gaps": [0.567701118205875], "gap_ranges": [[0.548830745698899, 0.586571490712851]], "band_nos": [2]}