{"gap_range_of_max": [0.2470364588097336, 0.2716729523073206], "gap_ranges": [[0.2470364588097336, 0.2716729523073206]], "mid_gaps": [0.2593547055585271], "band_nos": [2], "fill_fraction": 0.549659, "mid_gap_of_max": 0.2593547055585271, "max_gap": 9.499150379605256, "gap": [9.499150379605256]}