{"gap_range_of_max": [0.519375443475943, 0.5248186878289901], "max_gap": 1.0425732514401522, "gap_ranges": [[0.519375443475943, 0.5248186878289901]], "mid_gap_of_max": 0.5220970656524666, "fill_fraction": 0.15341, "band_nos": [5], "mid_gaps": [0.5220970656524666], "gap": [1.0425732514401522]}