{"mid_gap_of_max": 0.3244451523213897, "gap_ranges": [[0.3128830202785889, 0.3360072843641905]], "gap_range_of_max": [0.3128830202785889, 0.3360072843641905], "band_nos": [2], "max_gap": 7.127326119730412, "gap": [7.127326119730412], "fill_fraction": 0.534773, "mid_gaps": [0.3244451523213897]}