{"band_nos": [6], "mid_gap_of_max": 0.4175434539748085, "gap": [1.0234445625676987], "max_gap": 1.0234445625676987, "mid_gaps": [0.4175434539748085], "fill_fraction": 0.279719, "gap_range_of_max": [0.415406791086777, 0.41968011686284007], "strict_calculated": true, "gap_ranges": [[0.415406791086777, 0.41968011686284007]]}