{"gap_ranges": [[0.41138446080235, 0.4537917896908241]], "gap": [9.803165277433397], "band_nos": [8], "mid_gap_of_max": 0.4325881252465871, "fill_fraction": 0.528842, "max_gap": 9.803165277433397, "mid_gaps": [0.4325881252465871], "gap_range_of_max": [0.41138446080235, 0.4537917896908241], "strict_calculated": true}