{"gap_range_of_max": [0.3464961942765253, 0.3502954397025229], "gap_ranges": [[0.3464961942765253, 0.3502954397025229]], "max_gap": 1.0904968546484632, "gap": [1.0904968546484632], "mid_gaps": [0.3483958169895241], "mid_gap_of_max": 0.3483958169895241, "band_nos": [5], "fill_fraction": 0.35631, "strict_calculated": true}