{"gap_range_of_max": [0.610473013262484, 0.6202880813003333], "fill_fraction": 0.083244, "gap_ranges": [[0.610473013262484, 0.6202880813003333], [0.759488939556449, 0.759889513421199]], "max_gap": 1.5949590998950904, "band_nos": [5, 8], "mid_gaps": [0.6153805472814087, 0.759689226488824], "mid_gap_of_max": 0.6153805472814087, "gap": [1.5949590998950904, 0.052728648871440416]}