{"fill_fraction": 0.4085, "max_gap": 2.267828424568743, "mid_gaps": [0.5322997740692441], "gap": [2.267828424568743], "band_nos": [16], "_status": {"cP44-O8W2Zr-/f536cadc/store_data/0000/908639417c630c97b09da1a75cf2aa13": 1, "cP44-O8W2Zr-/f536cadc/store_strict/0000/2d3481a3f62f862beca14d46a0217aa3": 1, "cP44-O8W2Zr-/f536cadc/store_fill/0000/20b446e6b9bb1f7c7645bba3a98bf86b": 1, "cP44-O8W2Zr-/f536cadc/mpb-cP44-O8W/0000/f62134cc355aed2b374b1883d1ca4368": 3, "cP44-O8W2Zr-/f536cadc/strict-mpb-c/0000/b179fa0c3869baab26e38ec13184f15a": 1, "cP44-O8W2Zr-/f536cadc/check_runnin/0000/10cadd450c96b0acbdfdcad9f8b620ae": 1}, "gap_range_of_max": [0.526263951279115, 0.5383355968593733], "mid_gap_of_max": 0.5322997740692441, "gap_ranges": [[0.526263951279115, 0.5383355968593733]], "run_me": true}