{"max_gap": 2.8948249969291684, "gap_range_of_max": [0.300493825213863, 0.30932035182980244], "band_nos": [4], "gap": [2.8948249969291684], "mid_gaps": [0.3049070885218327], "gap_ranges": [[0.300493825213863, 0.30932035182980244]], "mid_gap_of_max": 0.3049070885218327, "fill_fraction": 0.478553}