{
  "structure": "tP42-UP2S18_r",
  "nbands": 20,
  "basis": [
    [
      0.0,
      0.0,
      0.25
    ],
    [
      0.0,
      0.0,
      0.75
    ],
    [
      0.77361,
      0.77361,
      0.0
    ],
    [
      0.22639,
      0.22639,
      0.0
    ],
    [
      0.22639,
      0.77361,
      0.5
    ],
    [
      0.77361,
      0.22639,
      0.5
    ],
    [
      0.5,
      0.5,
      0.1304
    ],
    [
      0.5,
      0.5,
      0.8696
    ],
    [
      0.5,
      0.5,
      0.6304
    ],
    [
      0.5,
      0.5,
      0.3696
    ],
    [
      0.7796,
      0.0432,
      0.0
    ],
    [
      0.2204,
      0.9568,
      0.0
    ],
    [
      0.9568,
      0.7796,
      0.5
    ],
    [
      0.0432,
      0.2204,
      0.5
    ],
    [
      0.2204,
      0.0432,
      0.5
    ],
    [
      0.7796,
      0.9568,
      0.5
    ],
    [
      0.0432,
      0.7796,
      0.0
    ],
    [
      0.9568,
      0.2204,
      0.0
    ],
    [
      0.12672,
      0.31435,
      0.1731
    ],
    [
      0.87328,
      0.68565,
      0.8269
    ],
    [
      0.87328,
      0.68565,
      0.1731
    ],
    [
      0.12672,
      0.31435,
      0.8269
    ],
    [
      0.68565,
      0.12672,
      0.6731
    ],
    [
      0.31435,
      0.87328,
      0.3269
    ],
    [
      0.31435,
      0.87328,
      0.6731
    ],
    [
      0.68565,
      0.12672,
      0.3269
    ],
    [
      0.87328,
      0.31435,
      0.3269
    ],
    [
      0.12672,
      0.68565,
      0.6731
    ],
    [
      0.12672,
      0.68565,
      0.3269
    ],
    [
      0.87328,
      0.31435,
      0.6731
    ],
    [
      0.31435,
      0.12672,
      0.8269
    ],
    [
      0.68565,
      0.87328,
      0.1731
    ],
    [
      0.68565,
      0.87328,
      0.8269
    ],
    [
      0.31435,
      0.12672,
      0.1731
    ],
    [
      0.498,
      0.7162,
      0.0
    ],
    [
      0.502,
      0.2838,
      0.0
    ],
    [
      0.2838,
      0.498,
      0.5
    ],
    [
      0.7162,
      0.502,
      0.5
    ],
    [
      0.502,
      0.7162,
      0.5
    ],
    [
      0.498,
      0.2838,
      0.5
    ],
    [
      0.7162,
      0.498,
      0.0
    ],
    [
      0.2838,
      0.502,
      0.0
    ]
  ],
  "lattice_vectors": [
    [
      1.0,
      0.0,
      0.0
    ],
    [
      0.0,
      1.0,
      0.0
    ],
    [
      0.0,
      0.0,
      1.248502301
    ]
  ]
}