{"gap": [1.139693202094664], "gap_range_of_max": [0.4799275603698734, 0.4854286096929773], "strict_calculated": true, "mid_gap_of_max": 0.48267808503142534, "fill_fraction": 0.197597, "gap_ranges": [[0.4799275603698734, 0.4854286096929773]], "band_nos": [7], "max_gap": 1.139693202094664, "mid_gaps": [0.48267808503142534]}