{"max_gap": 1.4953477640011226, "gap_range_of_max": [0.868666314622167, 0.8817537482576173], "gap": [1.4953477640011226], "gap_ranges": [[0.868666314622167, 0.8817537482576173]], "mid_gaps": [0.8752100314398922], "band_nos": [8], "mid_gap_of_max": 0.8752100314398922, "fill_fraction": 0.134566}