{"mid_gaps": [0.5447173409153485], "fill_fraction": 0.535092, "max_gap": 5.2296532957741855, "mid_gap_of_max": 0.5447173409153485, "gap": [5.2296532957741855], "gap_range_of_max": [0.53047392672943, 0.5589607551012672], "gap_ranges": [[0.53047392672943, 0.5589607551012672]], "band_nos": [12]}