{"_status": {"hP14-RbLiCrO/5f368635/store_data/0000/be24a456c4b5a491fb5b015c0c775919": 1, "hP14-RbLiCrO/5f368635/store_strict/0000/2ed9be72507eb78dc025680a268e46f1": 1, "hP14-RbLiCrO/5f368635/strict-mpb-h/0000/1df877249512501eee8c63a38d176ae4": 1, "hP14-RbLiCrO/5f368635/mpb-hP14-RbL/0000/083f2ca0d2683322cf08ac64bd37b043": 1, "hP14-RbLiCrO/5f368635/store_fill/0000/b8afb5cb915c931049674c1fa1eab4fe": 1, "hP14-RbLiCrO/5f368635/check_runnin/0000/eb2ad4d7c0bc1353ed61541271468512": 1}, "gap": [0.15497252794664892], "max_gap": 0.15497252794664892, "gap_range_of_max": [0.3234325505160115, 0.3239341708025679], "strict_calculated": true, "mid_gaps": [0.3236833606592897], "fill_fraction": 0.296041, "mid_gap_of_max": 0.3236833606592897, "band_nos": [4], "gap_ranges": [[0.3234325505160115, 0.3239341708025679]]}