{"band_nos": [2], "gap_ranges": [[0.37340784286295, 0.3992067226909033]], "mid_gap_of_max": 0.3863072827769266, "fill_fraction": 0.389245, "mid_gaps": [0.3863072827769266], "gap_range_of_max": [0.37340784286295, 0.3992067226909033], "max_gap": 6.678331208901942, "gap": [6.678331208901942]}