{"mid_gaps": [0.3009058944545957], "max_gap": 7.201064383133252, "gap_range_of_max": [0.2900716808584365, 0.31174010805075497], "fill_fraction": 0.549659, "gap_ranges": [[0.2900716808584365, 0.31174010805075497]], "band_nos": [2], "mid_gap_of_max": 0.3009058944545957, "gap": [7.201064383133252]}