{"gap_ranges": [[1.096632715812024, 1.111497660603004]], "max_gap": 1.3463828902271258, "mid_gaps": [1.1040651882075139], "fill_fraction": 0.042858, "gap_range_of_max": [1.096632715812024, 1.111497660603004], "mid_gap_of_max": 1.1040651882075139, "gap": [1.3463828902271258], "run_me": true, "_status": {"cF120-Al2O3_/44e928ca/store_strict/0000/f68b982605e570ae6f43f63bccecff46": 1, "cF120-Al2O3_/44e928ca/check_runnin/0000/1aeb7874e81a399d54d7ddd7da677ae9": 1, "cF120-Al2O3_/44e928ca/store_data/0000/3189f1120d0116e45359cacac3b6314e": 1, "cF120-Al2O3_/44e928ca/store_fill/0000/d800a0cd6c734172232feedc9c46de89": 1, "cF120-Al2O3_/44e928ca/strict-mpb-c/0000/7c338542c6a445c187dc9a413368296c": 1, "cF120-Al2O3_/44e928ca/mpb-cF120-Al/0000/faee7c4067515f8864953a616a8823be": 3}, "band_nos": [14]}