{"fill_fraction": 0.235832, "mid_gap_of_max": 0.6177480760233034, "band_nos": [8], "gap_range_of_max": [0.564540017091692, 0.6709561349549149], "max_gap": 17.22645880959532, "gap": [17.22645880959532], "gap_ranges": [[0.564540017091692, 0.6709561349549149]], "mid_gaps": [0.6177480760233034]}