{
  "structure": "hP18-Mg2Ni_r",
  "lattice_vectors": [
    [
      0.5,
      -0.8660254038,
      0.0
    ],
    [
      0.5,
      0.8660254038,
      0.0
    ],
    [
      0.0,
      0.0,
      2.5413620921
    ]
  ],
  "nbands": 20,
  "basis": [
    [
      0.1666666667,
      0.1666666667,
      0.1695555556
    ],
    [
      0.1666666667,
      -0.3333333333,
      -0.1634444444
    ],
    [
      -0.3333333333,
      0.1666666667,
      0.5025555556
    ],
    [
      0.1666666667,
      -0.3333333333,
      -0.3914444444
    ],
    [
      0.1666666667,
      0.1666666667,
      -0.0584444444
    ],
    [
      -0.3333333333,
      0.1666666667,
      0.2745555556
    ],
    [
      0.5036666667,
      -0.1703333333,
      0.0555555556
    ],
    [
      0.5036666667,
      0.3406666667,
      -0.2774444444
    ],
    [
      -0.0073333333,
      -0.1703333333,
      0.3885555556
    ],
    [
      -0.1703333333,
      0.5036666667,
      0.0555555556
    ],
    [
      -0.1703333333,
      -0.0073333333,
      -0.2774444444
    ],
    [
      0.3406666667,
      0.5036666667,
      0.3885555556
    ],
    [
      -0.3333333333,
      -0.3333333333,
      -0.4444444444
    ],
    [
      -0.3333333333,
      -0.3333333333,
      0.2225555556
    ],
    [
      -0.3333333333,
      -0.3333333333,
      -0.1114444444
    ],
    [
      0.1666666667,
      0.1666666667,
      -0.4444444444
    ],
    [
      0.1666666667,
      -0.3333333333,
      0.2225555556
    ],
    [
      -0.3333333333,
      0.1666666667,
      -0.1114444444
    ]
  ]
}