{"gap_ranges": [[0.3175253482352653, 0.40538138982387567]], "mid_gaps": [0.3614533690295705], "max_gap": 24.306328040180148, "band_nos": [2], "gap_range_of_max": [0.3175253482352653, 0.40538138982387567], "mid_gap_of_max": 0.3614533690295705, "gap": [24.306328040180148], "fill_fraction": 0.315498}