{"gap_range_of_max": [0.444735591076567, 0.45048590792001325], "gap_ranges": [[0.444735591076567, 0.45048590792001325]], "strict_calculated": true, "gap": [1.2846690679101798], "max_gap": 1.2846690679101798, "band_nos": [8], "fill_fraction": 0.323854, "mid_gaps": [0.44761074949829016], "mid_gap_of_max": 0.44761074949829016}