{"fill_fraction": 0.156444, "mid_gap_of_max": 0.7396184180341991, "gap_ranges": [[0.683628376323718, 0.7956084597446802]], "band_nos": [12], "mid_gaps": [0.7396184180341991], "gap": [15.140250795618176], "gap_range_of_max": [0.683628376323718, 0.7956084597446802], "max_gap": 15.140250795618176}