{"max_gap": 0.6356704741584679, "run_me": true, "gap_range_of_max": [0.721192173968477, 0.7257911969960794], "gap": [0.6356704741584679], "gap_ranges": [[0.721192173968477, 0.7257911969960794]], "mid_gap_of_max": 0.7234916854822782, "_status": {"mC20-Ga2Se3_/d01b1ba5/mpb-mC20-Ga2/0000/bec3a6bbef1a024a02b1f0acc0b4794d": 1, "mC20-Ga2Se3_/d01b1ba5/store_strict/0000/62cfc31c30560af85ba9ea338dc0dad7": 1, "mC20-Ga2Se3_/d01b1ba5/strict-mpb-m/0000/f59d26af7704da291bd9534deb3cd960": 1, "mC20-Ga2Se3_/d01b1ba5/check_runnin/0000/75123c71cea4383c236acaaa0c7b015f": 1, "mC20-Ga2Se3_/d01b1ba5/store_data/0000/74b7e4c0a0fc92a6df09679616fd9fe5": 1, "mC20-Ga2Se3_/d01b1ba5/store_fill/0000/6c598b1066a038a57a81e712934a1828": 1}, "band_nos": [12], "fill_fraction": 0.35651, "mid_gaps": [0.7234916854822782]}