{"mid_gaps": [0.7092296195057988], "mid_gap_of_max": 0.7092296195057988, "fill_fraction": 0.162279, "gap": [8.292999075015064], "gap_range_of_max": [0.67982141661, 0.7386378224015976], "band_nos": [16], "max_gap": 8.292999075015064, "gap_ranges": [[0.67982141661, 0.7386378224015976]]}