{
  "structure": "hP16-Ti3O_r",
  "basis": [
    [
      0.02083333,
      -0.3125,
      -0.382
    ],
    [
      -0.3125,
      0.02083333,
      -0.382
    ],
    [
      0.35416667,
      0.35416667,
      -0.382
    ],
    [
      -0.3125,
      0.35416667,
      -0.118
    ],
    [
      0.02083333,
      0.02083333,
      -0.118
    ],
    [
      0.35416667,
      -0.3125,
      -0.118
    ],
    [
      0.35416667,
      -0.3125,
      0.382
    ],
    [
      -0.3125,
      0.35416667,
      0.382
    ],
    [
      0.02083333,
      0.02083333,
      0.382
    ],
    [
      -0.3125,
      0.02083333,
      0.118
    ],
    [
      0.35416667,
      0.35416667,
      0.118
    ],
    [
      0.02083333,
      -0.3125,
      0.118
    ],
    [
      0.3541666667,
      0.0208333333,
      -0.25
    ],
    [
      0.0208333333,
      0.3541666667,
      0.25
    ],
    [
      -0.3125,
      -0.3125,
      -0.25
    ],
    [
      -0.3125,
      -0.3125,
      0.25
    ]
  ],
  "lattice_vectors": [
    [
      1.0,
      0.0,
      0.0
    ],
    [
      -0.5,
      0.8660254038,
      0.0
    ],
    [
      0.0,
      0.0,
      1.856310683
    ]
  ],
  "nbands": 20
}