{"fill_fraction": 0.197604, "mid_gap_of_max": 0.6397767934434753, "gap_ranges": [[0.638618393561993, 0.6409351933249574]], "gap_range_of_max": [0.638618393561993, 0.6409351933249574], "_status": {"hP3-MgO2-14/cfc5180c/store_data/0000/936ad746c2d94c2863430a7d154ad373": 1, "hP3-MgO2-14/cfc5180c/store_fill/0000/3d0b21aab448e986acf6d2b7d087f962": 1, "hP3-MgO2-14/cfc5180c/check_runnin/0000/06b8d0020f6d18792ec6023ab8b616e0": 1, "hP3-MgO2-14/cfc5180c/store_strict/0000/dccd7ced7bbea5e18e2879605bb19be9": 1, "hP3-MgO2-14/cfc5180c/strict-mpb-h/0000/111b7a66c9560f11181894d3072a810f": 1, "hP3-MgO2-14/cfc5180c/mpb-hP3-MgO2/0000/af6521f666a1db2daf884c8fd521b971": 1}, "band_nos": [16], "gap": [0.36212625820552885], "max_gap": 0.36212625820552885, "mid_gaps": [0.6397767934434753]}