{"band_nos": [10], "mid_gaps": [0.7480562334298597], "fill_fraction": 0.166677, "gap": [10.540413420788763], "mid_gap_of_max": 0.7480562334298597, "gap_range_of_max": [0.7086321236181, 0.7874803432416194], "max_gap": 10.540413420788763, "gap_ranges": [[0.7086321236181, 0.7874803432416194]]}