{"mid_gaps": [0.718934886153076], "gap": [0.27253293443432963], "strict_calculated": true, "gap_ranges": [[0.71795521898212, 0.7199145533240321]], "mid_gap_of_max": 0.718934886153076, "fill_fraction": 0.069105, "gap_range_of_max": [0.71795521898212, 0.7199145533240321], "band_nos": [8], "max_gap": 0.27253293443432963}