{"max_gap": 20.089573719698958, "gap": [20.089573719698958, 0.05186999384711722], "band_nos": [2, 8], "gap_ranges": [[0.2864786795820347, 0.3504575680942395], [0.484113168392441, 0.48436434300522746]], "fill_fraction": 0.356403, "mid_gaps": [0.3184681238381371, 0.48423875569883423], "gap_range_of_max": [0.2864786795820347, 0.3504575680942395], "mid_gap_of_max": 0.3184681238381371}