{"max_gap": 2.462482103918053, "fill_fraction": 0.239376, "gap": [2.462482103918053], "band_nos": [6], "gap_ranges": [[0.4745249780981321, 0.4863557359093493]], "gap_range_of_max": [0.4745249780981321, 0.4863557359093493], "mid_gap_of_max": 0.48044035700374066, "strict_calculated": true, "mid_gaps": [0.48044035700374066]}