{"gap_ranges": [[0.878584215333137, 0.9372833700616483]], "mid_gaps": [0.9079337926973927], "band_nos": [17], "gap": [6.4651360265070466], "mid_gap_of_max": 0.9079337926973927, "fill_fraction": 0.216237, "gap_range_of_max": [0.878584215333137, 0.9372833700616483], "max_gap": 6.4651360265070466}