{"gap": [7.363230978288832], "mid_gap_of_max": 0.8851312599742264, "gap_range_of_max": [0.852544130407756, 0.9177183895406967], "max_gap": 7.363230978288832, "band_nos": [12], "fill_fraction": 0.156444, "gap_ranges": [[0.852544130407756, 0.9177183895406967]], "mid_gaps": [0.8851312599742264]}