{"mid_gaps": [0.44953899766776473], "band_nos": [5], "gap_range_of_max": [0.445113344204713, 0.4539646511308164], "strict_calculated": true, "gap_ranges": [[0.445113344204713, 0.4539646511308164]], "fill_fraction": 0.16406, "mid_gap_of_max": 0.44953899766776473, "max_gap": 1.9689742095844913, "gap": [1.9689742095844913]}