{"_status": {"tI40-BeSO8_r/fcf1a683/strict-mpb-t/0000/c1296c934d08e5f926396624cbfcd3b6": 1, "tI40-BeSO8_r/fcf1a683/store_data/0000/b84ae5937936fdaa6b756a8d7c8487b9": 1, "tI40-BeSO8_r/fcf1a683/mpb-tI40-BeS/0000/4229a0cdc405419ce5b7fb1e838d7b47": 1, "tI40-BeSO8_r/fcf1a683/check_runnin/0000/4eb3e84a0b3a031fc0571e7f7634cb9a": 1, "tI40-BeSO8_r/fcf1a683/store_fill/0000/ca48a212698c3b18de4cd21be7528033": 1, "tI40-BeSO8_r/fcf1a683/store_strict/0000/f5b6e3c013b62bdb79ca082553b275f2": 1}, "gap_range_of_max": [0.680349149572575, 0.7931312651513835], "band_nos": [12], "max_gap": 15.308261236704194, "mid_gaps": [0.7367402073619793], "fill_fraction": 0.191614, "gap": [15.308261236704194], "mid_gap_of_max": 0.7367402073619793, "gap_ranges": [[0.680349149572575, 0.7931312651513835]]}