{"fill_fraction": 0.392096, "run_me": true, "max_gap": 4.239271715903531, "mid_gaps": [0.3134348981238153], "gap_ranges": [[0.306791219631848, 0.32007857661578265]], "strict_calculated": true, "mid_gap_of_max": 0.3134348981238153, "gap": [4.239271715903531], "gap_range_of_max": [0.306791219631848, 0.32007857661578265], "_status": {"hP14-BaAl2O4/e2de5f61/store_strict/0000/1e34142c6cb0859a81668a62180b6bb8": 1, "hP14-BaAl2O4/e2de5f61/store_data/0000/4a7da6c1d9cbfde6f57c9658665e4b30": 1, "hP14-BaAl2O4/e2de5f61/mpb-hP14-BaA/0000/1965226a3ec9ef7c0876d54893d4ece4": 1, "hP14-BaAl2O4/e2de5f61/store_fill/0000/b74324cad920f9fe0313296b8a3a51b9": 1, "hP14-BaAl2O4/e2de5f61/check_runnin/0000/7168715b20c2bab769fdae9c9fe671eb": 1, "hP14-BaAl2O4/e2de5f61/strict-mpb-h/0000/da3e3806cb45e468bf9273c6454f843d": 1}, "band_nos": [4]}