{"gap": [1.376856729651181], "max_gap": 1.376856729651181, "fill_fraction": 0.218481, "mid_gap_of_max": 0.6243435369108357, "gap_range_of_max": [0.620045378908786, 0.6286416949128852], "mid_gaps": [0.6243435369108357], "gap_ranges": [[0.620045378908786, 0.6286416949128852]], "band_nos": [16]}