{"gap_range_of_max": [0.3909129794736937, 0.39314624897975126], "mid_gaps": [0.39202961422672244], "max_gap": 0.5696685722232057, "mid_gap_of_max": 0.39202961422672244, "band_nos": [5], "fill_fraction": 0.366355, "gap_ranges": [[0.3909129794736937, 0.39314624897975126]], "gap": [0.5696685722232057]}