{"fill_fraction": 0.166609, "max_gap": 30.940378611304137, "gap_ranges": [[0.358447251463268, 0.4896494105755969]], "gap": [30.940378611304137], "mid_gaps": [0.42404833101943246], "gap_range_of_max": [0.358447251463268, 0.4896494105755969], "band_nos": [2], "mid_gap_of_max": 0.42404833101943246}