{"fill_fraction": 0.585557, "gap": [0.42470441076283777], "max_gap": 0.42470441076283777, "gap_range_of_max": [0.2235664874944901, 0.22451800479584083], "mid_gaps": [0.22404224614516546], "mid_gap_of_max": 0.22404224614516546, "gap_ranges": [[0.2235664874944901, 0.22451800479584083]], "band_nos": [8], "strict_calculated": true}