{"max_gap": 8.359853488243429, "fill_fraction": 0.375792, "band_nos": [5, 13], "gap_ranges": [[0.35031259794831, 0.3808757346108484], [0.472754977775235, 0.47280059863155655]], "gap": [8.359853488243429, 0.009649534614303814], "gap_range_of_max": [0.35031259794831, 0.3808757346108484], "mid_gaps": [0.3655941662795792, 0.4727777882033958], "mid_gap_of_max": 0.3655941662795792}