{"fill_fraction": 0.054984, "max_gap": 11.894740193482143, "gap_ranges": [[0.520340020899366, 0.5861468927245913]], "gap": [11.894740193482143], "mid_gaps": [0.5532434568119786], "gap_range_of_max": [0.520340020899366, 0.5861468927245913], "band_nos": [2], "mid_gap_of_max": 0.5532434568119786}