{"fill_fraction": 0.290403, "gap": [0.4215641647207629], "band_nos": [18], "mid_gap_of_max": 0.5067908667636398, "mid_gaps": [0.5067908667636398], "run_me": true, "gap_range_of_max": [0.505722642421463, 0.5078590911058166], "max_gap": 0.4215641647207629, "gap_ranges": [[0.505722642421463, 0.5078590911058166]]}