{"band_nos": [4], "fill_fraction": 0.13053, "max_gap": 2.7535182595902175, "mid_gaps": [0.845919841388511], "gap_range_of_max": [0.834273562741446, 0.857566120035576], "gap_ranges": [[0.834273562741446, 0.857566120035576]], "gap": [2.7535182595902175], "mid_gap_of_max": 0.845919841388511}