{"gap_ranges": [[0.464980647710822, 0.4959223575700342]], "mid_gaps": [0.48045150264042813], "band_nos": [8], "fill_fraction": 0.501902, "gap": [6.440131769630118], "mid_gap_of_max": 0.48045150264042813, "gap_range_of_max": [0.464980647710822, 0.4959223575700342], "max_gap": 6.440131769630118}