{"gap_range_of_max": [0.4902300072373854, 0.5713641601295186], "mid_gaps": [0.530797083683452], "fill_fraction": 0.064716, "gap_ranges": [[0.4902300072373854, 0.5713641601295186]], "mid_gap_of_max": 0.530797083683452, "gap": [15.285342626433609], "band_nos": [2], "strict_calculated": true, "max_gap": 15.285342626433609}