{"max_gap": 0.1692009402897193, "band_nos": [16], "mid_gap_of_max": 0.7016808532774825, "gap": [0.1692009402897193], "_status": {"cP16-Ag3O4P_/064ca20f/mpb-cP16-Ag3/0000/36770b5292c5cf15e9256f7b6da3d983": 6, "cP16-Ag3O4P_/064ca20f/strict-mpb-c/0000/7fc0dd7e9543cd9c7adc7514dee64d26": 1, "cP16-Ag3O4P_/064ca20f/store_fill/0000/a8d3f72ab897580ea006c33b3e49bc6b": 1, "cP16-Ag3O4P_/064ca20f/store_strict/0000/91f28f352bffb8735563861ed5136716": 1, "cP16-Ag3O4P_/064ca20f/check_runnin/0000/8d0810b89838d76707535c3f4b022c5b": 1, "cP16-Ag3O4P_/064ca20f/store_data/0000/93b48c9abdeec006a574be1a6bd6f4a3": 1}, "fill_fraction": 0.17938, "mid_gaps": [0.7016808532774825], "gap_range_of_max": [0.701087227976693, 0.7022744785782722], "run_me": true, "gap_ranges": [[0.701087227976693, 0.7022744785782722]]}