{"max_gap": 4.93802222510195, "gap": [4.93802222510195], "gap_range_of_max": [0.531499526293873, 0.5584095013019097], "band_nos": [8], "gap_ranges": [[0.531499526293873, 0.5584095013019097]], "mid_gap_of_max": 0.5449545137978913, "mid_gaps": [0.5449545137978913], "fill_fraction": 0.489219}