{"gap_ranges": [[0.389533796654984, 0.4466890177212052]], "gap": [13.66985451332321], "mid_gaps": [0.4181114071880946], "mid_gap_of_max": 0.4181114071880946, "gap_range_of_max": [0.389533796654984, 0.4466890177212052], "max_gap": 13.66985451332321, "band_nos": [2], "fill_fraction": 0.186692}