{"max_gap": 6.682782325953792, "band_nos": [2], "mid_gap_of_max": 0.3450264893517865, "fill_fraction": 0.46181, "gap_range_of_max": [0.3334978047266564, 0.3565551739769165], "gap_ranges": [[0.3334978047266564, 0.3565551739769165]], "mid_gaps": [0.3450264893517865], "gap": [6.682782325953792]}