{"gap_ranges": [[0.2486463966924, 0.2516800069045046]], "mid_gap_of_max": 0.2501632017984523, "fill_fraction": 0.627048, "band_nos": [4], "gap": [1.2126524565942625], "strict_calculated": true, "mid_gaps": [0.2501632017984523], "max_gap": 1.2126524565942625, "gap_range_of_max": [0.2486463966924, 0.2516800069045046]}