{"max_gap": 17.690144139430988, "mid_gaps": [0.5346565797828144], "gap_range_of_max": [0.4873658199755485, 0.5819473395900803], "mid_gap_of_max": 0.5346565797828144, "gap": [17.690144139430988], "gap_ranges": [[0.4873658199755485, 0.5819473395900803]], "band_nos": [2], "fill_fraction": 0.063215}