{"gap": [0.0036957594828986953], "max_gap": 0.0036957594828986953, "mid_gap_of_max": 0.6242004627073279, "mid_gaps": [0.6242004627073279], "strict_calculated": true, "fill_fraction": 0.110366, "band_nos": [6], "gap_ranges": [[0.62418892823343, 0.6242119971812258]], "gap_range_of_max": [0.62418892823343, 0.6242119971812258]}