{"strict_calculated": true, "gap": [26.09525808097557], "gap_range_of_max": [0.313104271923195, 0.4070699302707548], "gap_ranges": [[0.313104271923195, 0.4070699302707548]], "band_nos": [4], "fill_fraction": 0.245381, "max_gap": 26.09525808097557, "mid_gap_of_max": 0.3600871010969749, "mid_gaps": [0.3600871010969749]}