{"mid_gaps": [0.9131522478241094], "fill_fraction": 0.128386, "max_gap": 5.115875262819476, "mid_gap_of_max": 0.9131522478241094, "gap": [5.115875262819476], "gap_range_of_max": [0.88979438284495, 0.9365101128032688], "gap_ranges": [[0.88979438284495, 0.9365101128032688]], "band_nos": [12]}