{"max_gap": 0.7480715391643569, "gap_range_of_max": [0.921574809760572, 0.9284947316074335], "fill_fraction": 0.062878, "mid_gap_of_max": 0.9250347706840027, "gap_ranges": [[0.921574809760572, 0.9284947316074335]], "mid_gaps": [0.9250347706840027], "gap": [0.7480715391643569], "_status": {"cP33-RbNO3_r/605dbc07/store_strict/0000/7965957dca5428f1b8bc7323348d409a": 1, "cP33-RbNO3_r/605dbc07/store_data/0000/926b38278178df7752ef3dc1a5f6fe13": 1, "cP33-RbNO3_r/605dbc07/strict-mpb-c/0000/5ab12d7f04e32a326afe59939444f1d1": 1, "cP33-RbNO3_r/605dbc07/mpb-cP33-RbN/0000/a5347b578c22a6578035a55c8a33c998": 1, "cP33-RbNO3_r/605dbc07/store_fill/0000/5890ca3c69229b9047a60cbe4afa95b9": 1, "cP33-RbNO3_r/605dbc07/check_runnin/0000/69df9291ba951ff79c892244771a4edc": 1}, "band_nos": [17]}