{"fill_fraction": 0.370588, "max_gap": 9.515973035940688, "gap": [9.515973035940688], "gap_range_of_max": [0.6943885869054, 0.7637674547797715], "mid_gap_of_max": 0.7290780208425858, "gap_ranges": [[0.6943885869054, 0.7637674547797715]], "band_nos": [8], "mid_gaps": [0.7290780208425858], "_status": {"tI16-CoCu2Si/38d8282f/check_runnin/0000/96842943ec1d743edcb1eff5e525636c": 1, "tI16-CoCu2Si/38d8282f/store_strict/0000/d7cd9cc0fba6f47bd66c6b7d7fd9c41f": 1, "tI16-CoCu2Si/38d8282f/strict-mpb-t/0000/8b3bb3d7a5ab90edc422376b793ad04b": 1, "tI16-CoCu2Si/38d8282f/store_data/0000/73e8aaae21817a45a82d581cc1eb9fca": 1, "tI16-CoCu2Si/38d8282f/mpb-tI16-CoC/0000/de689d2fadbe23881ea273a1bd1679fa": 1, "tI16-CoCu2Si/38d8282f/store_fill/0000/f85e41d30e9cff7c4123f92f261bb1ea": 1}}