{"strict_calculated": true, "mid_gaps": [0.45148659640529526], "gap": [31.006660827538077], "gap_range_of_max": [0.3814911375907024, 0.5214820552198881], "mid_gap_of_max": 0.45148659640529526, "band_nos": [2], "max_gap": 31.006660827538077, "gap_ranges": [[0.3814911375907024, 0.5214820552198881]], "fill_fraction": 0.137186}