{"faces": [[[0.31173398211090536, -1.5116031582013063], [0.31173398211090547, 1.5116031582013068], [0.6730737709013026, 1.5116031582013063], [0.6730737709013026, -1.5116031582013063]], [[-0.31173398211090536, -1.511603158201307], [-0.6730737709013026, -1.511603158201307], [0.31173398211090536, -1.5116031582013063], [0.6730737709013026, -1.5116031582013063]], [[-0.31173398211090536, -1.511603158201307], [-0.3117339821109058, 1.511603158201306], [0.6730737709013026, 1.5116031582013063], [0.6730737709013026, -1.5116031582013063]], [[-0.6730737709013026, -1.511603158201307], [-0.6730737709013026, 1.5116031582013068], [0.31173398211090547, 1.5116031582013068], [0.31173398211090536, -1.5116031582013063]], [[-0.3117339821109058, 1.511603158201306], [-0.6730737709013026, 1.5116031582013068], [0.31173398211090547, 1.5116031582013068], [0.6730737709013026, 1.5116031582013063]], [[-0.6730737709013026, -1.511603158201307], [-0.6730737709013026, 1.5116031582013068], [-0.3117339821109058, 1.511603158201306], [-0.31173398211090536, -1.511603158201307]]], "labels": {"GAMMA": [0.0, 0.0], "X": [0.492403876506104, 0.0], "S": [0.492403876506104, 1.5116031582013063], "Y": [0.0, 1.5116031582013063], "Z": [-0.18066989439519868, 0.0], "U": [0.31173398211090536, 0.0], "R": [0.31173398211090536, 1.5116031582013063], "T": [-0.18066989439519868, 1.5116031582013063]}, "label_positions": {"GAMMA": [0.05, 0.05], "X": [0.542403876506104, 0.05], "S": [0.492403876506104, 1.5616031582013064], "Y": [0.0, 1.5616031582013064], "Z": [-0.18066989439519868, 0.05], "U": [0.36173398211090535, 0.05], "R": [0.36173398211090535, 1.5616031582013064], "T": [-0.18066989439519868, 1.5616031582013064]}, "zorder": [1, 0, 0, 1, 0, 0]}