{"fill_fraction": 0.468249, "max_gap": 1.4648842527767785, "mid_gaps": [0.44981242897184387], "mid_gap_of_max": 0.44981242897184387, "gap_range_of_max": [0.446517813252323, 0.45310704469136476], "gap": [1.4648842527767785], "band_nos": [8], "gap_ranges": [[0.446517813252323, 0.45310704469136476]]}