{
  "structure": "mC384-Al19.2Co12.8P32O128",
  "nbands": 20,
  "basis": [
    [
      0.143,
      0.1420104167,
      0.368
    ],
    [
      -0.143,
      -0.1419895833,
      -0.368
    ],
    [
      -0.143,
      0.1420104167,
      0.132
    ],
    [
      0.143,
      -0.1419895833,
      -0.132
    ],
    [
      -0.357,
      -0.3579895833,
      0.368
    ],
    [
      0.357,
      0.3580104167,
      -0.368
    ],
    [
      0.357,
      -0.3579895833,
      0.132
    ],
    [
      -0.357,
      0.3580104167,
      -0.132
    ],
    [
      -0.363,
      0.0250104167,
      0.308
    ],
    [
      0.363,
      -0.0249895833,
      -0.308
    ],
    [
      0.363,
      0.0250104167,
      0.192
    ],
    [
      -0.363,
      -0.0249895833,
      -0.192
    ],
    [
      0.137,
      -0.4749895833,
      0.308
    ],
    [
      -0.137,
      0.4750104167,
      -0.308
    ],
    [
      -0.137,
      -0.4749895833,
      0.192
    ],
    [
      0.137,
      0.4750104167,
      -0.192
    ],
    [
      -0.144,
      -0.0029895833,
      0.442
    ],
    [
      0.144,
      0.0030104167,
      -0.442
    ],
    [
      0.144,
      -0.0029895833,
      0.058
    ],
    [
      -0.144,
      0.0030104167,
      -0.058
    ],
    [
      0.356,
      0.4970104167,
      0.442
    ],
    [
      -0.356,
      -0.4969895833,
      -0.442
    ],
    [
      -0.356,
      0.4970104167,
      0.058
    ],
    [
      0.356,
      -0.4969895833,
      -0.058
    ],
    [
      0.353,
      -0.1259895833,
      0.382
    ],
    [
      -0.353,
      0.1260104167,
      -0.382
    ],
    [
      -0.353,
      -0.1259895833,
      0.118
    ],
    [
      0.353,
      0.1260104167,
      -0.118
    ],
    [
      -0.147,
      0.3740104167,
      0.382
    ],
    [
      0.147,
      -0.3739895833,
      -0.382
    ],
    [
      0.147,
      0.3740104167,
      0.118
    ],
    [
      -0.147,
      -0.3739895833,
      -0.118
    ],
    [
      0.334,
      0.0270104167,
      0.303
    ],
    [
      -0.334,
      -0.0269895833,
      -0.303
    ],
    [
      -0.334,
      0.0270104167,
      0.197
    ],
    [
      0.334,
      -0.0269895833,
      -0.197
    ],
    [
      -0.166,
      -0.4729895833,
      0.303
    ],
    [
      0.166,
      0.4730104167,
      -0.303
    ],
    [
      0.166,
      -0.4729895833,
      0.197
    ],
    [
      -0.166,
      0.4730104167,
      -0.197
    ],
    [
      0.16,
      -0.0139895833,
      0.446
    ],
    [
      -0.16,
      0.0140104167,
      -0.446
    ],
    [
      -0.16,
      -0.0139895833,
      0.054
    ],
    [
      0.16,
      0.0140104167,
      -0.054
    ],
    [
      -0.34,
      0.4860104167,
      0.446
    ],
    [
      0.34,
      -0.4859895833,
      -0.446
    ],
    [
      0.34,
      0.4860104167,
      0.054
    ],
    [
      -0.34,
      -0.4859895833,
      -0.054
    ],
    [
      -0.163,
      0.1520104167,
      0.366
    ],
    [
      0.163,
      -0.1519895833,
      -0.366
    ],
    [
      0.163,
      0.1520104167,
      0.134
    ],
    [
      -0.163,
      -0.1519895833,
      -0.134
    ],
    [
      0.337,
      -0.3479895833,
      0.366
    ],
    [
      -0.337,
      0.3480104167,
      -0.366
    ],
    [
      -0.337,
      -0.3479895833,
      0.134
    ],
    [
      0.337,
      0.3480104167,
      -0.134
    ],
    [
      -0.345,
      -0.1339895833,
      0.384
    ],
    [
      0.345,
      0.1340104167,
      -0.384
    ],
    [
      0.345,
      -0.1339895833,
      0.116
    ],
    [
      -0.345,
      0.1340104167,
      -0.116
    ],
    [
      0.155,
      0.3660104167,
      0.384
    ],
    [
      -0.155,
      -0.3659895833,
      -0.384
    ],
    [
      -0.155,
      0.3660104167,
      0.116
    ],
    [
      0.155,
      -0.3659895833,
      -0.116
    ],
    [
      0.469,
      0.0670104167,
      0.312
    ],
    [
      -0.469,
      -0.0669895833,
      -0.312
    ],
    [
      -0.469,
      0.0670104167,
      0.188
    ],
    [
      0.469,
      -0.0669895833,
      -0.188
    ],
    [
      -0.031,
      -0.4329895833,
      0.312
    ],
    [
      0.031,
      0.4330104167,
      -0.312
    ],
    [
      0.031,
      -0.4329895833,
      0.188
    ],
    [
      -0.031,
      0.4330104167,
      -0.188
    ],
    [
      -0.482,
      -0.1179895833,
      0.402
    ],
    [
      0.482,
      0.1180104167,
      -0.402
    ],
    [
      0.482,
      -0.1179895833,
      0.098
    ],
    [
      -0.482,
      0.1180104167,
      -0.098
    ],
    [
      0.018,
      0.3820104167,
      0.402
    ],
    [
      -0.018,
      -0.3819895833,
      -0.402
    ],
    [
      -0.018,
      0.3820104167,
      0.098
    ],
    [
      0.018,
      -0.3819895833,
      -0.098
    ],
    [
      0.022,
      -0.0449895833,
      0.435
    ],
    [
      -0.022,
      0.0450104167,
      -0.435
    ],
    [
      -0.022,
      -0.0449895833,
      0.065
    ],
    [
      0.022,
      0.0450104167,
      -0.065
    ],
    [
      -0.478,
      0.4550104167,
      0.435
    ],
    [
      0.478,
      -0.4549895833,
      -0.435
    ],
    [
      0.478,
      0.4550104167,
      0.065
    ],
    [
      -0.478,
      -0.4549895833,
      -0.065
    ],
    [
      0.316,
      -0.0629895833,
      0.329
    ],
    [
      -0.316,
      0.0630104167,
      -0.329
    ],
    [
      -0.316,
      -0.0629895833,
      0.171
    ],
    [
      0.316,
      0.0630104167,
      -0.171
    ],
    [
      -0.184,
      0.4370104167,
      0.329
    ],
    [
      0.184,
      -0.4369895833,
      -0.329
    ],
    [
      0.184,
      0.4370104167,
      0.171
    ],
    [
      -0.184,
      -0.4369895833,
      -0.171
    ],
    [
      0.187,
      0.0790104167,
      0.424
    ],
    [
      -0.187,
      -0.0789895833,
      -0.424
    ],
    [
      -0.188,
      0.0790104167,
      0.076
    ],
    [
      0.188,
      -0.0789895833,
      -0.076
    ],
    [
      -0.312,
      -0.4209895833,
      0.424
    ],
    [
      0.312,
      0.4210104167,
      -0.424
    ],
    [
      0.313,
      -0.4209895833,
      0.076
    ],
    [
      -0.313,
      0.4210104167,
      -0.076
    ],
    [
      -0.03,
      0.1310104167,
      0.346
    ],
    [
      0.03,
      -0.1309895833,
      -0.346
    ],
    [
      0.03,
      0.1310104167,
      0.154
    ],
    [
      -0.03,
      -0.1309895833,
      -0.154
    ],
    [
      0.47,
      -0.3689895833,
      0.346
    ],
    [
      -0.47,
      0.3690104167,
      -0.346
    ],
    [
      -0.47,
      -0.3689895833,
      0.154
    ],
    [
      0.47,
      0.3690104167,
      -0.154
    ],
    [
      -0.314,
      0.0030104167,
      0.249
    ],
    [
      0.314,
      -0.0029895833,
      -0.249
    ],
    [
      0.314,
      0.0030104167,
      0.251
    ],
    [
      -0.314,
      -0.0029895833,
      -0.251
    ],
    [
      0.186,
      -0.4969895833,
      0.249
    ],
    [
      -0.186,
      0.4970104167,
      -0.249
    ],
    [
      -0.186,
      -0.4969895833,
      0.251
    ],
    [
      0.186,
      0.4970104167,
      -0.251
    ],
    [
      0.252,
      -0.0869895833,
      0.428
    ],
    [
      -0.252,
      0.0870104167,
      -0.428
    ],
    [
      -0.252,
      -0.0869895833,
      0.072
    ],
    [
      0.252,
      0.0870104167,
      -0.072
    ],
    [
      -0.248,
      0.4130104167,
      0.428
    ],
    [
      0.248,
      -0.4129895833,
      -0.428
    ],
    [
      0.248,
      0.4130104167,
      0.072
    ],
    [
      -0.248,
      -0.4129895833,
      -0.072
    ],
    [
      -0.177,
      0.1070104167,
      0.413
    ],
    [
      0.177,
      -0.1069895833,
      -0.413
    ],
    [
      0.177,
      0.1070104167,
      0.087
    ],
    [
      -0.177,
      -0.1069895833,
      -0.087
    ],
    [
      0.323,
      -0.3929895833,
      0.413
    ],
    [
      -0.323,
