{"max_gap": 3.9425826960592265, "fill_fraction": 0.409954, "band_nos": [5], "gap_ranges": [[0.3725517893328648, 0.3875353207718474]], "gap": [3.9425826960592265], "gap_range_of_max": [0.3725517893328648, 0.3875353207718474], "mid_gaps": [0.3800435550523561], "mid_gap_of_max": 0.3800435550523561}