{"fill_fraction": 0.321677, "max_gap": 17.15518873908889, "gap_range_of_max": [0.3314994872589991, 0.3937045477321052], "_status": {"tP12-PNO-12/49cd285d/mpb-tP12-PNO/0000/5387443efd886c90582e124283c8eb86": 1, "tP12-PNO-12/49cd285d/store_fill/0000/2fd1fbb4f47a5f9c83f7cc14c66614e3": 1, "tP12-PNO-12/49cd285d/check_runnin/0000/e87364ef1be4f8941419e4ee37183c60": 1, "tP12-PNO-12/49cd285d/store_strict/0000/94b8a78d65038c2ae7c82c9183f8b26d": 1, "tP12-PNO-12/49cd285d/strict-mpb-t/0000/bd024e73ad9f51c27ce1386858f077ce": 1, "tP12-PNO-12/49cd285d/store_data/0000/62aaeb6bfe8bd42a35b8a5f097dad485": 1}, "mid_gap_of_max": 0.36260201749555215, "mid_gaps": [0.36260201749555215], "gap_ranges": [[0.3314994872589991, 0.3937045477321052]], "band_nos": [4], "gap": [17.15518873908889]}