{"mid_gaps": [0.5821686177102692], "fill_fraction": 0.185126, "strict_calculated": true, "band_nos": [8], "mid_gap_of_max": 0.5821686177102692, "gap_range_of_max": [0.5406246339197024, 0.6237126015008361], "gap_ranges": [[0.5406246339197024, 0.6237126015008361]], "max_gap": 14.272148146344174, "gap": [14.272148146344174]}