{"mid_gaps": [0.582168617710269], "fill_fraction": 0.185126, "strict_calculated": true, "band_nos": [8], "mid_gap_of_max": 0.582168617710269, "gap_range_of_max": [0.540624633919702, 0.6237126015008361], "gap_ranges": [[0.540624633919702, 0.6237126015008361]], "max_gap": 14.272148146344174, "gap": [14.272148146344174]}