{"gap": [3.211013439557785], "band_nos": [8], "gap_ranges": [[0.334000342842011, 0.3449001356447268]], "mid_gaps": [0.3394502392433689], "gap_range_of_max": [0.334000342842011, 0.3449001356447268], "strict_calculated": true, "mid_gap_of_max": 0.3394502392433689, "fill_fraction": 0.603553, "max_gap": 3.211013439557785}