{"gap_ranges": [[0.927618050465275, 0.9865371177469935]], "gap_range_of_max": [0.927618050465275, 0.9865371177469935], "band_nos": [17], "gap": [6.156143269904833], "mid_gap_of_max": 0.9570775841061343, "fill_fraction": 0.164593, "mid_gaps": [0.9570775841061343], "max_gap": 6.156143269904833}