{"gap_range_of_max": [0.468965412761401, 0.4696732700827078], "gap_ranges": [[0.468965412761401, 0.4696732700827078]], "band_nos": [4], "fill_fraction": 0.215671, "gap": [0.15082636892010315], "mid_gap_of_max": 0.46931934142205445, "max_gap": 0.15082636892010315, "mid_gaps": [0.46931934142205445]}