{"fill_fraction": 0.207043, "max_gap": 3.151422781484155, "mid_gaps": [0.7853713761248087], "gap_range_of_max": [0.772996189891582, 0.7977465623580354], "gap": [3.151422781484155], "gap_ranges": [[0.772996189891582, 0.7977465623580354]], "mid_gap_of_max": 0.7853713761248087, "band_nos": [16]}