{"max_gap": 8.101647037649094, "mid_gaps": [0.4217742639524679], "gap_range_of_max": [0.4046889328719322, 0.43885959503300365], "gap_ranges": [[0.4046889328719322, 0.43885959503300365]], "gap": [8.101647037649094], "mid_gap_of_max": 0.4217742639524679, "fill_fraction": 0.328758, "band_nos": [2]}