{"mid_gaps": [0.46446189792239656], "fill_fraction": 0.130543, "mid_gap_of_max": 0.46446189792239656, "band_nos": [6], "gap": [0.5822933533020931], "gap_range_of_max": [0.4631096325422851, 0.465814163302508], "gap_ranges": [[0.4631096325422851, 0.465814163302508]], "max_gap": 0.5822933533020931, "_status": {"hP6-HgS_r-14/e1716d81/strict-mpb-h/0000/a1a4a2b73b94b9f1561f800b5973e563": 1, "hP6-HgS_r-14/e1716d81/check_runnin/0000/8b1c8dff6786e0f7007c7d85559fda34": 1, "hP6-HgS_r-14/e1716d81/store_fill/0000/2b366508c4a075b4b542b8bff6bd203e": 1, "hP6-HgS_r-14/e1716d81/store_data/0000/7e3722ec8224a15772aac85d36d8be2a": 1, "hP6-HgS_r-14/e1716d81/mpb-hP6-HgS_/0000/1589baf85994a1a9cf20c104e1c64b92": 6, "hP6-HgS_r-14/e1716d81/store_strict/0000/16808660da5c00f3cc2d25b89060fe06": 1}, "run_me": true}