{"gap_range_of_max": [0.252742042006304, 0.2954012740198586], "gap_ranges": [[0.252742042006304, 0.2954012740198586]], "max_gap": 15.56499213483737, "mid_gap_of_max": 0.2740716580130813, "band_nos": [4], "strict_calculated": true, "fill_fraction": 0.472802, "mid_gaps": [0.2740716580130813], "gap": [15.56499213483737]}