{"gap": [21.57063593994758], "mid_gaps": [0.49431343089994173], "mid_gap_of_max": 0.49431343089994173, "strict_calculated": true, "max_gap": 21.57063593994758, "band_nos": [8], "gap_range_of_max": [0.441000155609096, 0.5476267061907875], "gap_ranges": [[0.441000155609096, 0.5476267061907875]], "fill_fraction": 0.370588}