{"gap": [0.28933627835720865], "max_gap": 0.28933627835720865, "gap_ranges": [[0.276800201876551, 0.27760224558084917]], "gap_range_of_max": [0.276800201876551, 0.27760224558084917], "mid_gap_of_max": 0.2772012237287001, "mid_gaps": [0.2772012237287001], "band_nos": [4], "fill_fraction": 0.477006}