{
  "structure": "hR18-Se",
  "nbands": 20,
  "basis": [
    [
      0.1602,
      0.2022,
      0.1204
    ],
    [
      0.8398,
      0.7978,
      0.8796
    ],
    [
      0.7978,
      0.9579,
      0.1204
    ],
    [
      0.2022,
      0.0421,
      0.8796
    ],
    [
      0.0421,
      0.8398,
      0.1204
    ],
    [
      0.9579,
      0.1602,
      0.8796
    ],
    [
      0.8268,
      0.5356,
      0.4537
    ],
    [
      0.5065,
      0.1311,
      0.2129
    ],
    [
      0.4644,
      0.2913,
      0.4537
    ],
    [
      0.8689,
      0.3754,
      0.2129
    ],
    [
      0.7087,
      0.1732,
      0.4537
    ],
    [
      0.6246,
      0.4935,
      0.2129
    ],
    [
      0.4935,
      0.8689,
      0.7871
    ],
    [
      0.1732,
      0.4644,
      0.5463
    ],
    [
      0.1311,
      0.6246,
      0.7871
    ],
    [
      0.5356,
      0.7087,
      0.5463
    ],
    [
      0.3754,
      0.5065,
      0.7871
    ],
    [
      0.2913,
      0.8268,
      0.5463
    ]
  ],
  "lattice_vectors": [
    [
      1.0,
      0.0,
      0.0
    ],
    [
      -0.5,
      0.8660254038,
      0.0
    ],
    [
      0.0,
      0.0,
      0.3921052579
    ]
  ]
}