{"gap": [13.152335136693498], "fill_fraction": 0.08001, "mid_gaps": [0.535274920540125], "mid_gap_of_max": 0.535274920540125, "gap_range_of_max": [0.500074344814071, 0.570475496266179], "gap_ranges": [[0.500074344814071, 0.570475496266179]], "max_gap": 13.152335136693498, "band_nos": [2]}