{"gap_range_of_max": [0.648919452297316, 0.6494828216595989], "mid_gaps": [0.6492011369784574], "fill_fraction": 0.134575, "gap": [0.08677886254247794], "run_me": true, "max_gap": 0.08677886254247794, "mid_gap_of_max": 0.6492011369784574, "band_nos": [], "gap_ranges": [[0.648919452297316, 0.6494828216595989]], "_status": {"hP3-Ti2O_r/0e6a594e/check_runnin/0000/a3015810c7d74bf61a6d00111404bfdf": 1, "hP3-Ti2O_r/0e6a594e/mpb-hP3-Ti2O/0000/8b0332e03816505447fe9da3836a4274": 1, "hP3-Ti2O_r/0e6a594e/store_data/0000/2540372c0013151181b8723167f85c6d": 1, "hP3-Ti2O_r/0e6a594e/strict-mpb-h/0000/a4b33f000578c2e16c1a87d819cce373": 1, "hP3-Ti2O_r/0e6a594e/store_fill/0000/49e318958103af6e0a323c7530e348fe": 1, "hP3-Ti2O_r/0e6a594e/store_strict/0000/06d3c763804bda4afd7ae7d76c1f9509": 1}}