{"max_gap": 0.05977478256101056, "gap": [0.05977478256101056], "band_nos": [4], "mid_gap_of_max": 0.3762968508276895, "gap_ranges": [[0.376184385515506, 0.376409316139873]], "gap_range_of_max": [0.376184385515506, 0.376409316139873], "fill_fraction": 0.329014, "mid_gaps": [0.3762968508276895]}