{"strict_calculated": true, "mid_gaps": [0.390819456857411, 0.5063378735859576], "fill_fraction": 0.17952, "gap_range_of_max": [0.3796482778237646, 0.4019906358910574], "band_nos": [4, 10], "gap": [5.716797788663899, 2.0645403954890793], "max_gap": 5.716797788663899, "gap_ranges": [[0.3796482778237646, 0.4019906358910574], [0.501111098617036, 0.5115646485548793]], "mid_gap_of_max": 0.390819456857411}