{"band_nos": [12], "gap_range_of_max": [0.85548635093786, 0.867518611551524], "max_gap": 1.3966600068613735, "gap": [1.3966600068613735], "run_me": true, "gap_ranges": [[0.85548635093786, 0.867518611551524]], "_status": {"cI80-N3U2_r-/1e217528/check_runnin/0000/bab141644fabda90569f59c9c6b5a149": 1, "cI80-N3U2_r-/1e217528/store_data/0000/4fae358e0b6c83f911f02d78d8435da2": 1, "cI80-N3U2_r-/1e217528/mpb-cI80-N3U/0000/20573c7350dcc162e73058bb879c433b": 3, "cI80-N3U2_r-/1e217528/store_fill/0000/e6b964444d50532fc8e123892c70cfa1": 1, "cI80-N3U2_r-/1e217528/strict-mpb-c/0000/1143cfe7863e3c0f601a3bdd08c65690": 1, "cI80-N3U2_r-/1e217528/store_strict/0000/528756b9da8e327166ac1d93c41558ec": 1}, "mid_gaps": [0.861502481244692], "fill_fraction": 0.14092, "mid_gap_of_max": 0.861502481244692}