{"mid_gaps": [0.7165588457824985], "strict_calculated": true, "fill_fraction": 0.150489, "gap_ranges": [[0.672515138757503, 0.7606025528074939]], "max_gap": 12.293116548410826, "gap_range_of_max": [0.672515138757503, 0.7606025528074939], "mid_gap_of_max": 0.7165588457824985, "gap": [12.293116548410826], "band_nos": [10]}