{"gap": [1.3113288026788787], "gap_range_of_max": [0.709963968435255, 0.7193353754215022], "mid_gaps": [0.7146496719283786], "strict_calculated": true, "fill_fraction": 0.152388, "gap_ranges": [[0.709963968435255, 0.7193353754215022]], "max_gap": 1.3113288026788787, "mid_gap_of_max": 0.7146496719283786, "band_nos": [11]}