{"faces": [[[-0.9482667227765044, -0.5965467738848379], [-1.1064762504284544, -0.06944984833590608], [-0.948266722776504, 0.43764851709982944], [0.43232029136270467, 0.3503915964720736], [0.5905298190146547, -0.176705329076858], [0.43232029136270506, -0.6838036945125932]], [[0.43232029136270506, -0.6838036945125932], [0.5905298190146547, -0.176705329076858], [1.1064762504284555, 0.06944984833590596], [0.9482667227765056, -0.4376485170998291]], [[-0.9482667227765044, -0.5965467738848379], [-0.4323202913627036, -0.35039159647207385], [0.9482667227765056, -0.4376485170998291], [0.43232029136270506, -0.6838036945125932]], [[-0.948266722776504, 0.43764851709982944], [-0.4323202913627035, 0.683803694512593], [0.9482667227765058, 0.5965467738848377], [0.43232029136270467, 0.3503915964720736]], [[0.5905298190146547, -0.176705329076858], [0.43232029136270467, 0.3503915964720736], [0.9482667227765058, 0.5965467738848377], [1.1064762504284555, 0.06944984833590596]], [[-0.4323202913627036, -0.35039159647207385], [-0.5905298190146535, 0.17670532907685813], [-0.4323202913627035, 0.683803694512593], [0.9482667227765058, 0.5965467738848377], [1.1064762504284555, 0.06944984833590596], [0.9482667227765056, -0.4376485170998291]], [[-1.1064762504284544, -0.06944984833590608], [-0.948266722776504, 0.43764851709982944], [-0.4323202913627035, 0.683803694512593], [-0.5905298190146535, 0.17670532907685813]], [[-0.9482667227765044, -0.5965467738848379], [-1.1064762504284544, -0.06944984833590608], [-0.5905298190146535, 0.17670532907685813], [-0.4323202913627036, -0.35039159647207385]]], "labels": {"GAMMA": [0.0, 0.0], "Y": [-2.208718528794109e-18, 0.5170976454923334], "C_0": [0.6902935070696045, 0.47346918517845565], "SIGMA_0": [0.8485030347215543, -0.05362774037047606], "Z": [-0.25797321570690035, -0.12307758870638208], "A_0": [0.5905298190146541, -0.17670532907685813], "E_0": [0.4323202913627041, 0.35039159647207363], "T": [-0.2579732157069004, 0.3940200567859513], "S": [0.7693982708955793, 0.2099207224039898], "R": [0.5114250551886791, 0.08684313369760771]}, "label_positions": {"GAMMA": [0.05, 0.05], "Y": [-2.208718528794109e-18, 0.5670976454923334], "C_0": [0.6902935070696045, 0.5234691851784556], "SIGMA_0": [0.8485030347215543, -0.003627740370476057], "Z": [-0.25797321570690035, -0.07307758870638208], "A_0": [0.5905298190146541, -0.1267053290768581], "E_0": [0.4323202913627041, 0.4003915964720736], "T": [-0.2579732157069004, 0.4440200567859513], "S": [0.7693982708955793, 0.2599207224039898], "R": [0.5614250551886791, 0.1368431336976077]}, "zorder": [1, 1, 1, 1, 1, 1, 1, 1]}