{
  "basis": [
    [
      -0.086,
      0.086,
      0.25
    ],
    [
      -0.189,
      0.189,
      -0.25
    ],
    [
      0.189,
      -0.189,
      -0.25
    ],
    [
      0.086,
      -0.086,
      0.25
    ]
  ],
  "lattice_vectors": [
    [
      0.3053336147,
      -0.952245443,
      0.0
    ],
    [
      0.3053336147,
      0.952245443,
      0.0
    ],
    [
      0.0,
      0.0,
      0.662898554
    ]
  ],
  "nbands": 20,
  "structure": "oC8-C"
}