{"mid_gap_of_max": 0.30040070356671117, "mid_gaps": [0.30040070356671117], "gap_ranges": [[0.2982445103936225, 0.30255689673979985]], "band_nos": [2], "gap_range_of_max": [0.2982445103936225, 0.30255689673979985], "max_gap": 1.4355446891354038, "gap": [1.4355446891354038], "strict_calculated": true, "fill_fraction": 0.472195}