{"_status": {"tP12-PNO_r-1/c6ed8f20/mpb-tP12-PNO/0000/bdcf75f1d78f15d427ebb85a873364d2": 1, "tP12-PNO_r-1/c6ed8f20/store_data/0000/c81228c5bbeba784f3e58059a3c9727a": 1, "tP12-PNO_r-1/c6ed8f20/strict-mpb-t/0000/40a9b0f72aabb0f987e07dfcab7bb4fd": 1, "tP12-PNO_r-1/c6ed8f20/store_strict/0000/0aab2126ad9bf5a41834260c965843b6": 1, "tP12-PNO_r-1/c6ed8f20/check_runnin/0000/5329212690555fd79e1bfe45f1dc8f46": 1, "tP12-PNO_r-1/c6ed8f20/store_fill/0000/f7f3a77ed05797496e986095802fb955": 1}, "fill_fraction": 0.200052, "max_gap": 10.022328820831506, "gap": [10.022328820831506], "band_nos": [4], "mid_gap_of_max": 0.4344161830316584, "gap_ranges": [[0.412646873874489, 0.45618549218882776]], "mid_gaps": [0.4344161830316584], "gap_range_of_max": [0.412646873874489, 0.45618549218882776]}