{"mid_gaps": [0.605943859641403], "fill_fraction": 0.408119, "max_gap": 11.179575717673345, "mid_gap_of_max": 0.605943859641403, "gap": [11.179575717673345], "gap_range_of_max": [0.572072883343801, 0.6398148359390049], "gap_ranges": [[0.572072883343801, 0.6398148359390049]], "band_nos": [12]}