{"gap": [3.4096852222196246], "max_gap": 3.4096852222196246, "fill_fraction": 0.613902, "mid_gaps": [0.2574508340597218], "band_nos": [2], "gap_range_of_max": [0.253061702538014, 0.2618399655814296], "mid_gap_of_max": 0.2574508340597218, "gap_ranges": [[0.253061702538014, 0.2618399655814296]]}