{"gap": [15.29244918313278, 0.30821383839539696], "fill_fraction": 0.310258, "gap_range_of_max": [0.301197350507396, 0.3510712745170908], "gap_ranges": [[0.301197350507396, 0.3510712745170908], [0.4575506754304956, 0.4589630865531115]], "mid_gaps": [0.3261343125122434, 0.45825688099180356], "band_nos": [4, 12], "max_gap": 15.29244918313278, "mid_gap_of_max": 0.3261343125122434}