{"mid_gap_of_max": 0.6755046492177812, "fill_fraction": 0.324208, "gap": [12.71194604841802], "max_gap": 12.71194604841802, "gap_ranges": [[0.6325697559362, 0.7184395424993623]], "gap_range_of_max": [0.6325697559362, 0.7184395424993623], "band_nos": [8], "mid_gaps": [0.6755046492177812]}