{"max_gap": 5.224386585500156, "gap_ranges": [[0.4327104213058269, 0.45592325047726356]], "mid_gap_of_max": 0.44431683589154525, "gap_range_of_max": [0.4327104213058269, 0.45592325047726356], "mid_gaps": [0.44431683589154525], "gap": [5.224386585500156], "fill_fraction": 0.370405, "band_nos": [4]}