{"mid_gap_of_max": 0.37937725149868046, "band_nos": [4], "max_gap": 2.640064028882657, "strict_calculated": true, "mid_gaps": [0.37937725149868046], "fill_fraction": 0.141391, "gap_range_of_max": [0.37436935032339, 0.3843851526739709], "gap": [2.640064028882657], "gap_ranges": [[0.37436935032339, 0.3843851526739709]]}