{"max_gap": 0.13858292445920903, "gap": [0.13858292445920903, 0.13424511002455367], "gap_ranges": [[0.3870384761621351, 0.3875752173169776], [0.518169654695571, 0.5188657393484358]], "mid_gaps": [0.38730684673955634, 0.5185176970220033], "_status": {"hR1-Hg-12/f3ae27b1/store_data/0000/de4be20e61b98eff4968e14e6464e8b6": 1, "hR1-Hg-12/f3ae27b1/strict-mpb-h/0000/c9c79020666843835f723a6dee64cca7": 1, "hR1-Hg-12/f3ae27b1/mpb-hR1-Hg-1/0000/8cf0d9f9cdf9608cdfe132692b84876f": 1, "hR1-Hg-12/f3ae27b1/check_runnin/0000/7f0162209bdb84645b9dbabb609acb7f": 1, "hR1-Hg-12/f3ae27b1/store_strict/0000/4f1d645d4016cfa9fdaf26fd13959f40": 1, "hR1-Hg-12/f3ae27b1/store_fill/0000/6fba9e03fe49af4df899799c1072130e": 1}, "gap_range_of_max": [0.3870384761621351, 0.3875752173169776], "run_me": true, "mid_gap_of_max": 0.38730684673955634, "band_nos": [5, 13], "fill_fraction": 0.443506}