{"gap": [17.722798797817894], "fill_fraction": 0.096858, "mid_gaps": [0.5121771253228261], "mid_gap_of_max": 0.5121771253228261, "gap_range_of_max": [0.46679106461812, 0.5575631860275323], "gap_ranges": [[0.46679106461812, 0.5575631860275323]], "max_gap": 17.722798797817894, "band_nos": [2]}