{
  "basis": [
    [
      0.1166666667,
      -0.3833333333,
      -0.2221366667
    ],
    [
      0.1166666667,
      -0.3833333333,
      0.2888033333
    ],
    [
      -0.3833333333,
      0.1166666667,
      0.2888033333
    ],
    [
      -0.3833333333,
      0.1166666667,
      -0.2221366667
    ],
    [
      0.1166666667,
      0.1166666667,
      -0.2864366667
    ],
    [
      0.1166666667,
      0.1166666667,
      0.3531033333
    ],
    [
      -0.3833333333,
      -0.3833333333,
      0.3531033333
    ],
    [
      -0.3833333333,
      -0.3833333333,
      -0.2864366667
    ],
    [
      0.1166666667,
      0.1166666667,
      -0.1273066667
    ],
    [
      0.1166666667,
      0.1166666667,
      0.1939733333
    ],
    [
      -0.3833333333,
      -0.3833333333,
      0.1939733333
    ],
    [
      -0.3833333333,
      -0.3833333333,
      -0.1273066667
    ],
    [
      -0.1329633333,
      0.3670366667,
      0.4505033333
    ],
    [
      0.3662966667,
      -0.1337033333,
      0.4505033333
    ],
    [
      -0.1329633333,
      -0.1337033333,
      -0.3838366667
    ],
    [
      0.3662966667,
      0.3670366667,
      -0.3838366667
    ],
    [
      -0.1337033333,
      0.3662966667,
      -0.3838366667
    ],
    [
      0.3670366667,
      -0.1329633333,
      -0.3838366667
    ],
    [
      0.3670366667,
      0.3662966667,
      0.4505033333
    ],
    [
      -0.1337033333,
      -0.1329633333,
      0.4505033333
    ],
    [
      -0.0664433333,
      0.4335566667,
      -0.0387566667
    ],
    [
      0.2997766667,
      -0.2002233333,
      -0.0387566667
    ],
    [
      -0.0664433333,
      -0.2002233333,
      0.1054233333
    ],
    [
      0.2997766667,
      0.4335566667,
      0.1054233333
    ],
    [
      -0.2002233333,
      0.2997766667,
      0.1054233333
    ],
    [
      0.4335566667,
      -0.0664433333,
      0.1054233333
    ],
    [
      0.4335566667,
      0.2997766667,
      -0.0387566667
    ],
    [
      -0.2002233333,
      -0.0664433333,
      -0.0387566667
    ],
    [
      0.1166666667,
      -0.3833333333,
      -0.4666666667
    ],
    [
      -0.3833333333,
      0.1166666667,
      -0.4666666667
    ]
  ],
  "nbands": 20,
  "lattice_vectors": [
    [
      1.0,
      0.0,
      0.0
    ],
    [
      0.0,
      1.0,
      0.0
    ],
    [
      0.0,
      0.0,
      2.56001976
    ]
  ],
  "structure": "tP30-La2Ga12Ni"
}