{"band_nos": [2], "max_gap": 3.5672400915432347, "mid_gaps": [0.49507715124464197], "gap_ranges": [[0.486246855933007, 0.503907446556277]], "mid_gap_of_max": 0.49507715124464197, "fill_fraction": 0.21107, "gap_range_of_max": [0.486246855933007, 0.503907446556277], "gap": [3.5672400915432347]}