{"mid_gaps": [0.6342889385588382], "mid_gap_of_max": 0.6342889385588382, "strict_calculated": true, "gap": [22.46847268694278], "gap_range_of_max": [0.563031420100642, 0.7055464570170344], "band_nos": [16], "max_gap": 22.46847268694278, "fill_fraction": 0.125779, "gap_ranges": [[0.563031420100642, 0.7055464570170344]]}