{"gap_range_of_max": [0.4329767121206646, 0.4892865803959985], "max_gap": 12.211234846325938, "gap": [12.211234846325938], "fill_fraction": 0.173097, "band_nos": [5], "gap_ranges": [[0.4329767121206646, 0.4892865803959985]], "mid_gaps": [0.46113164625833153], "mid_gap_of_max": 0.46113164625833153}