{"fill_fraction": 0.512605, "gap_ranges": [[0.546078873351886, 0.5611836339243822]], "mid_gap_of_max": 0.553631253638134, "mid_gaps": [0.553631253638134], "band_nos": [8], "gap": [2.7283070587573643], "max_gap": 2.7283070587573643, "gap_range_of_max": [0.546078873351886, 0.5611836339243822]}