{"band_nos": [2], "_status": {"cI36-NO2_r-1/cfc5180c/check_runnin/0000/ee915d482743ccf1c72657c807ca158e": 1, "cI36-NO2_r-1/cfc5180c/mpb-cI36-NO2/0000/1037ca4223793f98001f8170faff83c7": 1, "cI36-NO2_r-1/cfc5180c/store_strict/0000/d3dfc4acf0c83e55e6655e3629a8d83f": 1, "cI36-NO2_r-1/cfc5180c/store_fill/0000/6a9ef30e79c730c23e42844cc5813471": 1, "cI36-NO2_r-1/cfc5180c/strict-mpb-c/0000/85723e48bd69d191396ce8d97a079bbb": 1, "cI36-NO2_r-1/cfc5180c/store_data/0000/42e291d67aad11db77495156c867f80e": 1}, "fill_fraction": 0.1411, "max_gap": 17.66704289515888, "gap_ranges": [[0.406839545114792, 0.4856804942127335]], "mid_gap_of_max": 0.4462600196637627, "mid_gaps": [0.4462600196637627], "gap_range_of_max": [0.406839545114792, 0.4856804942127335], "gap": [17.66704289515888]}