{
  "nbands": 20,
  "lattice_vectors": [
    [
      1.0,
      0.0,
      0.0
    ],
    [
      -0.5,
      0.8660254038,
      0.0
    ],
    [
      0.0,
      0.0,
      0.7294976998
    ]
  ],
  "basis": [
    [
      2.4e-05,
      0.411549,
      0.224572
    ],
    [
      0.588451,
      0.588475,
      0.891239
    ],
    [
      0.411525,
      0.999976,
      0.557905
    ],
    [
      0.294778,
      0.557354,
      0.03258
    ],
    [
      0.442646,
      0.737424,
      0.699247
    ],
    [
      0.262576,
      0.705222,
      0.365913
    ],
    [
      0.557391,
      0.294831,
      0.749796
    ],
    [
      0.705169,
      0.26256,
      0.416463
    ],
    [
      0.73744,
      0.442609,
      0.083129
    ],
    [
      0.381683,
      0.142613,
      0.660259
    ],
    [
      0.857387,
      0.23907,
      0.326926
    ],
    [
      0.76093,
      0.618317,
      0.993592
    ],
    [
      0.457605,
      0.537268,
      0.076558
    ],
    [
      0.462732,
      0.920337,
      0.743225
    ],
    [
      0.079663,
      0.542395,
      0.409891
    ],
    [
      0.276523,
      0.576245,
      0.794899
    ],
    [
      0.423755,
      0.700278,
      0.461566
    ],
    [
      0.299722,
      0.723477,
      0.128232
    ],
    [
      0.723532,
      0.299843,
      0.654103
    ],
    [
      0.700157,
      0.423689,
      0.32077
    ],
    [
      0.576311,
      0.276468,
      0.987436
    ],
    [
      0.537043,
      0.457528,
      0.705959
    ],
    [
      0.542472,
      0.079515,
      0.372626
    ],
    [
      0.920485,
      0.462957,
      0.039292
    ],
    [
      0.142535,
      0.381625,
      0.121974
    ],
    [
      0.618375,
      0.76091,
      0.788641
    ],
    [
      0.23909,
      0.857465,
      0.455307
    ]
  ],
  "structure": "hP27-BeCl2_r"
}