{
  "basis": [
    [
      -0.3832,
      -0.3478,
      -0.1657
    ],
    [
      -0.3832,
      0.3478,
      0.3343
    ],
    [
      0.1168,
      -0.1522,
      0.3343
    ],
    [
      0.1168,
      0.1522,
      -0.1657
    ],
    [
      0.3504,
      0.1245,
      -0.4971
    ],
    [
      -0.1168,
      -0.1245,
      -0.3343
    ],
    [
      0.3832,
      0.3755,
      0.0029
    ],
    [
      -0.1496,
      -0.3755,
      0.1657
    ],
    [
      -0.1168,
      0.1245,
      0.1657
    ],
    [
      0.3504,
      -0.1245,
      0.0029
    ],
    [
      -0.1496,
      0.3755,
      -0.3343
    ],
    [
      0.3832,
      -0.3755,
      -0.4971
    ]
  ],
  "lattice_vectors": [
    [
      1.0,
      0.0,
      0.0
    ],
    [
      0.0,
      1.2316816334386635,
      0.0
    ],
    [
      0.0,
      0.0,
      1.0970465434108898
    ]
  ],
  "nbands": 20,
  "structure": "oP12-SiO2"
}