{"gap_ranges": [[0.2877071350918858, 0.32674852199142157]], "max_gap": 12.70763364271298, "mid_gaps": [0.30722782854165365], "band_nos": [4], "mid_gap_of_max": 0.30722782854165365, "fill_fraction": 0.409048, "gap_range_of_max": [0.2877071350918858, 0.32674852199142157], "gap": [12.70763364271298]}