{"gap_ranges": [[0.31510267604672, 0.3277464094765559]], "mid_gaps": [0.32142454276163795], "gap": [3.9336552589302585], "gap_range_of_max": [0.31510267604672, 0.3277464094765559], "band_nos": [4], "mid_gap_of_max": 0.32142454276163795, "max_gap": 3.9336552589302585, "strict_calculated": true, "fill_fraction": 0.295618}