{"mid_gap_of_max": 0.48954681427382574, "gap_ranges": [[0.463960258599381, 0.5151333699482704]], "mid_gaps": [0.48954681427382574], "max_gap": 10.453159913786166, "fill_fraction": 0.198238, "gap": [10.453159913786166], "gap_range_of_max": [0.463960258599381, 0.5151333699482704], "band_nos": [2]}