{"gap_range_of_max": [0.3783604239875736, 0.4077005361505863], "max_gap": 7.465098421337653, "gap": [7.465098421337653], "fill_fraction": 0.302536, "band_nos": [5], "gap_ranges": [[0.3783604239875736, 0.4077005361505863]], "mid_gaps": [0.3930304800690799], "mid_gap_of_max": 0.3930304800690799}