{"gap_range_of_max": [0.246544316467289, 0.2816739963079718], "gap_ranges": [[0.246544316467289, 0.2816739963079718]], "max_gap": 13.301197247824033, "mid_gap_of_max": 0.2641091563876304, "band_nos": [4], "strict_calculated": true, "fill_fraction": 0.508986, "mid_gaps": [0.2641091563876304], "gap": [13.301197247824033]}