{"fill_fraction": 0.266654, "gap": [0.7128330310752914], "gap_ranges": [[0.554025220252403, 0.5579886212385415]], "band_nos": [16], "mid_gaps": [0.5560069207454723], "gap_range_of_max": [0.554025220252403, 0.5579886212385415], "max_gap": 0.7128330310752914, "mid_gap_of_max": 0.5560069207454723, "_status": {"tP28-TiZn2O4/a81e6140/strict-mpb-t/0000/e10ca935ef622c84d370411fa7f3d845": 1, "tP28-TiZn2O4/a81e6140/mpb-tP28-TiZ/0000/ff21019b31e5b2bf6f66ad1e0ec8f8af": 1, "tP28-TiZn2O4/a81e6140/store_strict/0000/8281102f9ee2003acdcc5f04b3fb4eb9": 1, "tP28-TiZn2O4/a81e6140/store_fill/0000/dc822fdb8f6b0a6a8c654de75c77c762": 1, "tP28-TiZn2O4/a81e6140/check_runnin/0000/00af6c447770bd649212eab8e299062a": 1, "tP28-TiZn2O4/a81e6140/store_data/0000/0b87df9b8e76f91ad41380b03fe2272e": 1}}