{
  "structure": "oP16-Fe3C",
  "nbands": 20,
  "basis": [
    [
      0.2325,
      0.1275,
      0.4025
    ],
    [
      -0.1075,
      -0.0025,
      -0.2775
    ],
    [
      0.3925,
      -0.0025,
      -0.0975
    ],
    [
      -0.2675,
      0.1275,
      0.2225
    ],
    [
      -0.1075,
      -0.3725,
      -0.2775
    ],
    [
      0.2325,
      0.4975,
      0.4025
    ],
    [
      -0.2675,
      0.4975,
      0.2225
    ],
    [
      0.3925,
      -0.3725,
      -0.0975
    ],
    [
      0.1125,
      0.3125,
      -0.0975
    ],
    [
      0.0125,
      -0.1875,
      0.2225
    ],
    [
      0.5125,
      -0.1875,
      0.4025
    ],
    [
      -0.3875,
      0.3125,
      -0.2775
    ],
    [
      0.0625,
      0.0625,
      0.0625
    ],
    [
      -0.4375,
      0.0625,
      -0.4375
    ],
    [
      0.0625,
      -0.4375,
      0.0625
    ],
    [
      -0.4375,
      -0.4375,
      -0.4375
    ]
  ],
  "lattice_vectors": [
    [
      1.0,
      0.0,
      0.0
    ],
    [
      0.0,
      1.3288617815,
      0.0
    ],
    [
      0.0,
      0.0,
      0.8913001249
    ]
  ]
}