{"fill_fraction": 0.42282, "mid_gap_of_max": 0.4883048640353048, "band_nos": [8], "gap_range_of_max": [0.45302425267527, 0.5235854753953396], "max_gap": 14.450239577168723, "gap": [14.450239577168723], "gap_ranges": [[0.45302425267527, 0.5235854753953396]], "mid_gaps": [0.4883048640353048]}