{"max_gap": 2.086853078917916, "fill_fraction": 0.032511, "strict_calculated": true, "band_nos": [8], "mid_gap_of_max": 0.8869463057864687, "gap_range_of_max": [0.8776916726411419, 0.8962009389317955], "gap_ranges": [[0.8776916726411419, 0.8962009389317955]], "mid_gaps": [0.8869463057864687], "gap": [2.086853078917916]}