{"gap_ranges": [[0.358746591170396, 0.4502249596630865]], "gap": [22.6159667539459], "mid_gaps": [0.40448577541674124], "band_nos": [2], "fill_fraction": 0.230456, "mid_gap_of_max": 0.40448577541674124, "max_gap": 22.6159667539459, "gap_range_of_max": [0.358746591170396, 0.4502249596630865]}