{"gap": [3.152535576312918], "mid_gap_of_max": 0.4005484344472095, "gap_ranges": [[0.394234718499053, 0.406862150395366]], "band_nos": [4], "gap_range_of_max": [0.394234718499053, 0.406862150395366], "max_gap": 3.152535576312918, "mid_gaps": [0.4005484344472095], "fill_fraction": 0.228249}