{
  "basis": [
    [
      0.2955,
      0.2955,
      -0.40625
    ],
    [
      -0.1705,
      -0.1705,
      -0.40625
    ],
    [
      -0.1705,
      0.2955,
      0.09375
    ],
    [
      0.2955,
      -0.1705,
      0.09375
    ],
    [
      0.3745,
      -0.2495,
      -0.27125
    ],
    [
      -0.2495,
      0.3745,
      0.45875
    ],
    [
      -0.2495,
      0.3745,
      -0.27125
    ],
    [
      0.3745,
      -0.2495,
      0.45875
    ],
    [
      0.3745,
      0.3745,
      0.22875
    ],
    [
      -0.2495,
      -0.2495,
      -0.04125
    ],
    [
      -0.2495,
      -0.2495,
      0.22875
    ],
    [
      0.3745,
      0.3745,
      -0.04125
    ],
    [
      -0.4375,
      -0.4375,
      -0.40625
    ],
    [
      -0.4375,
      -0.4375,
      0.09375
    ],
    [
      0.0625,
      0.0625,
      -0.15625
    ],
    [
      0.0625,
      0.0625,
      0.34375
    ]
  ],
  "structure": "tP16-TaAgF6",
  "nbands": 20,
  "lattice_vectors": [
    [
      1.0,
      0.0,
      0.0
    ],
    [
      0.0,
      1.0,
      0.0
    ],
    [
      0.0,
      0.0,
      1.9229812894
    ]
  ]
}