{"mid_gaps": [0.4880113553957586], "gap": [1.558392811154011], "band_nos": [12], "gap_ranges": [[0.4842087884557072, 0.49181392233581]], "fill_fraction": 0.603847, "mid_gap_of_max": 0.4880113553957586, "gap_range_of_max": [0.4842087884557072, 0.49181392233581], "max_gap": 1.558392811154011}