{"run_me": true, "mid_gap_of_max": 0.5984158686423438, "gap_ranges": [[0.594521611142476, 0.6023101261422114]], "max_gap": 1.3015221366714536, "fill_fraction": 0.187328, "band_nos": [18], "_status": {"tP4-PdO-14/cfc5180c/check_runnin/0000/f9948ccd9177cd1a497dcfe432895c44": 1, "tP4-PdO-14/cfc5180c/store_strict/0000/19fab989ff3ab80dd6a2be51f09d9cd8": 1, "tP4-PdO-14/cfc5180c/mpb-tP4-PdO-/0000/f2506aca9afc53f9e5dbabe43d9b3216": 6, "tP4-PdO-14/cfc5180c/store_fill/0000/066fcb6f053040e26f9f7c323fd151ab": 1, "tP4-PdO-14/cfc5180c/store_data/0000/8cac62b99d5cfea085de35ae58cf5988": 1, "tP4-PdO-14/cfc5180c/strict-mpb-t/0000/444e6ccced6ce3684016c00aac40b968": 1}, "gap": [1.3015221366714536], "gap_range_of_max": [0.594521611142476, 0.6023101261422114], "mid_gaps": [0.5984158686423438]}