{
  "basis": [
    [
      0.1063,
      0.4215,
      0.2499
    ],
    [
      0.1063,
      0.5785,
      0.7499
    ],
    [
      0.5572,
      0.0843,
      0.0494
    ],
    [
      0.5572,
      0.9157,
      0.5494
    ],
    [
      0.8283,
      0.2285,
      0.6776
    ],
    [
      0.8283,
      0.7715,
      0.1776
    ],
    [
      0.0003,
      0.0172,
      0.0039
    ],
    [
      0.0003,
      0.9828,
      0.5039
    ],
    [
      0.2045,
      0.1498,
      0.5365
    ],
    [
      0.2045,
      0.8502,
      0.0365
    ],
    [
      0.2582,
      0.1567,
      0.2539
    ],
    [
      0.2582,
      0.8433,
      0.7539
    ],
    [
      0.3873,
      0.3449,
      0.0
    ],
    [
      0.3873,
      0.6551,
      0.5
    ],
    [
      0.5284,
      0.6112,
      0.285
    ],
    [
      0.5284,
      0.3888,
      0.785
    ],
    [
      0.6756,
      0.4254,
      0.3432
    ],
    [
      0.6756,
      0.5746,
      0.8432
    ]
  ],
  "lattice_vectors": [
    [
      1.0,
      0.0,
      0.0
    ],
    [
      0.0,
      1.9131947172,
      0.0
    ],
    [
      -0.7512129018,
      0.0,
      0.9703097985
    ]
  ],
  "structure": "mP18-BaAs2",
  "nbands": 20
}