{"fill_fraction": 0.23508, "band_nos": [8], "mid_gap_of_max": 0.7997455475557163, "gap_ranges": [[0.778420902478871, 0.8210701926325615]], "max_gap": 5.332857467483258, "gap": [5.332857467483258], "mid_gaps": [0.7997455475557163], "gap_range_of_max": [0.778420902478871, 0.8210701926325615]}