{"gap": [2.933073495151741], "fill_fraction": 0.339351, "mid_gap_of_max": 0.6845365827613799, "gap_range_of_max": [0.674497602224584, 0.6945755632981757], "gap_ranges": [[0.674497602224584, 0.6945755632981757]], "band_nos": [10], "max_gap": 2.933073495151741, "strict_calculated": true, "mid_gaps": [0.6845365827613799]}