{"band_nos": [18], "gap": [0.5411645980811189], "strict_calculated": true, "max_gap": 0.5411645980811189, "gap_range_of_max": [0.738087298699645, 0.7420924029663453], "fill_fraction": 0.213411, "mid_gaps": [0.7400898508329952], "mid_gap_of_max": 0.7400898508329952, "gap_ranges": [[0.738087298699645, 0.7420924029663453]]}