{"gap_ranges": [[0.604198366926848, 0.6083040116957739]], "gap": [0.6772184271653477], "mid_gap_of_max": 0.606251189311311, "band_nos": [5], "gap_range_of_max": [0.604198366926848, 0.6083040116957739], "_status": {"hR1-Hg-10/a2cccd07/check_runnin/0000/4a3bab9676ae19ce2c79a54008945160": 1, "hR1-Hg-10/a2cccd07/store_data/0000/55871f911c401d2767beeec72bf51cce": 1, "hR1-Hg-10/a2cccd07/mpb-hR1-Hg-1/0000/eb7da0458597879a45da7ed1e30d9eb5": 1, "hR1-Hg-10/a2cccd07/store_fill/0000/a00d48f6c1e879a49ec6deddb006dac4": 1, "hR1-Hg-10/a2cccd07/store_strict/0000/348297cf5b69fb2923548377a87ac111": 1, "hR1-Hg-10/a2cccd07/strict-mpb-h/0000/d1faec43c5c1d1a005f07be3643b5a47": 1}, "fill_fraction": 0.085547, "max_gap": 0.6772184271653477, "run_me": true, "mid_gaps": [0.606251189311311]}