{"fill_fraction": 0.605223, "gap_ranges": [[0.408557790646035, 0.40862515697593327]], "gap_range_of_max": [0.408557790646035, 0.40862515697593327], "mid_gaps": [0.40859147381098415], "mid_gap_of_max": 0.40859147381098415, "max_gap": 0.016487453658543212, "_status": {"tI16-VAg3O4_/8070565b/check_runnin/0000/9408993536aea91bce7edcd0c135f5f8": 1, "tI16-VAg3O4_/8070565b/mpb-tI16-VAg/0000/565cb61307fc5c5237ac5c3253395122": 1, "tI16-VAg3O4_/8070565b/strict-mpb-t/0000/f968f1a5358141908fcb02cefad60ef5": 1, "tI16-VAg3O4_/8070565b/store_data/0000/913ff8fdb9016a794f58693a29fb6416": 1, "tI16-VAg3O4_/8070565b/store_strict/0000/a84ed03bf0065882bc5ffea847326a89": 1, "tI16-VAg3O4_/8070565b/store_fill/0000/a5be8d34450e9fc58fc2ddbc35d6719c": 1}, "gap": [0.016487453658543212], "band_nos": [8]}