{"gap_ranges": [[0.2961962635928102, 0.3133120873913438]], "max_gap": 5.616272121915036, "mid_gaps": [0.304754175492077], "band_nos": [4], "mid_gap_of_max": 0.304754175492077, "fill_fraction": 0.474111, "gap_range_of_max": [0.2961962635928102, 0.3133120873913438], "gap": [5.616272121915036]}