{"gap_ranges": [[0.536536776226048, 0.5378054079447143], [0.546988509280458, 0.5577691741913435]], "mid_gaps": [0.5371710920853812, 0.5523788417359008], "gap_range_of_max": [0.546988509280458, 0.5577691741913435], "max_gap": 1.9516795532946651, "gap": [0.23616902274857052, 1.9516795532946651], "fill_fraction": 0.327257, "band_nos": [16, 17], "strict_calculated": true, "mid_gap_of_max": 0.5523788417359008}