{"run_me": true, "fill_fraction": 0.118112, "_status": {"cF60-Cu6O8Pb/170d58bd/store_strict/0000/23de5d23cd9c2de82344650e88326246": 1, "cF60-Cu6O8Pb/170d58bd/store_fill/0000/f260db6ab0a6b9a9c080488fd954b5b4": 1, "cF60-Cu6O8Pb/170d58bd/check_runnin/0000/aa3fb91cad30483a45bb52282fc1db6d": 1, "cF60-Cu6O8Pb/170d58bd/store_data/0000/1d2777ab0a60c07969713de99e780ffc": 1, "cF60-Cu6O8Pb/170d58bd/strict-mpb-c/0000/e0dc9b56ef1b24abea36ce4d70f79c7c": 1, "cF60-Cu6O8Pb/170d58bd/mpb-cF60-Cu6/0000/df330158c2a686016c1786f6071f2257": 1}, "gap_range_of_max": [0.557069273733507, 0.5577295855344309], "max_gap": 0.11846294879726192, "gap_ranges": [[0.557069273733507, 0.5577295855344309]], "band_nos": [5], "mid_gaps": [0.5573994296339689], "mid_gap_of_max": 0.5573994296339689, "gap": [0.11846294879726192]}