{"fill_fraction": 0.196767, "band_nos": [16], "mid_gaps": [0.9054534005119198], "mid_gap_of_max": 0.9054534005119198, "gap_ranges": [[0.890715318589413, 0.9201914824344266]], "max_gap": 3.2554037378784657, "gap_range_of_max": [0.890715318589413, 0.9201914824344266], "gap": [3.2554037378784657]}