{"mid_gap_of_max": 0.36286005004506194, "max_gap": 9.40612098000197, "band_nos": [4], "mid_gaps": [0.36286005004506194], "gap_ranges": [[0.3457945223973948, 0.37992557769272906]], "gap_range_of_max": [0.3457945223973948, 0.37992557769272906], "strict_calculated": true, "gap": [9.40612098000197], "fill_fraction": 0.18466}