{"strict_calculated": true, "fill_fraction": 0.139216, "mid_gaps": [0.5228970451047412, 0.608958540595938], "band_nos": [5, 6], "gap_range_of_max": [0.608921719642149, 0.608995361549727], "gap_ranges": [[0.522882150895299, 0.5229119393141836], [0.608921719642149, 0.608995361549727]], "gap": [0.005696803828443853, 0.012093090525544957], "mid_gap_of_max": 0.608958540595938, "max_gap": 0.012093090525544957}