{"mid_gap_of_max": 0.6349982703496339, "gap_range_of_max": [0.6298748367176, 0.6401217039816677], "mid_gaps": [0.6349982703496339], "band_nos": [8], "gap_ranges": [[0.6298748367176, 0.6401217039816677]], "fill_fraction": 0.206851, "max_gap": 1.6136842795522282, "gap": [1.6136842795522282]}