{
  "basis": [
    [
      0.233,
      0.055,
      0.386
    ],
    [
      -0.233,
      -0.055,
      0.386
    ],
    [
      -0.055,
      -0.233,
      -0.114
    ],
    [
      0.055,
      0.233,
      -0.114
    ],
    [
      -0.2818,
      0.308,
      -0.371
    ],
    [
      0.2818,
      -0.308,
      -0.371
    ],
    [
      -0.308,
      0.2818,
      0.129
    ],
    [
      0.308,
      -0.2818,
      0.129
    ],
    [
      0.367,
      0.177,
      -0.155
    ],
    [
      -0.367,
      -0.177,
      -0.155
    ],
    [
      -0.177,
      -0.367,
      0.345
    ],
    [
      0.177,
      0.367,
      0.345
    ],
    [
      -0.2031,
      0.2699,
      -0.114
    ],
    [
      0.2031,
      -0.2699,
      -0.114
    ],
    [
      -0.2699,
      0.2031,
      0.386
    ],
    [
      0.2699,
      -0.2031,
      0.386
    ],
    [
      0.1845,
      0.0669,
      -0.194
    ],
    [
      -0.1845,
      -0.0669,
      -0.194
    ],
    [
      -0.0669,
      -0.1845,
      0.306
    ],
    [
      0.0669,
      0.1845,
      0.306
    ],
    [
      0.4582,
      0.1952,
      -0.357
    ],
    [
      -0.4582,
      -0.1952,
      -0.357
    ],
    [
      -0.1952,
      -0.4582,
      0.143
    ],
    [
      0.1952,
      0.4582,
      0.143
    ],
    [
      0.4314,
      0.182,
      0.055
    ],
    [
      -0.4314,
      -0.182,
      0.055
    ],
    [
      -0.182,
      -0.4314,
      -0.445
    ],
    [
      0.182,
      0.4314,
      -0.445
    ]
  ],
  "lattice_vectors": [
    [
      0.47243795,
      -0.8813639336,
      0.0
    ],
    [
      0.47243795,
      0.8813639336,
      0.0
    ],
    [
      0.0,
      0.0,
      0.6652181544
    ]
  ],
  "nbands": 20,
  "structure": "oC56-CaGaBO4"
}