{"global_point_groups": ["mm2", "1", "m", "2"], "international": "Ccc2", "std_lattice": [[0.9448759, 0.0, 0.0], [0.0, 1.7627278672, 0.0], [0.0, 0.0, 0.6652181544]], "equivalent_atoms": [0, 0, 0, 0, 4, 4, 4, 4, 8, 8, 8, 8, 12, 12, 12, 12, 16, 16, 16, 16, 20, 20, 20, 20, 24, 24, 24, 24], "wyckoffs": ["d", "d", "d", "d", "d", "d", "d", "d", "d", "d", "d", "d", "d", "d", "d", "d", "d", "d", "d", "d", "d", "d", "d", "d", "d", "d", "d", "d"], "number": 37, "std_positions": [[0.356, 0.411, 0.614], [0.144, 0.089, 0.614], [0.644, 0.411, 0.114], [0.856, 0.089, 0.114], [0.9869, 0.2949, 0.371], [0.5131, 0.2051, 0.371], [0.0131, 0.2949, 0.871], [0.4869, 0.2051, 0.871], [0.228, 0.405, 0.155], [0.272, 0.095, 0.155], [0.772, 0.405, 0.655], [0.728, 0.095, 0.655], [0.9666, 0.2365, 0.114], [0.5334, 0.2635, 0.114], [0.0334, 0.2365, 0.614], [0.4666, 0.2635, 0.614], [0.3743, 0.4412, 0.194], [0.1257, 0.0588, 0.194], [0.6257, 0.4412, 0.694], [0.8743, 0.0588, 0.694], [0.1733, 0.3685, 0.357], [0.3267, 0.1315, 0.357], [0.8267, 0.3685, 0.857], [0.6733, 0.1315, 0.857], [0.1933, 0.3753, 0.945], [0.3067, 0.1247, 0.945], [0.8067, 0.3753, 0.445], [0.6933, 0.1247, 0.445], [0.856, 0.911, 0.614], [0.644, 0.589, 0.614], [0.144, 0.911, 0.114], [0.356, 0.589, 0.114], [0.4869, 0.7949, 0.371], [0.0131, 0.7051, 0.371], [0.5131, 0.7949, 0.871], [0.9869, 0.7051, 0.871], [0.728, 0.905, 0.155], [0.772, 0.595, 0.155], [0.272, 0.905, 0.655], [0.228, 0.595, 0.655], [0.4666, 0.7365, 0.114], [0.0334, 0.7635, 0.114], [0.5334, 0.7365, 0.614], [0.9666, 0.7635, 0.614], [0.8743, 0.9412, 0.194], [0.6257, 0.5588, 0.194], [0.1257, 0.9412, 0.694], [0.3743, 0.5588, 0.694], [0.6733, 0.8685, 0.357], [0.8267, 0.6315, 0.357], [0.3267, 0.8685, 0.857], [0.1733, 0.6315, 0.857], [0.6933, 0.8753, 0.945], [0.8067, 0.6247, 0.945], [0.3067, 0.8753, 0.445], [0.1933, 0.6247, 0.445]], "site_point_groups": {"d": {"name": "8d", "site_symmetry": ["1"]}}}