{"gap": [4.90061974106204], "band_nos": [4], "mid_gap_of_max": 0.3724468914473158, "mid_gaps": [0.3724468914473158], "max_gap": 4.90061974106204, "fill_fraction": 0.237532, "gap_ranges": [[0.363320788503696, 0.38157299439093567]], "gap_range_of_max": [0.363320788503696, 0.38157299439093567]}