{"gap": [4.838677380013419], "mid_gap_of_max": 0.2698247092321229, "gap_ranges": [[0.263296735646472, 0.27635268281777375]], "fill_fraction": 0.62354, "max_gap": 4.838677380013419, "mid_gaps": [0.2698247092321229], "gap_range_of_max": [0.263296735646472, 0.27635268281777375], "band_nos": [2], "strict_calculated": true}