{"gap_ranges": [[0.2858648164447326, 0.32825447383424816]], "mid_gap_of_max": 0.30705964513949036, "gap_range_of_max": [0.2858648164447326, 0.32825447383424816], "max_gap": 13.805023896988748, "band_nos": [4], "mid_gaps": [0.30705964513949036], "fill_fraction": 0.390003, "gap": [13.805023896988748]}