{"gap": [2.6347574368968174], "mid_gaps": [1.0136407102456184], "gap_ranges": [[1.000287223247313, 1.0269941972439236]], "_status": {"cF52-Na3CoC2/03b1804f/store_fill/0000/998aa95e65fc4d3c5464f2953e7f64a5": 1, "cF52-Na3CoC2/03b1804f/check_runnin/0000/259eaf76788f3eee91767463911b75c3": 1, "cF52-Na3CoC2/03b1804f/store_strict/0000/b39f3ff9861d1b78eb9c095f8fcd6201": 1, "cF52-Na3CoC2/03b1804f/mpb-cF52-Na3/0000/75c611d91017a7dec70ab588f94f5777": 1, "cF52-Na3CoC2/03b1804f/store_data/0000/e3d96edee40597007658aa92428d67bf": 1, "cF52-Na3CoC2/03b1804f/strict-mpb-c/0000/8768a4d02885e65e2a1adc9fd69c3d73": 1}, "gap_range_of_max": [1.000287223247313, 1.0269941972439236], "max_gap": 2.6347574368968174, "mid_gap_of_max": 1.0136407102456184, "band_nos": [14], "fill_fraction": 0.062984}