{"gap_range_of_max": [0.2634317348724895, 0.30322952518157975], "max_gap": 14.046412950584553, "band_nos": [4], "gap": [14.046412950584553], "mid_gap_of_max": 0.2833306300270346, "fill_fraction": 0.370982, "gap_ranges": [[0.2634317348724895, 0.30322952518157975]], "mid_gaps": [0.2833306300270346], "strict_calculated": true}