{"band_nos": [4], "max_gap": 1.2174280805917004, "strict_calculated": true, "gap_ranges": [[0.2658147883070655, 0.2690707114435542]], "mid_gaps": [0.26744274987530986], "gap_range_of_max": [0.2658147883070655, 0.2690707114435542], "gap": [1.2174280805917004], "mid_gap_of_max": 0.26744274987530986, "fill_fraction": 0.452302}