{"mid_gap_of_max": 0.8864313918862867, "fill_fraction": 0.123342, "gap": [9.151957242230669], "max_gap": 9.151957242230669, "gap_ranges": [[0.845868480902715, 0.9269943028698583]], "gap_range_of_max": [0.845868480902715, 0.9269943028698583], "band_nos": [8], "mid_gaps": [0.8864313918862867]}