{"gap": [2.2842482891942537], "strict_calculated": true, "mid_gaps": [0.45772569576322636], "band_nos": [4], "gap_range_of_max": [0.452497900075889, 0.4629534914505637], "fill_fraction": 0.116231, "gap_ranges": [[0.452497900075889, 0.4629534914505637]], "max_gap": 2.2842482891942537, "mid_gap_of_max": 0.45772569576322636}