{"fill_fraction": 0.395867, "max_gap": 2.6509829023470908, "gap_ranges": [[0.4191275139434, 0.4303877663602993]], "band_nos": [8], "_status": {"oP6-CoTe2_r-/5cca192b/store_strict/0000/b4c5c8be9105b8b17815dce0cefb78d2": 1, "oP6-CoTe2_r-/5cca192b/mpb-oP6-CoTe/0000/403ccef36e9c9115dff84381bb09c06b": 1, "oP6-CoTe2_r-/5cca192b/strict-mpb-o/0000/4869a030355ee646aa3f15852ab97668": 1, "oP6-CoTe2_r-/5cca192b/check_runnin/0000/adb0a332f278bce55d45d3525184befa": 1, "oP6-CoTe2_r-/5cca192b/store_data/0000/f88fdbc1d2cf87e0bca09a06e5cd3ae3": 1, "oP6-CoTe2_r-/5cca192b/store_fill/0000/0013181909353df1a3f4db8a8d5dc417": 1}, "mid_gap_of_max": 0.42475764015184964, "gap_range_of_max": [0.4191275139434, 0.4303877663602993], "run_me": true, "gap": [2.6509829023470908], "mid_gaps": [0.42475764015184964]}