{"gap_ranges": [[0.49274489603623, 0.5297104715612037], [0.656441617565399, 0.6717928644884908]], "gap": [7.230746044560425, 2.311526636374153], "fill_fraction": 0.122453, "band_nos": [5, 8], "mid_gaps": [0.5112276837987169, 0.6641172410269449], "gap_range_of_max": [0.49274489603623, 0.5297104715612037], "mid_gap_of_max": 0.5112276837987169, "max_gap": 7.230746044560425, "strict_calculated": true}