{"fill_fraction": 0.349667, "mid_gap_of_max": 0.5250643034956848, "max_gap": 18.464428640953273, "band_nos": [8], "gap_range_of_max": [0.4765892416766452, 0.5735393653147243], "gap": [18.464428640953273], "mid_gaps": [0.5250643034956848], "gap_ranges": [[0.4765892416766452, 0.5735393653147243]]}