{"gap": [5.067289846208653], "gap_ranges": [[0.920667601170994, 0.9685332424321903]], "mid_gaps": [0.9446004218015922], "gap_range_of_max": [0.920667601170994, 0.9685332424321903], "mid_gap_of_max": 0.9446004218015922, "max_gap": 5.067289846208653, "fill_fraction": 0.071155, "band_nos": [8]}