{"band_nos": [6], "fill_fraction": 0.536537, "mid_gap_of_max": 0.2752655332423479, "strict_calculated": true, "gap_range_of_max": [0.2722367496429457, 0.2782943168417501], "mid_gaps": [0.2752655332423479], "gap_ranges": [[0.2722367496429457, 0.2782943168417501]], "max_gap": 2.2006268374584965, "gap": [2.2006268374584965]}