{"gap": [1.255310245651497], "gap_range_of_max": [0.80649392029269, 0.816681866269515], "strict_calculated": true, "mid_gap_of_max": 0.8115878932811025, "band_nos": [12], "fill_fraction": 0.18334, "mid_gaps": [0.8115878932811025], "max_gap": 1.255310245651497, "gap_ranges": [[0.80649392029269, 0.816681866269515]]}