{"strict_calculated": true, "gap": [33.48024383707348], "gap_range_of_max": [0.3504999609648536, 0.49144208613234946], "mid_gaps": [0.4209710235486015], "max_gap": 33.48024383707348, "band_nos": [2], "gap_ranges": [[0.3504999609648536, 0.49144208613234946]], "fill_fraction": 0.1543, "mid_gap_of_max": 0.4209710235486015}