{"gap_range_of_max": [0.3702244371141724, 0.3731235496300427], "mid_gap_of_max": 0.37167399337210755, "max_gap": 0.7800148968097755, "mid_gaps": [0.37167399337210755], "band_nos": [2], "gap": [0.7800148968097755], "gap_ranges": [[0.3702244371141724, 0.3731235496300427]], "fill_fraction": 0.383807}