{"mid_gap_of_max": 0.4512621627324929, "fill_fraction": 0.116347, "mid_gaps": [0.4512621627324929], "gap_ranges": [[0.410438327171488, 0.49208599829349786]], "max_gap": 18.093179057516046, "gap_range_of_max": [0.410438327171488, 0.49208599829349786], "gap": [18.093179057516046], "strict_calculated": true, "band_nos": [2]}