{"gap_range_of_max": [0.667755802044071, 0.7284129887413665], "mid_gaps": [0.6980843953927187], "gap_ranges": [[0.667755802044071, 0.7284129887413665]], "gap": [8.689090760032181], "max_gap": 8.689090760032181, "fill_fraction": 0.232532, "band_nos": [8], "mid_gap_of_max": 0.6980843953927187}