{"mid_gap_of_max": 0.6274477194200061, "band_nos": [16], "gap": [0.4428692011061356], "gap_ranges": [[0.626058333068829, 0.6288371057711832]], "fill_fraction": 0.187278, "max_gap": 0.4428692011061356, "mid_gaps": [0.6274477194200061], "gap_range_of_max": [0.626058333068829, 0.6288371057711832], "strict_calculated": true}