{"mid_gap_of_max": 0.5735077555942363, "gap_ranges": [[0.570148742185031, 0.5768667690034416]], "max_gap": 1.1713924969418317, "mid_gaps": [0.5735077555942363], "fill_fraction": 0.339222, "gap": [1.1713924969418317], "band_nos": [12], "gap_range_of_max": [0.570148742185031, 0.5768667690034416], "strict_calculated": true}