{"mid_gaps": [0.8156805018284138], "band_nos": [16], "gap_range_of_max": [0.81565462782772, 0.8157063758291075], "strict_gap": [0.0063441508371872984], "fill_fraction": 0.238176, "mid_gap_of_max": 0.8156805018284138, "gap": [0.0063441508371872984], "strict_mid_gaps": [0.8156805018284138], "max_gap": 0.0063441508371872984, "strict_max_gap": 0.0063441508371872984, "run_me": true, "strict_gap_range_of_max": [0.81565462782772, 0.8157063758291075], "strict_gap_ranges": [[0.81565462782772, 0.8157063758291075]], "_status": {"tI10-CeAl2Ga/a8005e61/store_ff/0000/ff32c7acae8c7388d57b9bb9edba1ca7": 1, "tI10-CeAl2Ga/a8005e61/store_mid_ga/0000/79870f765ff79f56200d74b115ab67bd": 1, "tI10-CeAl2Ga/a8005e61/calculate/0000/d5cddbe320ee123d4a474fffb5808bb8": 1, "tI10-CeAl2Ga/a8005e61/store_strict/0000/1f8dd539d3b132475aa62a808a03d711": 1, "tI10-CeAl2Ga/a8005e61/store_gap/0000/19f7aec5ff5160e6aa1f962d3b5b434a": 1, "tI10-CeAl2Ga/a8005e61/mpb-tI10-CeA/0000/3d1a7f2752d05f33c9f70115d9823bc9": 1, "tI10-CeAl2Ga/a8005e61/strict-mpb-t/0000/c0e2bb763a626edc39ae70b4b5913b8f": 1, "tI10-CeAl2Ga/a8005e61/store_strict/0000/75ca34279858fb7b5f7b2fa9cc360578": 1, "tI10-CeAl2Ga/a8005e61/strict_calcu/0000/c7c6daccc29bce936751c0dfc1e5662e": 1}, "recalc_mid_gaps": true, "strict_mid_gap_of_max": 0.8156805018284138, "run": true, "gap_ranges": [[0.81565462782772, 0.8157063758291075]]}