{"fill_fraction": 0.290403, "gap": [0.18202656935366843], "band_nos": [18], "mid_gap_of_max": 0.5423077929358346, "mid_gaps": [0.5423077929358346], "run_me": true, "gap_range_of_max": [0.541814220800425, 0.5428013650712443], "max_gap": 0.18202656935366843, "gap_ranges": [[0.541814220800425, 0.5428013650712443]]}