{"band_nos": [2], "max_gap": 10.20019239362288, "mid_gaps": [0.35060853623503563], "gap": [10.20019239362288], "gap_range_of_max": [0.3327271636128163, 0.36848990885725497], "fill_fraction": 0.375342, "mid_gap_of_max": 0.35060853623503563, "gap_ranges": [[0.3327271636128163, 0.36848990885725497]]}