{"gap": [8.957255671584758], "gap_ranges": [[0.468596068933695, 0.5125373849035202]], "fill_fraction": 0.142472, "max_gap": 8.957255671584758, "gap_range_of_max": [0.468596068933695, 0.5125373849035202], "mid_gaps": [0.4905667269186076], "mid_gap_of_max": 0.4905667269186076, "band_nos": [4]}