{"gap_ranges": [[1.13179303658469, 1.1320439644671976]], "gap_range_of_max": [1.13179303658469, 1.1320439644671976], "fill_fraction": 0.121819, "max_gap": 0.022168370107063323, "mid_gaps": [1.1319185005259438], "mid_gap_of_max": 1.1319185005259438, "gap": [0.022168370107063323], "strict_calculated": true, "band_nos": [4, 6, 10]}