{"mid_gaps": [0.5970910145564078], "gap_range_of_max": [0.55458407063158, 0.6395979584812356], "gap": [14.23801158903946], "gap_ranges": [[0.55458407063158, 0.6395979584812356]], "max_gap": 14.23801158903946, "band_nos": [8], "mid_gap_of_max": 0.5970910145564078, "fill_fraction": 0.360569}