{"gap": [10.81089534019809], "_status": {"tP12-PNO-10/8ff40b17/mpb-tP12-PNO/0000/e40f2f5573b2bbac2426c67d396924a8": 1, "tP12-PNO-10/8ff40b17/strict-mpb-t/0000/354e68cba54c695befe9caa2e35d4c16": 1, "tP12-PNO-10/8ff40b17/store_strict/0000/d168d81335155f9d6707cb6788a60a79": 1, "tP12-PNO-10/8ff40b17/store_fill/0000/f555f117a9ac4f17abd600840b11d680": 1, "tP12-PNO-10/8ff40b17/store_data/0000/13949351a8f1396e1815f09cd75f1586": 1, "tP12-PNO-10/8ff40b17/check_runnin/0000/c7430d24dc9eb9087e799a4299f33358": 1}, "mid_gaps": [0.3424308458679841], "gap_range_of_max": [0.3239209256883127, 0.36094076604765557], "gap_ranges": [[0.3239209256883127, 0.36094076604765557]], "fill_fraction": 0.427136, "band_nos": [4], "mid_gap_of_max": 0.3424308458679841, "max_gap": 10.81089534019809}