{"max_gap": 2.0732027159755244, "gap": [2.0732027159755244], "mid_gaps": [0.5184411763187269], "gap_ranges": [[0.513067008044639, 0.5238153445928148]], "fill_fraction": 0.1411, "_status": {"cI36-NO2_r-8/c85396a9/check_runnin/0000/3d6df6b593abff02711a8eff3da24c91": 1, "cI36-NO2_r-8/c85396a9/store_strict/0000/1ca49dc0809ce0f9e2d9bea7d71a1f58": 1, "cI36-NO2_r-8/c85396a9/store_data/0000/8a02b2e19744662fdaa5be1a219719a4": 1, "cI36-NO2_r-8/c85396a9/mpb-cI36-NO2/0000/3abb93c8981b39bc0e4ddd2ba85414ab": 1, "cI36-NO2_r-8/c85396a9/store_fill/0000/254f084987249fd50ff32a91d0de47f6": 1, "cI36-NO2_r-8/c85396a9/strict-mpb-c/0000/786d56b172c0b971e43589e637c3dcea": 1}, "gap_range_of_max": [0.513067008044639, 0.5238153445928148], "band_nos": [2], "mid_gap_of_max": 0.5184411763187269}