{"band_nos": [8], "mid_gaps": [0.5145761165974039], "gap_ranges": [[0.502035772239382, 0.5271164609554256]], "mid_gap_of_max": 0.5145761165974039, "max_gap": 4.874048349131929, "gap": [4.874048349131929], "gap_range_of_max": [0.502035772239382, 0.5271164609554256], "strict_calculated": true, "fill_fraction": 0.455418}