{"mid_gap_of_max": 0.25197544126735144, "gap": [14.584472939298564], "gap_range_of_max": [0.2336007962446939, 0.27035008629000895], "mid_gaps": [0.25197544126735144], "gap_ranges": [[0.2336007962446939, 0.27035008629000895]], "max_gap": 14.584472939298564, "fill_fraction": 0.49267, "strict_calculated": true, "band_nos": [2]}