{"gap_ranges": [[0.346970055570178, 0.37790826952890805]], "max_gap": 8.536112306710425, "gap_range_of_max": [0.346970055570178, 0.37790826952890805], "mid_gaps": [0.362439162549543], "band_nos": [4], "gap": [8.536112306710425], "fill_fraction": 0.209067, "mid_gap_of_max": 0.362439162549543}