{"gap": [3.0990747007510273], "fill_fraction": 0.189505, "max_gap": 3.0990747007510273, "gap_ranges": [[0.544267861723452, 0.561400607627369]], "_status": {"tP16-FeCuSe2/f2b57ed8/store_data/0000/941576deee66fb839577f5959f805e7c": 1, "tP16-FeCuSe2/f2b57ed8/mpb-tP16-FeC/0000/4daac21f8d416f27c946413c42c20fe9": 1, "tP16-FeCuSe2/f2b57ed8/store_strict/0000/06687c30e8cfc8ebc1780e86c35ae99a": 1, "tP16-FeCuSe2/f2b57ed8/check_runnin/0000/a7437bbe3f7861c3998c54752d523bd6": 1, "tP16-FeCuSe2/f2b57ed8/strict-mpb-t/0000/073ab16f60111483fb09423eca392e0e": 1, "tP16-FeCuSe2/f2b57ed8/store_fill/0000/e35e9ef3890101c32a9f94d58d2cf403": 1}, "band_nos": [16], "mid_gap_of_max": 0.5528342346754105, "gap_range_of_max": [0.544267861723452, 0.561400607627369], "mid_gaps": [0.5528342346754105]}