{"band_nos": [8], "max_gap": 5.548697535722594, "mid_gaps": [0.3216743882236526], "fill_fraction": 0.219648, "gap_range_of_max": [0.312750018797444, 0.33059875764986113], "strict_calculated": true, "gap": [5.548697535722594], "mid_gap_of_max": 0.3216743882236526, "gap_ranges": [[0.312750018797444, 0.33059875764986113]]}