{"mid_gap_of_max": 0.8061325022928688, "max_gap": 14.814349819621436, "gap_ranges": [[0.746420857843202, 0.8658441467425356]], "gap": [14.814349819621436], "fill_fraction": 0.100058, "strict_calculated": true, "gap_range_of_max": [0.746420857843202, 0.8658441467425356], "mid_gaps": [0.8061325022928688], "band_nos": [16]}