{"fill_fraction": 0.19361, "gap": [10.023547328595022], "max_gap": 10.023547328595022, "gap_range_of_max": [0.41858638967315, 0.46275734274649555], "mid_gaps": [0.4406718662098228], "band_nos": [4], "strict_calculated": true, "mid_gap_of_max": 0.4406718662098228, "gap_ranges": [[0.41858638967315, 0.46275734274649555]]}