{"strict_calculated": true, "gap_range_of_max": [0.2891154731034805, 0.3913772364444291], "gap": [30.055212026852402], "band_nos": [2], "gap_ranges": [[0.2891154731034805, 0.3913772364444291]], "max_gap": 30.055212026852402, "mid_gaps": [0.3402463547739548], "mid_gap_of_max": 0.3402463547739548, "fill_fraction": 0.28514}