{"gap": [21.431715605337427], "band_nos": [8], "gap_ranges": [[0.3771760868395212, 0.46771322397651544]], "mid_gaps": [0.42244465540801834], "gap_range_of_max": [0.3771760868395212, 0.46771322397651544], "strict_calculated": true, "mid_gap_of_max": 0.42244465540801834, "fill_fraction": 0.37119, "max_gap": 21.431715605337427}