{"gap": [5.050447181328693], "_status": {"tP12-PNO/3ad57f9f/strict-mpb-t/0000/71619727c462aee8624e4cc1fca3c276": 1, "tP12-PNO/3ad57f9f/mpb-tP12-PNO/0000/438ad3d930a248992f43b1601b27d9df": 1, "tP12-PNO/3ad57f9f/store_strict/0000/feade530173e8ab6e74a5b83ec82d43b": 1, "tP12-PNO/3ad57f9f/check_runnin/0000/1057783015397688e309ed528b2dc3a8": 1, "tP12-PNO/3ad57f9f/store_fill/0000/a977fcfea4cfb7a42e61b2adebbe0cf1": 1, "tP12-PNO/3ad57f9f/store_data/0000/d660682f5b7997bb65db367fd8da327b": 1}, "band_nos": [4], "strict_calculated": true, "gap_ranges": [[0.457129892277557, 0.4808151005026991]], "mid_gap_of_max": 0.46897249639012806, "fill_fraction": 0.163146, "max_gap": 5.050447181328693, "mid_gaps": [0.46897249639012806], "gap_range_of_max": [0.457129892277557, 0.4808151005026991]}