{"gap": [1.871065881149216], "fill_fraction": 0.211481, "mid_gap_of_max": 0.6694568743114762, "band_nos": [12], "_status": {"oP24-SiO2_r-/33546324/check_runnin/0000/f7b6cab534a6c2d56abf94c3ec1ccd97": 1, "oP24-SiO2_r-/33546324/mpb-oP24-SiO/0000/4fdefe3718ee1c4011977a1a48f4daf9": 1, "oP24-SiO2_r-/33546324/store_fill/0000/e0f72d245283ce53b125c93b20d4f0c3": 1, "oP24-SiO2_r-/33546324/store_strict/0000/868d0d61708f0a2d0a5f287c7902d313": 1, "oP24-SiO2_r-/33546324/strict-mpb-o/0000/70a949a0cb58d27a2dbb3531332a12f7": 1, "oP24-SiO2_r-/33546324/store_data/0000/e5ac72120a7b18eef6320ec5b0f47235": 1}, "mid_gaps": [0.6694568743114762], "gap_range_of_max": [0.663193884729351, 0.6757198638936013], "gap_ranges": [[0.663193884729351, 0.6757198638936013]], "max_gap": 1.871065881149216}