{"gap_ranges": [[0.2698447079891986, 0.30654862029221863]], "mid_gaps": [0.2881966641407086], "max_gap": 12.735717261841637, "band_nos": [2], "gap_range_of_max": [0.2698447079891986, 0.30654862029221863], "mid_gap_of_max": 0.2881966641407086, "gap": [12.735717261841637], "fill_fraction": 0.507685}