{"gap": [0.30278147609161793], "band_nos": [8], "gap_ranges": [[0.437691517000918, 0.4390187751827794]], "mid_gap_of_max": 0.43835514609184867, "fill_fraction": 0.511685, "run_me": true, "max_gap": 0.30278147609161793, "mid_gaps": [0.43835514609184867], "gap_range_of_max": [0.437691517000918, 0.4390187751827794]}