{"mid_gap_of_max": 0.8656783710442891, "band_nos": [], "gap": [3.511270323877888, 4.88610303808015], "gap_range_of_max": [0.84452940245049, 0.8868273396380882], "gap_ranges": [[0.654790623529383, 0.6781929518821795], [0.84452940245049, 0.8868273396380882]], "fill_fraction": 0.142179, "max_gap": 4.88610303808015, "mid_gaps": [0.6664917877057812, 0.8656783710442891]}