{"gap_ranges": [[0.2597755230381895, 0.2820186478397843]], "mid_gaps": [0.27089708543898694], "max_gap": 8.210913294083582, "band_nos": [2], "gap_range_of_max": [0.2597755230381895, 0.2820186478397843], "mid_gap_of_max": 0.27089708543898694, "gap": [8.210913294083582], "fill_fraction": 0.571588}