{"band_nos": [8], "max_gap": 0.8941286161665535, "mid_gaps": [0.31987972271511134], "gap_range_of_max": [0.318449654646056, 0.3213097907841667], "fill_fraction": 0.255797, "gap": [0.8941286161665535], "mid_gap_of_max": 0.31987972271511134, "gap_ranges": [[0.318449654646056, 0.3213097907841667]]}