{"strict_calculated": true, "fill_fraction": 0.266799, "gap_ranges": [[0.432054935955277, 0.4322252398846881]], "band_nos": [5], "mid_gap_of_max": 0.43214008791998254, "mid_gaps": [0.43214008791998254], "gap": [0.039409426288135416], "gap_range_of_max": [0.432054935955277, 0.4322252398846881], "max_gap": 0.039409426288135416}