{"mid_gap_of_max": 0.7338828512419813, "band_nos": [8], "max_gap": 10.971281831208392, "fill_fraction": 0.118325, "gap_range_of_max": [0.693624673281648, 0.7741410292023144], "gap": [10.971281831208392], "gap_ranges": [[0.693624673281648, 0.7741410292023144]], "mid_gaps": [0.7338828512419813]}