{
  "basis": [
    [
      -0.105,
      0.105,
      -0.25
    ],
    [
      0.105,
      -0.105,
      0.25
    ]
  ],
  "lattice_vectors": [
    [
      0.4373921439,
      -0.8992708782,
      0.0
    ],
    [
      0.4373921439,
      0.8992708782,
      0.0
    ],
    [
      0.0,
      0.0,
      1.5166396147
    ]
  ],
  "nbands": 20,
  "structure": "oC4-U"
}