{"gap": [9.144337577622775], "band_nos": [12], "gap_ranges": [[0.696418281522316, 0.7631523126811569]], "fill_fraction": 0.226671, "mid_gap_of_max": 0.7297852971017365, "mid_gaps": [0.7297852971017365], "gap_range_of_max": [0.696418281522316, 0.7631523126811569], "max_gap": 9.144337577622775}