{"fill_fraction": 0.161215, "band_nos": [2], "mid_gaps": [0.4682250480417948], "gap_range_of_max": [0.4164280238197, 0.5200220722638896], "gap_ranges": [[0.4164280238197, 0.5200220722638896]], "mid_gap_of_max": 0.4682250480417948, "gap": [22.12484122270559], "max_gap": 22.12484122270559}