{"mid_gap_of_max": 0.5506263157009579, "gap_ranges": [[0.528973626377635, 0.5722790050242809]], "band_nos": [16], "fill_fraction": 0.255623, "gap_range_of_max": [0.528973626377635, 0.5722790050242809], "mid_gaps": [0.5506263157009579], "max_gap": 7.864749179580474, "gap": [7.864749179580474]}