{"mid_gap_of_max": 0.2984513529459879, "gap": [17.033703120830957], "mid_gaps": [0.2984513529459879], "gap_ranges": [[0.2730326942355264, 0.3238700116564494]], "strict_calculated": true, "fill_fraction": 0.35542, "gap_range_of_max": [0.2730326942355264, 0.3238700116564494], "band_nos": [4], "max_gap": 17.033703120830957}