{"band_nos": [2], "gap": [2.6791962728365766], "gap_range_of_max": [0.4921445048013704, 0.5055090532732488], "max_gap": 2.6791962728365766, "mid_gap_of_max": 0.4988267790373096, "gap_ranges": [[0.4921445048013704, 0.5055090532732488]], "fill_fraction": 0.337226, "mid_gaps": [0.4988267790373096]}