{
  "basis": [
    [
      -0.29133333333333333,
      -0.25333333333333335,
      -0.2803333333333333
    ],
    [
      0.37466666666666665,
      0.33666666666666667,
      0.21966666666666668
    ],
    [
      0.37466666666666665,
      -0.25333333333333335,
      -0.13633333333333333
    ],
    [
      -0.29133333333333333,
      0.33666666666666667,
      0.3636666666666667
    ],
    [
      0.20866666666666667,
      0.24666666666666667,
      -0.2803333333333333
    ],
    [
      -0.12533333333333332,
      -0.16333333333333333,
      0.21966666666666668
    ],
    [
      -0.12533333333333332,
      0.24666666666666667,
      -0.13633333333333333
    ],
    [
      0.20866666666666667,
      -0.16333333333333333,
      0.3636666666666667
    ],
    [
      -0.29133333333333333,
      -0.4583333333333333,
      -0.4583333333333333
    ],
    [
      0.37466666666666665,
      -0.4583333333333333,
      0.041666666666666664
    ],
    [
      0.20866666666666667,
      0.041666666666666664,
      -0.4583333333333333
    ],
    [
      -0.12533333333333332,
      0.041666666666666664,
      0.041666666666666664
    ],
    [
      -0.4583333333333333,
      -0.20833333333333334,
      -0.20833333333333334
    ],
    [
      -0.4583333333333333,
      0.2916666666666667,
      0.2916666666666667
    ],
    [
      0.041666666666666664,
      0.2916666666666667,
      -0.20833333333333334
    ],
    [
      0.041666666666666664,
      -0.20833333333333334,
      0.2916666666666667
    ],
    [
      -0.20833333333333334,
      -0.0033333333333333335,
      -0.20833333333333334
    ],
    [
      0.2916666666666667,
      0.08666666666666667,
      0.2916666666666667
    ],
    [
      0.2916666666666667,
      -0.0033333333333333335,
      -0.20833333333333334
    ],
    [
      -0.20833333333333334,
      0.08666666666666667,
      0.2916666666666667
    ],
    [
      0.2916666666666667,
      0.49666666666666665,
      -0.20833333333333334
    ],
    [
      -0.20833333333333334,
      -0.41333333333333333,
      0.2916666666666667
    ],
    [
      -0.20833333333333334,
      0.49666666666666665,
      -0.20833333333333334
    ],
    [
      0.2916666666666667,
      -0.41333333333333333,
      0.2916666666666667
    ]
  ],
  "structure": "oC48-H2O_r",
  "nbands": 20,
  "lattice_vectors": [
    [
      1.0,
      0.0,
      0.0
    ],
    [
      0.0,
      0.5769230628,
      0.0
    ],
    [
      0.0,
      0.0,
      0.7128204881
    ]
  ]
}