{"band_nos": [4], "mid_gap_of_max": 0.4476850075300348, "gap_ranges": [[0.444866774314684, 0.45050324074538556]], "gap_range_of_max": [0.444866774314684, 0.45050324074538556], "max_gap": 1.2590250591142471, "mid_gaps": [0.4476850075300348], "fill_fraction": 0.166129, "gap": [1.2590250591142471]}