{"mid_gaps": [0.2707431452053892], "gap_ranges": [[0.252357781683364, 0.28912850872741447]], "mid_gap_of_max": 0.2707431452053892, "fill_fraction": 0.534773, "strict_calculated": true, "gap": [13.581406471493432], "band_nos": [2], "gap_range_of_max": [0.252357781683364, 0.28912850872741447], "max_gap": 13.581406471493432}