{"fill_fraction": 0.142718, "mid_gap_of_max": 0.8580169276991172, "gap": [11.201788219165108], "max_gap": 11.201788219165108, "gap_ranges": [[0.809960308136396, 0.9060735472618383]], "gap_range_of_max": [0.809960308136396, 0.9060735472618383], "band_nos": [8], "mid_gaps": [0.8580169276991172]}