{"band_nos": [4], "fill_fraction": 0.176571, "max_gap": 19.14019882079719, "gap": [19.14019882079719], "gap_ranges": [[0.3510503169608461, 0.4253528741783768]], "gap_range_of_max": [0.3510503169608461, 0.4253528741783768], "mid_gaps": [0.3882015955696114], "strict_calculated": true, "mid_gap_of_max": 0.3882015955696114}