{"gap_ranges": [[0.2784992826071299, 0.2928266293348518]], "max_gap": 5.015472404891304, "gap_range_of_max": [0.2784992826071299, 0.2928266293348518], "mid_gaps": [0.2856629559709909], "band_nos": [4], "gap": [5.015472404891304], "fill_fraction": 0.366759, "mid_gap_of_max": 0.2856629559709909}