{"mid_gaps": [0.4294793444719113], "gap_ranges": [[0.42502880067206, 0.43392988827176254]], "fill_fraction": 0.382892, "max_gap": 2.0725298467245934, "gap_range_of_max": [0.42502880067206, 0.43392988827176254], "band_nos": [2], "gap": [2.0725298467245934], "mid_gap_of_max": 0.4294793444719113}