{"band_nos": [2], "max_gap": 2.7155337746089705, "mid_gaps": [0.5106249523883586], "gap_ranges": [[0.503691855866515, 0.5175580489102022]], "mid_gap_of_max": 0.5106249523883586, "fill_fraction": 0.184906, "gap_range_of_max": [0.503691855866515, 0.5175580489102022], "gap": [2.7155337746089705]}