{"mid_gap_of_max": 0.5030332400795297, "gap": [5.877888900956935], "max_gap": 5.877888900956935, "strict_calculated": true, "mid_gaps": [0.5030332400795297], "gap_range_of_max": [0.48824937258615, 0.5178171075729092], "fill_fraction": 0.342821, "band_nos": [10], "gap_ranges": [[0.48824937258615, 0.5178171075729092]]}