{"_status": {"tP28-Mg2TiO4/a785bfac/store_data/0000/da3be8994224395649b4d81c90b517d5": 1, "tP28-Mg2TiO4/a785bfac/strict-mpb-t/0000/90506f5d4ba40a7da3ae654f49605dc2": 1, "tP28-Mg2TiO4/a785bfac/store_fill/0000/42236a09bfbc1c16c55d3cf8a4825f52": 1, "tP28-Mg2TiO4/a785bfac/mpb-tP28-Mg2/0000/bbd526dfc7a6b3a535df7440c0143c78": 1, "tP28-Mg2TiO4/a785bfac/check_runnin/0000/0cd0e968f2b4fd3d4e26a6989964a421": 1, "tP28-Mg2TiO4/a785bfac/store_strict/0000/5e2ffe0c15b024599e0bb3f3243822d9": 1}, "gap_ranges": [[0.614351382566609, 0.6332081018417873]], "mid_gap_of_max": 0.6237797422041982, "fill_fraction": 0.164927, "mid_gaps": [0.6237797422041982], "gap_range_of_max": [0.614351382566609, 0.6332081018417873], "band_nos": [16], "gap": [3.0229771823857763], "strict_calculated": true, "max_gap": 3.0229771823857763}