{"fill_fraction": 0.164927, "inspect": true, "gap": [3.0229771823857763], "max_gap": 3.0229771823857763, "band_nos": [16], "gap_ranges": [[0.6143513825666096, 0.6332081018417873]], "gap_range_of_max": [0.6143513825666096, 0.6332081018417873], "mid_gaps": [0.6237797422041984], "mid_gap_of_max": 0.6237797422041984}