{"mid_gaps": [0.7534247964784258], "gap_ranges": [[0.753041353788157, 0.7538082391686947]], "mid_gap_of_max": 0.7534247964784258, "fill_fraction": 0.145497, "strict_calculated": true, "gap": [0.10178658628196913], "band_nos": [13], "gap_range_of_max": [0.753041353788157, 0.7538082391686947], "max_gap": 0.10178658628196913}