{"gap_range_of_max": [0.245189027243206, 0.25827572844940283], "strict_calculated": true, "max_gap": 5.198656334222735, "mid_gap_of_max": 0.2517323778463044, "gap": [5.198656334222735], "band_nos": [2], "gap_ranges": [[0.245189027243206, 0.25827572844940283]], "mid_gaps": [0.2517323778463044], "fill_fraction": 0.540353}