{"band_nos": [5], "mid_gaps": [0.5534186183977938], "gap": [2.5687924997558587], "gap_range_of_max": [0.546310530416966, 0.5605267063786216], "gap_ranges": [[0.546310530416966, 0.5605267063786216]], "fill_fraction": 0.146801, "max_gap": 2.5687924997558587, "mid_gap_of_max": 0.5534186183977938}