{"mid_gaps": [0.44502097264239915], "gap_ranges": [[0.438591999734854, 0.4514499455499443]], "fill_fraction": 0.343482, "max_gap": 2.8892898549799075, "mid_gap_of_max": 0.44502097264239915, "band_nos": [2], "gap": [2.8892898549799075], "gap_range_of_max": [0.438591999734854, 0.4514499455499443]}