{"max_gap": 19.27628851825106, "gap": [19.27628851825106], "fill_fraction": 0.200953, "gap_ranges": [[0.504666090168776, 0.6123231217747647]], "gap_range_of_max": [0.504666090168776, 0.6123231217747647], "mid_gap_of_max": 0.5584946059717704, "mid_gaps": [0.5584946059717704], "band_nos": [8]}