{"gap": [6.396279177209473], "gap_range_of_max": [0.4818697390163149, 0.5137097611470735], "band_nos": [6], "mid_gap_of_max": 0.4977897500816942, "max_gap": 6.396279177209473, "gap_ranges": [[0.4818697390163149, 0.5137097611470735]], "fill_fraction": 0.181448, "mid_gaps": [0.4977897500816942]}