{"fill_fraction": 0.305311, "mid_gaps": [0.3330917459798694], "gap": [5.0556591865528455], "max_gap": 5.0556591865528455, "band_nos": [4], "gap_range_of_max": [0.3246717542522291, 0.3415117377075097], "gap_ranges": [[0.3246717542522291, 0.3415117377075097]], "mid_gap_of_max": 0.3330917459798694}