{
  "nbands": 20,
  "structure": "tP80-Yb3Ge13Pt4_r",
  "lattice_vectors": [
    [
      1.0,
      0.0,
      0.0
    ],
    [
      0.0,
      1.0,
      0.0
    ],
    [
      0.0,
      0.0,
      0.70606923
    ]
  ],
  "basis": [
    [
      -0.4875,
      -0.4875,
      -0.414731
    ],
    [
      -0.4875,
      -0.4875,
      0.085269
    ],
    [
      0.0125,
      0.0125,
      -0.413931
    ],
    [
      0.0125,
      0.0125,
      0.086069
    ],
    [
      -0.1095,
      -0.36,
      -0.156931
    ],
    [
      0.1345,
      0.385,
      -0.156931
    ],
    [
      0.385,
      -0.1095,
      0.343069
    ],
    [
      -0.36,
      0.1345,
      0.343069
    ],
    [
      -0.1095,
      0.385,
      0.343069
    ],
    [
      0.1345,
      -0.36,
      0.343069
    ],
    [
      0.385,
      0.1345,
      -0.156931
    ],
    [
      -0.36,
      -0.1095,
      -0.156931
    ],
    [
      -0.3157,
      -0.3157,
      -0.311231
    ],
    [
      0.3407,
      0.3407,
      -0.311231
    ],
    [
      0.3407,
      -0.3157,
      0.188769
    ],
    [
      -0.3157,
      0.3407,
      0.188769
    ],
    [
      -0.2404,
      -0.2404,
      0.342969
    ],
    [
      0.2654,
      0.2654,
      0.342969
    ],
    [
      0.2654,
      -0.2404,
      -0.157031
    ],
    [
      -0.2404,
      0.2654,
      -0.157031
    ],
    [
      -0.3148,
      -0.3148,
      -0.001631
    ],
    [
      0.3398,
      0.3398,
      -0.001631
    ],
    [
      0.3398,
      -0.3148,
      0.498369
    ],
    [
      -0.3148,
      0.3398,
      0.498369
    ],
    [
      -0.1735,
      -0.1735,
      -0.378331
    ],
    [
      0.1985,
      0.1985,
      -0.378331
    ],
    [
      0.1985,
      -0.1735,
      0.121669
    ],
    [
      -0.1735,
      0.1985,
      0.121669
    ],
    [
      -0.1767,
      -0.1767,
      0.096369
    ],
    [
      0.2017,
      0.2017,
      0.096369
    ],
    [
      0.2017,
      -0.1767,
      -0.403631
    ],
    [
      -0.1767,
      0.2017,
      -0.403631
    ],
    [
      0.1297,
      -0.3668,
      -0.045431
    ],
    [
      -0.1047,
      0.3918,
      -0.045431
    ],
    [
      0.3918,
      0.1297,
      0.454569
    ],
    [
      -0.3668,
      -0.1047,
      0.454569
    ],
    [
      0.1297,
      0.3918,
      0.454569
    ],
    [
      -0.1047,
      -0.3668,
      0.454569
    ],
    [
      0.3918,
      -0.1047,
      -0.045431
    ],
    [
      -0.3668,
      0.1297,
      -0.045431
    ],
    [
      0.0112,
      -0.1432,
      -0.159431
    ],
    [
      0.0138,
      0.1682,
      -0.159431
    ],
    [
      0.1682,
      0.0112,
      0.340569
    ],
    [
      -0.1432,
      0.0138,
      0.340569
    ],
    [
      0.0112,
      0.1682,
      0.340569
    ],
    [
      0.0138,
      -0.1432,
      0.340569
    ],
    [
      0.1682,
      0.0138,
      -0.159431
    ],
    [
      -0.1432,
      0.0112,
      -0.159431
    ],
    [
      0.0872,
      -0.4119,
      -0.322231
    ],
    [
      -0.0622,
      0.4369,
      -0.322231
    ],
    [
      0.4369,
      0.0872,
      0.177769
    ],
    [
      -0.4119,
      -0.0622,
      0.177769
    ],
    [
      0.0872,
      0.4369,
      0.177769
    ],
    [
      -0.0622,
      -0.4119,
      0.177769
    ],
    [
      0.4369,
      -0.0622,
      -0.322231
    ],
    [
      -0.4119,
      0.0872,
      -0.322231
    ],
    [
      -0.3112,
      -0.4453,
      0.336469
    ],
    [
      0.3362,
      0.4703,
      0.336469
    ],
    [
      0.4703,
      -0.3112,
      -0.163531
    ],
    [
      -0.4453,
      0.3362,
      -0.163531
    ],
    [
      -0.3112,
      0.4703,
      -0.163531
    ],
    [
      0.3362,
      -0.4453,
      -0.163531
    ],
    [
      0.4703,
      0.3362,
      0.336469
    ],
    [
      -0.4453,
      -0.3112,
      0.336469
    ],
    [
      0.0136,
      -0.2371,
      -0.408821
    ],
    [
      0.0114,
      0.2621,
      -0.408821
    ],
    [
      0.2621,
      0.0136,
      0.091179
    ],
    [
      -0.2371,
      0.0114,
      0.091179
    ],
    [
      0.0136,
      0.2621,
      0.091179
    ],
    [
      0.0114,
      -0.2371,
      0.091179
    ],
    [
      0.2621,
      0.0114,
      -0.408821
    ],
    [
      -0.2371,
      0.0136,
      -0.408821
    ],
    [
      -0.2356,
      -0.486,
      -0.410531
    ],
    [
      0.2606,
      0.511,
      -0.410531
    ],
    [
      0.511,
      -0.2356,
      0.089469
    ],
    [
      -0.486,
      0.2606,
      0.089469
    ],
    [
      -0.2356,
      0.511,
      0.089469
    ],
    [
      0.2606,
      -0.486,
      0.089469
    ],
    [
      0.511,
      0.2606,
      -0.410531
    ],
    [
      -0.486,
      -0.2356,
      -0.410531
    ]
  ]
}