{"gap_ranges": [[0.555601656128412, 0.5773971843026471]], "gap_range_of_max": [0.555601656128412, 0.5773971843026471], "band_nos": [12], "mid_gap_of_max": 0.5664994202155296, "gap": [3.8474052040410944], "max_gap": 3.8474052040410944, "fill_fraction": 0.234248, "strict_calculated": true, "mid_gaps": [0.5664994202155296]}