{"fill_fraction": 0.497348, "mid_gaps": [0.6375601391722034], "strict_calculated": true, "max_gap": 3.219984249506841, "gap": [3.219984249506841], "gap_range_of_max": [0.62729547114096, 0.6478248072034469], "mid_gap_of_max": 0.6375601391722034, "band_nos": [12], "gap_ranges": [[0.62729547114096, 0.6478248072034469]]}