{"mid_gaps": [0.7596771285150166], "fill_fraction": 0.191776, "max_gap": 4.40626401074658, "strict_calculated": true, "gap_ranges": [[0.742940438559201, 0.7764138184708321]], "gap": [4.40626401074658], "gap_range_of_max": [0.742940438559201, 0.7764138184708321], "mid_gap_of_max": 0.7596771285150166, "band_nos": [16]}