{"mid_gap_of_max": 0.4365076850058374, "band_nos": [2], "gap": [0.06318261502165383], "gap_ranges": [[0.4363697865207588, 0.43664558349091603]], "max_gap": 0.06318261502165383, "mid_gaps": [0.4365076850058374], "gap_range_of_max": [0.4363697865207588, 0.43664558349091603], "fill_fraction": 0.349786}