{"fill_fraction": 0.428693, "max_gap": 12.292683629289273, "mid_gap_of_max": 0.5135773913004743, "band_nos": [8], "gap_range_of_max": [0.4820111693484121, 0.5451436132525365], "gap_ranges": [[0.4820111693484121, 0.5451436132525365]], "mid_gaps": [0.5135773913004743], "gap": [12.292683629289273]}