{"_status": {"hP4-AlAgS2-1/461e6396/store_data/0000/3bf9d710dbc0d2b64d9971d8a2c08243": 1, "hP4-AlAgS2-1/461e6396/check_runnin/0000/e4dfa2b7e4bcdcc868d3c421c32ffc0f": 1, "hP4-AlAgS2-1/461e6396/store_fill/0000/460e632e9f43f3ed9138730ed01a39db": 1, "hP4-AlAgS2-1/461e6396/store_strict/0000/5fcbf6ad0af52e095a7838925728d142": 1, "hP4-AlAgS2-1/461e6396/strict-mpb-h/0000/fff9f63a7ebb7b563667832f6a57bbfd": 1, "hP4-AlAgS2-1/461e6396/mpb-hP4-AlAg/0000/d418d7042c8c443bb9d8b8bbfaad97f8": 1}, "mid_gap_of_max": 0.5233015469578413, "gap_ranges": [[0.521216824008938, 0.5253862699067446]], "band_nos": [18], "fill_fraction": 0.324408, "mid_gaps": [0.5233015469578413], "gap": [0.7967578009361614], "max_gap": 0.7967578009361614, "gap_range_of_max": [0.521216824008938, 0.5253862699067446]}