{"gap_ranges": [[0.693621184681523, 0.7108369638918607]], "band_nos": [12], "mid_gaps": [0.7022290742866919], "mid_gap_of_max": 0.7022290742866919, "fill_fraction": 0.209465, "gap_range_of_max": [0.693621184681523, 0.7108369638918607], "max_gap": 2.451590206205126, "gap": [2.451590206205126]}