{"mid_gap_of_max": 0.35625203071183376, "fill_fraction": 0.189162, "band_nos": [4], "run_me": true, "mid_gaps": [0.35625203071183376], "max_gap": 0.14266557488229856, "gap_ranges": [[0.355997906208011, 0.3565061552156565]], "_status": {"tP4-OPd_r-14/81b2400f/mpb-tP4-OPd_/0000/211943cf497d576fac9c8f3da23ccc1c": 7, "tP4-OPd_r-14/81b2400f/store_strict/0000/50a42aed1b8cb81ce9cc19394a9b0725": 1, "tP4-OPd_r-14/81b2400f/store_data/0000/4ab424b7c42bf742ad1bed47b786fb3d": 1, "tP4-OPd_r-14/81b2400f/store_fill/0000/9545a10e36f8ac324737b79745cb0b0c": 1, "tP4-OPd_r-14/81b2400f/check_runnin/0000/3c19d7ed0f71f76f1ad1401933a4fbf4": 1, "tP4-OPd_r-14/81b2400f/strict-mpb-t/0000/d110a347c663bc224cdf66c799517609": 1}, "gap_range_of_max": [0.355997906208011, 0.3565061552156565], "gap": [0.14266557488229856]}