{
  "basis": [
    [
      0.25,
      0.25,
      0.25
    ],
    [
      -0.25,
      -0.25,
      -0.25
    ],
    [
      0.25,
      -0.25,
      0.25
    ],
    [
      -0.25,
      0.25,
      -0.25
    ],
    [
      -0.25,
      -0.25,
      0.25
    ],
    [
      0.25,
      0.25,
      -0.25
    ],
    [
      0.25,
      -0.25,
      -0.25
    ],
    [
      -0.25,
      0.25,
      0.25
    ],
    [
      0.125,
      -0.375,
      0.125
    ],
    [
      -0.125,
      0.375,
      -0.125
    ],
    [
      0.125,
      0.125,
      -0.375
    ],
    [
      -0.125,
      -0.125,
      0.375
    ],
    [
      -0.375,
      0.125,
      0.125
    ],
    [
      0.375,
      -0.125,
      -0.125
    ],
    [
      0.125,
      0.125,
      0.125
    ],
    [
      -0.125,
      -0.125,
      -0.125
    ]
  ],
  "structure": "cF64-FeNiS2",
  "nbands": 20,
  "lattice_vectors": [
    [
      0.0,
      0.7071067812,
      0.7071067812
    ],
    [
      0.7071067812,
      0.0,
      0.7071067812
    ],
    [
      0.7071067812,
      0.7071067812,
      0.0
    ]
  ]
}