{"band_nos": [8], "mid_gaps": [0.48800671781202654], "max_gap": 4.553997791505161, "gap_range_of_max": [0.476894810236248, 0.4991186253878051], "gap_ranges": [[0.476894810236248, 0.4991186253878051]], "mid_gap_of_max": 0.48800671781202654, "gap": [4.553997791505161], "fill_fraction": 0.4334, "strict_calculated": true}