{"max_gap": 5.368149368396957, "mid_gaps": [0.3924122065331655], "gap_range_of_max": [0.381879569839904, 0.402944843226427], "gap_ranges": [[0.381879569839904, 0.402944843226427]], "gap": [5.368149368396957], "mid_gap_of_max": 0.3924122065331655, "fill_fraction": 0.403047, "band_nos": [2]}