{"gap_range_of_max": [0.25520340558355, 0.2724406167316284], "gap_ranges": [[0.25520340558355, 0.2724406167316284]], "fill_fraction": 0.526524, "strict_calculated": true, "max_gap": 6.533651635981903, "mid_gap_of_max": 0.2638220111575892, "mid_gaps": [0.2638220111575892], "gap": [6.533651635981903], "band_nos": [2]}