{"gap": [12.002912194349216], "gap_range_of_max": [0.336240189254463, 0.37917555080649895], "gap_ranges": [[0.336240189254463, 0.37917555080649895]], "fill_fraction": 0.4474, "mid_gaps": [0.357707870030481], "band_nos": [2], "mid_gap_of_max": 0.357707870030481, "max_gap": 12.002912194349216}