{"band_nos": [2], "gap_ranges": [[0.3701782545782272, 0.4464965521310563]], "fill_fraction": 0.243068, "gap": [18.690009028280596], "max_gap": 18.690009028280596, "mid_gaps": [0.40833740335464175], "mid_gap_of_max": 0.40833740335464175, "gap_range_of_max": [0.3701782545782272, 0.4464965521310563]}