{"band_nos": [4], "gap_range_of_max": [0.3129390592071331, 0.32798989984160953], "mid_gaps": [0.3204644795243713], "mid_gap_of_max": 0.3204644795243713, "strict_calculated": true, "max_gap": 4.696570632980793, "gap": [4.696570632980793], "gap_ranges": [[0.3129390592071331, 0.32798989984160953]], "fill_fraction": 0.30198}