{"gap_ranges": [[0.362066400458627, 0.45418796836510894]], "gap": [22.57177944155652], "mid_gaps": [0.40812718441186796], "fill_fraction": 0.21092, "gap_range_of_max": [0.362066400458627, 0.45418796836510894], "band_nos": [2], "max_gap": 22.57177944155652, "mid_gap_of_max": 0.40812718441186796}