{
  "lattice_vectors": [
    [
      1.0,
      0.0,
      0.0
    ],
    [
      0.0,
      1.0170068235,
      0.0
    ],
    [
      -0.4829767171,
      0.0,
      0.8756331942
    ]
  ],
  "structure": "mP8-Bi",
  "nbands": 20,
  "basis": [
    [
      0.3123,
      0.1775,
      0.321
    ],
    [
      0.6877,
      0.8225,
      0.679
    ],
    [
      0.1877,
      0.6775,
      0.179
    ],
    [
      0.8123,
      0.3225,
      0.821
    ],
    [
      0.7721,
      0.0039,
      0.1924
    ],
    [
      0.2279,
      0.9961,
      0.8076
    ],
    [
      0.7279,
      0.5039,
      0.3076
    ],
    [
      0.2721,
      0.4961,
      0.6924
    ]
  ]
}