{"mid_gaps": [0.5736863310185836], "mid_gap_of_max": 0.5736863310185836, "strict_calculated": true, "gap": [21.30867258219522], "gap_range_of_max": [0.512563860055804, 0.6348088019813631], "band_nos": [16], "max_gap": 21.30867258219522, "fill_fraction": 0.162279, "gap_ranges": [[0.512563860055804, 0.6348088019813631]]}