{"max_gap": 0.706882248434033, "gap_range_of_max": [0.504381376448173, 0.5079594050873404], "gap": [0.706882248434033], "fill_fraction": 0.306736, "mid_gaps": [0.5061703907677567], "band_nos": [8], "mid_gap_of_max": 0.5061703907677567, "gap_ranges": [[0.504381376448173, 0.5079594050873404]]}