{"gap": [12.285970872392312, 3.0673269988667204], "mid_gaps": [0.5253626296685515, 0.6412398367168892], "strict_calculated": true, "band_nos": [5, 8], "gap_range_of_max": [0.493089679840795, 0.557635579496308], "max_gap": 12.285970872392312, "gap_ranges": [[0.493089679840795, 0.557635579496308], [0.631405375397336, 0.6510742980364425]], "mid_gap_of_max": 0.5253626296685515, "fill_fraction": 0.127872}