{"mid_gap_of_max": 0.44714848445416255, "mid_gaps": [0.44714848445416255], "fill_fraction": 0.638416, "gap": [0.2722523515701525], "strict_calculated": true, "band_nos": [12], "gap_range_of_max": [0.446539798322194, 0.44775717058613107], "max_gap": 0.2722523515701525, "gap_ranges": [[0.446539798322194, 0.44775717058613107]]}