{"max_gap": 13.668087459374307, "fill_fraction": 0.284453, "mid_gap_of_max": 0.5572278408594482, "band_nos": [4], "gap_range_of_max": [0.519146646541122, 0.5953090351777746], "gap": [13.668087459374307], "strict_calculated": true, "mid_gaps": [0.5572278408594482], "gap_ranges": [[0.519146646541122, 0.5953090351777746]]}