{"_status": {"mC12-As_r-14/87903ba6/store_fill/0000/86acaa4c2d9d59ac30e89ca59fb787cb": 1, "mC12-As_r-14/87903ba6/store_strict/0000/8ff912c52db5f6ad103b6957e15cbb89": 1, "mC12-As_r-14/87903ba6/mpb-mC12-As_/0000/264cc46f282f8bf0a5af2bab4694709f": 4, "mC12-As_r-14/87903ba6/check_runnin/0000/65950ebb914f9a5ac29df1f9f66541ea": 1, "mC12-As_r-14/87903ba6/store_data/0000/c846ed1b104f67a742966215d938f510": 1, "mC12-As_r-14/87903ba6/strict-mpb-m/0000/597f61f6e8eb2152b09b968959ed73a6": 1}, "run_me": true, "max_gap": 0.8302929938958025, "fill_fraction": 0.263754, "gap_ranges": [[0.4306844815711321, 0.4342753319369179]], "band_nos": [12], "gap_range_of_max": [0.4306844815711321, 0.4342753319369179], "gap": [0.8302929938958025], "mid_gap_of_max": 0.43247990675402503, "mid_gaps": [0.43247990675402503]}