{
  "basis": [
    [
      0.0,
      0.0,
      0.0
    ],
    [
      0.5,
      0.5,
      0.267
    ],
    [
      0.5,
      0.5,
      0.733
    ],
    [
      0.5,
      0.5,
      0.0
    ],
    [
      0.0,
      0.0,
      0.3263
    ],
    [
      0.0,
      0.0,
      0.6737
    ],
    [
      0.0,
      0.0,
      0.5
    ]
  ],
  "lattice_vectors": [
    [
      1.0,
      0.0,
      0.0
    ],
    [
      0.0,
      1.0130281224,
      0.0
    ],
    [
      0.0,
      0.0,
      2.4894125213
    ]
  ],
  "nbands": 20,
  "structure": "oP7-Mg2BN2"
}