{"global_point_groups": ["2/m", "1", "-1", "2", "m"], "std_lattice": [[1.0, 0.0, 0.0], [0.0, 1.5038858202, 0.0], [-0.9858104208, 0.0, 1.4862571381]], "number": 14, "equivalent_atoms": [0, 0, 0, 0, 4, 4, 4, 4, 8, 8, 8, 8, 12, 12, 12, 12, 16, 16, 16, 16, 20, 20, 20, 20, 24, 24, 24, 24, 28, 28, 28, 28, 32, 32, 32, 32, 36, 36, 36, 36, 40, 40, 40, 40, 44, 44, 44, 44, 48, 48, 48, 48, 52, 52, 52, 52, 56, 56, 56, 56, 60, 60, 60, 60, 64, 64, 64, 64, 68, 68, 68, 68, 72, 72, 72, 72, 76, 76, 76, 76, 80, 80, 80, 80, 84, 84, 84, 84, 88, 88, 88, 88, 92, 92, 92, 92, 96, 96, 96, 96, 100, 100, 100, 100, 104, 104, 104, 104, 108, 108, 108, 108, 112, 112, 112, 112, 116, 116, 116, 116, 120, 120, 120, 120, 124, 124, 124, 124, 128, 128, 128, 128, 132, 132, 132, 132, 136, 136, 136, 136, 140, 140, 140, 140, 144, 144, 144, 144, 148, 148, 148, 148, 152, 152, 152, 152, 156, 156, 156, 156, 160, 160, 160, 160, 164, 164, 164, 164, 168, 168, 168, 168, 172, 172, 172, 172, 176, 176, 176, 176, 180, 180, 180, 180, 184, 184, 184, 184, 188, 188, 188, 188, 192, 192, 192, 192, 196, 196, 196, 196, 200, 200, 200, 200, 204, 204, 204, 204, 208, 208, 208, 208, 212, 212, 212, 212, 216, 216, 216, 216, 220, 220, 220, 220, 224, 224, 224, 224, 228, 228, 228, 228, 232, 232, 232, 232, 236, 236, 236, 236, 240, 240, 240, 240, 244, 244, 244, 244, 248, 248, 248, 248, 252, 252, 252, 252, 256, 256, 256, 256, 260, 260, 260, 260, 264, 264, 264, 264, 268, 268, 268, 268, 272, 272, 272, 272, 276, 276, 276, 276, 280, 280, 280, 280, 284, 284, 284, 284], "wyckoffs": ["e", "e", "e", "e", "e", "e", "e", "e", "e", "e", "e", "e", "e", "e", "e", "e", "e", "e", "e", "e", "e", "e", "e", "e", "e", "e", "e", "e", "e", "e", "e", "e", "e", "e", "e", "e", "e", "e", "e", "e", "e", "e", "e", "e", "e", "e", "e", "e", "e", "e", "e", "e", "e", "e", "e", "e", "e", "e", "e", "e", "e", "e", "e", "e", "e", "e", "e", "e", "e", "e", "e", "e", "e", "e", "e", "e", "e", "e", "e", "e", "e", "e", "e", "e", "e", "e", "e", "e", "e", "e", "e", "e", "e", "e", "e", "e", "e", "e", "e", "e", "e", "e", "e", "e", "e", "e", "e", "e", "e", "e", "e", "e", "e", "e", "e", "e", "e", "e", "e", "e", "e", "e", "e", "e", "e", "e", "e", "e", "e", "e", "e", "e", "e", "e", "e", "e", "e", "e", "e", "e", "e", "e", "e", "e", "e", "e", "e", "e", "e", "e", "e", "e", "e", "e", "e", "e", "e", "e", "e", "e", "e", "e", "e", "e", "e", "e", "e", "e", "e", "e", "e", "e", "e", "e", "e", "e", "e", "e", "e", "e", "e", "e", "e", "e", "e", "e", "e", "e", "e", "e", "e", "e", "e", "e", "e", "e", "e", "e", "e", "e", "e", "e", "e", "e", "e", "e", "e", "e", "e", "e", "e", "e", "e", "e", "e", "e", "e", "e", "e", "e", "e", "e", "e", "e", "e", "e", "e", "e", "e", "e", "e", "e", "e", "e", "e", "e", "e", "e", "e", "e", "e", "e", "e", "e", "e", "e", "e", "e", "e", "e", "e", "e", "e", "e", "e", "e", "e", "e", "e", "e", "e", "e", "e", "e", "e", "e", "e", "e", "e", "e", "e", "e", "e", "e", "e", "e", "e", "e", "e", "e", "e", "e", "e", "e", "e", "e", "e", "e"], "std_positions": [[0.37798, 0.92088, 0.55577], [0.62202, 0.07912, 0.44423], [0.62202, 0.42088, 0.94423], [0.37798, 0.57912, 0.05577], [0.19747, 0.81297, 0.53048], [0.80253, 0.18703, 0.46952], [0.80253, 0.31297, 0.96952], [0.19747, 0.68703, 0.03048], [0.01204, 0.77954, 0.5624], [0.98796, 0.22046, 0.4376], [0.98796, 0.27954, 0.9376], [0.01204, 0.72046, 0.0624], [0.02706, 0.62369, 0.56265], [0.97294, 0.37631, 0.43735], [0.97294, 0.12369, 0.93735], [0.02706, 0.87631, 0.06265], [0.20536, 0.57607, 0.528], [0.79464, 0.42393, 0.472], [0.79464, 0.07607, 0.972], [0.20536, 0.92393, 0.028], [0.37146, 0.69445, 0.55598], [0.62854, 0.30555, 0.44402], [0.62854, 0.19445, 0.94402], [0.37146, 0.80555, 0.05598], [0.14799, 0.92506, 0.32847], [0.85201, 0.07494, 0.67153], [0.85201, 0.42506, 0.17153], [0.14799, 0.57494, 0.82847], [0.04768, 0.81199, 0.37305], [0.95232, 0.18801, 0.62695], [0.95232, 0.31199, 0.12695], [0.04768, 0.68801, 0.87305], [0.78859, 0.77325, 0.32432], [0.21141, 0.22675, 0.67568], [0.21141, 0.27325, 0.17568], [0.78859, 0.72675, 0.82432], [0.79015, 0.61904, 0.32405], [0.20985, 0.38096, 0.67595], [0.20985, 0.11904, 0.17595], [0.79015, 0.88096, 0.82405], [0.0469, 0.57139, 0.37048], [0.9531, 0.42861, 0.62952], [0.9531, 0.07139, 0.12952], [0.0469, 0.92861, 0.87048], [0.14842, 0.69057, 0.33397], [0.85158, 0.30943, 0.66603], [0.85158, 0.19057, 0.16603], [0.14842, 0.80943, 0.83397], [0.22241, 0.42755, 0.55715], [0.77759, 0.57245, 0.44285], [0.77759, 0.92755, 0.94285], [0.22241, 0.07245, 0.05715], [0.33973, 0.31204, 0.52737], [0.66027, 0.68796, 0.47263], [0.66027, 0.81204, 0.97263], [0.33973, 0.18796, 0.02737], [0.40908, 0.72251, 0.43887], [0.59092, 0.27749, 0.56113], [0.59092, 0.22251, 0.06113], [0.40908, 0.77749, 0.93887], [0.40229, 0.87831, 0.4358], [0.59771, 0.12169, 0.5642], [0.59771, 0.37831, 0.0642], [0.40229, 0.62169, 0.9358], [0.65212, 0.92873, 0.47293], [0.34788, 0.07127, 0.52707], [0.34788, 0.42873, 0.02707], [0.65212, 0.57127, 0.97293], [0.75601, 0.81249, 0.43798], [0.24399, 0.18751, 0.56202], [0.24399, 0.31249, 0.06202], [0.75601, 0.68751, 0.93798], [0.01243, 0.42399, 0.32785], [0.98757, 0.57601, 0.67215], [0.98757, 0.92399, 0.17215], [0.01243, 0.07601, 0.82785], [0.19873, 0.31215, 0.3692], [0.80127, 0.68785, 0.6308], [0.80127, 0.81215, 0.1308], [0.19873, 0.18785, 0.8692], [0.62557, 0.72683, 0.66941], [0.37443, 0.27317, 0.33059], [0.37443, 0.22683, 0.83059], [0.62557, 0.77317, 0.16941], [0.63338, 0.88122, 0.67046], [0.36662, 0.11878, 0.32954], [0.36662, 0.38122, 0.82954], [0.63338, 0.61878, 0.17046], [0.80839, 0.92766, 0.63043], [0.19161, 0.07234, 0.36957], [0.19161, 0.42766, 0.86957], [0.80839, 0.57234, 0.13043], [0.98038, 0.69345, 0.17985], [0.01962, 0.30655, 0.82015], [0.01962, 0.19345, 0.32015], [0.98038, 0.80655, 0.67985], [0.28, 0.8771, 0.558], [0.72, 0.1229, 0.442], [0.72, 0.3771, 0.942], [0.28, 0.6229, 0.058], [0.125, 0.8103, 0.5652], [0.875, 0.1897, 0.4348], [0.875, 0.3103, 0.9348], [0.125, 0.6897, 0.0652], [0.0054, 0.7018, 0.5493], [0.9946, 0.2982, 0.4507], [0.9946, 0.2018, 0.9507], [0.0054, 0.7982, 0.0493], [0.1457, 0.602, 0.5667], [0.8543, 0.398, 0.4333], [0.8543, 0.102, 0.9333], [0.1457, 0.898, 0.0667], [0.3173, 0.6216, 0.5462], [0.6827, 0.3784, 0.4538], [0.6827, 0.1216, 0.9538], [0.3173, 0.8784, 0.0462], [0.2756, 0.7481, 0.5477], [0.7244, 0.2519, 0.4523], [0.7244, 0.2481, 0.9523], [0.2756, 0.7519, 0.0477], [0.0746, 0.8772, 0.3465], [0.9254, 0.1228, 0.6535], [0.9254, 0.3772, 0.1535], [0.0746, 0.6228, 0.8465], [0.9058, 0.8053, 0.3344], [0.0942, 0.1947, 0.6656], [0.0942, 0.3053, 0.1656], [0.9058, 0.6947, 0.8344], [0.8129, 0.6955, 0.3444], [0.1871, 0.3045, 0.6556], [0.1871, 0.1955, 0.1556], [0.8129, 0.8045, 0.8444], [0.9075, 0.5889, 0.3314], [0.0925, 0.4111, 0.6686], [0.0925, 0.0889, 0.1686], [0.9075, 0.9111, 0.8314], [0.113, 0.6205, 0.348], [0.887, 0.3795, 0.652], [0.887, 0.1205, 0.152], [0.113, 0.8795, 0.848], [0.1008, 0.7475, 0.36], [0.8992, 0.2525, 0.64], [0.8992, 0.2475, 0.14], [0.1008, 0.7525, 0.86], [0.1062, 0.8188, 0.4512], [0.8938, 0.1812, 0.5488], [0.8938, 0.3188, 0.0488], [0.1062, 0.6812, 0.9512], [0.1058, 0.5776, 0.4489], [0.8942, 0.4224, 0.5511], [0.8942, 0.0776, 0.0511], [0.1058, 0.9224, 0.9489], [0.5045, 0.9155, 0.6256], [0.4955, 0.0845, 0.3744], [0.4955, 0.4155, 0.8744], [0.5045, 0.5845, 0.1256], [0.3883, 0.8948, 0.4963], [0.6117, 0.1052, 0.5037], [0.6117, 0.3948, 0.0037], [0.3883, 0.6052, 0.9963], [0.2847, 0.9015, 0.3664], [0.7153, 0.0985, 0.6336], [0.7153, 0.4015, 0.1336], [0.2847, 0.5985, 0.8664], [0.4917, 0.6986, 0.6302], [0.5083, 0.3014, 0.3698], [0.5083, 0.1986, 0.8698], [0.4917, 0.8014, 0.1302], [0.4049, 0.7074, 0.5028], [0.5951, 0.2926, 0.4972], [0.5951, 0.2074, 0.9972], [0.4049, 0.7926, 0.0028], [0.2904, 0.6957, 0.3726], [0.7096, 0.3043, 0.6274], [0.7096, 0.1957, 0.1274], [0.2904, 0.8043, 0.8726], [0.2556, 0.5026, 0.5512], [0.7444, 0.4974, 0.4488], [0.7444, 0.0026, 0.9488], [0.2556, 0.9974, 0.0512], [0.0634, 0.4978, 0.3525], [0.9366, 0.5022, 0.6475], [0.9366, 0.9978, 0.1475], [0.0634, 0.0022, 0.8525], 