{"mid_gap_of_max": 0.5012712471491867, "max_gap": 3.964153431311928, "gap_range_of_max": [0.491335666477164, 0.5112068278212094], "mid_gaps": [0.5012712471491867], "band_nos": [4], "gap": [3.964153431311928], "fill_fraction": 0.20872, "gap_ranges": [[0.491335666477164, 0.5112068278212094]]}