{"gap_range_of_max": [0.711347415877196, 0.8490143601481686], "max_gap": 17.645516108660946, "_status": {"tI16-CoCu2Si/15472e09/check_runnin/0000/f7c6d3b2146d0b95a9e5a0497cfac2ee": 1, "tI16-CoCu2Si/15472e09/store_fill/0000/aa37841173f0cd6df75c91f13e84e945": 1, "tI16-CoCu2Si/15472e09/store_data/0000/db6bb6d1475f563745b0bd4f481dfd5c": 1, "tI16-CoCu2Si/15472e09/mpb-tI16-CoC/0000/43e4e0655d2b10f1780f142e093c7260": 1, "tI16-CoCu2Si/15472e09/store_strict/0000/5376cf01fe7547b5c614b0ee34139332": 1, "tI16-CoCu2Si/15472e09/strict-mpb-t/0000/fce6240b866bdb79ee64ed0ad607dc73": 1}, "mid_gaps": [0.7801808880126823], "fill_fraction": 0.222683, "band_nos": [8], "mid_gap_of_max": 0.7801808880126823, "gap": [17.645516108660946], "gap_ranges": [[0.711347415877196, 0.8490143601481686]]}