{"max_gap": 1.6327676183526607, "band_nos": [8], "mid_gaps": [0.5907951562749894], "gap": [1.6327676183526607], "gap_ranges": [[0.585972000273762, 0.5956183122762166]], "gap_range_of_max": [0.585972000273762, 0.5956183122762166], "mid_gap_of_max": 0.5907951562749894, "fill_fraction": 0.278103}