{"gap_range_of_max": [0.500939884645897, 0.5662592769118033], "mid_gap_of_max": 0.5335995807788502, "fill_fraction": 0.245784, "gap": [12.241275034467666], "mid_gaps": [0.5335995807788502], "band_nos": [16], "max_gap": 12.241275034467666, "gap_ranges": [[0.500939884645897, 0.5662592769118033]]}