{"gap": [1.2438856639120466], "fill_fraction": 0.073484, "mid_gap_of_max": 0.9048960606601475, "max_gap": 1.2438856639120466, "mid_gaps": [0.9048960606601475], "band_nos": [14], "gap_range_of_max": [0.899268124474219, 0.910523996846076], "gap_ranges": [[0.899268124474219, 0.910523996846076]]}