{"fill_fraction": 0.221922, "gap": [0.051953789614808905], "band_nos": [18], "mid_gap_of_max": 0.6401739113891403, "mid_gaps": [0.6401739113891403], "run_me": true, "gap_range_of_max": [0.640007614085594, 0.6403402086926864], "max_gap": 0.051953789614808905, "gap_ranges": [[0.640007614085594, 0.6403402086926864]]}