{"fill_fraction": 0.070571, "max_gap": 18.410051144398995, "gap_ranges": [[0.4785469528194501, 0.5755795686875022]], "gap": [18.410051144398995], "mid_gaps": [0.5270632607534761], "gap_range_of_max": [0.4785469528194501, 0.5755795686875022], "band_nos": [2], "mid_gap_of_max": 0.5270632607534761}