{"fill_fraction": 0.207449, "gap_range_of_max": [0.7258083715705029, 0.7275111259827152], "band_nos": [16], "mid_gaps": [0.7266597487766091], "mid_gap_of_max": 0.7266597487766091, "max_gap": 0.23432623247385906, "gap": [0.23432623247385906], "gap_ranges": [[0.7258083715705029, 0.7275111259827152]]}