{"mid_gaps": [0.6770504854324357], "_status": {"tI40-BeSO8_r/2c868ea7/store_strict/0000/1510e26644bf249349120b73f7713c3b": 1, "tI40-BeSO8_r/2c868ea7/store_data/0000/fe85453090c631e8cb93d76f9b3c225e": 1, "tI40-BeSO8_r/2c868ea7/mpb-tI40-BeS/0000/3b4b332a6645b6c108364c69a0bfe651": 1, "tI40-BeSO8_r/2c868ea7/store_fill/0000/7ade780951d43e1fd1ce7821420ecdd6": 1, "tI40-BeSO8_r/2c868ea7/check_runnin/0000/c1bb85d84f821275607ff5c9dd4291b4": 1, "tI40-BeSO8_r/2c868ea7/strict-mpb-t/0000/39234afb8173ee5c76b00bcb3a143cfa": 1}, "max_gap": 4.156171553728882, "gap_ranges": [[0.66298079559247, 0.6911201752724013]], "fill_fraction": 0.35672, "gap": [4.156171553728882], "gap_range_of_max": [0.66298079559247, 0.6911201752724013], "mid_gap_of_max": 0.6770504854324357, "band_nos": [12]}