{"gap_range_of_max": [0.619055837402278, 0.6415770277434528], "max_gap": 3.5729974941706963, "fill_fraction": 0.178111, "gap_ranges": [[0.619055837402278, 0.6415770277434528]], "mid_gaps": [0.6303164325728654], "mid_gap_of_max": 0.6303164325728654, "gap": [3.5729974941706963], "band_nos": [8]}