{"gap": [6.841470329524128, 1.253103982637892], "gap_ranges": [[0.5604323684043, 0.6001322090138244], [0.68173689203104, 0.6903336271915373]], "mid_gap_of_max": 0.5802822887090622, "band_nos": [8, 11], "mid_gaps": [0.5802822887090622, 0.6860352596112886], "fill_fraction": 0.299554, "gap_range_of_max": [0.5604323684043, 0.6001322090138244], "max_gap": 6.841470329524128}