{"band_nos": [2], "max_gap": 9.90881552224024, "mid_gaps": [0.3091551647385949], "gap": [9.90881552224024], "gap_range_of_max": [0.293838357262882, 0.3244719722143078], "fill_fraction": 0.450174, "mid_gap_of_max": 0.3091551647385949, "gap_ranges": [[0.293838357262882, 0.3244719722143078]]}