{
  "basis": [
    [
      0.371,
      0.371,
      -0.121
    ],
    [
      -0.379,
      -0.379,
      0.129
    ],
    [
      -0.175,
      0.177,
      -0.317
    ],
    [
      0.177,
      -0.175,
      -0.185
    ],
    [
      -0.183,
      -0.315,
      -0.325
    ],
    [
      -0.315,
      -0.183,
      0.323
    ],
    [
      0.24,
      -0.238,
      0.118
    ],
    [
      -0.238,
      0.24,
      0.38
    ],
    [
      0.382,
      0.12,
      0.26
    ],
    [
      0.12,
      0.382,
      -0.262
    ]
  ],
  "lattice_vectors": [
    [
      0.0,
      0.9284302909,
      0.3715066553
    ],
    [
      0.6399441219,
      0.0,
      0.3715066553
    ],
    [
      0.6399441219,
      0.9284302909,
      0.0
    ]
  ],
  "nbands": 20,
  "structure": "oF40-Hf2Al3_r"
}