{"strict_calculated": true, "band_nos": [6], "gap_range_of_max": [0.474660957331713, 0.4759155493734687], "mid_gaps": [0.47528825335259084], "gap": [0.2639644537616218], "mid_gap_of_max": 0.47528825335259084, "max_gap": 0.2639644537616218, "gap_ranges": [[0.474660957331713, 0.4759155493734687]], "fill_fraction": 0.520109}