{"gap": [4.337833933401674], "mid_gap_of_max": 0.7238341613980617, "band_nos": [8], "mid_gaps": [0.7238341613980617], "max_gap": 4.337833933401674, "gap_range_of_max": [0.708134799460722, 0.7395335233354012], "gap_ranges": [[0.708134799460722, 0.7395335233354012]], "fill_fraction": 0.100845}