{"band_nos": [16], "mid_gaps": [0.5135826694766001], "gap_range_of_max": [0.50821551023386, 0.5189498287193403], "gap": [2.0900858076887294], "max_gap": 2.0900858076887294, "gap_ranges": [[0.50821551023386, 0.5189498287193403]], "mid_gap_of_max": 0.5135826694766001, "run_me": true, "_status": {"cP16-CuCl-12/23dc6bba/check_runnin/0000/1eed07d7585ec9d9dacc0f012def5df5": 1, "cP16-CuCl-12/23dc6bba/store_fill/0000/252e2693d0576a69890037a448552962": 1, "cP16-CuCl-12/23dc6bba/mpb-cP16-CuC/0000/22112dcaa8b7133d957c9d30e9bd4081": 3, "cP16-CuCl-12/23dc6bba/store_data/0000/b6ddf5a01274a44bb939ba4c2f1c07a1": 1, "cP16-CuCl-12/23dc6bba/store_strict/0000/5235087fd19ee9a3ff62bd4164c24e01": 1, "cP16-CuCl-12/23dc6bba/strict-mpb-c/0000/9f01498a7b2f73b858a9682a363fcd52": 1}, "fill_fraction": 0.521658}