{"mid_gap_of_max": 0.5961384113826416, "band_nos": [15], "fill_fraction": 0.272901, "gap_range_of_max": [0.589525167544099, 0.6027516552211841], "gap_ranges": [[0.589525167544099, 0.6027516552211841]], "mid_gaps": [0.5961384113826416], "max_gap": 2.218694085893217, "gap": [2.218694085893217]}