{"gap": [19.897892912893102], "gap_range_of_max": [0.621008166151384, 0.7582275933748095], "mid_gaps": [0.6896178797630967], "band_nos": [10], "mid_gap_of_max": 0.6896178797630967, "fill_fraction": 0.166677, "max_gap": 19.897892912893102, "strict_calculated": true, "gap_ranges": [[0.621008166151384, 0.7582275933748095]]}