{"mid_gaps": [0.6124667336737225], "_status": {"oP24-SiO2_r-/4ad92e3e/strict-mpb-o/0000/f35aaae277db4779eab65264851237db": 1, "oP24-SiO2_r-/4ad92e3e/store_fill/0000/67e094c697a5bdaa239e1c731391ecd5": 1, "oP24-SiO2_r-/4ad92e3e/mpb-oP24-SiO/0000/5e2ed31cda11b483e1fd665882169e38": 1, "oP24-SiO2_r-/4ad92e3e/store_strict/0000/0248e517eadbf3daa422dab08549ed4f": 1, "oP24-SiO2_r-/4ad92e3e/check_runnin/0000/ebf4084df060f0a9411f96c9801166af": 1, "oP24-SiO2_r-/4ad92e3e/store_data/0000/1c3a69b548c6af41854f224ec87fa28f": 1}, "gap_range_of_max": [0.607472012136405, 0.61746145521104], "gap_ranges": [[0.607472012136405, 0.61746145521104]], "mid_gap_of_max": 0.6124667336737225, "gap": [1.6310180660286882], "band_nos": [12], "fill_fraction": 0.310536, "max_gap": 1.6310180660286882}