{"band_nos": [2], "gap_ranges": [[0.2431705903958442, 0.24877822769344018]], "max_gap": 2.2797645167136915, "gap": [2.2797645167136915], "mid_gap_of_max": 0.24597440904464218, "strict_calculated": true, "gap_range_of_max": [0.2431705903958442, 0.24877822769344018], "fill_fraction": 0.616101, "mid_gaps": [0.24597440904464218]}