{"gap": [1.3735550455687595], "max_gap": 1.3735550455687595, "mid_gap_of_max": 0.25826450482723506, "gap_range_of_max": [0.256490802258751, 0.26003820739571915], "fill_fraction": 0.538136, "gap_ranges": [[0.256490802258751, 0.26003820739571915]], "mid_gaps": [0.25826450482723506], "band_nos": [2]}