{"max_gap": 13.616851756845229, "fill_fraction": 0.163794, "strict_calculated": true, "band_nos": [8, 14], "mid_gap_of_max": 0.6029020229049966, "gap_range_of_max": [0.561853885555999, 0.6439501602539943], "gap_ranges": [[0.561853885555999, 0.6439501602539943], [0.71542063111054, 0.716022950474799]], "mid_gaps": [0.6029020229049966, 0.7157217907926695], "gap": [13.616851756845229, 0.08415551573344959]}