{"fill_fraction": 0.52473, "mid_gap_of_max": 0.3549962614711204, "band_nos": [2], "run_me": true, "mid_gaps": [0.3549962614711204], "gap_range_of_max": [0.35222061268007, 0.35777191026217087], "gap_ranges": [[0.35222061268007, 0.35777191026217087]], "gap": [1.5637622658602537], "_status": {"tI48-Ge8S16-/e7204d7a/strict-mpb-t/0000/b7d0e40fd13eaf1c8ef826ac8bbe3cf1": 1, "tI48-Ge8S16-/e7204d7a/check_runnin/0000/e87b07915e52134efd4733ba22f70241": 1, "tI48-Ge8S16-/e7204d7a/store_fill/0000/09877dfd75477b1be5016bdaeff7c041": 1, "tI48-Ge8S16-/e7204d7a/store_data/0000/5d6693bd653b953cc74097043090154c": 1, "tI48-Ge8S16-/e7204d7a/store_strict/0000/06f9dc9ff5ae4149cc5da488aacc8f36": 1, "tI48-Ge8S16-/e7204d7a/mpb-tI48-Ge8/0000/149f609f3db4c92b419cfe8c3f71fad5": 1}, "max_gap": 1.5637622658602537}