{"gap": [3.0318251638377367], "mid_gap_of_max": 0.3849742018001226, "gap_ranges": [[0.3791383294378928, 0.3908100741623524]], "band_nos": [4], "gap_range_of_max": [0.3791383294378928, 0.3908100741623524], "max_gap": 3.0318251638377367, "mid_gaps": [0.3849742018001226], "fill_fraction": 0.254292}