{
  "lattice_vectors": [
    [
      1.0,
      0.0,
      0.0
    ],
    [
      0.0,
      0.409638549,
      0.0
    ],
    [
      0.0,
      0.0,
      0.1501477528
    ]
  ],
  "basis": [
    [
      0.1857,
      0.7581,
      0.0
    ],
    [
      0.8143,
      0.2419,
      0.0
    ],
    [
      0.3143,
      0.7581,
      0.5
    ],
    [
      0.6857,
      0.2419,
      0.5
    ],
    [
      0.086,
      0.547,
      0.498
    ],
    [
      0.914,
      0.453,
      0.498
    ],
    [
      0.414,
      0.547,
      0.998
    ],
    [
      0.586,
      0.453,
      0.998
    ],
    [
      0.4662,
      0.2499,
      0.495
    ],
    [
      0.5338,
      0.7501,
      0.495
    ],
    [
      0.0338,
      0.2499,
      0.995
    ],
    [
      0.9662,
      0.7501,
      0.995
    ],
    [
      0.4203,
      0.9536,
      0.003
    ],
    [
      0.5797,
      0.0464,
      0.003
    ],
    [
      0.0797,
      0.9536,
      0.503
    ],
    [
      0.9203,
      0.0464,
      0.503
    ],
    [
      0.2514,
      0.2584,
      0.873
    ],
    [
      0.7486,
      0.7416,
      0.873
    ],
    [
      0.2486,
      0.2584,
      0.373
    ],
    [
      0.7514,
      0.7416,
      0.373
    ]
  ],
  "structure": "oP20-CsZn4_r",
  "nbands": 20
}