{"mid_gap_of_max": 0.703582603029812, "_status": {"cP12-RhTe2_r/cfc5180c/check_runnin/0000/2e5e6837df86d6d150767254e4cc1cdb": 1, "cP12-RhTe2_r/cfc5180c/store_data/0000/f32cdb9ec6a54d29f4f4c43a85aa1cf0": 1, "cP12-RhTe2_r/cfc5180c/strict-mpb-c/0000/079657e7b8740dbefdd7465a9f187471": 1, "cP12-RhTe2_r/cfc5180c/store_fill/0000/9da89058870eefdef42d70a8dd7b84b5": 1, "cP12-RhTe2_r/cfc5180c/store_strict/0000/139c8f061345866b8cac4541d84c6fe3": 1, "cP12-RhTe2_r/cfc5180c/mpb-cP12-RhT/0000/af4834492d23f5c87104babf6d75ef54": 7}, "gap_range_of_max": [0.676340692362744, 0.7308245136968801], "run_me": true, "gap": [7.74377039732273], "max_gap": 7.74377039732273, "fill_fraction": 0.173481, "mid_gaps": [0.703582603029812], "band_nos": [16], "gap_ranges": [[0.676340692362744, 0.7308245136968801]]}