{"mid_gap_of_max": 0.34903216493318, "gap_ranges": [[0.317141680254682, 0.38092264961167804]], "gap": [18.273665227732092], "mid_gaps": [0.34903216493318], "gap_range_of_max": [0.317141680254682, 0.38092264961167804], "fill_fraction": 0.386895, "band_nos": [2], "max_gap": 18.273665227732092}