{"international": "C2/c", "wyckoffs": ["f", "f", "f", "f", "f", "f", "f", "f", "e", "e", "e", "e", "f", "f", "f", "f", "f", "f", "f", "f", "f", "f", "f", "f", "f", "f", "f", "f", "f", "f", "f", "f", "f", "f", "f", "f", "f", "f", "f", "f", "f", "f", "f", "f", "f", "f", "f", "f", "f", "f", "f", "f", "f", "f", "f", "f", "f", "f", "f", "f", "f", "f", "f", "f", "f", "f", "f", "f", "f", "f", "f", "f", "f", "f", "f", "f", "f", "f", "f", "f", "f", "f", "f", "f", "f", "f", "f", "f", "f", "f", "f", "f", "f", "f", "f", "f", "f", "f", "f", "f", "f", "f", "f", "f", "f", "f", "f", "f"], "std_lattice": [[1.0, 0.0, 0.0], [0.0, 0.3799805385, 0.0], [-0.1350619737, 0.0, 0.6448743185]], "std_positions": [[0.11418, 0.21828, 0.96135], [0.38582, 0.28172, 0.03865], [0.38582, 0.71828, 0.53865], [0.11418, 0.78172, 0.46135], [0.0, 0.73039, 0.75], [0.0, 0.26961, 0.25], [0.19893, 0.27573, 0.65266], [0.30107, 0.22427, 0.34734], [0.30107, 0.77573, 0.84734], [0.19893, 0.72427, 0.15266], [0.01415, 0.18463, 0.94256], [0.48585, 0.31537, 0.05744], [0.48585, 0.68463, 0.55744], [0.01415, 0.81537, 0.44256], [0.15024, 0.22318, 0.10589], [0.34976, 0.27682, 0.89411], [0.34976, 0.72318, 0.39411], [0.15024, 0.77682, 0.60589], [0.12909, 0.43451, 0.89838], [0.37091, 0.06549, 0.10162], [0.37091, 0.93451, 0.60162], [0.12909, 0.56549, 0.39838], [0.14906, 0.02625, 0.89784], [0.35094, 0.47375, 0.10216], [0.35094, 0.52625, 0.60216], [0.14906, 0.97375, 0.39784], [0.499, 0.547, 0.979], [0.001, 0.953, 0.021], [0.001, 0.047, 0.521], [0.499, 0.453, 0.479], [0.476, 0.15, 0.691], [0.024, 0.35, 0.309], [0.024, 0.65, 0.809], [0.476, 0.85, 0.191], [0.461, 0.304, 0.776], [0.039, 0.196, 0.224], [0.039, 0.804, 0.724], [0.461, 0.696, 0.276], [0.186, 0.284, 0.728], [0.314, 0.216, 0.272], [0.314, 0.784, 0.772], [0.186, 0.716, 0.228], [0.193, 0.153, 0.613], [0.307, 0.347, 0.387], [0.307, 0.653, 0.887], [0.193, 0.847, 0.113], [0.257, 0.31, 0.664], [0.243, 0.19, 0.336], [0.243, 0.81, 0.836], [0.257, 0.69, 0.164], [0.175, 0.389, 0.612], [0.325, 0.111, 0.388], [0.325, 0.889, 0.888], [0.175, 0.611, 0.112], [0.61418, 0.71828, 0.96135], [0.88582, 0.78172, 0.03865], [0.88582, 0.21828, 0.53865], [0.61418, 0.28172, 0.46135], [0.5, 0.23039, 0.75], [0.5, 0.76961, 0.25], [0.69893, 0.77573, 0.65266], [0.80107, 0.72427, 0.34734], [0.80107, 0.27573, 0.84734], [0.69893, 0.22427, 0.15266], [0.51415, 0.68463, 0.94256], [0.98585, 0.81537, 0.05744], [0.98585, 0.18463, 0.55744], [0.51415, 0.31537, 0.44256], [0.65024, 0.72318, 0.10589], [0.84976, 0.77682, 0.89411], [0.84976, 0.22318, 0.39411], [0.65024, 0.27682, 0.60589], [0.62909, 0.93451, 0.89838], [0.87091, 0.56549, 0.10162], [0.87091, 0.43451, 0.60162], [0.62909, 0.06549, 0.39838], [0.64906, 0.52625, 0.89784], [0.85094, 0.97375, 0.10216], [0.85094, 0.02625, 0.60216], [0.64906, 0.47375, 0.39784], [0.999, 0.047, 0.979], [0.501, 0.453, 0.021], [0.501, 0.547, 0.521], [0.999, 0.953, 0.479], [0.976, 0.65, 0.691], [0.524, 0.85, 0.309], [0.524, 0.15, 0.809], [0.976, 0.35, 0.191], [0.961, 0.804, 0.776], [0.539, 0.696, 0.224], [0.539, 0.304, 0.724], [0.961, 0.196, 0.276], [0.686, 0.784, 0.728], [0.814, 0.716, 0.272], [0.814, 0.284, 0.772], [0.686, 0.216, 0.228], [0.693, 0.653, 0.613], [0.807, 0.847, 0.387], [0.807, 0.153, 0.887], [0.693, 0.347, 0.113], [0.757, 0.81, 0.664], [0.743, 0.69, 0.336], [0.743, 0.31, 0.836], [0.757, 0.19, 0.164], [0.675, 0.889, 0.612], [0.825, 0.611, 0.388], [0.825, 0.389, 0.888], [0.675, 0.111, 0.112]], "number": 15, "site_point_groups": {"e": {"name": "4e", "site_symmetry": ["2", "1"]}, "f": {"name": "8f", "site_symmetry": ["1"]}}, "global_point_groups": ["2/m", "1", "-1", "2", "m"], "equivalent_atoms": [0, 0, 0, 0, 0, 0, 0, 0, 8, 8, 8, 8, 12, 12, 12, 12, 12, 12, 12, 12, 20, 20, 20, 20, 20, 20, 20, 20, 28, 28, 28, 28, 28, 28, 28, 28, 36, 36, 36, 36, 36, 36, 36, 36, 44, 44, 44, 44, 44, 44, 44, 44, 52, 52, 52, 52, 52, 52, 52, 52, 60, 60, 60, 60, 60, 60, 60, 60, 68, 68, 68, 68, 68, 68, 68, 68, 76, 76, 76, 76, 76, 76, 76, 76, 84, 84, 84, 84, 84, 84, 84, 84, 92, 92, 92, 92, 92, 92, 92, 92, 100, 100, 100, 100, 100, 100, 100, 100]}