{"mid_gap_of_max": 0.6175546406233694, "band_nos": [8], "max_gap": 18.953648333915705, "fill_fraction": 0.21355, "mid_gaps": [0.6175546406233694], "gap": [18.953648333915705], "gap_ranges": [[0.559030073196604, 0.6760792080501348]], "gap_range_of_max": [0.559030073196604, 0.6760792080501348]}