{"mid_gap_of_max": 0.3224811496269796, "band_nos": [4], "max_gap": 1.3621064913611245, "strict_calculated": true, "mid_gaps": [0.3224811496269796], "fill_fraction": 0.214201, "gap_range_of_max": [0.320284881290737, 0.32467741796322214], "gap": [1.3621064913611245], "gap_ranges": [[0.320284881290737, 0.32467741796322214]]}