{"gap": [13.337200934032808], "mid_gaps": [0.5943383299530937], "band_nos": [4], "gap_range_of_max": [0.554704281306184, 0.6339723786000033], "mid_gap_of_max": 0.5943383299530937, "max_gap": 13.337200934032808, "fill_fraction": 0.088828, "gap_ranges": [[0.554704281306184, 0.6339723786000033]]}