{"gap_ranges": [[1.087643463114755, 1.1055500257832256]], "gap_range_of_max": [1.087643463114755, 1.1055500257832256], "band_nos": [], "gap": [1.632921377809428], "mid_gap_of_max": 1.0965967444489904, "fill_fraction": 0.0728, "mid_gaps": [1.0965967444489904], "max_gap": 1.632921377809428}