{"gap": [0.6525893323204639], "gap_range_of_max": [0.400320698719745, 0.40294170108558075], "band_nos": [4], "mid_gap_of_max": 0.4016311999026629, "max_gap": 0.6525893323204639, "gap_ranges": [[0.400320698719745, 0.40294170108558075]], "mid_gaps": [0.4016311999026629], "run_me": true, "fill_fraction": 0.245649}