{
  "nbands": 20,
  "basis": [
    [
      0.33,
      0.1268,
      0.6802
    ],
    [
      0.67,
      0.8732,
      0.3198
    ],
    [
      0.17,
      0.1268,
      0.8198
    ],
    [
      0.83,
      0.8732,
      0.1802
    ],
    [
      0.219,
      0.0298,
      0.4741
    ],
    [
      0.781,
      0.9702,
      0.5259
    ],
    [
      0.281,
      0.0298,
      0.0259
    ],
    [
      0.719,
      0.9702,
      0.9741
    ],
    [
      0.3494,
      0.8927,
      0.54
    ],
    [
      0.6506,
      0.1073,
      0.46
    ],
    [
      0.1506,
      0.8927,
      0.96
    ],
    [
      0.8494,
      0.1073,
      0.04
    ],
    [
      0.1979,
      0.7963,
      0.6177
    ],
    [
      0.8021,
      0.2037,
      0.3823
    ],
    [
      0.3021,
      0.7963,
      0.8823
    ],
    [
      0.6979,
      0.2037,
      0.1177
    ],
    [
      0.6141,
      0.3226,
      0.6985
    ],
    [
      0.3859,
      0.6774,
      0.3015
    ],
    [
      0.8859,
      0.3226,
      0.8015
    ],
    [
      0.1141,
      0.6774,
      0.1985
    ],
    [
      0.5271,
      0.4207,
      0.8399
    ],
    [
      0.4729,
      0.5793,
      0.1601
    ],
    [
      0.9729,
      0.4207,
      0.6601
    ],
    [
      0.0271,
      0.5793,
      0.3399
    ],
    [
      0.4653,
      0.5573,
      0.7104
    ],
    [
      0.5347,
      0.4427,
      0.2896
    ],
    [
      0.0347,
      0.5573,
      0.7896
    ],
    [
      0.9653,
      0.4427,
      0.2104
    ],
    [
      0.6747,
      0.6551,
      0.824
    ],
    [
      0.3253,
      0.3449,
      0.176
    ],
    [
      0.8253,
      0.6551,
      0.676
    ],
    [
      0.1747,
      0.3449,
      0.324
    ]
  ],
  "structure": "mP32-S",
  "lattice_vectors": [
    [
      1.0,
      0.0,
      0.0
    ],
    [
      0.0,
      1.5974518916,
      0.0
    ],
    [
      -0.397771241,
      0.0,
      0.9471858327
    ]
  ]
}