{"faces": [[[-0.13428368784997208, -0.8018827917472909], [0.17894718573407434, -0.2531008286597958], [1.0739763086358802, 0.17391259584199467], [0.7607454350518335, -0.3748693672455017]], [[0.17894718573407434, -0.2531008286597958], [-0.1342836878499714, 0.3352752508355338], [0.7607454350518342, 0.7622886753373227], [1.0739763086358802, 0.17391259584199467]], [[-0.7607454350518338, -0.7622886753373238], [-1.07397630863588, -0.1739125958419943], [-0.7607454350518338, 0.37486936724550146], [-0.1342836878499714, 0.3352752508355338], [0.17894718573407434, -0.2531008286597958], [-0.13428368784997208, -0.8018827917472909]], [[-0.7607454350518338, -0.7622886753373238], [-1.07397630863588, -0.1739125958419943], [-0.17894718573407462, 0.25310082865979533], [0.1342836878499714, -0.3352752508355338]], [[-0.13428368784997208, -0.8018827917472909], [-0.7607454350518338, -0.7622886753373238], [0.1342836878499714, -0.3352752508355338], [0.7607454350518335, -0.3748693672455017]], [[0.1342836878499714, -0.3352752508355338], [-0.17894718573407462, 0.25310082865979533], [0.13428368784997155, 0.8018827917472906], [0.7607454350518342, 0.7622886753373227], [1.0739763086358802, 0.17391259584199467], [0.7607454350518335, -0.3748693672455017]], [[-0.1342836878499714, 0.3352752508355338], [-0.7607454350518338, 0.37486936724550146], [0.13428368784997155, 0.8018827917472906], [0.7607454350518342, 0.7622886753373227]], [[-1.07397630863588, -0.1739125958419943], [-0.7607454350518338, 0.37486936724550146], [0.13428368784997155, 0.8018827917472906], [-0.17894718573407462, 0.25310082865979533]]], "labels": {"GAMMA": [0.0, 0.0], "M": [0.46984631039295416, 0.25459392333876374], "K": [0.31323087359530266, 0.548781963086784], "A": [-0.44751456145090274, -0.21350671225089465], "L": [0.022331748942051408, 0.04108721108786907], "H": [-0.13428368785560002, 0.3352752508358893]}, "label_positions": {"GAMMA": [0.05, 0.05], "M": [0.5198463103929541, 0.30459392333876373], "K": [0.36323087359530265, 0.598781963086784], "A": [-0.44751456145090274, -0.16350671225089464], "L": [0.07233174894205141, 0.09108721108786907], "H": [-0.08428368785560002, 0.3852752508358893]}, "zorder": [1, 1, 1, 1, 1, 1, 1, 1]}