{"mid_gap_of_max": 0.32496520234132653, "band_nos": [2, 8], "gap": [24.82031582662944, 0.19408528520797882], "fill_fraction": 0.320572, "gap_ranges": [[0.284636507567445, 0.365293897115208], [0.492901065990068, 0.49385864368849175]], "gap_range_of_max": [0.284636507567445, 0.365293897115208], "max_gap": 24.82031582662944, "mid_gaps": [0.32496520234132653, 0.4933798548392799]}