{"mid_gap_of_max": 0.7659680891688712, "gap_ranges": [[0.699371238849041, 0.8325649394887015]], "gap": [17.388935978283932], "fill_fraction": 0.121698, "strict_calculated": true, "mid_gaps": [0.7659680891688712], "gap_range_of_max": [0.699371238849041, 0.8325649394887015], "max_gap": 17.388935978283932, "band_nos": [16]}