{"mid_gaps": [0.3310421181666125], "gap": [5.293440690021509], "gap_ranges": [[0.3222803590745422, 0.3398038772586828]], "gap_range_of_max": [0.3222803590745422, 0.3398038772586828], "band_nos": [2], "fill_fraction": 0.549659, "mid_gap_of_max": 0.3310421181666125, "max_gap": 5.293440690021509}