{"gap_ranges": [[0.4174855976691924, 0.45386750840574663]], "gap_range_of_max": [0.4174855976691924, 0.45386750840574663], "band_nos": [5], "fill_fraction": 0.224996, "gap": [8.35066989097878], "max_gap": 8.35066989097878, "mid_gaps": [0.43567655303746955], "mid_gap_of_max": 0.43567655303746955}