{"gap_ranges": [[0.352388155892968, 0.44650145511616873]], "max_gap": 23.56102718730273, "mid_gaps": [0.3994448055045684], "band_nos": [4], "mid_gap_of_max": 0.3994448055045684, "fill_fraction": 0.198262, "gap_range_of_max": [0.352388155892968, 0.44650145511616873], "strict_calculated": true, "gap": [23.56102718730273]}