{"max_gap": 12.40990319352305, "gap_range_of_max": [0.854612740951887, 0.9676854624197528], "gap_ranges": [[0.854612740951887, 0.9676854624197528]], "gap": [12.40990319352305], "mid_gaps": [0.91114910168582], "band_nos": [12], "fill_fraction": 0.092397, "mid_gap_of_max": 0.91114910168582}