{"gap_ranges": [[0.4112940820783329, 0.49392670546515166]], "max_gap": 18.256899206007073, "fill_fraction": 0.136017, "mid_gap_of_max": 0.4526103937717423, "mid_gaps": [0.4526103937717423], "gap": [18.256899206007073], "band_nos": [2], "gap_range_of_max": [0.4112940820783329, 0.49392670546515166]}