{"gap_ranges": [[0.3294616669013009, 0.42571751827734916]], "mid_gaps": [0.377589592589325], "max_gap": 25.492188679241014, "band_nos": [2], "gap_range_of_max": [0.3294616669013009, 0.42571751827734916], "mid_gap_of_max": 0.377589592589325, "gap": [25.492188679241014], "fill_fraction": 0.28514}