{"band_nos": [4], "max_gap": 0.0008238399662916543, "gap": [0.0008238399662916543], "gap_range_of_max": [0.276536805793496, 0.27653908402360844], "mid_gap_of_max": 0.2765379449085522, "mid_gaps": [0.2765379449085522], "fill_fraction": 0.554252, "gap_ranges": [[0.276536805793496, 0.27653908402360844]]}