{"gap_ranges": [[0.777911176982594, 0.8048110490529886]], "band_nos": [12], "mid_gaps": [0.7913611130177913], "fill_fraction": 0.184497, "max_gap": 3.3991905374037814, "gap_range_of_max": [0.777911176982594, 0.8048110490529886], "mid_gap_of_max": 0.7913611130177913, "gap": [3.3991905374037814], "_status": {"cI80-Sc2O3_r/2a76da45/mpb-cI80-Sc2/0000/df8211ca79592023cc3e352bee6fe393": 1, "cI80-Sc2O3_r/2a76da45/check_runnin/0000/127013ae5b6fd98b4ea545edfaca5d30": 1, "cI80-Sc2O3_r/2a76da45/store_data/0000/837020ac96ed4001d712e34771f96bad": 1, "cI80-Sc2O3_r/2a76da45/store_fill/0000/6df6d412d1376920c34a7b30a4f12dfd": 1, "cI80-Sc2O3_r/2a76da45/strict-mpb-c/0000/1f299eb583d983666eaeb809c4411be0": 1, "cI80-Sc2O3_r/2a76da45/store_strict/0000/f99f89825c9681a76861c7ed82470581": 1}}