{"strict_calculated": true, "fill_fraction": 0.095699, "mid_gaps": [0.48197997491540806], "max_gap": 0.03205506649873977, "gap_range_of_max": [0.481902725414673, 0.4820572244161431], "mid_gap_of_max": 0.48197997491540806, "gap": [0.03205506649873977], "band_nos": [6], "gap_ranges": [[0.481902725414673, 0.4820572244161431]]}