{"mid_gaps": [0.43482457442952344], "max_gap": 0.22232207149048924, "band_nos": [6], "fill_fraction": 0.246254, "gap": [0.22232207149048924], "mid_gap_of_max": 0.43482457442952344, "strict_calculated": true, "gap_range_of_max": [0.4343412189289127, 0.4353079299301342], "gap_ranges": [[0.4343412189289127, 0.4353079299301342]]}