{"fill_fraction": 0.446575, "gap": [0.7956832631673834], "max_gap": 0.7956832631673834, "gap_ranges": [[0.4687267830503034, 0.4724712607040094]], "mid_gap_of_max": 0.4705990218771564, "band_nos": [8], "run_me": true, "_status": {"oP6-CoTe2_r-/dcb73e9c/store_strict/0000/4ac7101e95704b2e765677c6c206a434": 1, "oP6-CoTe2_r-/dcb73e9c/store_fill/0000/ea4f9c935ef0923d6b12c21ca95147f6": 1, "oP6-CoTe2_r-/dcb73e9c/strict-mpb-o/0000/de4f37b3340197466e1ef039a5e5ccc8": 1, "oP6-CoTe2_r-/dcb73e9c/store_data/0000/f7d19280cd5bbe693d10731157712d99": 1, "oP6-CoTe2_r-/dcb73e9c/check_runnin/0000/13947955146bf8edb2777fb5f01dc863": 1, "oP6-CoTe2_r-/dcb73e9c/mpb-oP6-CoTe/0000/cfb3631342d72e0218620263f20489c0": 3}, "gap_range_of_max": [0.4687267830503034, 0.4724712607040094], "mid_gaps": [0.4705990218771564]}