{"gap_range_of_max": [0.315241699524569, 0.43079056242225405], "mid_gaps": [0.3730161309734115, 0.5467605809860765], "fill_fraction": 0.202533, "gap_ranges": [[0.315241699524569, 0.43079056242225405], [0.546743325046474, 0.5467778369256788]], "mid_gap_of_max": 0.3730161309734115, "gap": [30.976907780409363, 0.006312064257161074], "band_nos": [2, 8], "strict_calculated": true, "max_gap": 30.976907780409363}