{
  "basis": [
    [
      -0.333,
      -0.333,
      -0.3472
    ],
    [
      0.333,
      0.333,
      0.1528
    ],
    [
      0.0,
      0.0,
      0.1508
    ],
    [
      -0.333,
      -0.333,
      0.2718
    ],
    [
      0.333,
      0.333,
      -0.2282
    ]
  ],
  "lattice_vectors": [
    [
      0.8660254038,
      -0.5,
      0.0
    ],
    [
      0.8660254038,
      0.5,
      0.0
    ],
    [
      0.0,
      0.0,
      1.6021621572
    ]
  ],
  "nbands": 20,
  "structure": "hP5-Zn7O6_r"
}