{"gap_range_of_max": [0.70418266896417, 0.7448068311916342], "band_nos": [8], "mid_gap_of_max": 0.7244947500779021, "fill_fraction": 0.267404, "mid_gaps": [0.7244947500779021], "gap": [5.607240386917219], "gap_ranges": [[0.70418266896417, 0.7448068311916342]], "max_gap": 5.607240386917219}