{"mid_gap_of_max": 0.920599314792595, "mid_gaps": [0.920599314792595], "max_gap": 0.6369560139945394, "band_nos": [16], "gap_ranges": [[0.917667408442413, 0.9235312211427772]], "gap_range_of_max": [0.917667408442413, 0.9235312211427772], "fill_fraction": 0.233799, "gap": [0.6369560139945394], "_status": {"hP21-CaH12(B/1e217528/check_runnin/0000/d417569b01c9b335ea4c41ac1ff6cac8": 1, "hP21-CaH12(B/1e217528/mpb-hP21-CaH/0000/f7b2726e945d384e4db9399e7435ee6a": 1, "hP21-CaH12(B/1e217528/store_data/0000/2311e21f3972c3b905b517c8066818ff": 1, "hP21-CaH12(B/1e217528/store_strict/0000/47e3a9204b8b0207c6fccf936cf99e7b": 1, "hP21-CaH12(B/1e217528/strict-mpb-h/0000/7bf95fb37480fe5a939d251d3f02b073": 1, "hP21-CaH12(B/1e217528/store_fill/0000/bcea58df81312e0c6ece869de040b369": 1}}